{
    "ammo": "oldgun:30x06",
    "ammo_amount": 8,
    "bolt": "open_bolt",
    "rpm": 300,
    "bullet": {
      "life": 1,
      "bullet_amount": 1,
      "damage": 18,
      "tracer_count_interval": 0,
      "extra_damage": {
        "armor_ignore": 0.55,
        "head_shot_multiplier": 2,
        "damage_adjust": [
          {"distance": 5, "damage": 20},
          {"distance": 20, "damage": 18},
          {"distance": 30, "damage": 15.5},
          {"distance": 50, "damage": 12.4},
          {"distance": 100, "damage": 10.5},
          {"distance": "infinite", "damage": 7}
        ]
      },
      "speed": 380,
      "gravity": 0.025,
      "knockback": 0,
      "friction": 0.015,
      "ignite": false,
      "pierce": 2
    },
    "reload": {
      "type": "magazine",
      "feed": {
        "empty": 1.5,
        "tactical": 1.7
      },
      "cooldown": {
        "empty": 2.27,
        "tactical": 2.5
      }
    },
    "draw_time": 0.57,
    "put_away_time": 0.73,
    "aim_time": 0.28,
    "bolt_action_time": 1.4,
    "sprint_time": 0.2,
    "fire_mode": [
      "semi"
    ],
    "recoil": {
      "pitch": [
        {"time": 0, "value": [1.25, 1.25]},
        {"time": 0.3, "value": [1.25, 1.25]},
        {"time": 0.55, "value": [-0.225, -0.225]},
        {"time": 0.7, "value": [0, 0]},
        {"time": 0.8, "value": [0, 0]}
      ],
      "yaw": [
        {"time": 0, "value": [-0.35, -0.2]},
        {"time": 0.45, "value": [-0.35, -0.2]},
        {"time": 0.7, "value": [0, 0]}
      ]
    },
  "melee": {
    // 枪械距离参数，用来延升近战攻击范围
    // 会与刺刀等配件的距离做加和
    "distance": 1,
    // 使用时的冷却时间
    // 会与刺刀等配件的冷却时间做加和
    "cooldown": 0.7,
    // 默认近战数据，会被配件的数据替换掉
    "default": {
      // 动画类型：没有枪托的为 melee_push，有枪托的为 melee_stock
      "animation_type": "melee_push",
      // 刺刀距离参数，枪械里还有个刺刀攻击距离参数，两者做加和
      "distance": 0,
      // 刺刀范围角度
      "range_angle": 40,
      // 刺刀冷却时间，枪械里还有个刺刀冷却时间参数，两者做加和
      "cooldown": 0,
      // 伤害值
      "damage": 1,
      // 击退效果
      "knockback": 0.5,
      // 前摇时长，单位：秒
      "prep": 0.1
    }
  }, 
    "allow_attachment_types": [
      "muzzle"
    ],
    "inaccuracy": {
      "stand": 5,
      "move": 8.5,
      "sneak": 1,
      "lie": 0.5,
      "aim": 0.1
    }
}