{
	"pack_name": "{maid_pack.jm_pic.name}",
	"model_list": [
		{
			"model_id": "jm_pic:pic",
			"is_gecko": true,
			"render_entity_scale": 0.65,
			"description": ["{model.jm_pic.pic.desc}"],
			"animation": ["jm_pic:animation/jm_pic.pic.main.animation.json", "jm_pic:animation/jm_pic.pic.arm.animation.json"],
			"render_item_scale": 1.25
		},
		{
			"model_id": "jm_pic:jm",
			"is_gecko": true,
			"render_entity_scale": 0.65,
			"description": ["{model.jm_pic.jm.desc}"],
			"animation": ["jm_pic:animation/jm_pic.jm.arm.animation.json", "jm_pic:animation/jm_pic.jm.main.animation.json"],
			"render_item_scale": 1.25
		}
	],
	"version": "1.0.0",
	"author": ["老杰克qvq"],
	"description": ["{maid_pack.jm_pic.desc}"],
	"date": "2024-08-10",
	"icon": "jm_pic:textures/maid_icon.png"
}