{
  "materials": [
    {
      "item": {
        "tag": "forge:ingots/iron"
      },
      "count": 26
    },
    {
      "item": {
        "tag": "forge:gems/amethyst"
      },
      "count": 12
    },
    {
      "item": {
        "tag": "forge:dusts/glowstone"
      },
      "count": 6
    },
    {
      "item": {
        "tag": "forge:dusts/redstone"
      },
      "count": 6
    }
  ],
  "result": {
    "type": "attachment",
    "id": "atea:sight_eotech_vudu_ffp_5t25x50"
  },
  "type": "tacz:gun_smith_table_crafting"
}