{
    "model": "rfp:gun/lwmmg_geo",
    "texture": "rfp:gun/uv/lwmmg",
    "slot": "rfp:gun/slot/lwmmg",
    "third_person_animation": "default",
    "animation":"rfp:lwmmg",
    "use_default_animation": "rifle",
    "hud":"rfp:gun/hud/lwmmg",
    "sounds": {
        "draw": "rfp:lwmmg/draw",
        "dry_fire": "rfp:lwmmg/dry_fire",
        "reload_empty": "rfp:lwmmg/reload_empty",
        "reload_tactical": "rfp:lwmmg/reload_tactical",
        "inspect": "rfp:lwmmg/inspect",
        "inspect_empty": "rfp:lwmmg/inspect_empty",
        "put_away": "rfp:lwmmg/put_away",
        "shoot": "rfp:lwmmg/shoot",
        "shoot_3p": "rfp:lwmmg/shoot_3p",
        "silence":"rfp:lwmmg/silence",
        "silence_3p":"rfp:lwmmg/silence_3p"
    },
    "muzzle_flash":{
        "texture":"rfp:flash/muzzle_flash",
        "scale":1
    },
    "shell": {
        "initial_velocity": [5, 2, 1],
        "random_velocity": [1, 1, 0.25],
        "acceleration": [0.0, -10, 0.0],
        "angular_velocity": [360, -1200, 90],
        "living_time": 3.0
    }
}