{
    "model": "rfp:gun/reapr_geo",
    "texture": "rfp:gun/uv/reapr",
    "slot": "rfp:gun/slot/reapr",
    "third_person_animation": "default",
    "animation":"rfp:reapr",
    "use_default_animation": "rifle",
    "hud":"rfp:gun/hud/reapr",
    "sounds": {
        "draw": "rfp:reapr/draw",
        "dry_fire": "rfp:reapr/dry_fire",
        "reload_empty": "rfp:reapr/reload_empty",
        "reload_tactical": "rfp:reapr/reload_tactical",
        "inspect": "rfp:reapr/inspect",
        "inspect_empty": "rfp:reapr/inspect_empty",
        "put_away": "rfp:reapr/put_away",
        "shoot": "rfp:reapr/shoot",
        "shoot_3p": "rfp:reapr/shoot_3p",
        "silence":"rfp:reapr/silence",
        "silence_3p":"rfp:reapr/silence_3p"
    },
    "muzzle_flash":{
        "texture":"rfp:flash/muzzle_flash",
        "scale":1
    },
    "shell": {
        "initial_velocity": [0, -2, 1],
        "random_velocity": [0.5, 1, 0.2],
        "acceleration": [0.0, -10, 0.0],
        "angular_velocity": [60, 0, 0],
        "living_time": 3.0
    }
}