{
  "materials": [
    {
      "item": {
        "type": "forge:partial_nbt",
        "item": "tacz:modern_kinetic_gun",
        "nbt": {
          "GunId": "rcp:rpg26",
          "GunCurrentAmmoCount": 0

        }
      },
      "count": 1
    },
    {
      "item": {
        "type": "forge:partial_nbt",
        "item": "tacz:ammo",
        "nbt": {
          "AmmoId": "rcp:rpg26msl"
        }
      },
      "count": 1
    }
  ],
  "result": {
    "type": "gun",
    "id": "rcp:rpg26",
    "ammo_count": 1
  }
}