{
	"format_version": "1.8.0",
	"animations": {
		"static_idle": {
			"loop": true,
			"animation_length": 2.5,
			"bones": {
				"mag_and_lh": {
					"rotation": {
						"0.0": {
							"post": [72.12643, 7.75594, -17.87357],
							"lerp_mode": "catmullrom"
						},
						"0.125": {
							"post": [80.62643, 7.75594, -17.87357],
							"lerp_mode": "catmullrom"
						},
						"0.25": {
							"post": [65.02748, 14.6503, 0.30114],
							"lerp_mode": "catmullrom"
						},
						"0.375": {
							"post": [65.02748, 14.6503, 0.30114],
							"lerp_mode": "catmullrom"
						},
						"0.5": {
							"post": [72.12643, 7.75594, -17.87357],
							"lerp_mode": "catmullrom"
						},
						"0.625": {
							"post": [75.05, 10.65, -21.24],
							"lerp_mode": "catmullrom"
						},
						"0.875": {
							"post": [72.12643, 7.75594, -17.87357],
							"lerp_mode": "catmullrom"
						},
						"2.5": {
							"post": [72.12643, 7.75594, -17.87357],
							"lerp_mode": "catmullrom"
						}
					},
					"position": {
						"0.0": {
							"post": [14, -9, 0.6],
							"lerp_mode": "catmullrom"
						},
						"0.125": {
							"post": [13.6, -8.4, 0.6],
							"lerp_mode": "catmullrom"
						},
						"0.25": {
							"post": [14, -9, 0.6],
							"lerp_mode": "catmullrom"
						},
						"0.375": {
							"post": [14, -9, 0.6],
							"lerp_mode": "catmullrom"
						},
						"0.5": {
							"post": [14, -9, 0.6],
							"lerp_mode": "catmullrom"
						},
						"0.625": {
							"post": [14, -8.9, 0.6],
							"lerp_mode": "catmullrom"
						},
						"0.875": {
							"post": [14, -9, 0.6],
							"lerp_mode": "catmullrom"
						},
						"2.5": {
							"post": [14, -9, 0.6],
							"lerp_mode": "catmullrom"
						}
					}
				},
				"gun_and_rh": {
					"rotation": {
						"0.0": {
							"post": [79.33, -9.23, 75.81],
							"lerp_mode": "catmullrom"
						},
						"0.1667": {
							"post": [79.33, -9.23, 75.81],
							"lerp_mode": "catmullrom"
						},
						"0.3333": {
							"post": [76.73621, 1.05669, 61.46429],
							"lerp_mode": "catmullrom"
						},
						"0.5833": {
							"post": [79.33, -9.23, 75.81],
							"lerp_mode": "catmullrom"
						},
						"0.7083": {
							"post": [79.33, -9.23, 75.81],
							"lerp_mode": "catmullrom"
						},
						"0.875": {
							"post": [79.33, -9.23, 75.81],
							"lerp_mode": "catmullrom"
						},
						"2.5": {
							"post": [79.33, -9.23, 75.81],
							"lerp_mode": "catmullrom"
						}
					},
					"position": {
						"0.0": {
							"post": [-17.9, -7.29, 1.49],
							"lerp_mode": "catmullrom"
						},
						"0.1667": {
							"post": [-17.9, -7.29, 1.49],
							"lerp_mode": "catmullrom"
						},
						"0.3333": {
							"post": [-17.9, -7.29, 1.49],
							"lerp_mode": "catmullrom"
						},
						"0.5833": {
							"post": [-17.9, -7.29, 1.49],
							"lerp_mode": "catmullrom"
						},
						"0.7083": {
							"post": [-17.9, -7.29, 1.49],
							"lerp_mode": "catmullrom"
						},
						"0.875": {
							"post": [-17.9, -7.29, 1.49],
							"lerp_mode": "catmullrom"
						},
						"2.5": {
							"post": [-17.9, -7.29, 1.49],
							"lerp_mode": "catmullrom"
						}
					}
				},
				"axe": {
					"rotation": {
						"0.0": {
							"post": [-90, 0, 0],
							"lerp_mode": "catmullrom"
						},
						"0.2083": {
							"post": [-90, 0, 0],
							"lerp_mode": "catmullrom"
						},
						"0.2917": {
							"post": [-88.06162, -6.72755, -16.11394],
							"lerp_mode": "catmullrom"
						},
						"0.4167": {
							"post": [-89.87722, -6.99893, -1.00751],
							"lerp_mode": "catmullrom"
						},
						"0.5833": {
							"post": [-90, 0, 0],
							"lerp_mode": "catmullrom"
						},
						"0.8333": {
							"post": [-90, 0, 0],
							"lerp_mode": "catmullrom"
						},
						"2.5": {
							"post": [-90, 0, 0],
							"lerp_mode": "catmullrom"
						}
					},
					"position": {
						"0.0": {
							"post": [6, 15, -1],
							"lerp_mode": "catmullrom"
						},
						"0.2083": {
							"post": [6, 15, -1],
							"lerp_mode": "catmullrom"
						},
						"0.5833": {
							"post": [6, 15, -1],
							"lerp_mode": "catmullrom"
						},
						"0.8333": {
							"post": [6, 15, -1],
							"lerp_mode": "catmullrom"
						},
						"2.5": {
							"post": [6, 15, -1],
							"lerp_mode": "catmullrom"
						}
					}
				},
				"lefthand": {
					"rotation": [0, 180, 0]
				},
				"righthand": {
					"rotation": [0, 180, 0]
				}
			}
		},
		"static_bolt_caught": {
			"loop": true,
			"bones": {
				"mag_and_lh": {
					"rotation": [135, 0, 0],
					"position": [13, -12, 8]
				},
				"gun_and_rh": {
					"rotation": [54.73561, -30, 144.73561],
					"position": [-6, -12, 8]
				},
				"axe": {
					"rotation": [-90, 0, -90],
					"position": [6, 15, -1],
					"scale": 1
				},
				"cap": {
					"scale": 0
				},
				"lefthand": {
					"rotation": [0, 180, 0]
				},
				"righthand": {
					"rotation": [0, 180, 0]
				},
				"ammo_box": {
					"rotation": [-90, 0, 0],
					"position": [6, 10.7, 2],
					"scale": 0
				}
			}
		},
		"draw": {
			"animation_length": 1.5,
			"bones": {
				"gun_and_rh": {
					"rotation": {
						"0.0": {
							"post": [54.73561, -30, 144.73561],
							"lerp_mode": "catmullrom"
						},
						"0.3": {
							"post": [85.61335, 10.47799, 130.89323],
							"lerp_mode": "catmullrom"
						},
						"0.5": {
							"post": [88.86503, -0.14805, -21.75188],
							"lerp_mode": "catmullrom"
						},
						"0.8": {
							"post": [78.46089, -23.95636, 78.81457],
							"lerp_mode": "catmullrom"
						},
						"1.0": {
							"post": [95.7587, 1.17673, 41.14572],
							"lerp_mode": "catmullrom"
						},
						"1.1": {
							"post": [89.06688, -14.04753, 40.05844],
							"lerp_mode": "catmullrom"
						},
						"1.2": {
							"post": [79.33, -9.23, 75.81],
							"lerp_mode": "catmullrom"
						},
						"1.3": {
							"post": [78.29064, -11.98977, 82.58437],
							"lerp_mode": "catmullrom"
						},
						"1.4": {
							"post": [79.33, -9.23, 75.81],
							"lerp_mode": "catmullrom"
						},
						"1.5": {
							"post": [79.33, -9.23, 75.81],
							"lerp_mode": "catmullrom"
						}
					},
					"position": {
						"0.0": {
							"post": [-6, -12, 8],
							"lerp_mode": "catmullrom"
						},
						"0.3": {
							"post": [-19, 6.71, 4.49],
							"lerp_mode": "catmullrom"
						},
						"0.5": {
							"post": [-16, -4.29, 4.49],
							"lerp_mode": "catmullrom"
						},
						"0.8": {
							"post": [-16.9, -6.29, 1.49],
							"lerp_mode": "catmullrom"
						},
						"1.0": {
							"post": [-18.9, -8.09, 1.49],
							"lerp_mode": "catmullrom"
						},
						"1.1": {
							"post": [-17.6, -7.19, 1.49],
							"lerp_mode": "catmullrom"
						},
						"1.2": {
							"post": [-17.9, -7.29, 1.49],
							"lerp_mode": "catmullrom"
						},
						"1.3": {
							"post": [-17.9, -7.29, 1.49],
							"lerp_mode": "catmullrom"
						},
						"1.4": {
							"post": [-17.9, -7.29, 1.49],
							"lerp_mode": "catmullrom"
						},
						"1.5": {
							"post": [-17.9, -7.29, 1.49],
							"lerp_mode": "catmullrom"
						}
					}
				},
				"mag_and_lh": {
					"rotation": {
						"0.0": {
							"post": [135, 0, 0],
							"lerp_mode": "catmullrom"
						},
						"0.8": {
							"post": [135, 0, 0],
							"lerp_mode": "catmullrom"
						},
						"1.1": {
							"post": [75.82643, 7.75594, -17.87357],
							"lerp_mode": "catmullrom"
						},
						"1.2": {
							"post": [72.12643, 7.75594, -17.87357],
							"lerp_mode": "catmullrom"
						},
						"1.3": {
							"post": [89.63, 7.76, -17.87],
							"lerp_mode": "catmullrom"
						},
						"1.4": {
							"post": [72.12643, 7.75594, -17.87357],
							"lerp_mode": "catmullrom"
						},
						"1.5": {
							"post": [72.12643, 7.75594, -17.87357],
							"lerp_mode": "catmullrom"
						}
					},
					"position": {
						"0.0": {
							"post": [13, -12, 8],
							"lerp_mode": "catmullrom"
						},
						"0.8": {
							"post": [13, -12, 8],
							"lerp_mode": "catmullrom"
						},
						"1.1": {
							"post": [16, -9.1, 1.9],
							"lerp_mode": "catmullrom"
						},
						"1.2": {
							"post": [14, -9, 0.6],
							"lerp_mode": "catmullrom"
						},
						"1.3": {
							"post": [14, -9.4, 0.6],
							"lerp_mode": "catmullrom"
						},
						"1.4": {
							"post": [14, -9, 0.6],
							"lerp_mode": "catmullrom"
						},
						"1.5": {
							"post": [14, -9, 0.6],
							"lerp_mode": "catmullrom"
						}
					}
				},
				"axe": {
					"rotation": {
						"0.0": {
							"post": [-90, 0, -90],
							"lerp_mode": "catmullrom"
						},
						"0.2": {
							"post": [-117.5, 0, -90],
							"lerp_mode": "catmullrom"
						},
						"0.3": {
							"post": [-90, 0, -90],
							"lerp_mode": "catmullrom"
						},
						"0.5": {
							"post": [-10, 0, -90],
							"lerp_mode": "catmullrom"
						},
						"0.6": {
							"post": [91.06774, -2.57587, -52.59006],
							"lerp_mode": "catmullrom"
						},
						"0.8": {
							"post": [-100.70252, -10.66301, 50.81734],
							"lerp_mode": "catmullrom"
						},
						"1.0": {
							"post": [-149.62578, -32.85324, 40.94857],
							"lerp_mode": "catmullrom"
						},
						"1.2": {
							"post": [-90, 0, 0],
							"lerp_mode": "catmullrom"
						},
						"1.5": {
							"post": [-90, 0, 0],
							"lerp_mode": "catmullrom"
						}
					},
					"position": {
						"0.0": {
							"post": [6, 15, -1],
							"lerp_mode": "catmullrom"
						},
						"0.5": {
							"post": [6, 15, 0.2],
							"lerp_mode": "catmullrom"
						},
						"0.6": {
							"post": [6, 15, -1],
							"lerp_mode": "catmullrom"
						},
						"1.0": {
							"post": [6.6, 15, -0.5],
							"lerp_mode": "catmullrom"
						},
						"1.2": {
							"post": [6, 15, -1],
							"lerp_mode": "catmullrom"
						},
						"1.5": {
							"post": [6, 15, -1],
							"lerp_mode": "catmullrom"
						}
					},
					"scale": {
						"0.0": {
							"post": [1, 1, 1],
							"lerp_mode": "catmullrom"
						}
					}
				},
				"lefthand": {
					"rotation": [0, 180, 0]
				},
				"righthand": {
					"rotation": [0, 180, 0]
				},
				"ammo_box": {
					"rotation": [-90, 0, 0],
					"position": [6, 10.7, 2],
					"scale": 0
				}
			},
			"sound_effects": {
				"0.0": {
					"effect": "tacz:m95/m95_reload_raise"
				}
			}
		},
		"draw_aim": {
			"animation_length": 0.7,
			"bones": {
				"gun_and_rh": {
					"rotation": {
						"0.0": {
							"post": [79.33, -9.23, 75.81],
							"lerp_mode": "catmullrom"
						},
						"0.2": {
							"post": [85.61335, 10.47799, 130.89323],
							"lerp_mode": "catmullrom"
						},
						"0.4": {
							"post": [77.22684, 3.0085, 47.50762],
							"lerp_mode": "catmullrom"
						},
						"0.6": {
							"post": [-25, 0, 0],
							"lerp_mode": "catmullrom"
						},
						"0.7": {
							"post": [-25, 0, 0],
							"lerp_mode": "catmullrom"
						}
					},
					"position": {
						"0.0": {
							"post": [-17.9, -7.29, 1.49],
							"lerp_mode": "catmullrom"
						},
						"0.2": {
							"post": [-19, 6.71, 4.49],
							"lerp_mode": "catmullrom"
						},
						"0.6": {
							"post": [-13, -2, 8],
							"lerp_mode": "catmullrom"
						},
						"0.7": {
							"post": [-13, -2, 8],
							"lerp_mode": "catmullrom"
						}
					}
				},
				"mag_and_lh": {
					"rotation": {
						"0.0": {
							"post": [72.12643, 7.75594, -17.87357],
							"lerp_mode": "catmullrom"
						},
						"0.1": {
							"post": [88.78, 8.36, -2.28],
							"lerp_mode": "catmullrom"
						},
						"0.2": {
							"post": [73.72415, 9.08242, 9.83499],
							"lerp_mode": "catmullrom"
						},
						"0.4": {
							"post": [70, 10, -18],
							"lerp_mode": "catmullrom"
						},
						"0.6": {
							"post": [70, 10, -18],
							"lerp_mode": "catmullrom"
						},
						"0.7": {
							"post": [70, 10, -18],
							"lerp_mode": "catmullrom"
						}
					},
					"position": {
						"0.0": {
							"post": [14, -9, 0.6],
							"lerp_mode": "catmullrom"
						},
						"0.4": {
							"post": [13, -2, 8],
							"lerp_mode": "catmullrom"
						},
						"0.6": {
							"post": [13, -2, 8],
							"lerp_mode": "catmullrom"
						},
						"0.7": {
							"post": [13, -2, 8],
							"lerp_mode": "catmullrom"
						}
					}
				},
				"axe": {
					"rotation": {
						"0.0": {
							"post": [-90, 0, 0],
							"lerp_mode": "catmullrom"
						},
						"0.6": {
							"post": [-90, 0, 0],
							"lerp_mode": "catmullrom"
						}
					},
					"position": {
						"0.0": {
							"post": [6, 15, -1],
							"lerp_mode": "catmullrom"
						}
					},
					"scale": {
						"0.0": {
							"post": [1, 1, 1],
							"lerp_mode": "catmullrom"
						}
					}
				},
				"lefthand": {
					"rotation": [0, 180, 0]
				},
				"righthand": {
					"rotation": [0, 180, 0]
				},
				"ammo_box": {
					"rotation": [-90, 0, 0],
					"position": [6, 10.7, 2],
					"scale": 0
				}
			},
			"sound_effects": {
				"0.0": {
					"effect": "tacz:m95/m95_reload_raise"
				}
			}
		},
		"put_away": {
			"animation_length": 0.875,
			"bones": {
				"gun_and_rh": {
					"rotation": {
						"0.0": {
							"post": [79.33, -9.23, 75.81],
							"lerp_mode": "catmullrom"
						},
						"0.1667": {
							"post": [76.7747, 15.1907, 44.66541],
							"lerp_mode": "catmullrom"
						},
						"0.25": {
							"post": [89.34454, 0.93834, 40.74129],
							"lerp_mode": "catmullrom"
						},
						"0.375": {
							"post": [89.70503, 1.10593, 72.94381],
							"lerp_mode": "catmullrom"
						},
						"0.625": {
							"post": [85.61335, 10.47799, 130.89323],
							"lerp_mode": "catmullrom"
						},
						"0.875": {
							"post": [54.73561, -30, 144.73561],
							"lerp_mode": "catmullrom"
						}
					},
					"position": {
						"0.0": {
							"post": [-17.9, -7.29, 1.49],
							"lerp_mode": "catmullrom"
						},
						"0.2083": {
							"post": [-16, -4.29, 4.49],
							"lerp_mode": "catmullrom"
						},
						"0.375": {
							"post": [-16, -4.29, 4.69],
							"lerp_mode": "catmullrom"
						},
						"0.625": {
							"post": [-19, 6.71, 4.49],
							"lerp_mode": "catmullrom"
						},
						"0.875": {
							"post": [-6, -12, 8],
							"lerp_mode": "catmullrom"
						}
					}
				},
				"mag_and_lh": {
					"rotation": {
						"0.0": {
							"post": [72.12643, 7.75594, -17.87357],
							"lerp_mode": "catmullrom"
						},
						"0.1667": {
							"post": [61.19887, 7.32103, 17.09883],
							"lerp_mode": "catmullrom"
						},
						"0.375": {
							"post": [135, 0, 0],
							"lerp_mode": "catmullrom"
						},
						"0.625": {
							"post": [135, 0, 0],
							"lerp_mode": "catmullrom"
						}
					},
					"position": {
						"0.0": {
							"post": [14, -9, 0.6],
							"lerp_mode": "catmullrom"
						},
						"0.0833": {
							"post": [12.83, -9.52, 0.89],
							"lerp_mode": "catmullrom"
						},
						"0.375": {
							"post": [13, -12, 8],
							"lerp_mode": "catmullrom"
						},
						"0.625": {
							"post": [13, -12, 8],
							"lerp_mode": "catmullrom"
						}
					}
				},
				"axe": {
					"rotation": {
						"0.0": {
							"post": [-90, 0, 0],
							"lerp_mode": "catmullrom"
						},
						"0.1667": {
							"post": [-77.58794, 13.75486, 5.52706],
							"lerp_mode": "catmullrom"
						},
						"0.3333": {
							"post": [-90, 0, 0],
							"lerp_mode": "catmullrom"
						},
						"0.5": {
							"post": [-90, 0, -90],
							"lerp_mode": "catmullrom"
						}
					},
					"position": {
						"0.0": {
							"post": [6, 15, -1],
							"lerp_mode": "catmullrom"
						},
						"0.1667": {
							"post": [5.3, 15, -1],
							"lerp_mode": "catmullrom"
						},
						"0.375": {
							"post": [5.7, 15, -1],
							"lerp_mode": "catmullrom"
						}
					},
					"scale": {
						"0.0": {
							"post": [1, 1, 1],
							"lerp_mode": "catmullrom"
						}
					}
				},
				"lefthand": {
					"rotation": {
						"0.0": {
							"post": [0, 180, 0],
							"lerp_mode": "catmullrom"
						}
					}
				},
				"righthand": {
					"rotation": {
						"0.0": {
							"post": [0, 180, 0],
							"lerp_mode": "catmullrom"
						}
					}
				},
				"ammo_box": {
					"rotation": {
						"0.0": {
							"post": [-90, 0, 0],
							"lerp_mode": "catmullrom"
						}
					},
					"position": {
						"0.0": {
							"post": [6, 10.7, 2],
							"lerp_mode": "catmullrom"
						}
					},
					"scale": {
						"0.0": {
							"post": [0, 0, 0],
							"lerp_mode": "catmullrom"
						}
					}
				}
			},
			"sound_effects": {
				"0.375": {
					"effect": "tacz:m95/m95_reload_rotate"
				}
			}
		},
		"put_away_aim": {
			"animation_length": 1.0833,
			"bones": {
				"gun_and_rh": {
					"rotation": {
						"0.0": {
							"post": [-25, 0, 0],
							"lerp_mode": "catmullrom"
						},
						"0.125": {
							"post": [-25, 0, 0],
							"lerp_mode": "catmullrom"
						},
						"0.3333": {
							"post": [77.22684, 3.0085, 0.00762],
							"lerp_mode": "catmullrom"
						},
						"0.4583": {
							"post": [89.34454, 0.93834, 13.24129],
							"lerp_mode": "catmullrom"
						},
						"0.6667": {
							"post": [79.33, -9.23, 75.81],
							"lerp_mode": "catmullrom"
						},
						"0.9167": {
							"post": [78.43343, -8.07193, 81.7651],
							"lerp_mode": "catmullrom"
						},
						"1.0833": {
							"post": [79.33, -9.23, 75.81],
							"lerp_mode": "catmullrom"
						}
					},
					"position": {
						"0.0": {
							"post": [-13, -2, 8],
							"lerp_mode": "catmullrom"
						},
						"0.125": {
							"post": [-13, -2, 8],
							"lerp_mode": "catmullrom"
						},
						"0.4583": {
							"post": [-16, -4.29, 4.49],
							"lerp_mode": "catmullrom"
						},
						"0.6667": {
							"post": [-17.9, -7.29, 1.49],
							"lerp_mode": "catmullrom"
						},
						"0.9167": {
							"post": [-17.9, -7.29, 1.49],
							"lerp_mode": "catmullrom"
						},
						"1.0833": {
							"post": [-17.9, -7.29, 1.49],
							"lerp_mode": "catmullrom"
						}
					}
				},
				"mag_and_lh": {
					"rotation": {
						"0.0": {
							"post": [70, 10, -18],
							"lerp_mode": "catmullrom"
						},
						"0.3333": {
							"post": [105.8, 9.16, -17.95],
							"lerp_mode": "catmullrom"
						},
						"0.625": {
							"post": [68.33731, 10.79186, -10.37289],
							"lerp_mode": "catmullrom"
						},
						"0.7917": {
							"post": [79.02, 7.67, -17.87],
							"lerp_mode": "catmullrom"
						},
						"1.0833": {
							"post": [72.12643, 7.75594, -17.87357],
							"lerp_mode": "catmullrom"
						}
					},
					"position": {
						"0.0": {
							"post": [13, -2, 8],
							"lerp_mode": "catmullrom"
						},
						"0.625": {
							"post": [14, -8.7, 0.6],
							"lerp_mode": "catmullrom"
						},
						"0.7917": {
							"post": [14.06, -10.04, 0.14],
							"lerp_mode": "catmullrom"
						},
						"1.0833": {
							"post": [14, -9, 0.6],
							"lerp_mode": "catmullrom"
						}
					}
				},
				"axe": {
					"rotation": {
						"0.0": {
							"post": [-90, 0, 0],
							"lerp_mode": "catmullrom"
						},
						"0.1667": {
							"post": [-90, 0, 0],
							"lerp_mode": "catmullrom"
						},
						"0.2917": {
							"post": [-90, 0, -15],
							"lerp_mode": "catmullrom"
						},
						"0.6667": {
							"post": [-90, 0, 0],
							"lerp_mode": "catmullrom"
						},
						"0.9167": {
							"post": [-90, 0, 0],
							"lerp_mode": "catmullrom"
						}
					},
					"position": {
						"0.0": {
							"post": [6, 15, -1],
							"lerp_mode": "catmullrom"
						},
						"0.6667": {
							"post": [6, 15, -1],
							"lerp_mode": "catmullrom"
						},
						"0.9167": {
							"post": [6, 15, -1],
							"lerp_mode": "catmullrom"
						}
					},
					"scale": {
						"0.6667": {
							"pre": [1, 1, 1],
							"post": [1, 1, 1],
							"lerp_mode": "catmullrom"
						},
						"0.9167": {
							"post": [1, 1, 1],
							"lerp_mode": "catmullrom"
						}
					}
				},
				"lefthand": {
					"rotation": {
						"0.0": {
							"post": [0, 180, 0],
							"lerp_mode": "catmullrom"
						}
					}
				},
				"righthand": {
					"rotation": {
						"0.0": {
							"post": [0, 180, 0],
							"lerp_mode": "catmullrom"
						}
					}
				},
				"ammo_box": {
					"rotation": {
						"0.0": {
							"post": [-90, 0, 0],
							"lerp_mode": "catmullrom"
						}
					},
					"position": {
						"0.0": {
							"post": [6, 10.7, 2],
							"lerp_mode": "catmullrom"
						}
					},
					"scale": {
						"0.0": {
							"post": [0, 0, 0],
							"lerp_mode": "catmullrom"
						}
					}
				}
			},
			"sound_effects": {
				"0.0": {
					"effect": "tacz:m95/m95_reload_raise"
				}
			}
		},
		"shoot": {
			"animation_length": 1.8,
			"bones": {
				"mag_and_lh": {
					"rotation": {
						"0.0": {
							"post": [0, 0, 0],
							"lerp_mode": "catmullrom"
						},
						"0.0667": {
							"post": [35.3666, -41.0186, 38.707],
							"lerp_mode": "catmullrom"
						},
						"0.3667": {
							"post": [35.3666, -41.0186, 38.707],
							"lerp_mode": "catmullrom"
						},
						"0.6": {
							"post": [65, -10, 18],
							"lerp_mode": "catmullrom"
						},
						"0.8": {
							"post": [65, -10, 18],
							"lerp_mode": "catmullrom"
						},
						"1.2": {
							"post": [65, -10, 18],
							"lerp_mode": "catmullrom"
						},
						"1.4": {
							"post": [-19.447, -5.6032, 63.0889],
							"lerp_mode": "catmullrom"
						},
						"1.6": {
							"post": [0, 0, 0],
							"lerp_mode": "catmullrom"
						},
						"1.8": {
							"post": [0, 0, 0],
							"lerp_mode": "catmullrom"
						}
					},
					"position": {
						"0.0": {
							"post": [0, 0, 0],
							"lerp_mode": "catmullrom"
						},
						"0.0667": {
							"post": [-1, -3, 0],
							"lerp_mode": "catmullrom"
						},
						"0.3667": {
							"post": [-1, -3, 0],
							"lerp_mode": "catmullrom"
						},
						"0.6": {
							"post": [0, -10, 0],
							"lerp_mode": "catmullrom"
						},
						"0.8": {
							"post": [0, -10, 0],
							"lerp_mode": "catmullrom"
						},
						"1.2": {
							"post": [0, -10, 0],
							"lerp_mode": "catmullrom"
						},
						"1.6": {
							"post": [0, 0, 0],
							"lerp_mode": "catmullrom"
						},
						"1.8": {
							"post": [0, 0, 0],
							"lerp_mode": "catmullrom"
						}
					}
				},
				"gun_and_rh": {
					"rotation": {
						"0.0": {
							"post": [0, 0, 0],
							"lerp_mode": "catmullrom"
						},
						"0.0333": {
							"post": [145.885, -21.27098, 10.10555],
							"lerp_mode": "catmullrom"
						},
						"0.3667": {
							"post": [145.885, -21.27098, 10.10555],
							"lerp_mode": "catmullrom"
						},
						"0.6": {
							"post": [79.7356, -30, 144.73561],
							"lerp_mode": "catmullrom"
						},
						"0.8": {
							"post": [61.50081, -14.1484, 190.58873],
							"lerp_mode": "catmullrom"
						},
						"1.1": {
							"post": [112.0819, -6.6728, 172.67922],
							"lerp_mode": "catmullrom"
						},
						"1.3": {
							"post": [114.3445, 0.93834, 40.74129],
							"lerp_mode": "catmullrom"
						},
						"1.5": {
							"post": [102.2268, 3.0085, 47.50762],
							"lerp_mode": "catmullrom"
						},
						"1.7": {
							"post": [0, 0, 0],
							"lerp_mode": "catmullrom"
						},
						"1.8": {
							"post": [0, 0, 0],
							"lerp_mode": "catmullrom"
						}
					},
					"position": {
						"0.0": {
							"post": [0, 0, 0],
							"lerp_mode": "catmullrom"
						},
						"0.2": {
							"post": [0, 0, 0],
							"lerp_mode": "catmullrom"
						},
						"0.6": {
							"post": [7, -10, 0],
							"lerp_mode": "catmullrom"
						},
						"0.8": {
							"post": [7, -10, 0],
							"lerp_mode": "catmullrom"
						},
						"1.1": {
							"post": [-6, 8.71, -3.51],
							"lerp_mode": "catmullrom"
						},
						"1.3": {
							"post": [-3, -2.29, -3.51],
							"lerp_mode": "catmullrom"
						},
						"1.7": {
							"post": [0, 0, 0],
							"lerp_mode": "catmullrom"
						},
						"1.8": {
							"post": [0, 0, 0],
							"lerp_mode": "catmullrom"
						}
					}
				},
				"axe": {
					"rotation": {
						"0.0": {
							"post": [0, 0, -90],
							"lerp_mode": "catmullrom"
						},
						"1.1": {
							"post": [0, 0, -90],
							"lerp_mode": "catmullrom"
						},
						"1.4": {
							"post": [0, 0, 0],
							"lerp_mode": "catmullrom"
						}
					},
					"scale": {
						"0.0": [0, 0, 0],
						"0.6333": [0, 0, 0],
						"0.6667": [1, 1, 1]
					}
				},
				"camera": {
					"rotation": {
						"0.0": {
							"post": [0, 0, 0],
							"lerp_mode": "catmullrom"
						},
						"0.0667": {
							"post": [18.2947, -10.67835, -14.73837],
							"lerp_mode": "catmullrom"
						},
						"0.1667": {
							"post": [18.2947, -10.67835, -14.73837],
							"lerp_mode": "catmullrom"
						},
						"0.4": {
							"post": [0, 0, 0],
							"lerp_mode": "catmullrom"
						},
						"0.7333": {
							"post": [0, 0, 0],
							"lerp_mode": "catmullrom"
						}
					}
				}
			},
			"sound_effects": {
				"0.0": {
					"effect": "yeet:asset/swing_1"
				},
				"0.7333": {
					"effect": "tacz:m95/m95_reload_raise"
				}
			}
		},
		"reload_empty": {
			"animation_length": 1.9,
			"bones": {
				"gun_and_rh": {
					"rotation": {
						"0.0": {
							"post": [54.73561, -30, 144.73561],
							"lerp_mode": "catmullrom"
						},
						"0.9": {
							"post": [54.73561, -30, 144.73561],
							"lerp_mode": "catmullrom"
						},
						"1.2": {
							"post": [85.61335, 10.47799, 130.89323],
							"lerp_mode": "catmullrom"
						},
						"1.4": {
							"post": [89.34454, 0.93834, 40.74129],
							"lerp_mode": "catmullrom"
						},
						"1.6": {
							"post": [79.33, -9.23, 75.81],
							"lerp_mode": "catmullrom"
						},
						"1.8": {
							"post": [79.33, -9.23, 75.81],
							"lerp_mode": "catmullrom"
						}
					},
					"position": {
						"0.0": {
							"post": [-6, -12, 8],
							"lerp_mode": "catmullrom"
						},
						"0.9": {
							"post": [-6, -12, 8],
							"lerp_mode": "catmullrom"
						},
						"1.2": {
							"post": [-19, 6.71, 4.49],
							"lerp_mode": "catmullrom"
						},
						"1.4": {
							"post": [-16, -4.29, 4.49],
							"lerp_mode": "catmullrom"
						},
						"1.6": {
							"post": [-17.9, -7.29, 1.49],
							"lerp_mode": "catmullrom"
						},
						"1.8": {
							"post": [-17.9, -7.29, 1.49],
							"lerp_mode": "catmullrom"
						}
					}
				},
				"mag_and_lh": {
					"rotation": {
						"0.0": {
							"post": [135, 0, 0],
							"lerp_mode": "catmullrom"
						},
						"0.9": {
							"post": [135, 0, 0],
							"lerp_mode": "catmullrom"
						},
						"1.3": {
							"post": [135, 0, 0],
							"lerp_mode": "catmullrom"
						},
						"1.4": {
							"post": [50.55296, 4.39678, 45.08885],
							"lerp_mode": "catmullrom"
						},
						"1.6": {
							"post": [72.12643, 7.75594, -17.87357],
							"lerp_mode": "catmullrom"
						},
						"1.7": {
							"post": [78.12643, 7.75594, -17.87357],
							"lerp_mode": "catmullrom"
						},
						"1.8": {
							"post": [72.12643, 7.75594, -17.87357],
							"lerp_mode": "catmullrom"
						}
					},
					"position": {
						"0.0": {
							"post": [13, -12, 8],
							"lerp_mode": "catmullrom"
						},
						"0.9": {
							"post": [13, -12, 8],
							"lerp_mode": "catmullrom"
						},
						"1.3": {
							"post": [13, -12, 8],
							"lerp_mode": "catmullrom"
						},
						"1.6": {
							"post": [14, -9, 0.6],
							"lerp_mode": "catmullrom"
						},
						"1.7": {
							"post": [14, -9, 0.6],
							"lerp_mode": "catmullrom"
						},
						"1.8": {
							"post": [14, -9, 0.6],
							"lerp_mode": "catmullrom"
						}
					}
				},
				"axe": {
					"rotation": {
						"0.0": {
							"post": [-90, 0, -90],
							"lerp_mode": "catmullrom"
						},
						"0.9": {
							"post": [-90, 0, -90],
							"lerp_mode": "catmullrom"
						},
						"1.2": {
							"post": [-90, 0, -90],
							"lerp_mode": "catmullrom"
						},
						"1.5": {
							"post": [-90, 0, 0],
							"lerp_mode": "catmullrom"
						},
						"1.6": {
							"post": [-90, 0, 0],
							"lerp_mode": "catmullrom"
						},
						"1.7": {
							"post": [-90, 0, 0],
							"lerp_mode": "catmullrom"
						}
					},
					"position": {
						"0.0": {
							"post": [6, 15, -1],
							"lerp_mode": "catmullrom"
						},
						"0.9": {
							"post": [6, 15, -1],
							"lerp_mode": "catmullrom"
						},
						"1.6": {
							"post": [6, 15, -1],
							"lerp_mode": "catmullrom"
						},
						"1.7": {
							"post": [6, 15, -1],
							"lerp_mode": "catmullrom"
						}
					},
					"scale": {
						"0.0": {
							"post": [1, 1, 1],
							"lerp_mode": "catmullrom"
						},
						"0.9": {
							"post": [1, 1, 1],
							"lerp_mode": "catmullrom"
						}
					}
				},
				"lefthand": {
					"rotation": {
						"0.0": [0, 180, 0],
						"0.9": [0, 180, 0]
					}
				},
				"righthand": {
					"rotation": {
						"0.0": [0, 180, 0],
						"0.9": [0, 180, 0]
					}
				},
				"ammo_box": {
					"rotation": {
						"0.0": [-90, 0, 0],
						"0.9": [-90, 0, 0]
					},
					"position": {
						"0.0": [6, 10.7, 2],
						"0.9": [6, 10.7, 2]
					},
					"scale": {
						"0.0": [0, 0, 0],
						"0.9": [0, 0, 0]
					}
				},
				"camera": {
					"rotation": {
						"0.0": {
							"post": [0, 0, 0],
							"lerp_mode": "catmullrom"
						},
						"0.1": {
							"post": [1.78, -1.31, -1.8],
							"lerp_mode": "catmullrom"
						},
						"0.3": {
							"post": [14.81733, -4.67592, -11.58065],
							"lerp_mode": "catmullrom"
						},
						"0.7": {
							"post": [15.08764, -6.59703, -4.36207],
							"lerp_mode": "catmullrom"
						},
						"1.1": {
							"post": [15.08764, -6.59703, -4.36207],
							"lerp_mode": "catmullrom"
						},
						"1.4": {
							"post": [0, 0, 0],
							"lerp_mode": "catmullrom"
						},
						"1.6": {
							"post": [0, 0, 0],
							"lerp_mode": "catmullrom"
						}
					}
				}
			},
			"sound_effects": {
				"0.7": {
					"effect": "tacz:m95/m95_reload_raise"
				}
			}
		},
		"reload_tactical": {
			"animation_length": 2.7917,
			"bones": {
				"gun_and_rh": {
					"rotation": {
						"0.0": {
							"post": [79.33, -9.23, 75.81],
							"lerp_mode": "catmullrom"
						},
						"0.2083": {
							"post": [144.97134, -3.08422, -2.74909],
							"lerp_mode": "catmullrom"
						},
						"0.4167": {
							"post": [197.65394, 13.10922, 7.60466],
							"lerp_mode": "catmullrom"
						},
						"0.625": {
							"post": [189.78769, -60.97145, -8.67824],
							"lerp_mode": "catmullrom"
						},
						"0.7917": {
							"post": [54.7356, -31.18359, 144.7356],
							"lerp_mode": "catmullrom"
						},
						"0.9583": {
							"post": [54.73561, -30, 144.73561],
							"lerp_mode": "catmullrom"
						},
						"1.7917": {
							"post": [54.73561, -30, 144.73561],
							"lerp_mode": "catmullrom"
						},
						"2.0833": {
							"post": [85.61335, 10.47799, 130.89323],
							"lerp_mode": "catmullrom"
						},
						"2.2917": {
							"post": [89.34454, 0.93834, 40.74129],
							"lerp_mode": "catmullrom"
						},
						"2.5": {
							"post": [79.33, -9.23, 75.81],
							"lerp_mode": "catmullrom"
						},
						"2.7083": {
							"post": [79.33, -9.23, 75.81],
							"lerp_mode": "catmullrom"
						}
					},
					"position": {
						"0.0": {
							"post": [-17.9, -7.29, 1.49],
							"lerp_mode": "catmullrom"
						},
						"0.2083": {
							"post": [-16, -4.29, 4.49],
							"lerp_mode": "catmullrom"
						},
						"0.4167": {
							"post": [-16, -25.29, 4.49],
							"lerp_mode": "catmullrom"
						},
						"0.7917": {
							"post": [-6, -12, 8],
							"lerp_mode": "catmullrom"
						},
						"0.9583": {
							"post": [-6, -12, 8],
							"lerp_mode": "catmullrom"
						},
						"1.7917": {
							"post": [-6, -12, 8],
							"lerp_mode": "catmullrom"
						},
						"2.0833": {
							"post": [-19, 6.71, 4.49],
							"lerp_mode": "catmullrom"
						},
						"2.2917": {
							"post": [-16, -4.29, 4.49],
							"lerp_mode": "catmullrom"
						},
						"2.5": {
							"post": [-17.9, -7.29, 1.49],
							"lerp_mode": "catmullrom"
						},
						"2.7083": {
							"post": [-17.9, -7.29, 1.49],
							"lerp_mode": "catmullrom"
						}
					}
				},
				"mag_and_lh": {
					"rotation": {
						"0.0": {
							"post": [72.12643, 7.75594, -17.87357],
							"lerp_mode": "catmullrom"
						},
						"0.2083": {
							"post": [103.58883, -8.31576, 29.60787],
							"lerp_mode": "catmullrom"
						},
						"0.4167": {
							"post": [135, 0, 0],
							"lerp_mode": "catmullrom"
						},
						"1.7917": {
							"post": [135, 0, 0],
							"lerp_mode": "catmullrom"
						},
						"2.2083": {
							"post": [135, 0, 0],
							"lerp_mode": "catmullrom"
						},
						"2.2917": {
							"post": [50.55296, 4.39678, 45.08885],
							"lerp_mode": "catmullrom"
						},
						"2.5": {
							"post": [72.12643, 7.75594, -17.87357],
							"lerp_mode": "catmullrom"
						},
						"2.5833": {
							"post": [78.12643, 7.75594, -17.87357],
							"lerp_mode": "catmullrom"
						},
						"2.7083": {
							"post": [72.12643, 7.75594, -17.87357],
							"lerp_mode": "catmullrom"
						}
					},
					"position": {
						"0.0": {
							"post": [14, -9, 0.6],
							"lerp_mode": "catmullrom"
						},
						"0.4167": {
							"post": [13, -12, 8],
							"lerp_mode": "catmullrom"
						},
						"1.7917": {
							"post": [13, -12, 8],
							"lerp_mode": "catmullrom"
						},
						"2.2083": {
							"post": [13, -12, 8],
							"lerp_mode": "catmullrom"
						},
						"2.5": {
							"post": [14, -9, 0.6],
							"lerp_mode": "catmullrom"
						},
						"2.5833": {
							"post": [14, -9, 0.6],
							"lerp_mode": "catmullrom"
						},
						"2.7083": {
							"post": [14, -9, 0.6],
							"lerp_mode": "catmullrom"
						}
					}
				},
				"axe": {
					"rotation": {
						"0.0": {
							"post": [-90, 0, 0],
							"lerp_mode": "catmullrom"
						},
						"1.625": {
							"post": [-90, 0, 0],
							"lerp_mode": "catmullrom"
						},
						"1.7917": {
							"post": [-90, 0, -90],
							"lerp_mode": "catmullrom"
						},
						"2.0833": {
							"post": [-90, 0, -90],
							"lerp_mode": "catmullrom"
						},
						"2.375": {
							"post": [-90, 0, 0],
							"lerp_mode": "catmullrom"
						},
						"2.5": {
							"post": [-90, 0, 0],
							"lerp_mode": "catmullrom"
						},
						"2.5833": {
							"post": [-90, 0, 0],
							"lerp_mode": "catmullrom"
						},
						"2.7083": {
							"post": [-90, 0, 0],
							"lerp_mode": "catmullrom"
						}
					},
					"position": {
						"0.0": {
							"post": [6, 15, -1],
							"lerp_mode": "catmullrom"
						},
						"1.7917": {
							"post": [6, 15, -1],
							"lerp_mode": "catmullrom"
						},
						"2.5": {
							"post": [6, 15, -1],
							"lerp_mode": "catmullrom"
						},
						"2.5833": {
							"post": [6, 15, -1],
							"lerp_mode": "catmullrom"
						},
						"2.7083": {
							"post": [6, 15, -1],
							"lerp_mode": "catmullrom"
						}
					},
					"scale": {
						"1.7917": {
							"pre": [1, 1, 1],
							"post": [1, 1, 1],
							"lerp_mode": "catmullrom"
						}
					}
				},
				"lefthand": {
					"rotation": {
						"0.0": {
							"post": [0, 180, 0],
							"lerp_mode": "catmullrom"
						}
					}
				},
				"righthand": {
					"rotation": {
						"0.0": {
							"post": [0, 180, 0],
							"lerp_mode": "catmullrom"
						}
					}
				},
				"ammo_box": {
					"rotation": {
						"0.0": {
							"post": [-90, 0, 0],
							"lerp_mode": "catmullrom"
						}
					},
					"position": {
						"0.0": {
							"post": [6, 10.7, 2],
							"lerp_mode": "catmullrom"
						}
					},
					"scale": {
						"0.0": {
							"post": [0, 0, 0],
							"lerp_mode": "catmullrom"
						}
					}
				},
				"camera": {
					"rotation": {
						"0.3333": {
							"pre": [0, 0, 0],
							"post": [0, 0, 0],
							"lerp_mode": "catmullrom"
						},
						"0.5": {
							"post": [2.76, -0.97, -2.1],
							"lerp_mode": "catmullrom"
						},
						"0.75": {
							"post": [14.81733, -4.67592, -11.58065],
							"lerp_mode": "catmullrom"
						},
						"1.1667": {
							"post": [15.08764, -6.59703, -4.36207],
							"lerp_mode": "catmullrom"
						},
						"1.875": {
							"post": [15.08764, -6.59703, -4.36207],
							"lerp_mode": "catmullrom"
						},
						"2.1667": {
							"post": [0, 0, 0],
							"lerp_mode": "catmullrom"
						},
						"2.3333": {
							"post": [0, 0, 0],
							"lerp_mode": "catmullrom"
						}
					}
				}
			},
			"sound_effects": {
				"0.0": {
					"effect": "tacz:m95/m95_reload_rotate"
				},
				"1.5833": {
					"effect": "tacz:m95/m95_reload_raise"
				}
			}
		},
		"inspect_empty": {
			"animation_length": 7.9667
		},
		"inspect": {
			"animation_length": 6.375,
			"bones": {
				"mag_and_lh": {
					"rotation": {
						"0.0": {
							"post": [72.12643, 7.75594, -17.87357],
							"lerp_mode": "catmullrom"
						},
						"0.3333": {
							"post": [168.92, -7.60571, 12.75189],
							"lerp_mode": "catmullrom"
						},
						"3.0417": {
							"post": [135, 0, 0],
							"lerp_mode": "catmullrom"
						},
						"5.0417": {
							"post": [135, 0, 0],
							"lerp_mode": "catmullrom"
						},
						"5.4583": {
							"post": [135, 0, 0],
							"lerp_mode": "catmullrom"
						},
						"5.625": {
							"post": [50.55296, 4.39678, 45.08885],
							"lerp_mode": "catmullrom"
						},
						"5.8333": {
							"post": [70, 10, -10.3],
							"lerp_mode": "catmullrom"
						},
						"6.0417": {
							"post": [72.12643, 7.75594, -17.87357],
							"lerp_mode": "catmullrom"
						},
						"6.0833": {
							"post": [84.78394, 7.58971, -18.43457],
							"lerp_mode": "catmullrom"
						},
						"6.1667": {
							"post": [79.62643, 7.75594, -17.87357],
							"lerp_mode": "catmullrom"
						},
						"6.2917": {
							"post": [72.12643, 7.75594, -17.87357],
							"lerp_mode": "catmullrom"
						}
					},
					"position": {
						"0.0": {
							"post": [14, -9, 0.6],
							"lerp_mode": "catmullrom"
						},
						"0.1667": {
							"post": [13, -2, 8],
							"lerp_mode": "catmullrom"
						},
						"0.3333": {
							"post": [13, -10, 8],
							"lerp_mode": "catmullrom"
						},
						"3.0417": {
							"post": [13, -12, 8],
							"lerp_mode": "catmullrom"
						},
						"4.9583": {
							"post": [13, -12, 8],
							"lerp_mode": "catmullrom"
						},
						"5.375": {
							"post": [13, -12, 8],
							"lerp_mode": "catmullrom"
						},
						"5.6667": {
							"post": [13, -3.3, 8],
							"lerp_mode": "catmullrom"
						},
						"5.875": {
							"post": [13, -2, 8],
							"lerp_mode": "catmullrom"
						},
						"6.0417": {
							"post": [14, -9, 0.6],
							"lerp_mode": "catmullrom"
						},
						"6.2917": {
							"post": [14, -9, 0.6],
							"lerp_mode": "catmullrom"
						}
					}
				},
				"lefthand": {
					"rotation": {
						"0.0": {
							"post": [0, 180, 0],
							"lerp_mode": "catmullrom"
						}
					}
				},
				"gun_and_rh": {
					"rotation": {
						"0.0": {
							"post": [79.33, -9.23, 75.81],
							"lerp_mode": "catmullrom"
						},
						"0.2083": {
							"post": [120, 0, 0],
							"lerp_mode": "catmullrom"
						},
						"0.4167": {
							"post": [133, 0.4, 13.7],
							"lerp_mode": "catmullrom"
						},
						"0.625": {
							"post": [95, 52.4, 95],
							"lerp_mode": "catmullrom"
						},
						"0.875": {
							"post": [95, 60, 109.5],
							"lerp_mode": "catmullrom"
						},
						"1.375": {
							"post": [95, 60, 107.5],
							"lerp_mode": "catmullrom"
						},
						"1.625": {
							"post": [95, 60, 107.5],
							"lerp_mode": "catmullrom"
						},
						"1.75": {
							"post": [92.6, 52.9, 113],
							"lerp_mode": "catmullrom"
						},
						"1.875": {
							"post": [78.55731, 18.07816, 74.67065],
							"lerp_mode": "catmullrom"
						},
						"1.9583": {
							"post": [46.93928, 21.99952, 46.29228],
							"lerp_mode": "catmullrom"
						},
						"2.0417": {
							"post": [78.56, 12.9, 15.66],
							"lerp_mode": "catmullrom"
						},
						"2.1667": {
							"post": [58.63008, 1.25433, -15.2976],
							"lerp_mode": "catmullrom"
						},
						"2.375": {
							"post": [123.87133, 8.45374, 104.11986],
							"lerp_mode": "catmullrom"
						},
						"2.5833": {
							"post": [96.96735, 1.88846, 139.46359],
							"lerp_mode": "catmullrom"
						},
						"2.7917": {
							"post": [92.6, 52.9, 113],
							"lerp_mode": "catmullrom"
						},
						"2.9167": {
							"post": [106.84, 56.64, 111.06],
							"lerp_mode": "catmullrom"
						},
						"3.125": {
							"post": [92.6, 52.9, 113],
							"lerp_mode": "catmullrom"
						},
						"3.4167": {
							"post": [102.6, 52.9, 113],
							"lerp_mode": "catmullrom"
						},
						"3.8333": {
							"post": [102.7, 54.1, 114.5],
							"lerp_mode": "catmullrom"
						},
						"4.25": {
							"post": [102.6, 52.9, 113],
							"lerp_mode": "catmullrom"
						},
						"4.4167": {
							"post": [100.84022, 52.49921, 117.07269],
							"lerp_mode": "catmullrom"
						},
						"4.5": {
							"post": [102.6, 52.9, 113],
							"lerp_mode": "catmullrom"
						},
						"4.6667": {
							"post": [82.4355, 24.31452, 71.863],
							"lerp_mode": "catmullrom"
						},
						"4.875": {
							"post": [79.98929, 35.9927, 32.71672],
							"lerp_mode": "catmullrom"
						},
						"5.0417": {
							"post": [103.9898, 12.15951, 12.5058],
							"lerp_mode": "catmullrom"
						},
						"5.1667": {
							"post": [84.19719, 36.26203, 0.56398],
							"lerp_mode": "catmullrom"
						},
						"5.3333": {
							"post": [110.49595, 9.45459, 86.72703],
							"lerp_mode": "catmullrom"
						},
						"5.5": {
							"post": [89.60358, 22.15513, 90.63208],
							"lerp_mode": "catmullrom"
						},
						"5.7083": {
							"post": [102.31308, 14.1702, 17.53101],
							"lerp_mode": "catmullrom"
						},
						"6.0417": {
							"post": [79.33, -9.23, 75.81],
							"lerp_mode": "catmullrom"
						},
						"6.1667": {
							"post": [81.07415, -8.27124, 80.77511],
							"lerp_mode": "catmullrom"
						},
						"6.2917": {
							"post": [79.33, -9.23, 75.81],
							"lerp_mode": "catmullrom"
						}
					},
					"position": {
						"0.0": {
							"post": [-17.9, -7.29, 1.49],
							"lerp_mode": "catmullrom"
						},
						"0.2083": {
							"post": [-13, -2, 8],
							"lerp_mode": "catmullrom"
						},
						"0.375": {
							"post": [-13, -2, 8],
							"lerp_mode": "catmullrom"
						},
						"0.625": {
							"post": [-14, -3, 3],
							"lerp_mode": "catmullrom"
						},
						"1.0": {
							"post": [-14, -3, 3],
							"lerp_mode": "catmullrom"
						},
						"1.375": {
							"post": [-14, -3, 3],
							"lerp_mode": "catmullrom"
						},
						"1.625": {
							"post": [-14, -3, 3],
							"lerp_mode": "catmullrom"
						},
						"1.75": {
							"post": [-14, -3, 3],
							"lerp_mode": "catmullrom"
						},
						"1.875": {
							"post": [-14, -2.39, 3],
							"lerp_mode": "catmullrom"
						},
						"1.9583": {
							"post": [-14, -5, 3],
							"lerp_mode": "catmullrom"
						},
						"2.0417": {
							"post": [-14, -2.97, 3],
							"lerp_mode": "catmullrom"
						},
						"2.1667": {
							"post": [-14, -3.72, 3],
							"lerp_mode": "catmullrom"
						},
						"2.375": {
							"post": [-14, -3.2, 4],
							"lerp_mode": "catmullrom"
						},
						"2.7917": {
							"post": [-14, -1.9, 3],
							"lerp_mode": "catmullrom"
						},
						"3.125": {
							"post": [-14, -3, 3],
							"lerp_mode": "catmullrom"
						},
						"3.4167": {
							"post": [-14, -3, 3],
							"lerp_mode": "catmullrom"
						},
						"3.8333": {
							"post": [-14, -3, 3],
							"lerp_mode": "catmullrom"
						},
						"4.25": {
							"post": [-14, -3, 3],
							"lerp_mode": "catmullrom"
						},
						"4.4167": {
							"post": [-14.3, -3, 3],
							"lerp_mode": "catmullrom"
						},
						"4.5": {
							"post": [-14, -3, 3],
							"lerp_mode": "catmullrom"
						},
						"5.5": {
							"post": [-14, -3, 3],
							"lerp_mode": "catmullrom"
						},
						"5.7083": {
							"post": [-14, -3, 3],
							"lerp_mode": "catmullrom"
						},
						"6.0417": {
							"post": [-17.9, -7.29, 1.49],
							"lerp_mode": "catmullrom"
						},
						"6.2917": {
							"post": [-17.9, -7.29, 1.49],
							"lerp_mode": "catmullrom"
						}
					}
				},
				"righthand": {
					"rotation": {
						"0.0": {
							"post": [0, 180, 0],
							"lerp_mode": "catmullrom"
						}
					}
				},
				"axe": {
					"rotation": {
						"0.0": {
							"post": [-90, 0, 0],
							"lerp_mode": "catmullrom"
						},
						"0.4167": {
							"post": [-90, 0, 0],
							"lerp_mode": "catmullrom"
						},
						"0.8333": {
							"post": [-80, 10, 0],
							"lerp_mode": "catmullrom"
						},
						"1.375": {
							"post": [-80, 10, 0],
							"lerp_mode": "catmullrom"
						},
						"1.6667": {
							"post": [-80, 10, 0],
							"lerp_mode": "catmullrom"
						},
						"1.75": {
							"post": [-80, 10, 0],
							"lerp_mode": "catmullrom"
						},
						"1.8333": {
							"post": [-17.33177, -4.79759, -47.94855],
							"lerp_mode": "catmullrom"
						},
						"1.9167": {
							"post": [96.93103, -1.27821, -80.30931],
							"lerp_mode": "catmullrom"
						},
						"2.0": {
							"post": [201.93103, -1.27821, -80.30931],
							"lerp_mode": "catmullrom"
						},
						"2.125": {
							"post": [312.23846, 50.5507, -121.37053],
							"lerp_mode": "catmullrom"
						},
						"2.25": {
							"post": [384.50778, -6.12393, -101.94367],
							"lerp_mode": "catmullrom"
						},
						"2.7917": {
							"post": [-34.4, 0, -202.5],
							"lerp_mode": "catmullrom"
						},
						"3.125": {
							"post": [-90, 0, -185],
							"lerp_mode": "catmullrom"
						},
						"3.4167": {
							"post": [-90, 0, -185],
							"lerp_mode": "catmullrom"
						},
						"3.6667": {
							"post": [-90, 0, -185],
							"lerp_mode": "catmullrom"
						},
						"3.8333": {
							"post": [-90, 0, -185],
							"lerp_mode": "catmullrom"
						},
						"4.0833": {
							"post": [-90, 0, -185],
							"lerp_mode": "catmullrom"
						},
						"4.25": {
							"post": [-88, 0, -185],
							"lerp_mode": "catmullrom"
						},
						"4.4167": {
							"post": [-80, 0, -185],
							"lerp_mode": "catmullrom"
						},
						"4.5": {
							"post": [-104.3, 0, -194.5],
							"lerp_mode": "catmullrom"
						},
						"4.625": {
							"post": [-183.47875, -6.64851, -247.29788],
							"lerp_mode": "catmullrom"
						},
						"4.75": {
							"post": [-265.43122, 4.02446, -311.94119],
							"lerp_mode": "catmullrom"
						},
						"4.9167": {
							"post": [-183.15971, -19.80082, -423.5157],
							"lerp_mode": "catmullrom"
						},
						"5.0417": {
							"post": [-75.92419, 16.62983, -414.46648],
							"lerp_mode": "catmullrom"
						},
						"5.2083": {
							"post": [3.04809, 55.91476, -243.31132],
							"lerp_mode": "catmullrom"
						},
						"5.3333": {
							"post": [68.89089, -4.6261, -133.491],
							"lerp_mode": "catmullrom"
						},
						"5.5": {
							"post": [-80, 10, 0],
							"lerp_mode": "catmullrom"
						},
						"5.8333": {
							"post": [-90, 0, 0],
							"lerp_mode": "catmullrom"
						},
						"6.0417": {
							"post": [-90, 0, 0],
							"lerp_mode": "catmullrom"
						}
					},
					"position": {
						"0.0": {
							"post": [6, 15, -1],
							"lerp_mode": "catmullrom"
						},
						"0.4167": {
							"post": [6, 15, -1],
							"lerp_mode": "catmullrom"
						},
						"0.8333": {
							"post": [6, 14.3, -1],
							"lerp_mode": "catmullrom"
						},
						"1.75": {
							"post": [6, 14.3, -1],
							"lerp_mode": "catmullrom"
						},
						"2.0": {
							"post": [6, 14.3, -0.3],
							"lerp_mode": "catmullrom"
						},
						"2.7917": {
							"post": [6, 15, -1],
							"lerp_mode": "catmullrom"
						},
						"3.125": {
							"post": [6, 15, -1],
							"lerp_mode": "catmullrom"
						},
						"3.4167": {
							"post": [6, 15, -1],
							"lerp_mode": "catmullrom"
						},
						"3.8333": {
							"post": [6, 15, -1],
							"lerp_mode": "catmullrom"
						},
						"4.5": {
							"post": [6, 15, -1],
							"lerp_mode": "catmullrom"
						},
						"4.75": {
							"post": [6, 15, -1],
							"lerp_mode": "catmullrom"
						},
						"4.9167": {
							"post": [6, 14.5, 0],
							"lerp_mode": "catmullrom"
						},
						"5.5": {
							"post": [6, 14.3, -1],
							"lerp_mode": "catmullrom"
						},
						"5.8333": {
							"post": [6, 15, -1],
							"lerp_mode": "catmullrom"
						},
						"6.0417": {
							"post": [6, 15, -1],
							"lerp_mode": "catmullrom"
						}
					}
				},
				"camera": {
					"rotation": {
						"0.0": {
							"post": [0, 0, 0],
							"lerp_mode": "catmullrom"
						},
						"0.1667": {
							"post": [-10, 10, 0],
							"lerp_mode": "catmullrom"
						},
						"0.3333": {
							"post": [-5, 10, 0],
							"lerp_mode": "catmullrom"
						},
						"0.5417": {
							"post": [-5, 0, 0],
							"lerp_mode": "catmullrom"
						},
						"0.75": {
							"post": [-5.04292, -7.4713, 0.6574],
							"lerp_mode": "catmullrom"
						},
						"1.0": {
							"post": [-5.04292, -7.4713, 0.6574],
							"lerp_mode": "catmullrom"
						},
						"1.5": {
							"post": [0, 5.9, 0],
							"lerp_mode": "catmullrom"
						},
						"1.75": {
							"post": [0, 7.5, 0],
							"lerp_mode": "catmullrom"
						},
						"1.9583": {
							"post": [-7.14282, 12.635, -9.41199],
							"lerp_mode": "catmullrom"
						},
						"2.2917": {
							"post": [-9.13, 14.07, -11.68],
							"lerp_mode": "catmullrom"
						},
						"2.6667": {
							"post": [-7.14282, 12.635, -9.41199],
							"lerp_mode": "catmullrom"
						},
						"2.875": {
							"post": [0, 7.5, 0],
							"lerp_mode": "catmullrom"
						},
						"3.3333": {
							"post": [0, 7.5, 0],
							"lerp_mode": "catmullrom"
						},
						"3.9583": {
							"post": [-5.04292, -7.4713, 0.6574],
							"lerp_mode": "catmullrom"
						},
						"4.4167": {
							"post": [-5.04292, -5.9713, 0.6574],
							"lerp_mode": "catmullrom"
						},
						"4.7083": {
							"post": [-7.14282, 12.635, -9.41199],
							"lerp_mode": "catmullrom"
						},
						"5.0833": {
							"post": [-8.64, 16.05, -12.62],
							"lerp_mode": "catmullrom"
						},
						"5.4167": {
							"post": [-7.14282, 12.635, -9.41199],
							"lerp_mode": "catmullrom"
						},
						"5.75": {
							"post": [-0.8, 1.3, -1.1],
							"lerp_mode": "catmullrom"
						},
						"6.0": {
							"post": [0, 0, 0],
							"lerp_mode": "catmullrom"
						}
					}
				}
			},
			"sound_effects": {
				"0.0": {
					"effect": "tacz:m95/m95_reload_rotate"
				},
				"1.625": {
					"effect": "yeet:asset/swing_2"
				},
				"1.7917": {
					"effect": "yeet:asset/swing_2"
				},
				"1.9583": {
					"effect": "yeet:asset/swing_2"
				},
				"2.25": {
					"effect": "yeet:asset/swing_2"
				},
				"2.5": {
					"effect": "yeet:asset/swing_3"
				},
				"4.4167": {
					"effect": "yeet:asset/swing_3"
				},
				"4.7083": {
					"effect": "yeet:asset/swing_2"
				},
				"5.0": {
					"effect": "yeet:asset/swing_2"
				},
				"5.2083": {
					"effect": "yeet:asset/swing_3"
				},
				"5.25": {
					"effect": "tacz:m95/m95_reload_raise"
				}
			}
		},
		"run_start": {
			"animation_length": 0.25,
			"bones": {
				"mag_and_lh": {
					"rotation": {
						"0.0": {
							"post": [0, 0, 0],
							"lerp_mode": "catmullrom"
						},
						"0.0833": {
							"post": [67.5, 0, 0],
							"lerp_mode": "catmullrom"
						},
						"0.25": {
							"post": [135, 0, 0],
							"lerp_mode": "catmullrom"
						}
					},
					"position": {
						"0.0": {
							"post": [0, 0, 0],
							"lerp_mode": "catmullrom"
						},
						"0.0833": {
							"post": [0, -2.58, -3],
							"lerp_mode": "catmullrom"
						},
						"0.25": {
							"post": [0, -12, 8],
							"lerp_mode": "catmullrom"
						}
					}
				},
				"gun_and_rh": {
					"rotation": {
						"0.0": {
							"post": [0, 0, 0],
							"lerp_mode": "catmullrom"
						},
						"0.0833": {
							"post": [67.00992, -11.53486, 4.8493],
							"lerp_mode": "catmullrom"
						},
						"0.25": {
							"post": [135, 0, 0],
							"lerp_mode": "catmullrom"
						}
					},
					"position": {
						"0.0": {
							"post": [0, 0, 0],
							"lerp_mode": "catmullrom"
						},
						"0.0833": {
							"post": [0, -2.58, -3],
							"lerp_mode": "catmullrom"
						},
						"0.25": {
							"post": [0, -12, 8],
							"lerp_mode": "catmullrom"
						}
					}
				}
			}
		},
		"run_end": {
			"animation_length": 0.375,
			"bones": {
				"mag_and_lh": {
					"rotation": {
						"0.0": {
							"post": [135, 0, 0],
							"lerp_mode": "catmullrom"
						},
						"0.125": {
							"post": [67.5, 0, 0],
							"lerp_mode": "catmullrom"
						},
						"0.25": {
							"post": [0, 0, 0],
							"lerp_mode": "catmullrom"
						},
						"0.375": {
							"post": [0, 0, 0],
							"lerp_mode": "catmullrom"
						}
					},
					"position": {
						"0.0": {
							"post": [0, -12, 8],
							"lerp_mode": "catmullrom"
						},
						"0.125": {
							"post": [0, -2.58, -3],
							"lerp_mode": "catmullrom"
						},
						"0.25": {
							"post": [0, 0, 0],
							"lerp_mode": "catmullrom"
						},
						"0.375": {
							"post": [0, 0, 0],
							"lerp_mode": "catmullrom"
						}
					}
				},
				"gun_and_rh": {
					"rotation": {
						"0.0": {
							"post": [135, 0, 0],
							"lerp_mode": "catmullrom"
						},
						"0.125": {
							"post": [67.00992, -11.53486, 4.8493],
							"lerp_mode": "catmullrom"
						},
						"0.25": {
							"post": [0, 0, 0],
							"lerp_mode": "catmullrom"
						},
						"0.375": {
							"post": [0, 0, 0],
							"lerp_mode": "catmullrom"
						}
					},
					"position": {
						"0.0": {
							"post": [0, -12, 8],
							"lerp_mode": "catmullrom"
						},
						"0.125": {
							"post": [0, -2.58, -3],
							"lerp_mode": "catmullrom"
						},
						"0.25": {
							"post": [0, 0, 0],
							"lerp_mode": "catmullrom"
						},
						"0.375": {
							"post": [0, 0, 0],
							"lerp_mode": "catmullrom"
						}
					}
				}
			}
		},
		"run": {
			"loop": true,
			"animation_length": 0.6667,
			"bones": {
				"root": {
					"rotation": {
						"0.0": {
							"post": [0, 0, 0],
							"lerp_mode": "catmullrom"
						},
						"0.1667": {
							"post": [-5, 0, -5],
							"lerp_mode": "catmullrom"
						},
						"0.25": {
							"post": [-2.5, 0, -2.5],
							"lerp_mode": "catmullrom"
						},
						"0.3333": {
							"post": [0, 0, 0],
							"lerp_mode": "catmullrom"
						},
						"0.5": {
							"post": [-5, 0, 5],
							"lerp_mode": "catmullrom"
						},
						"0.6667": {
							"post": [0, 0, 0],
							"lerp_mode": "catmullrom"
						}
					},
					"position": {
						"0.0": {
							"post": [0, 0, 0],
							"lerp_mode": "catmullrom"
						},
						"0.0833": {
							"post": [0.2, 1, 0],
							"lerp_mode": "catmullrom"
						},
						"0.1667": {
							"post": [0.4, 0, 0],
							"lerp_mode": "catmullrom"
						},
						"0.25": {
							"post": [0.2, -1, 0],
							"lerp_mode": "catmullrom"
						},
						"0.3333": {
							"post": [0, 0, 0],
							"lerp_mode": "catmullrom"
						},
						"0.4167": {
							"post": [-0.2, 1, 0],
							"lerp_mode": "catmullrom"
						},
						"0.5": {
							"post": [-0.4, 0, 0],
							"lerp_mode": "catmullrom"
						},
						"0.5833": {
							"post": [-0.2, -1, 0],
							"lerp_mode": "catmullrom"
						},
						"0.6667": {
							"post": [0, 0, 0],
							"lerp_mode": "catmullrom"
						}
					}
				},
				"mag_and_lh": {
					"rotation": {
						"0.0": {
							"post": [135, 0, 0],
							"lerp_mode": "catmullrom"
						}
					},
					"position": {
						"0.0": {
							"post": [0, -12, 8],
							"lerp_mode": "catmullrom"
						}
					}
				},
				"gun_and_rh": {
					"rotation": {
						"0.0": {
							"post": [135, 0, 0],
							"lerp_mode": "catmullrom"
						}
					},
					"position": {
						"0.0": {
							"post": [0, -12, 8],
							"lerp_mode": "catmullrom"
						}
					}
				}
			}
		},
		"run_hold": {
			"loop": true,
			"bones": {
				"root": {
					"rotation": {
						"0.0": {
							"post": [0, 0, 0],
							"lerp_mode": "catmullrom"
						}
					},
					"position": {
						"0.0": {
							"post": [0, 0, 0],
							"lerp_mode": "catmullrom"
						}
					}
				},
				"mag_and_lh": {
					"rotation": {
						"0.0": {
							"post": [135, 0, 0],
							"lerp_mode": "catmullrom"
						}
					},
					"position": {
						"0.0": {
							"post": [0, -12, 8],
							"lerp_mode": "catmullrom"
						}
					}
				},
				"gun_and_rh": {
					"rotation": {
						"0.0": {
							"post": [135, 0, 0],
							"lerp_mode": "catmullrom"
						}
					},
					"position": {
						"0.0": {
							"post": [0, -12, 8],
							"lerp_mode": "catmullrom"
						}
					}
				}
			}
		},
		"melee_push": {
			"animation_length": 1.25,
			"bones": {
				"mag_and_lh": {
					"rotation": {
						"0.0": {
							"post": [72.12643, 7.75594, -17.87357],
							"lerp_mode": "catmullrom"
						},
						"0.125": {
							"post": [101.17206, -57.63543, 29.08189],
							"lerp_mode": "catmullrom"
						},
						"0.25": {
							"post": [91.17206, -57.63543, 29.08189],
							"lerp_mode": "catmullrom"
						},
						"0.2917": {
							"post": [126.75586, -48.0875, -14.63544],
							"lerp_mode": "catmullrom"
						},
						"0.4583": {
							"post": [92.51773, -8.3789, 3.80768],
							"lerp_mode": "catmullrom"
						},
						"0.625": {
							"post": [93.30447, 12.13636, -32.95399],
							"lerp_mode": "catmullrom"
						},
						"0.7917": {
							"post": [72.12643, 7.75594, -17.87357],
							"lerp_mode": "catmullrom"
						},
						"0.875": {
							"post": [72.12643, 7.75594, -17.87357],
							"lerp_mode": "catmullrom"
						},
						"1.0417": {
							"post": [79.63, 7.76, -17.87],
							"lerp_mode": "catmullrom"
						},
						"1.2083": {
							"post": [72.12643, 7.75594, -17.87357],
							"lerp_mode": "catmullrom"
						},
						"1.25": {
							"post": [72.12643, 7.75594, -17.87357],
							"lerp_mode": "catmullrom"
						}
					},
					"position": {
						"0.0": {
							"post": [14, -9, 0.6],
							"lerp_mode": "catmullrom"
						},
						"0.125": {
							"post": [17.2, -12, 4.6],
							"lerp_mode": "catmullrom"
						},
						"0.25": {
							"post": [17.2, -15, 4.6],
							"lerp_mode": "catmullrom"
						},
						"0.2917": {
							"post": [17.2, -15, 4.6],
							"lerp_mode": "catmullrom"
						},
						"0.4583": {
							"post": [12.39, -11, -0.54],
							"lerp_mode": "catmullrom"
						},
						"0.7917": {
							"post": [14, -9, 0.6],
							"lerp_mode": "catmullrom"
						},
						"0.9167": {
							"post": [14, -9, 0.6],
							"lerp_mode": "catmullrom"
						},
						"1.2083": {
							"post": [14, -9, 0.6],
							"lerp_mode": "catmullrom"
						},
						"1.25": {
							"post": [14, -9, 0.6],
							"lerp_mode": "catmullrom"
						}
					}
				},
				"lefthand": {
					"rotation": {
						"0.0": {
							"post": [0, 180, 0],
							"lerp_mode": "catmullrom"
						}
					}
				},
				"gun_and_rh": {
					"rotation": {
						"0.0": {
							"post": [79.33, -9.23, 75.81],
							"lerp_mode": "catmullrom"
						},
						"0.25": {
							"post": [37.42141, 23.64516, 99.1214],
							"lerp_mode": "catmullrom"
						},
						"0.2917": {
							"post": [217.21887, -1.10269, 81.32097],
							"lerp_mode": "catmullrom"
						},
						"0.6667": {
							"post": [107.14174, 0.1574, 65.62531],
							"lerp_mode": "catmullrom"
						},
						"0.7917": {
							"post": [90.04321, 12.09342, 69.36597],
							"lerp_mode": "catmullrom"
						},
						"0.9167": {
							"post": [79.33, -9.23, 75.81],
							"lerp_mode": "catmullrom"
						},
						"1.0417": {
							"post": [78.57415, -8.27124, 80.77511],
							"lerp_mode": "catmullrom"
						},
						"1.2083": {
							"post": [79.33, -9.23, 75.81],
							"lerp_mode": "catmullrom"
						},
						"1.25": {
							"post": [79.33, -9.23, 75.81],
							"lerp_mode": "catmullrom"
						}
					},
					"position": {
						"0.125": {
							"pre": [-17.9, -7.29, 1.49],
							"post": [-17.9, -7.29, 1.49],
							"lerp_mode": "catmullrom"
						},
						"0.25": {
							"post": [-7.9, -7.29, -0.51],
							"lerp_mode": "catmullrom"
						},
						"0.2917": {
							"post": [-21.1, -7.29, 10.53],
							"lerp_mode": "catmullrom"
						},
						"0.9167": {
							"post": [-17.9, -7.29, 1.49],
							"lerp_mode": "catmullrom"
						},
						"1.0417": {
							"post": [-17.9, -7.29, 1.49],
							"lerp_mode": "catmullrom"
						},
						"1.2083": {
							"post": [-17.9, -7.29, 1.49],
							"lerp_mode": "catmullrom"
						},
						"1.25": {
							"post": [-17.9, -7.29, 1.49],
							"lerp_mode": "catmullrom"
						}
					}
				},
				"righthand": {
					"rotation": {
						"0.0": {
							"post": [0, 180, 0],
							"lerp_mode": "catmullrom"
						}
					}
				},
				"axe": {
					"rotation": {
						"0.0": {
							"post": [-90, 0, 0],
							"lerp_mode": "catmullrom"
						},
						"0.0833": {
							"post": [-90, 0, -20],
							"lerp_mode": "catmullrom"
						},
						"0.2083": {
							"post": [-90, 0, 0],
							"lerp_mode": "catmullrom"
						},
						"0.25": {
							"post": [-90, 0, 0.75],
							"lerp_mode": "catmullrom"
						},
						"0.3333": {
							"post": [-45, 0, 0.684],
							"lerp_mode": "catmullrom"
						},
						"0.4583": {
							"post": [-49.10661, 20.70481, -21.52365],
							"lerp_mode": "catmullrom"
						},
						"0.5833": {
							"post": [-49.10661, 20.70481, -21.52365],
							"lerp_mode": "catmullrom"
						},
						"0.7917": {
							"post": [-90, 0, -20],
							"lerp_mode": "catmullrom"
						},
						"1.0": {
							"post": [-90, 0, 0],
							"lerp_mode": "catmullrom"
						},
						"1.1667": {
							"post": [-90, 0, 0],
							"lerp_mode": "catmullrom"
						},
						"1.25": {
							"post": [-90, 0, 0],
							"lerp_mode": "catmullrom"
						}
					},
					"position": {
						"0.0": {
							"post": [6, 15, -1],
							"lerp_mode": "catmullrom"
						},
						"1.0": {
							"post": [6, 15, -1],
							"lerp_mode": "catmullrom"
						},
						"1.1667": {
							"post": [6, 15, -1],
							"lerp_mode": "catmullrom"
						},
						"1.25": {
							"post": [6, 15, -1],
							"lerp_mode": "catmullrom"
						}
					}
				},
				"camera": {
					"rotation": {
						"0.0": {
							"post": [0, 0, 0],
							"lerp_mode": "catmullrom"
						},
						"0.1667": {
							"post": [-3.48303, -24.77164, 8.26511],
							"lerp_mode": "catmullrom"
						},
						"0.25": {
							"post": [-4.62934, -24.59477, 11.00966],
							"lerp_mode": "catmullrom"
						},
						"0.2917": {
							"post": [15.86425, 35.40009, 1.58579],
							"lerp_mode": "catmullrom"
						},
						"0.375": {
							"post": [6.7038, 37.86323, -13.70472],
							"lerp_mode": "catmullrom"
						},
						"0.75": {
							"post": [0, 0, -5],
							"lerp_mode": "catmullrom"
						},
						"1.0": {
							"post": [0, 0, 0],
							"lerp_mode": "catmullrom"
						},
						"1.25": {
							"post": [0, 0, 0],
							"lerp_mode": "catmullrom"
						}
					}
				}
			},
			"sound_effects": {
				"0.25": {
					"effect": "yeet:asset/swing_2"
				}
			}
		}
	}
}