{
	"format_version": "1.12.0",
	"minecraft:geometry": [
		{
			"description": {
				"identifier": "geometry.762x39 - Converted",
				"texture_width": 8,
				"texture_height": 8,
				"visible_bounds_width": 2,
				"visible_bounds_height": 1.5,
				"visible_bounds_offset": [0, 0.25, 0]
			},
			"bones": [
				{
					"name": "762x54R",
					"pivot": [0, 0, 0],
					"rotation": [90, 0, 0],
					"cubes": [
						{
							"origin": [-0.24375, -1.08726, -0.24375],
							"size": [0.4875, 1.89532, 0.4875],
							"uv": {
								"north": {"uv": [0, 0], "uv_size": [0.5, 1]},
								"east": {"uv": [0, 1], "uv_size": [0.5, 1]},
								"south": {"uv": [1, 0], "uv_size": [0.5, 1]},
								"west": {"uv": [1, 1], "uv_size": [0.5, 1]},
								"up": {"uv": [0, 2], "uv_size": [0.5, 0.5]},
								"down": {"uv": [2, 0.5], "uv_size": [0.5, -0.5]}
							}
						},
						{
							"origin": [-0.18282, 0.80493, -0.18281],
							"size": [0.36563, 0.48593, 0.36563],
							"inflate": 0.001,
							"uv": {
								"north": {"uv": [1, 2], "uv_size": [0.5, 0.5]},
								"east": {"uv": [2, 1], "uv_size": [0.5, 0.5]},
								"south": {"uv": [2, 2], "uv_size": [0.5, 0.5]},
								"west": {"uv": [0, 3], "uv_size": [0.5, 0.5]},
								"up": {"uv": [3, 0], "uv_size": [0.5, 0.5]}
							}
						},
						{
							"origin": [-0.18282, 0.72366, -0.18052],
							"size": [0.36563, 0.24375, 0.12187],
							"pivot": [0, 0.92477, 0],
							"rotation": [-22.5, 0, 0],
							"uv": {
								"north": {"uv": [1, 3], "uv_size": [0.5, 0.5]},
								"east": {"uv": [3, 1], "uv_size": [0.5, 0.5]},
								"west": {"uv": [2, 3], "uv_size": [0.5, 0.5]}
							}
						},
						{
							"origin": [-0.18282, 0.72366, 0.05865],
							"size": [0.36563, 0.24375, 0.12187],
							"pivot": [0, 0.92477, 0],
							"rotation": [22.5, 0, 0],
							"uv": {
								"east": {"uv": [4, 1], "uv_size": [0.5, 0.5]},
								"south": {"uv": [2, 4], "uv_size": [0.5, 0.5]},
								"west": {"uv": [4, 2], "uv_size": [0.5, 0.5]}
							}
						},
						{
							"origin": [-0.18052, 0.72366, -0.18281],
							"size": [0.12187, 0.24375, 0.36563],
							"pivot": [0, 0.92477, 0],
							"rotation": [0, 0, 22.5],
							"uv": {
								"north": {"uv": [6, 0], "uv_size": [0.5, 0.5]},
								"east": {"uv": [1, 6], "uv_size": [0.5, 0.5]},
								"south": {"uv": [6, 1], "uv_size": [0.5, 0.5]}
							}
						},
						{
							"origin": [0.05865, 0.72366, -0.18281],
							"size": [0.12187, 0.24375, 0.36563],
							"pivot": [0, 0.92477, 0],
							"rotation": [0, 0, -22.5],
							"uv": {
								"north": {"uv": [2, 6], "uv_size": [0.5, 0.5]},
								"south": {"uv": [6, 2], "uv_size": [0.5, 0.5]},
								"west": {"uv": [3, 6], "uv_size": [0.5, 0.5]}
							}
						},
						{
							"origin": [-0.26875, -1.17007, -0.26875],
							"size": [0.5375, 0.0914, 0.5375],
							"uv": {
								"north": {"uv": [6, 3], "uv_size": [0.5, 0.5]},
								"east": {"uv": [4, 6], "uv_size": [0.5, 0.5]},
								"south": {"uv": [6, 4], "uv_size": [0.5, 0.5]},
								"west": {"uv": [5, 6], "uv_size": [0.5, 0.5]},
								"up": {"uv": [6, 5], "uv_size": [0.5, 0.5]},
								"down": {"uv": [6, 6.5], "uv_size": [0.5, -0.5]}
							}
						}
					]
				}
			]
		}
	]
}