{
  "materials": [
    {
      "item": {
        "tag": "forge:gems/diamond"
      },
      "count": 4
    },
    {
      "item": {
        "tag": "forge:dyes/yellow"
      },
      "count": 1
    },
    {
      "item": {
        "tag": "forge:dyes/brown"
      },
      "count": 1
    },
    {
      "item": {
        "tag": "forge:ingots/gold"
      },
      "count": 8
    },
    {
      "item": {
        "tag": "forge:ingots/iron"
      },
      "count": 125
    },
    {
      "item": {
        "tag": "forge:rods/blaze"
      },
      "count": 2
    }
  ],
  "result": {
    "type": "gun",
    "id": "rfp:reapr"
  }
}