{
	"format_version": "1.12.0",
	"minecraft:geometry": [
		{
			"description": {
				"identifier": "geometry.unknown",
				"texture_width": 32,
				"texture_height": 32,
				"visible_bounds_width": 2,
				"visible_bounds_height": 3,
				"visible_bounds_offset": [0, 0.5, 0]
			},
			"bones": [
				{
					"name": "bayonet",
					"pivot": [-0.125, -1.92204, -5.76518],
					"cubes": [
						{
							"origin": [-0.375, -2.46202, 3.74594],
							"size": [0.75, 1.25, 0.775],
							"pivot": [0, -1.84327, -1.05],
							"rotation": [0, 0, 180],
							"uv": {
								"north": {"uv": [8, 10], "uv_size": [0.75, 1.5]},
								"east": {"uv": [0, 5], "uv_size": [2, 1.5]},
								"south": {"uv": [10, 8], "uv_size": [0.75, 1.5]},
								"west": {"uv": [2, 5], "uv_size": [2, 1.5]},
								"up": {"uv": [8, 8], "uv_size": [0.75, 2]},
								"down": {"uv": [5, 11], "uv_size": [0.75, -2]}
							}
						},
						{
							"origin": [-0.375, -2.36693, 3.36776],
							"size": [0.75, 0.175, 0.55],
							"pivot": [0, -1.79818, -0.75318],
							"rotation": [0, 0, 180],
							"uv": {
								"north": {"uv": [8, 10], "uv_size": [0.75, 1.5]},
								"east": {"uv": [0, 5], "uv_size": [2, 1.5]},
								"south": {"uv": [10, 8], "uv_size": [0.75, 1.5]},
								"west": {"uv": [2, 5], "uv_size": [2, 1.5]},
								"up": {"uv": [8, 8], "uv_size": [0.75, 2]},
								"down": {"uv": [5, 11], "uv_size": [0.75, -2]}
							}
						},
						{
							"origin": [-0.375, -2.44573, 3.55137],
							"size": [0.75, 1.125, 0.475],
							"pivot": [0, -1.82073, 4.05137],
							"rotation": [-20, 0, 180],
							"uv": {
								"north": {"uv": [8, 10], "uv_size": [0.75, 1.5]},
								"east": {"uv": [0, 5], "uv_size": [2, 1.5]},
								"south": {"uv": [10, 8], "uv_size": [0.75, 1.5]},
								"west": {"uv": [2, 5], "uv_size": [2, 1.5]},
								"up": {"uv": [8, 8], "uv_size": [0.75, 2]},
								"down": {"uv": [5, 11], "uv_size": [0.75, -2]}
							}
						},
						{
							"origin": [-0.375, -3.10788, 0.66059],
							"size": [0.75, 0.375, 0.375],
							"inflate": 0.01,
							"pivot": [0, -1.74327, -0.55],
							"rotation": [45, 0, 180],
							"uv": {
								"north": {"uv": [13, 12], "uv_size": [0.75, 0.5]},
								"east": {"uv": [6, 15], "uv_size": [0.5, 0.5]},
								"south": {"uv": [13, 13], "uv_size": [0.75, 0.5]},
								"west": {"uv": [15, 6], "uv_size": [0.5, 0.5]},
								"up": {"uv": [1, 14], "uv_size": [0.75, 0.5]},
								"down": {"uv": [14, 2.5], "uv_size": [0.75, -0.5]}
							}
						},
						{
							"origin": [-0.375, -3.10788, 2.31059],
							"size": [0.75, 0.375, 0.375],
							"inflate": 0.01,
							"pivot": [0, -1.74327, 1.1],
							"rotation": [45, 0, 180],
							"uv": {
								"north": {"uv": [13, 12], "uv_size": [0.75, 0.5]},
								"east": {"uv": [6, 15], "uv_size": [0.5, 0.5]},
								"south": {"uv": [13, 13], "uv_size": [0.75, 0.5]},
								"west": {"uv": [15, 6], "uv_size": [0.5, 0.5]},
								"up": {"uv": [1, 14], "uv_size": [0.75, 0.5]},
								"down": {"uv": [14, 2.5], "uv_size": [0.75, -0.5]}
							}
						},
						{
							"origin": [-0.35, -2.18702, 0.17094],
							"size": [0.7, 0.95, 3.75],
							"pivot": [0, -1.84327, -0.65],
							"rotation": [0, 0, 180],
							"uv": {
								"east": {"uv": [0, 2], "uv_size": [3.75, 1]},
								"west": {"uv": [0, 3], "uv_size": [3.75, 1]},
								"up": {"uv": [5, 5], "uv_size": [0.75, 3.75]},
								"down": {"uv": [6, 8.75], "uv_size": [0.75, -3.75]}
							}
						},
						{
							"origin": [-0.348, -2.12237, 0.17294],
							"size": [0.7, 0.35, 4.15],
							"inflate": -0.002,
							"pivot": [0.002, -1.68494, -0.6705],
							"rotation": [0, 0, 180],
							"uv": {
								"east": {"uv": [11, 8], "uv_size": [3.75, 0.25]},
								"west": {"uv": [9, 11], "uv_size": [3.75, 0.25]},
								"down": {"uv": [1, 10.75], "uv_size": [0.75, -3.75]}
							}
						},
						{
							"origin": [-0.375, -2.06202, 4.52094],
							"size": [0.75, 0.8, 1],
							"pivot": [0, -1.84327, -1.05],
							"rotation": [0, 0, 180],
							"uv": {
								"east": {"uv": [9, 10], "uv_size": [1, 1]},
								"south": {"uv": [11, 10], "uv_size": [0.75, 1]},
								"west": {"uv": [10, 10], "uv_size": [1, 1]},
								"down": {"uv": [12, 3], "uv_size": [0.75, -1]}
							}
						},
						{
							"origin": [-0.45, -1.58702, -0.07906],
							"size": [0.9, 1.7, 0.3125],
							"pivot": [0, -1.34327, -0.65],
							"rotation": [0, 0, 180],
							"uv": {
								"north": {"uv": [6, 9], "uv_size": [1, 1.25]},
								"east": {"uv": [13, 14], "uv_size": [0.25, 1.25]},
								"south": {"uv": [9, 8], "uv_size": [1, 1.25]},
								"west": {"uv": [14, 13], "uv_size": [0.25, 1.25]},
								"up": {"uv": [7, 15], "uv_size": [1, 0.25]},
								"down": {"uv": [15, 7.25], "uv_size": [1, -0.25]}
							}
						},
						{
							"origin": [-0.45, -1.58702, 0.19594],
							"size": [0.9, 1.475, 0.2375],
							"pivot": [0, -1.34327, -0.35],
							"rotation": [0, 0, 180],
							"uv": {
								"north": {"uv": [6, 9], "uv_size": [1, 1.25]},
								"east": {"uv": [13, 14], "uv_size": [0.25, 1.25]},
								"south": {"uv": [9, 8], "uv_size": [1, 1.25]},
								"west": {"uv": [14, 13], "uv_size": [0.25, 1.25]},
								"up": {"uv": [7, 15], "uv_size": [1, 0.25]},
								"down": {"uv": [15, 7.25], "uv_size": [1, -0.25]}
							}
						},
						{
							"origin": [0.05, -8.55981, 8.70796],
							"size": [0.6, 0.5125, 0.1875],
							"pivot": [0.175, -9.13481, -0.75406],
							"rotation": [-90, 0, 180],
							"uv": {
								"north": {"uv": [15, 13], "uv_size": [0.75, 0.25]},
								"east": {"uv": [12, 17], "uv_size": [0.25, 0.25]},
								"south": {"uv": [14, 15], "uv_size": [0.75, 0.25]},
								"west": {"uv": [17, 12], "uv_size": [0.25, 0.25]},
								"up": {"uv": [15, 14], "uv_size": [0.75, 0.25]},
								"down": {"uv": [15, 15.25], "uv_size": [0.75, -0.25]}
							}
						},
						{
							"origin": [-0.15, -9.3866, 8.70796],
							"size": [0.6, 0.5125, 0.1875],
							"pivot": [0.075, -9.9616, -0.75406],
							"rotation": [-90, 0, 180],
							"uv": {
								"north": {"uv": [15, 13], "uv_size": [0.75, 0.25]},
								"east": {"uv": [12, 17], "uv_size": [0.25, 0.25]},
								"south": {"uv": [14, 15], "uv_size": [0.75, 0.25]},
								"west": {"uv": [17, 12], "uv_size": [0.25, 0.25]},
								"up": {"uv": [15, 14], "uv_size": [0.75, 0.25]},
								"down": {"uv": [15, 15.25], "uv_size": [0.75, -0.25]}
							}
						},
						{
							"origin": [7.26923, -8.42989, 4.20796],
							"size": [0.6, 0.5125, 0.1875],
							"pivot": [-0.15, -9.00489, -0.75406],
							"rotation": [-90, 0, -120],
							"uv": {
								"north": {"uv": [16, 0], "uv_size": [0.75, 0.25]},
								"east": {"uv": [13, 17], "uv_size": [0.25, 0.25]},
								"south": {"uv": [16, 1], "uv_size": [0.75, 0.25]},
								"west": {"uv": [17, 13], "uv_size": [0.25, 0.25]},
								"up": {"uv": [16, 2], "uv_size": [0.75, 0.25]},
								"down": {"uv": [16, 3.25], "uv_size": [0.75, -0.25]}
							}
						},
						{
							"origin": [0.80262, -0.53651, -1.22512],
							"size": [0.6, 0.5125, 0.1875],
							"pivot": [0.16565, -1.18245, -0.825],
							"rotation": [-90, 0, -60],
							"uv": {
								"north": {"uv": [16, 4], "uv_size": [0.75, 0.25]},
								"east": {"uv": [14, 17], "uv_size": [0.25, 0.25]},
								"south": {"uv": [5, 16], "uv_size": [0.75, 0.25]},
								"west": {"uv": [17, 14], "uv_size": [0.25, 0.25]},
								"up": {"uv": [16, 5], "uv_size": [0.75, 0.25]},
								"down": {"uv": [6, 16.25], "uv_size": [0.75, -0.25]}
							}
						},
						{
							"origin": [-7.94423, -8.3, -4.79204],
							"size": [0.6, 0.5125, 0.1875],
							"pivot": [0.075, -8.875, -0.75406],
							"rotation": [-90, 0, 60],
							"uv": {
								"north": {"uv": [16, 6], "uv_size": [0.75, 0.25]},
								"east": {"uv": [15, 17], "uv_size": [0.25, 0.25]},
								"south": {"uv": [7, 16], "uv_size": [0.75, 0.25]},
								"west": {"uv": [17, 15], "uv_size": [0.25, 0.25]},
								"up": {"uv": [16, 7], "uv_size": [0.75, 0.25]},
								"down": {"uv": [8, 16.25], "uv_size": [0.75, -0.25]}
							}
						},
						{
							"origin": [-7.86923, -8.4299, 4.20796],
							"size": [0.6, 0.5125, 0.1875],
							"pivot": [0.15, -9.0049, -0.75406],
							"rotation": [-90, 0, 120],
							"uv": {
								"north": {"uv": [16, 8], "uv_size": [0.75, 0.25]},
								"east": {"uv": [16, 17], "uv_size": [0.25, 0.25]},
								"south": {"uv": [9, 16], "uv_size": [0.75, 0.25]},
								"west": {"uv": [17, 16], "uv_size": [0.25, 0.25]},
								"up": {"uv": [16, 9], "uv_size": [0.75, 0.25]},
								"down": {"uv": [10, 16.25], "uv_size": [0.75, -0.25]}
							}
						},
						{
							"origin": [-0.34717, -2.12452, -0.07706],
							"size": [0.7, 1.625, 0.3125],
							"uv": {
								"north": {"uv": [14, 4], "uv_size": [0.5, 0.75]},
								"east": {"uv": [16, 10], "uv_size": [0.25, 0.75]},
								"south": {"uv": [5, 14], "uv_size": [0.5, 0.75]},
								"west": {"uv": [11, 16], "uv_size": [0.25, 0.75]}
							}
						},
						{
							"origin": [-0.45, -1.98707, 0.63873],
							"size": [0.9, 0.32097, 0.22097],
							"pivot": [0, -1.60577, -0.45],
							"rotation": [-45, 0, 0],
							"uv": {
								"east": {"uv": [17, 17], "uv_size": [0.25, 0.25]},
								"south": {"uv": [17, 3], "uv_size": [0.5, 0.25]},
								"west": {"uv": [0, 18], "uv_size": [0.25, 0.25]},
								"down": {"uv": [4, 17.25], "uv_size": [0.5, -0.25]}
							}
						},
						{
							"origin": [-0.08266, -3.0024, -0.07706],
							"size": [0.63211, 0.63211, 0.3125],
							"inflate": -0.002,
							"pivot": [0.00283, -2.45577, -0.648],
							"rotation": [0, 0, 45],
							"uv": {
								"north": {"uv": [12, 4], "uv_size": [0.75, 0.75]},
								"south": {"uv": [12, 7], "uv_size": [0.75, 0.75]},
								"west": {"uv": [16, 11], "uv_size": [0.25, 0.75]},
								"down": {"uv": [12, 16.25], "uv_size": [0.75, -0.25]}
							}
						},
						{
							"origin": [-0.375, 3.17447, 0.97617],
							"size": [0.25, 1.08211, 0.42678],
							"inflate": -0.002,
							"pivot": [0, -1.84327, -1.05],
							"rotation": [-70, 0, 180],
							"uv": {
								"north": {"uv": [9, 15], "uv_size": [0.25, 1]},
								"east": {"uv": [13, 7], "uv_size": [0.5, 1]},
								"south": {"uv": [15, 9], "uv_size": [0.25, 1]},
								"west": {"uv": [8, 13], "uv_size": [0.5, 1]},
								"down": {"uv": [17, 4.5], "uv_size": [0.25, -0.5]}
							}
						},
						{
							"origin": [-0.875, 3.17447, 0.97617],
							"size": [0.25, 1.08211, 0.42678],
							"inflate": -0.002,
							"pivot": [-0.5, -1.84327, -1.05],
							"rotation": [-70, 0, 180],
							"uv": {
								"north": {"uv": [12, 15], "uv_size": [0.25, 1]},
								"east": {"uv": [9, 13], "uv_size": [0.5, 1]},
								"south": {"uv": [15, 12], "uv_size": [0.25, 1]},
								"west": {"uv": [10, 13], "uv_size": [0.5, 1]},
								"down": {"uv": [17, 10.5], "uv_size": [0.25, -0.5]}
							}
						},
						{
							"origin": [-0.375, -6.60012, -4.39844],
							"size": [0.75, 0.65711, 0.42678],
							"inflate": -0.002,
							"pivot": [0, -1.64327, -0.85],
							"rotation": [135, 0, -180],
							"uv": {
								"east": {"uv": [14, 7], "uv_size": [0.5, 0.75]},
								"south": {"uv": [8, 12], "uv_size": [0.75, 0.75]},
								"west": {"uv": [8, 14], "uv_size": [0.5, 0.75]},
								"down": {"uv": [9, 14.5], "uv_size": [0.75, -0.5]}
							}
						},
						{
							"origin": [-0.375, -5.73721, 3.722],
							"size": [0.75, 0.83034, 0.42678],
							"inflate": -0.002,
							"pivot": [0, -1.64327, -1.05],
							"rotation": [45, 0, 180],
							"uv": {
								"east": {"uv": [10, 14], "uv_size": [0.5, 0.75]},
								"south": {"uv": [9, 12], "uv_size": [0.75, 0.75]},
								"west": {"uv": [14, 10], "uv_size": [0.5, 0.75]}
							}
						}
					]
				},
				{
					"name": "octagon",
					"parent": "bayonet",
					"pivot": [0, -1.6, 6.2],
					"cubes": [
						{
							"origin": [-0.5, -2.17855, 4.65],
							"size": [0.8, 0.20711, 0.5],
							"pivot": [0, -2.075, 4.9],
							"rotation": [-45, 0, 0],
							"uv": {
								"north": {"uv": [0, 0], "uv_size": [1, 0.75]},
								"east": {"uv": [0, 0], "uv_size": [1, 0.75]},
								"south": {"uv": [0, 0], "uv_size": [1, 0.75]},
								"west": {"uv": [0, 0], "uv_size": [1, 0.75]},
								"up": {"uv": [1, 0.75], "uv_size": [-1, -0.75]},
								"down": {"uv": [1, 0.75], "uv_size": [-1, -0.75]}
							}
						},
						{
							"origin": [-0.5, -2.17855, 4.65],
							"size": [0.8, 0.20711, 0.5],
							"uv": {
								"north": {"uv": [0, 0], "uv_size": [1, 0.75]},
								"east": {"uv": [0, 0], "uv_size": [1, 0.75]},
								"south": {"uv": [0, 0], "uv_size": [1, 0.75]},
								"west": {"uv": [0, 0], "uv_size": [1, 0.75]},
								"up": {"uv": [1, 0.75], "uv_size": [-1, -0.75]},
								"down": {"uv": [1, 0.75], "uv_size": [-1, -0.75]}
							}
						},
						{
							"origin": [-0.5, -2.325, 4.79645],
							"size": [0.8, 0.5, 0.20711],
							"pivot": [0, -2.075, 4.9],
							"rotation": [-45, 0, 0],
							"uv": {
								"north": {"uv": [0, 0], "uv_size": [1, 0.75]},
								"east": {"uv": [0, 0], "uv_size": [1, 0.75]},
								"south": {"uv": [0, 0], "uv_size": [1, 0.75]},
								"west": {"uv": [0, 0], "uv_size": [1, 0.75]},
								"up": {"uv": [1, 0.75], "uv_size": [-1, -0.75]},
								"down": {"uv": [1, 0.75], "uv_size": [-1, -0.75]}
							}
						},
						{
							"origin": [-0.5, -2.325, 4.79645],
							"size": [0.9, 0.5, 0.20711],
							"uv": {
								"north": {"uv": [0, 0], "uv_size": [1, 0.75]},
								"east": {"uv": [0, 0], "uv_size": [1, 0.75]},
								"south": {"uv": [0, 0], "uv_size": [1, 0.75]},
								"west": {"uv": [0, 0], "uv_size": [1, 0.75]},
								"up": {"uv": [1, 0.75], "uv_size": [-1, -0.75]},
								"down": {"uv": [1, 0.75], "uv_size": [-1, -0.75]}
							}
						}
					]
				},
				{
					"name": "bone",
					"parent": "bayonet",
					"pivot": [0, -1.39312, -7.03886],
					"cubes": [
						{
							"origin": [-0.125, -2.43702, -1.87906],
							"size": [0.25, 1.25, 1.8],
							"pivot": [0, -1.84327, -0.65],
							"rotation": [0, 0, 180],
							"uv": {
								"north": {"uv": [15, 4], "uv_size": [0.25, 1.25]},
								"east": {"uv": [1, 11], "uv_size": [0.75, 1.25]},
								"west": {"uv": [5, 11], "uv_size": [0.75, 1.25]},
								"down": {"uv": [16, 12.75], "uv_size": [0.25, -0.75]}
							}
						},
						{
							"origin": [-0.125, -1.68702, -16.62906],
							"size": [0.25, 0.5, 14.75],
							"pivot": [0, -1.84327, -9.65],
							"rotation": [0, 0, 180],
							"uv": {
								"north": {"uv": [13, 16], "uv_size": [0.25, 0.75]},
								"east": {"uv": [0, 0], "uv_size": [11, 0.75]},
								"west": {"uv": [0, 1], "uv_size": [11, 0.75]},
								"down": {"uv": [2, 18], "uv_size": [0.25, -11]}
							}
						},
						{
							"origin": [-0.125, -2.33702, -17.92906],
							"size": [0.25, 0.65, 1.375],
							"pivot": [0, -1.84327, -8.625],
							"rotation": [0, 0, 180],
							"uv": {
								"north": {"uv": [7, 17], "uv_size": [0.25, 0.5]},
								"east": {"uv": [8, 4], "uv_size": [4, 0.5]},
								"west": {"uv": [8, 7], "uv_size": [4, 0.5]},
								"down": {"uv": [0, 15], "uv_size": [0.25, -4]}
							}
						},
						{
							"origin": [-0.125, -2.43702, -20.90406],
							"size": [0.25, 0.3, 19.025],
							"pivot": [0, -1.84327, -6.65],
							"rotation": [0, 0, 180],
							"uv": {
								"north": {"uv": [18, 0], "uv_size": [0.25, 0.25]},
								"east": {"uv": [7, 5], "uv_size": [8, 0.25]},
								"west": {"uv": [7, 6], "uv_size": [8, 0.25]},
								"up": {"uv": [3, 7], "uv_size": [0.25, 8]},
								"down": {"uv": [7, 15], "uv_size": [0.25, -8]}
							}
						},
						{
							"origin": [-0.05, -2.13702, -16.65406],
							"size": [0.1, 0.55, 14.85],
							"pivot": [0, -1.84327, -8.65],
							"rotation": [0, 0, 180],
							"uv": {
								"east": {"uv": [0, 4], "uv_size": [7.25, 0.5]},
								"west": {"uv": [4, 2], "uv_size": [7.25, 0.5]}
							}
						},
						{
							"origin": [0.37565, -1.46762, -16.62906],
							"size": [0.17678, 0.17678, 16.55],
							"pivot": [0, -1.84327, -9.65],
							"rotation": [0, 0, 135],
							"uv": {
								"south": {"uv": [1, 18], "uv_size": [0.25, 0.25]},
								"west": {"uv": [4, 3], "uv_size": [12, 0.25]},
								"up": {"uv": [4, 5], "uv_size": [0.25, 12]}
							}
						},
						{
							"origin": [-0.125, -1.50751, -19.09864],
							"size": [0.25, 0.85, 2.55],
							"pivot": [0, -1.68639, -14.11815],
							"rotation": [5, 0, 180],
							"uv": {
								"east": {"uv": [10, 12], "uv_size": [0.75, 0.75]},
								"west": {"uv": [12, 10], "uv_size": [0.75, 0.75]},
								"up": {"uv": [16, 13], "uv_size": [0.25, 0.75]}
							}
						},
						{
							"origin": [-0.125, -1.78581, -20.49963],
							"size": [0.25, 0.4375, 2.69375],
							"uv": {
								"north": {"uv": [8, 18], "uv_size": [0.25, 0.25]},
								"east": {"uv": [18, 8], "uv_size": [0.25, 0.25]},
								"south": {"uv": [9, 18], "uv_size": [0.25, 0.25]},
								"west": {"uv": [18, 9], "uv_size": [0.25, 0.25]},
								"up": {"uv": [10, 18], "uv_size": [0.25, 0.25]},
								"down": {"uv": [18, 10.25], "uv_size": [0.25, -0.25]}
							}
						},
						{
							"origin": [0.63915, -1.04726, -19.09864],
							"size": [0.17677, 0.17678, 2.56563],
							"pivot": [0, -1.68639, -14.11815],
							"rotation": [3.54, 3.5333, 135.1092],
							"uv": {
								"west": {"uv": [14, 16], "uv_size": [0.75, 0.25]},
								"up": {"uv": [16, 14], "uv_size": [0.25, 0.75]}
							}
						},
						{
							"origin": [-0.12499, -0.5511, -19.40437],
							"size": [0.25, 0.7, 0.55],
							"pivot": [0.00001, -1.7292, -13.92821],
							"rotation": [15, 0, -180],
							"uv": {
								"north": {"uv": [17, 7], "uv_size": [0.25, 0.5]},
								"east": {"uv": [11, 14], "uv_size": [0.75, 0.5]},
								"west": {"uv": [14, 11], "uv_size": [0.75, 0.5]},
								"up": {"uv": [16, 16], "uv_size": [0.25, 0.75]}
							}
						},
						{
							"origin": [1.23964, -0.48957, -19.40437],
							"size": [0.17677, 0.17677, 0.56563],
							"pivot": [0.00001, -1.7292, -13.92821],
							"rotation": [10.7286, 10.5453, 135.993],
							"uv": {
								"west": {"uv": [15, 16], "uv_size": [0.75, 0.25]},
								"up": {"uv": [16, 15], "uv_size": [0.25, 0.75]}
							}
						},
						{
							"origin": [-0.125, 0.24604, -20.00291],
							"size": [0.25, 0.4875, 0.86875],
							"pivot": [0, -1.84327, -13.65],
							"rotation": [22.5, 0, -180],
							"uv": {
								"north": {"uv": [18, 1], "uv_size": [0.25, 0.25]},
								"east": {"uv": [5, 17], "uv_size": [0.5, 0.25]},
								"south": {"uv": [2, 18], "uv_size": [0.25, 0.25]},
								"west": {"uv": [17, 5], "uv_size": [0.5, 0.25]},
								"up": {"uv": [6, 17], "uv_size": [0.25, 0.5]},
								"down": {"uv": [17, 6.5], "uv_size": [0.25, -0.5]}
							}
						},
						{
							"origin": [-0.125, -2.46476, -20.42734],
							"size": [0.25, 0.5, 0.275],
							"pivot": [0, -1.81476, -20.30234],
							"rotation": [-45, 0, -180],
							"uv": {
								"north": {"uv": [5, 18], "uv_size": [0.25, 0.25]},
								"east": {"uv": [18, 5], "uv_size": [0.25, 0.25]},
								"south": {"uv": [6, 18], "uv_size": [0.25, 0.25]},
								"west": {"uv": [18, 6], "uv_size": [0.25, 0.25]},
								"up": {"uv": [7, 18], "uv_size": [0.25, 0.25]},
								"down": {"uv": [18, 7.25], "uv_size": [0.25, -0.25]}
							}
						},
						{
							"origin": [1.7337, -0.10958, -20.00291],
							"size": [0.17677, 0.17678, 0.88437],
							"pivot": [0, -1.84327, -13.65],
							"rotation": [16.3249, 15.6999, 137.2658],
							"uv": {
								"north": {"uv": [18, 2], "uv_size": [0.25, 0.25]},
								"west": {"uv": [10, 15], "uv_size": [1, 0.25]},
								"up": {"uv": [15, 10], "uv_size": [0.25, 1]}
							}
						},
						{
							"origin": [1.7337, -1.91882, -20.84099],
							"size": [0.17677, 0.17678, 0.68437],
							"pivot": [0, -3.65251, -14.98808],
							"rotation": [35.26435, 30.00004, 144.73564],
							"uv": {
								"north": {"uv": [18, 2], "uv_size": [0.25, 0.25]},
								"west": {"uv": [10, 15], "uv_size": [1, 0.25]},
								"up": {"uv": [15, 10], "uv_size": [0.25, 1]}
							}
						}
					]
				}
			]
		}
	]
}