{
	"format_version": "1.12.0",
	"minecraft:geometry": [
		{
			"description": {
				"identifier": "geometry.scope_elcan_4x",
				"texture_width": 128,
				"texture_height": 128,
				"visible_bounds_width": 10,
				"visible_bounds_height": 5,
				"visible_bounds_offset": [0, 0.5, 0]
			},
			"bones": [
				{
					"name": "scope_body",
					"pivot": [0, 0, 0]
				},
				{
					"name": "lens",
					"parent": "scope_body",
					"pivot": [0, 7.725, -3.4625]
				},
				{
					"name": "elcan",
					"parent": "scope_body",
					"pivot": [0, 7.2, 0]
				},
				{
					"name": "group2",
					"parent": "elcan",
					"pivot": [1, -1.13142, -0.74263],
					"rotation": [0, 0, -90],
					"cubes": [
						{
							"origin": [1.075, -1.30625, -5.07187],
							"size": [1, 0.325, 6.83437],
							"uv": {
								"north": {"uv": [38, 60], "uv_size": [0.375, 0.6875]},
								"east": {"uv": [34, 45], "uv_size": [6.4375, 0.6875]},
								"south": {"uv": [39, 60], "uv_size": [0.375, 0.6875]},
								"west": {"uv": [45, 35], "uv_size": [6.4375, 0.6875]},
								"up": {"uv": [38, 46], "uv_size": [0.375, 6.4375]},
								"down": {"uv": [46, 44.4375], "uv_size": [0.375, -6.4375]}
							}
						},
						{
							"origin": [2.075, -1.30625, -3.67187],
							"size": [1.3, 0.025, 0.63437],
							"uv": {
								"north": {"uv": [38, 60], "uv_size": [0.375, 0.6875]},
								"east": {"uv": [34, 45], "uv_size": [6.4375, 0.6875]},
								"south": {"uv": [39, 60], "uv_size": [0.375, 0.6875]},
								"west": {"uv": [45, 35], "uv_size": [6.4375, 0.6875]},
								"up": {"uv": [38, 46], "uv_size": [0.375, 6.4375]},
								"down": {"uv": [46, 44.4375], "uv_size": [0.375, -6.4375]}
							}
						},
						{
							"origin": [2.075, -1.30625, -1.67187],
							"size": [1.3, 0.025, 0.63437],
							"uv": {
								"north": {"uv": [38, 60], "uv_size": [0.375, 0.6875]},
								"east": {"uv": [34, 45], "uv_size": [6.4375, 0.6875]},
								"south": {"uv": [39, 60], "uv_size": [0.375, 0.6875]},
								"west": {"uv": [45, 35], "uv_size": [6.4375, 0.6875]},
								"up": {"uv": [38, 46], "uv_size": [0.375, 6.4375]},
								"down": {"uv": [46, 44.4375], "uv_size": [0.375, -6.4375]}
							}
						},
						{
							"origin": [1.675, -1.30625, -0.17187],
							"size": [0.7, 0.325, 0.83437],
							"uv": {
								"north": {"uv": [38, 60], "uv_size": [0.375, 0.6875]},
								"east": {"uv": [34, 45], "uv_size": [6.4375, 0.6875]},
								"south": {"uv": [39, 60], "uv_size": [0.375, 0.6875]},
								"west": {"uv": [45, 35], "uv_size": [6.4375, 0.6875]},
								"up": {"uv": [38, 46], "uv_size": [0.375, 6.4375]},
								"down": {"uv": [46, 44.4375], "uv_size": [0.375, -6.4375]}
							}
						},
						{
							"origin": [2.025, -1.70625, -0.17187],
							"size": [0.25, 0.525, 0.83437],
							"uv": {
								"north": {"uv": [38, 60], "uv_size": [0.375, 0.6875]},
								"east": {"uv": [34, 45], "uv_size": [6.4375, 0.6875]},
								"south": {"uv": [39, 60], "uv_size": [0.375, 0.6875]},
								"west": {"uv": [45, 35], "uv_size": [6.4375, 0.6875]},
								"up": {"uv": [38, 46], "uv_size": [0.375, 6.4375]},
								"down": {"uv": [46, 44.4375], "uv_size": [0.375, -6.4375]}
							}
						},
						{
							"origin": [1.43087, -1.7493, -0.17187],
							"size": [0.25, 0.525, 0.83437],
							"pivot": [1.60587, -0.04305, 0],
							"rotation": [0, 0, -20],
							"uv": {
								"north": {"uv": [38, 60], "uv_size": [0.375, 0.6875]},
								"east": {"uv": [34, 45], "uv_size": [6.4375, 0.6875]},
								"south": {"uv": [39, 60], "uv_size": [0.375, 0.6875]},
								"west": {"uv": [45, 35], "uv_size": [6.4375, 0.6875]},
								"up": {"uv": [38, 46], "uv_size": [0.375, 6.4375]},
								"down": {"uv": [46, 44.4375], "uv_size": [0.375, -6.4375]}
							}
						},
						{
							"origin": [0.825, -1.70625, -0.17187],
							"size": [0.25, 0.725, 0.83437],
							"uv": {
								"north": {"uv": [38, 60], "uv_size": [0.375, 0.6875]},
								"east": {"uv": [34, 45], "uv_size": [6.4375, 0.6875]},
								"south": {"uv": [39, 60], "uv_size": [0.375, 0.6875]},
								"west": {"uv": [45, 35], "uv_size": [6.4375, 0.6875]},
								"up": {"uv": [38, 46], "uv_size": [0.375, 6.4375]},
								"down": {"uv": [46, 44.4375], "uv_size": [0.375, -6.4375]}
							}
						},
						{
							"origin": [1.2578, -1.30625, -0.68845],
							"size": [0.7, 0.325, 0.83437],
							"pivot": [1.7828, 0, -0.51658],
							"rotation": [0, 45, 0],
							"uv": {
								"north": {"uv": [38, 60], "uv_size": [0.375, 0.6875]},
								"east": {"uv": [34, 45], "uv_size": [6.4375, 0.6875]},
								"south": {"uv": [39, 60], "uv_size": [0.375, 0.6875]},
								"west": {"uv": [45, 35], "uv_size": [6.4375, 0.6875]},
								"up": {"uv": [38, 46], "uv_size": [0.375, 6.4375]},
								"down": {"uv": [46, 44.4375], "uv_size": [0.375, -6.4375]}
							}
						},
						{
							"origin": [1.48252, -1.30625, 0.29282],
							"size": [0.7, 0.325, 0.83437],
							"pivot": [1.83252, -1.14375, 0.71001],
							"rotation": [0, 135, 0],
							"uv": {
								"north": {"uv": [38, 60], "uv_size": [0.375, 0.6875]},
								"east": {"uv": [34, 45], "uv_size": [6.4375, 0.6875]},
								"south": {"uv": [39, 60], "uv_size": [0.375, 0.6875]},
								"west": {"uv": [45, 35], "uv_size": [6.4375, 0.6875]},
								"up": {"uv": [38, 46], "uv_size": [0.375, 6.4375]},
								"down": {"uv": [46, 44.4375], "uv_size": [0.375, -6.4375]}
							}
						},
						{
							"origin": [1.07327, -1.48005, -3.79034],
							"size": [0.85, 0.225, 4.83437],
							"uv": {
								"north": {"uv": [40, 60], "uv_size": [0.375, 0.6875]},
								"east": {"uv": [45, 36], "uv_size": [6.4375, 0.6875]},
								"south": {"uv": [41, 60], "uv_size": [0.375, 0.6875]},
								"west": {"uv": [45, 37], "uv_size": [6.4375, 0.6875]},
								"up": {"uv": [39, 46], "uv_size": [0.375, 6.4375]},
								"down": {"uv": [40, 52.4375], "uv_size": [0.375, -6.4375]}
							}
						},
						{
							"origin": [1.07327, -3.45995, -0.18722],
							"size": [0.85, 0.3, 0.3],
							"pivot": [1.49827, -1.33005, -1.84034],
							"rotation": [45, 0, 0],
							"uv": {
								"north": {"uv": [40, 60], "uv_size": [0.375, 0.6875]},
								"east": {"uv": [45, 36], "uv_size": [6.4375, 0.6875]},
								"south": {"uv": [41, 60], "uv_size": [0.375, 0.6875]},
								"west": {"uv": [45, 37], "uv_size": [6.4375, 0.6875]},
								"up": {"uv": [39, 46], "uv_size": [0.375, 6.4375]},
								"down": {"uv": [40, 52.4375], "uv_size": [0.375, -6.4375]}
							}
						},
						{
							"origin": [2.12119, -1.2984, 1.3855],
							"size": [0.3, 0.725, 0.3],
							"pivot": [1.5375, -1.24375, 2.24532],
							"rotation": [49.87926, 32.79775, 32.73241],
							"uv": {
								"north": {"uv": [46, 59], "uv_size": [0.5, 0.6875]},
								"east": {"uv": [45, 57], "uv_size": [1.0625, 0.6875]},
								"south": {"uv": [47, 59], "uv_size": [0.5, 0.6875]},
								"west": {"uv": [57, 45], "uv_size": [1.0625, 0.6875]},
								"up": {"uv": [58, 54], "uv_size": [0.5, 1.0625]},
								"down": {"uv": [55, 59.0625], "uv_size": [0.5, -1.0625]}
							}
						},
						{
							"origin": [1.175, -1.43455, -4.71948],
							"size": [0.25, 0.525, 0.83437],
							"pivot": [1.55, -1.24375, -4.40468],
							"rotation": [-35, 0, 0],
							"uv": {
								"north": {"uv": [48, 59], "uv_size": [0.5, 0.6875]},
								"east": {"uv": [50, 58], "uv_size": [0.8125, 0.6875]},
								"south": {"uv": [49, 59], "uv_size": [0.5, 0.6875]},
								"west": {"uv": [51, 58], "uv_size": [0.8125, 0.6875]},
								"up": {"uv": [45, 59], "uv_size": [0.5, 0.8125]},
								"down": {"uv": [59, 45.8125], "uv_size": [0.5, -0.8125]}
							}
						},
						{
							"origin": [1.175, -1.69806, -4.08851],
							"size": [0.75, 0.525, 0.28437],
							"uv": {
								"north": {"uv": [48, 59], "uv_size": [0.5, 0.6875]},
								"east": {"uv": [50, 58], "uv_size": [0.8125, 0.6875]},
								"south": {"uv": [49, 59], "uv_size": [0.5, 0.6875]},
								"west": {"uv": [51, 58], "uv_size": [0.8125, 0.6875]},
								"up": {"uv": [45, 59], "uv_size": [0.5, 0.8125]},
								"down": {"uv": [59, 45.8125], "uv_size": [0.5, -0.8125]}
							}
						},
						{
							"origin": [1.675, -1.83626, 1.39129],
							"size": [0.25, 0.525, 0.43437],
							"pivot": [1.55, -1.33966, 1.38699],
							"rotation": [145, 0, -180],
							"uv": {
								"north": {"uv": [48, 59], "uv_size": [0.5, 0.6875]},
								"east": {"uv": [50, 58], "uv_size": [0.8125, 0.6875]},
								"south": {"uv": [49, 59], "uv_size": [0.5, 0.6875]},
								"west": {"uv": [51, 58], "uv_size": [0.8125, 0.6875]},
								"up": {"uv": [45, 59], "uv_size": [0.5, 0.8125]},
								"down": {"uv": [59, 45.8125], "uv_size": [0.5, -0.8125]}
							}
						},
						{
							"origin": [1.175, -1.83626, 1.39129],
							"size": [0.25, 0.525, 0.43437],
							"pivot": [1.55, -1.33966, 1.38699],
							"rotation": [145, 0, -180],
							"uv": {
								"north": {"uv": [48, 59], "uv_size": [0.5, 0.6875]},
								"east": {"uv": [50, 58], "uv_size": [0.8125, 0.6875]},
								"south": {"uv": [49, 59], "uv_size": [0.5, 0.6875]},
								"west": {"uv": [51, 58], "uv_size": [0.8125, 0.6875]},
								"up": {"uv": [45, 59], "uv_size": [0.5, 0.8125]},
								"down": {"uv": [59, 45.8125], "uv_size": [0.5, -0.8125]}
							}
						},
						{
							"origin": [1.175, -1.99806, 1.46149],
							"size": [0.75, 0.525, 0.28437],
							"pivot": [1.55, -1.33966, 1.38699],
							"rotation": [-180, 0, 180],
							"uv": {
								"north": {"uv": [48, 59], "uv_size": [0.5, 0.6875]},
								"east": {"uv": [50, 58], "uv_size": [0.8125, 0.6875]},
								"south": {"uv": [49, 59], "uv_size": [0.5, 0.6875]},
								"west": {"uv": [51, 58], "uv_size": [0.8125, 0.6875]},
								"up": {"uv": [45, 59], "uv_size": [0.5, 0.8125]},
								"down": {"uv": [59, 45.8125], "uv_size": [0.5, -0.8125]}
							}
						},
						{
							"origin": [1.175, -1.74892, 1.1173],
							"size": [0.75, 0.525, 0.63437],
							"pivot": [1.55, -1.09051, 1.39281],
							"rotation": [-180, 0, 180],
							"uv": {
								"north": {"uv": [48, 59], "uv_size": [0.5, 0.6875]},
								"east": {"uv": [50, 58], "uv_size": [0.8125, 0.6875]},
								"south": {"uv": [49, 59], "uv_size": [0.5, 0.6875]},
								"west": {"uv": [51, 58], "uv_size": [0.8125, 0.6875]},
								"up": {"uv": [45, 59], "uv_size": [0.5, 0.8125]},
								"down": {"uv": [59, 45.8125], "uv_size": [0.5, -0.8125]}
							}
						},
						{
							"origin": [1.675, -1.43455, -4.71948],
							"size": [0.25, 0.525, 0.83437],
							"pivot": [1.55, -1.24375, -4.40468],
							"rotation": [-35, 0, 0],
							"uv": {
								"north": {"uv": [48, 59], "uv_size": [0.5, 0.6875]},
								"east": {"uv": [50, 58], "uv_size": [0.8125, 0.6875]},
								"south": {"uv": [49, 59], "uv_size": [0.5, 0.6875]},
								"west": {"uv": [51, 58], "uv_size": [0.8125, 0.6875]},
								"up": {"uv": [45, 59], "uv_size": [0.5, 0.8125]},
								"down": {"uv": [59, 45.8125], "uv_size": [0.5, -0.8125]}
							}
						}
					]
				},
				{
					"name": "mount",
					"parent": "elcan",
					"pivot": [-0.05971, 7.60782, 0.30325]
				},
				{
					"name": "shell2",
					"parent": "mount",
					"pivot": [-0.12207, 1.14835, 2.31108],
					"cubes": [
						{
							"origin": [-1.20487, 1.92935, 3.47813],
							"size": [0.14061, 0.79873, 1.58437],
							"pivot": [-0.12812, 1.463, 2.29858],
							"rotation": [-180, 0, -180],
							"uv": {
								"north": {"uv": [59, 65], "uv_size": [0.125, 0.875]},
								"east": {"uv": [38, 57], "uv_size": [0.875, 0.875]},
								"south": {"uv": [65, 59], "uv_size": [0.125, 0.875]},
								"west": {"uv": [57, 38], "uv_size": [0.875, 0.875]},
								"up": {"uv": [60, 65], "uv_size": [0.125, 0.875]},
								"down": {"uv": [65, 60.875], "uv_size": [0.125, -0.875]}
							}
						},
						{
							"origin": [0.02574, 2.96972, 3.50313],
							"size": [0.77373, 0.14063, 1.57187],
							"pivot": [-0.12207, 1.44835, 2.31108],
							"rotation": [-180, 0, -135],
							"uv": {
								"north": {"uv": [52, 65], "uv_size": [0.875, 0.125]},
								"east": {"uv": [65, 52], "uv_size": [0.875, 0.125]},
								"south": {"uv": [53, 65], "uv_size": [0.875, 0.125]},
								"west": {"uv": [65, 53], "uv_size": [0.875, 0.125]},
								"up": {"uv": [57, 34], "uv_size": [0.875, 0.875]},
								"down": {"uv": [35, 57.875], "uv_size": [0.875, -0.875]}
							}
						},
						{
							"origin": [-0.67065, 3.13456, 3.50313],
							"size": [0.79874, 0.14062, 1.57187],
							"pivot": [-0.13671, 1.44229, 2.31108],
							"rotation": [-180, 0, -180],
							"uv": {
								"north": {"uv": [54, 65], "uv_size": [0.875, 0.125]},
								"east": {"uv": [65, 54], "uv_size": [0.875, 0.125]},
								"south": {"uv": [55, 65], "uv_size": [0.875, 0.125]},
								"west": {"uv": [65, 55], "uv_size": [0.875, 0.125]},
								"up": {"uv": [36, 57], "uv_size": [0.875, 0.875]},
								"down": {"uv": [57, 36.875], "uv_size": [0.875, -0.875]}
							}
						},
						{
							"origin": [-0.54208, 1.76879, 3.49063],
							"size": [0.14062, 0.77373, 1.58437],
							"pivot": [-0.12207, 1.44835, 2.31108],
							"rotation": [-180, 0, -135],
							"uv": {
								"north": {"uv": [57, 65], "uv_size": [0.125, 0.875]},
								"east": {"uv": [37, 57], "uv_size": [0.875, 0.875]},
								"south": {"uv": [65, 57], "uv_size": [0.125, 0.875]},
								"west": {"uv": [57, 37], "uv_size": [0.875, 0.875]},
								"up": {"uv": [58, 65], "uv_size": [0.125, 0.875]},
								"down": {"uv": [65, 58.875], "uv_size": [0.125, -0.875]}
							}
						},
						{
							"origin": [-0.61637, 1.37795, 3.49063],
							"size": [0.79874, 0.14063, 1.58437],
							"pivot": [-0.10743, 1.45443, 2.31108],
							"rotation": [-180, 0, -180],
							"uv": {
								"north": {"uv": [50, 65], "uv_size": [0.875, 0.125]},
								"east": {"uv": [65, 50], "uv_size": [0.875, 0.125]},
								"south": {"uv": [51, 65], "uv_size": [0.875, 0.125]},
								"west": {"uv": [65, 51], "uv_size": [0.875, 0.125]},
								"up": {"uv": [56, 56], "uv_size": [0.875, 0.875]},
								"down": {"uv": [34, 57.875], "uv_size": [0.875, -0.875]}
							}
						},
						{
							"origin": [0.02574, 1.20097, 3.49063],
							"size": [0.77373, 0.14063, 1.58437],
							"pivot": [-0.12207, 1.44835, 2.31108],
							"rotation": [-180, 0, -135],
							"uv": {
								"north": {"uv": [48, 65], "uv_size": [0.875, 0.125]},
								"east": {"uv": [65, 48], "uv_size": [0.875, 0.125]},
								"south": {"uv": [49, 65], "uv_size": [0.875, 0.125]},
								"west": {"uv": [65, 49], "uv_size": [0.875, 0.125]},
								"up": {"uv": [54, 56], "uv_size": [0.875, 0.875]},
								"down": {"uv": [55, 56.875], "uv_size": [0.875, -0.875]}
							}
						},
						{
							"origin": [0.57599, 1.92505, 3.49063],
							"size": [0.14062, 0.79873, 1.58437],
							"pivot": [-0.11601, 1.43371, 2.31108],
							"rotation": [-180, 0, -180],
							"uv": {
								"north": {"uv": [63, 65], "uv_size": [0.125, 0.875]},
								"east": {"uv": [40, 57], "uv_size": [0.875, 0.875]},
								"south": {"uv": [65, 63], "uv_size": [0.125, 0.875]},
								"west": {"uv": [57, 40], "uv_size": [0.875, 0.875]},
								"up": {"uv": [64, 65], "uv_size": [0.125, 0.875]},
								"down": {"uv": [65, 64.875], "uv_size": [0.125, -0.875]}
							}
						},
						{
							"origin": [1.22667, 1.76879, 3.50313],
							"size": [0.14062, 0.77373, 1.57187],
							"pivot": [-0.12207, 1.44835, 2.31108],
							"rotation": [-180, 0, -135],
							"uv": {
								"north": {"uv": [61, 65], "uv_size": [0.125, 0.875]},
								"east": {"uv": [39, 57], "uv_size": [0.875, 0.875]},
								"south": {"uv": [65, 61], "uv_size": [0.125, 0.875]},
								"west": {"uv": [57, 39], "uv_size": [0.875, 0.875]},
								"up": {"uv": [62, 65], "uv_size": [0.125, 0.875]},
								"down": {"uv": [65, 62.875], "uv_size": [0.125, -0.875]}
							}
						}
					]
				},
				{
					"name": "shell",
					"parent": "mount",
					"pivot": [-0.2037, 11.29943, 0.55],
					"cubes": [
						{
							"origin": [-0.61637, 1.37795, 7.16563],
							"size": [0.79874, 0.14063, 0.88437],
							"pivot": [-0.10743, 1.45443, 5.08608],
							"rotation": [-180, 0, -180],
							"uv": {
								"north": {"uv": [50, 65], "uv_size": [0.875, 0.125]},
								"east": {"uv": [65, 50], "uv_size": [0.875, 0.125]},
								"south": {"uv": [51, 65], "uv_size": [0.875, 0.125]},
								"west": {"uv": [65, 51], "uv_size": [0.875, 0.125]},
								"up": {"uv": [56, 56], "uv_size": [0.875, 0.875]},
								"down": {"uv": [34, 57.875], "uv_size": [0.875, -0.875]}
							}
						},
						{
							"origin": [-0.54208, 1.76879, 7.16563],
							"size": [0.14062, 0.77373, 0.88437],
							"pivot": [-0.12207, 1.44835, 5.08608],
							"rotation": [-180, 0, -135],
							"uv": {
								"north": {"uv": [57, 65], "uv_size": [0.125, 0.875]},
								"east": {"uv": [37, 57], "uv_size": [0.875, 0.875]},
								"south": {"uv": [65, 57], "uv_size": [0.125, 0.875]},
								"west": {"uv": [57, 37], "uv_size": [0.875, 0.875]},
								"up": {"uv": [58, 65], "uv_size": [0.125, 0.875]},
								"down": {"uv": [65, 58.875], "uv_size": [0.125, -0.875]}
							}
						},
						{
							"origin": [-1.20487, 1.92935, 7.15313],
							"size": [0.14061, 0.79873, 0.88437],
							"pivot": [-0.12812, 1.463, 5.07358],
							"rotation": [-180, 0, -180],
							"uv": {
								"north": {"uv": [59, 65], "uv_size": [0.125, 0.875]},
								"east": {"uv": [38, 57], "uv_size": [0.875, 0.875]},
								"south": {"uv": [65, 59], "uv_size": [0.125, 0.875]},
								"west": {"uv": [57, 38], "uv_size": [0.875, 0.875]},
								"up": {"uv": [60, 65], "uv_size": [0.125, 0.875]},
								"down": {"uv": [65, 60.875], "uv_size": [0.125, -0.875]}
							}
						},
						{
							"origin": [1.12667, 1.76879, 3.57813],
							"size": [0.24062, 0.77373, 0.87187],
							"pivot": [-0.12207, 1.44835, 1.48608],
							"rotation": [-180, 0, -135],
							"uv": {
								"north": {"uv": [61, 65], "uv_size": [0.125, 0.875]},
								"east": {"uv": [39, 57], "uv_size": [0.875, 0.875]},
								"south": {"uv": [65, 61], "uv_size": [0.125, 0.875]},
								"west": {"uv": [57, 39], "uv_size": [0.875, 0.875]},
								"up": {"uv": [62, 65], "uv_size": [0.125, 0.875]},
								"down": {"uv": [65, 62.875], "uv_size": [0.125, -0.875]}
							}
						},
						{
							"origin": [0.47599, 1.92505, 3.56563],
							"size": [0.24062, 0.79873, 0.88437],
							"pivot": [-0.11601, 1.43371, 1.48608],
							"rotation": [-180, 0, -180],
							"uv": {
								"north": {"uv": [63, 65], "uv_size": [0.125, 0.875]},
								"east": {"uv": [40, 57], "uv_size": [0.875, 0.875]},
								"south": {"uv": [65, 63], "uv_size": [0.125, 0.875]},
								"west": {"uv": [57, 40], "uv_size": [0.875, 0.875]},
								"up": {"uv": [64, 65], "uv_size": [0.125, 0.875]},
								"down": {"uv": [65, 64.875], "uv_size": [0.125, -0.875]}
							}
						},
						{
							"origin": [0.02574, 1.20097, 3.56563],
							"size": [0.77373, 0.24063, 0.88437],
							"pivot": [-0.12207, 1.44835, 1.48608],
							"rotation": [-180, 0, -135],
							"uv": {
								"north": {"uv": [48, 65], "uv_size": [0.875, 0.125]},
								"east": {"uv": [65, 48], "uv_size": [0.875, 0.125]},
								"south": {"uv": [49, 65], "uv_size": [0.875, 0.125]},
								"west": {"uv": [65, 49], "uv_size": [0.875, 0.125]},
								"up": {"uv": [54, 56], "uv_size": [0.875, 0.875]},
								"down": {"uv": [55, 56.875], "uv_size": [0.875, -0.875]}
							}
						},
						{
							"origin": [-0.61637, 1.37795, 3.56563],
							"size": [0.79874, 0.24063, 0.88437],
							"pivot": [-0.10743, 1.45443, 1.48608],
							"rotation": [-180, 0, -180],
							"uv": {
								"north": {"uv": [50, 65], "uv_size": [0.875, 0.125]},
								"east": {"uv": [65, 50], "uv_size": [0.875, 0.125]},
								"south": {"uv": [51, 65], "uv_size": [0.875, 0.125]},
								"west": {"uv": [65, 51], "uv_size": [0.875, 0.125]},
								"up": {"uv": [56, 56], "uv_size": [0.875, 0.875]},
								"down": {"uv": [34, 57.875], "uv_size": [0.875, -0.875]}
							}
						},
						{
							"origin": [-0.67065, 3.03456, 3.57813],
							"size": [0.79874, 0.24062, 0.87187],
							"pivot": [-0.13671, 1.44229, 1.48608],
							"rotation": [-180, 0, -180],
							"uv": {
								"north": {"uv": [54, 65], "uv_size": [0.875, 0.125]},
								"east": {"uv": [65, 54], "uv_size": [0.875, 0.125]},
								"south": {"uv": [55, 65], "uv_size": [0.875, 0.125]},
								"west": {"uv": [65, 55], "uv_size": [0.875, 0.125]},
								"up": {"uv": [36, 57], "uv_size": [0.875, 0.875]},
								"down": {"uv": [57, 36.875], "uv_size": [0.875, -0.875]}
							}
						},
						{
							"origin": [-0.52426, 2.66972, 3.57813],
							"size": [1.32373, 0.44063, 0.87187],
							"pivot": [-0.12207, 1.44835, 1.48608],
							"rotation": [-180, 0, -135],
							"uv": {
								"north": {"uv": [52, 65], "uv_size": [0.875, 0.125]},
								"east": {"uv": [65, 52], "uv_size": [0.875, 0.125]},
								"south": {"uv": [53, 65], "uv_size": [0.875, 0.125]},
								"west": {"uv": [65, 53], "uv_size": [0.875, 0.125]},
								"up": {"uv": [57, 34], "uv_size": [0.875, 0.875]},
								"down": {"uv": [35, 57.875], "uv_size": [0.875, -0.875]}
							}
						},
						{
							"origin": [-0.54208, 1.76879, 3.56563],
							"size": [0.24062, 0.77373, 0.88437],
							"pivot": [-0.12207, 1.44835, 1.48608],
							"rotation": [-180, 0, -135],
							"uv": {
								"north": {"uv": [57, 65], "uv_size": [0.125, 0.875]},
								"east": {"uv": [37, 57], "uv_size": [0.875, 0.875]},
								"south": {"uv": [65, 57], "uv_size": [0.125, 0.875]},
								"west": {"uv": [57, 37], "uv_size": [0.875, 0.875]},
								"up": {"uv": [58, 65], "uv_size": [0.125, 0.875]},
								"down": {"uv": [65, 58.875], "uv_size": [0.125, -0.875]}
							}
						},
						{
							"origin": [-1.60487, 1.90435, 3.55313],
							"size": [0.64061, 0.42373, 0.88437],
							"pivot": [-0.12812, 1.463, 1.47358],
							"rotation": [-180, 0, -180],
							"uv": {
								"north": {"uv": [59, 65], "uv_size": [0.125, 0.875]},
								"east": {"uv": [38, 57], "uv_size": [0.875, 0.875]},
								"south": {"uv": [65, 59], "uv_size": [0.125, 0.875]},
								"west": {"uv": [57, 38], "uv_size": [0.875, 0.875]},
								"up": {"uv": [60, 65], "uv_size": [0.125, 0.875]},
								"down": {"uv": [65, 60.875], "uv_size": [0.125, -0.875]}
							}
						},
						{
							"origin": [1.12667, 1.76879, 1.27813],
							"size": [0.24062, 0.77373, 0.87187],
							"pivot": [-0.12207, 1.44835, -0.81392],
							"rotation": [-180, 0, -135],
							"uv": {
								"north": {"uv": [61, 65], "uv_size": [0.125, 0.875]},
								"east": {"uv": [39, 57], "uv_size": [0.875, 0.875]},
								"south": {"uv": [65, 61], "uv_size": [0.125, 0.875]},
								"west": {"uv": [57, 39], "uv_size": [0.875, 0.875]},
								"up": {"uv": [62, 65], "uv_size": [0.125, 0.875]},
								"down": {"uv": [65, 62.875], "uv_size": [0.125, -0.875]}
							}
						},
						{
							"origin": [0.47599, 1.92505, 1.26563],
							"size": [0.24062, 0.79873, 0.88437],
							"pivot": [-0.11601, 1.43371, -0.81392],
							"rotation": [-180, 0, -180],
							"uv": {
								"north": {"uv": [63, 65], "uv_size": [0.125, 0.875]},
								"east": {"uv": [40, 57], "uv_size": [0.875, 0.875]},
								"south": {"uv": [65, 63], "uv_size": [0.125, 0.875]},
								"west": {"uv": [57, 40], "uv_size": [0.875, 0.875]},
								"up": {"uv": [64, 65], "uv_size": [0.125, 0.875]},
								"down": {"uv": [65, 64.875], "uv_size": [0.125, -0.875]}
							}
						},
						{
							"origin": [0.02574, 1.20097, 1.26563],
							"size": [0.77373, 0.24063, 0.88437],
							"pivot": [-0.12207, 1.44835, -0.81392],
							"rotation": [-180, 0, -135],
							"uv": {
								"north": {"uv": [48, 65], "uv_size": [0.875, 0.125]},
								"east": {"uv": [65, 48], "uv_size": [0.875, 0.125]},
								"south": {"uv": [49, 65], "uv_size": [0.875, 0.125]},
								"west": {"uv": [65, 49], "uv_size": [0.875, 0.125]},
								"up": {"uv": [54, 56], "uv_size": [0.875, 0.875]},
								"down": {"uv": [55, 56.875], "uv_size": [0.875, -0.875]}
							}
						},
						{
							"origin": [-0.61637, 1.37795, 1.26563],
							"size": [0.79874, 0.24063, 0.88437],
							"pivot": [-0.10743, 1.45443, -0.81392],
							"rotation": [-180, 0, -180],
							"uv": {
								"north": {"uv": [50, 65], "uv_size": [0.875, 0.125]},
								"east": {"uv": [65, 50], "uv_size": [0.875, 0.125]},
								"south": {"uv": [51, 65], "uv_size": [0.875, 0.125]},
								"west": {"uv": [65, 51], "uv_size": [0.875, 0.125]},
								"up": {"uv": [56, 56], "uv_size": [0.875, 0.875]},
								"down": {"uv": [34, 57.875], "uv_size": [0.875, -0.875]}
							}
						},
						{
							"origin": [-0.67065, 3.03456, 1.27813],
							"size": [0.79874, 0.24062, 0.87187],
							"pivot": [-0.13671, 1.44229, -0.81392],
							"rotation": [-180, 0, -180],
							"uv": {
								"north": {"uv": [54, 65], "uv_size": [0.875, 0.125]},
								"east": {"uv": [65, 54], "uv_size": [0.875, 0.125]},
								"south": {"uv": [55, 65], "uv_size": [0.875, 0.125]},
								"west": {"uv": [65, 55], "uv_size": [0.875, 0.125]},
								"up": {"uv": [36, 57], "uv_size": [0.875, 0.875]},
								"down": {"uv": [57, 36.875], "uv_size": [0.875, -0.875]}
							}
						},
						{
							"origin": [-0.52426, 2.66972, 1.27813],
							"size": [1.32373, 0.44063, 0.87187],
							"pivot": [-0.12207, 1.44835, -0.81392],
							"rotation": [-180, 0, -135],
							"uv": {
								"north": {"uv": [52, 65], "uv_size": [0.875, 0.125]},
								"east": {"uv": [65, 52], "uv_size": [0.875, 0.125]},
								"south": {"uv": [53, 65], "uv_size": [0.875, 0.125]},
								"west": {"uv": [65, 53], "uv_size": [0.875, 0.125]},
								"up": {"uv": [57, 34], "uv_size": [0.875, 0.875]},
								"down": {"uv": [35, 57.875], "uv_size": [0.875, -0.875]}
							}
						},
						{
							"origin": [-0.54208, 1.76879, 1.26563],
							"size": [0.24062, 0.77373, 0.88437],
							"pivot": [-0.12207, 1.44835, -0.81392],
							"rotation": [-180, 0, -135],
							"uv": {
								"north": {"uv": [57, 65], "uv_size": [0.125, 0.875]},
								"east": {"uv": [37, 57], "uv_size": [0.875, 0.875]},
								"south": {"uv": [65, 57], "uv_size": [0.125, 0.875]},
								"west": {"uv": [57, 37], "uv_size": [0.875, 0.875]},
								"up": {"uv": [58, 65], "uv_size": [0.125, 0.875]},
								"down": {"uv": [65, 58.875], "uv_size": [0.125, -0.875]}
							}
						},
						{
							"origin": [-1.60487, 1.90435, 1.25313],
							"size": [0.64061, 0.42373, 0.88437],
							"pivot": [-0.12812, 1.463, -0.82642],
							"rotation": [-180, 0, -180],
							"uv": {
								"north": {"uv": [59, 65], "uv_size": [0.125, 0.875]},
								"east": {"uv": [38, 57], "uv_size": [0.875, 0.875]},
								"south": {"uv": [65, 59], "uv_size": [0.125, 0.875]},
								"west": {"uv": [57, 38], "uv_size": [0.875, 0.875]},
								"up": {"uv": [60, 65], "uv_size": [0.125, 0.875]},
								"down": {"uv": [65, 60.875], "uv_size": [0.125, -0.875]}
							}
						},
						{
							"origin": [0.02574, 2.96972, 7.17813],
							"size": [0.77373, 0.14063, 0.87187],
							"pivot": [-0.12207, 1.44835, 5.08608],
							"rotation": [-180, 0, -135],
							"uv": {
								"north": {"uv": [52, 65], "uv_size": [0.875, 0.125]},
								"east": {"uv": [65, 52], "uv_size": [0.875, 0.125]},
								"south": {"uv": [53, 65], "uv_size": [0.875, 0.125]},
								"west": {"uv": [65, 53], "uv_size": [0.875, 0.125]},
								"up": {"uv": [57, 34], "uv_size": [0.875, 0.875]},
								"down": {"uv": [35, 57.875], "uv_size": [0.875, -0.875]}
							}
						},
						{
							"origin": [-0.67065, 3.13456, 7.17813],
							"size": [0.79874, 0.14062, 0.87187],
							"pivot": [-0.13671, 1.44229, 5.08608],
							"rotation": [-180, 0, -180],
							"uv": {
								"north": {"uv": [54, 65], "uv_size": [0.875, 0.125]},
								"east": {"uv": [65, 54], "uv_size": [0.875, 0.125]},
								"south": {"uv": [55, 65], "uv_size": [0.875, 0.125]},
								"west": {"uv": [65, 55], "uv_size": [0.875, 0.125]},
								"up": {"uv": [36, 57], "uv_size": [0.875, 0.875]},
								"down": {"uv": [57, 36.875], "uv_size": [0.875, -0.875]}
							}
						},
						{
							"origin": [0.02574, 1.20097, 7.16563],
							"size": [0.77373, 0.14063, 0.88437],
							"pivot": [-0.12207, 1.44835, 5.08608],
							"rotation": [-180, 0, -135],
							"uv": {
								"north": {"uv": [48, 65], "uv_size": [0.875, 0.125]},
								"east": {"uv": [65, 48], "uv_size": [0.875, 0.125]},
								"south": {"uv": [49, 65], "uv_size": [0.875, 0.125]},
								"west": {"uv": [65, 49], "uv_size": [0.875, 0.125]},
								"up": {"uv": [54, 56], "uv_size": [0.875, 0.875]},
								"down": {"uv": [55, 56.875], "uv_size": [0.875, -0.875]}
							}
						},
						{
							"origin": [0.57599, 1.92505, 7.16563],
							"size": [0.14062, 0.79873, 0.88437],
							"pivot": [-0.11601, 1.43371, 5.08608],
							"rotation": [-180, 0, -180],
							"uv": {
								"north": {"uv": [63, 65], "uv_size": [0.125, 0.875]},
								"east": {"uv": [40, 57], "uv_size": [0.875, 0.875]},
								"south": {"uv": [65, 63], "uv_size": [0.125, 0.875]},
								"west": {"uv": [57, 40], "uv_size": [0.875, 0.875]},
								"up": {"uv": [64, 65], "uv_size": [0.125, 0.875]},
								"down": {"uv": [65, 64.875], "uv_size": [0.125, -0.875]}
							}
						},
						{
							"origin": [1.22667, 1.76879, 7.17813],
							"size": [0.14062, 0.77373, 0.87187],
							"pivot": [-0.12207, 1.44835, 5.08608],
							"rotation": [-180, 0, -135],
							"uv": {
								"north": {"uv": [61, 65], "uv_size": [0.125, 0.875]},
								"east": {"uv": [39, 57], "uv_size": [0.875, 0.875]},
								"south": {"uv": [65, 61], "uv_size": [0.125, 0.875]},
								"west": {"uv": [57, 39], "uv_size": [0.875, 0.875]},
								"up": {"uv": [62, 65], "uv_size": [0.125, 0.875]},
								"down": {"uv": [65, 62.875], "uv_size": [0.125, -0.875]}
							}
						},
						{
							"origin": [-0.18759, 3.18281, -3.65],
							"size": [0.37518, 0.1125, 0.575],
							"pivot": [0, 2.35224, -3.72188],
							"rotation": [180, 0, 135],
							"uv": {
								"north": {"uv": [0, 67], "uv_size": [0.4375, 0.125]},
								"east": {"uv": [61, 61], "uv_size": [1.8125, 0.125]},
								"south": {"uv": [67, 0], "uv_size": [0.4375, 0.125]},
								"west": {"uv": [62, 32], "uv_size": [1.8125, 0.125]},
								"up": {"uv": [34, 54], "uv_size": [0.4375, 1.8125]},
								"down": {"uv": [35, 55.8125], "uv_size": [0.4375, -1.8125]}
							}
						},
						{
							"origin": [-0.18759, 3.18281, -3.65],
							"size": [0.37517, 0.1125, 0.575],
							"pivot": [0, 2.35224, -3.72188],
							"rotation": [180, 0, 157.5],
							"uv": {
								"north": {"uv": [66, 65], "uv_size": [0.4375, 0.125]},
								"east": {"uv": [61, 59], "uv_size": [1.8125, 0.125]},
								"south": {"uv": [66, 66], "uv_size": [0.4375, 0.125]},
								"west": {"uv": [61, 60], "uv_size": [1.8125, 0.125]},
								"up": {"uv": [53, 50], "uv_size": [0.4375, 1.8125]},
								"down": {"uv": [53, 53.8125], "uv_size": [0.4375, -1.8125]}
							}
						},
						{
							"origin": [-0.18759, 3.18281, -3.65],
							"size": [0.37518, 0.1125, 0.575],
							"pivot": [0, 2.35224, -3.72188],
							"rotation": [-180, 0, 180],
							"uv": {
								"north": {"uv": [66, 64], "uv_size": [0.4375, 0.125]},
								"east": {"uv": [61, 58], "uv_size": [1.8125, 0.125]},
								"south": {"uv": [65, 66], "uv_size": [0.4375, 0.125]},
								"west": {"uv": [59, 61], "uv_size": [1.8125, 0.125]},
								"up": {"uv": [53, 47], "uv_size": [0.4375, 1.8125]},
								"down": {"uv": [50, 54.8125], "uv_size": [0.4375, -1.8125]}
							}
						},
						{
							"origin": [-0.18758, 3.18281, -3.65],
							"size": [0.37517, 0.1125, 0.575],
							"pivot": [0, 2.35224, -3.72188],
							"rotation": [-180, 0, -157.5],
							"uv": {
								"north": {"uv": [66, 63], "uv_size": [0.4375, 0.125]},
								"east": {"uv": [57, 61], "uv_size": [1.8125, 0.125]},
								"south": {"uv": [64, 66], "uv_size": [0.4375, 0.125]},
								"west": {"uv": [61, 57], "uv_size": [1.8125, 0.125]},
								"up": {"uv": [45, 53], "uv_size": [0.4375, 1.8125]},
								"down": {"uv": [53, 46.8125], "uv_size": [0.4375, -1.8125]}
							}
						},
						{
							"origin": [-0.18759, 3.18281, -3.65],
							"size": [0.37518, 0.1125, 0.575],
							"pivot": [0, 2.35224, -3.72188],
							"rotation": [-180, 0, -135],
							"uv": {
								"north": {"uv": [66, 62], "uv_size": [0.4375, 0.125]},
								"east": {"uv": [61, 55], "uv_size": [1.8125, 0.125]},
								"south": {"uv": [63, 66], "uv_size": [0.4375, 0.125]},
								"west": {"uv": [61, 56], "uv_size": [1.8125, 0.125]},
								"up": {"uv": [40, 53], "uv_size": [0.4375, 1.8125]},
								"down": {"uv": [53, 44.8125], "uv_size": [0.4375, -1.8125]}
							}
						},
						{
							"origin": [-0.94307, 2.16466, -3.65],
							"size": [0.1125, 0.37517, 0.575],
							"pivot": [0, 2.35224, -3.72188],
							"rotation": [180, 0, 157.5],
							"uv": {
								"north": {"uv": [6, 67], "uv_size": [0.125, 0.4375]},
								"east": {"uv": [54, 46], "uv_size": [1.8125, 0.4375]},
								"south": {"uv": [67, 6], "uv_size": [0.125, 0.4375]},
								"west": {"uv": [54, 47], "uv_size": [1.8125, 0.4375]},
								"up": {"uv": [42, 62], "uv_size": [0.125, 1.8125]},
								"down": {"uv": [43, 63.8125], "uv_size": [0.125, -1.8125]}
							}
						},
						{
							"origin": [-0.94307, 2.16465, -3.65],
							"size": [0.1125, 0.37518, 0.575],
							"pivot": [0, 2.35224, -3.72188],
							"rotation": [-180, 0, 180],
							"uv": {
								"north": {"uv": [5, 67], "uv_size": [0.125, 0.4375]},
								"east": {"uv": [54, 44], "uv_size": [1.8125, 0.4375]},
								"south": {"uv": [67, 5], "uv_size": [0.125, 0.4375]},
								"west": {"uv": [54, 45], "uv_size": [1.8125, 0.4375]},
								"up": {"uv": [40, 62], "uv_size": [0.125, 1.8125]},
								"down": {"uv": [41, 63.8125], "uv_size": [0.125, -1.8125]}
							}
						},
						{
							"origin": [-0.94306, 2.16465, -3.65],
							"size": [0.1125, 0.37518, 0.575],
							"pivot": [0, 2.35224, -3.72188],
							"rotation": [-180, 0, -157.5],
							"uv": {
								"north": {"uv": [4, 67], "uv_size": [0.125, 0.4375]},
								"east": {"uv": [41, 54], "uv_size": [1.8125, 0.4375]},
								"south": {"uv": [67, 4], "uv_size": [0.125, 0.4375]},
								"west": {"uv": [54, 43], "uv_size": [1.8125, 0.4375]},
								"up": {"uv": [38, 62], "uv_size": [0.125, 1.8125]},
								"down": {"uv": [39, 63.8125], "uv_size": [0.125, -1.8125]}
							}
						},
						{
							"origin": [-0.18758, 1.40917, -3.65],
							"size": [0.37518, 0.1125, 0.575],
							"pivot": [0, 2.35224, -3.72188],
							"rotation": [180, 0, 135],
							"uv": {
								"north": {"uv": [66, 61], "uv_size": [0.4375, 0.125]},
								"east": {"uv": [61, 54], "uv_size": [1.8125, 0.125]},
								"south": {"uv": [62, 66], "uv_size": [0.4375, 0.125]},
								"west": {"uv": [55, 61], "uv_size": [1.8125, 0.125]},
								"up": {"uv": [38, 53], "uv_size": [0.4375, 1.8125]},
								"down": {"uv": [39, 54.8125], "uv_size": [0.4375, -1.8125]}
							}
						},
						{
							"origin": [-0.18758, 1.40917, -3.65],
							"size": [0.37517, 0.1125, 0.575],
							"pivot": [0, 2.35224, -3.72188],
							"rotation": [180, 0, 157.5],
							"uv": {
								"north": {"uv": [66, 60], "uv_size": [0.4375, 0.125]},
								"east": {"uv": [61, 51], "uv_size": [1.8125, 0.125]},
								"south": {"uv": [61, 66], "uv_size": [0.4375, 0.125]},
								"west": {"uv": [53, 61], "uv_size": [1.8125, 0.125]},
								"up": {"uv": [36, 53], "uv_size": [0.4375, 1.8125]},
								"down": {"uv": [37, 54.8125], "uv_size": [0.4375, -1.8125]}
							}
						},
						{
							"origin": [-0.18759, 1.40917, -3.65],
							"size": [0.37518, 0.1125, 0.575],
							"pivot": [0, 2.35224, -3.72188],
							"rotation": [-180, 0, 180],
							"uv": {
								"north": {"uv": [66, 59], "uv_size": [0.4375, 0.125]},
								"east": {"uv": [61, 50], "uv_size": [1.8125, 0.125]},
								"south": {"uv": [60, 66], "uv_size": [0.4375, 0.125]},
								"west": {"uv": [51, 61], "uv_size": [1.8125, 0.125]},
								"up": {"uv": [51, 52], "uv_size": [0.4375, 1.8125]},
								"down": {"uv": [52, 53.8125], "uv_size": [0.4375, -1.8125]}
							}
						},
						{
							"origin": [-0.18758, 1.40917, -3.65],
							"size": [0.37517, 0.1125, 0.575],
							"pivot": [0, 2.35224, -3.72188],
							"rotation": [-180, 0, -157.5],
							"uv": {
								"north": {"uv": [66, 58], "uv_size": [0.4375, 0.125]},
								"east": {"uv": [47, 61], "uv_size": [1.8125, 0.125]},
								"south": {"uv": [59, 66], "uv_size": [0.4375, 0.125]},
								"west": {"uv": [49, 61], "uv_size": [1.8125, 0.125]},
								"up": {"uv": [49, 52], "uv_size": [0.4375, 1.8125]},
								"down": {"uv": [52, 51.8125], "uv_size": [0.4375, -1.8125]}
							}
						},
						{
							"origin": [-0.18759, 1.40917, -3.65],
							"size": [0.37518, 0.1125, 0.575],
							"pivot": [0, 2.35224, -3.72188],
							"rotation": [-180, 0, -135],
							"uv": {
								"north": {"uv": [66, 57], "uv_size": [0.4375, 0.125]},
								"east": {"uv": [45, 61], "uv_size": [1.8125, 0.125]},
								"south": {"uv": [58, 66], "uv_size": [0.4375, 0.125]},
								"west": {"uv": [61, 45], "uv_size": [1.8125, 0.125]},
								"up": {"uv": [52, 44], "uv_size": [0.4375, 1.8125]},
								"down": {"uv": [48, 53.8125], "uv_size": [0.4375, -1.8125]}
							}
						},
						{
							"origin": [0.83057, 2.16465, -3.65],
							"size": [0.1125, 0.37517, 0.575],
							"pivot": [0, 2.35224, -3.72188],
							"rotation": [180, 0, 157.5],
							"uv": {
								"north": {"uv": [3, 67], "uv_size": [0.125, 0.4375]},
								"east": {"uv": [54, 39], "uv_size": [1.8125, 0.4375]},
								"south": {"uv": [67, 3], "uv_size": [0.125, 0.4375]},
								"west": {"uv": [54, 40], "uv_size": [1.8125, 0.4375]},
								"up": {"uv": [36, 62], "uv_size": [0.125, 1.8125]},
								"down": {"uv": [37, 63.8125], "uv_size": [0.125, -1.8125]}
							}
						},
						{
							"origin": [0.83057, 2.16465, -3.65],
							"size": [0.1125, 0.37518, 0.575],
							"pivot": [0, 2.35224, -3.72188],
							"rotation": [-180, 0, 180],
							"uv": {
								"north": {"uv": [2, 67], "uv_size": [0.125, 0.4375]},
								"east": {"uv": [54, 36], "uv_size": [1.8125, 0.4375]},
								"south": {"uv": [67, 2], "uv_size": [0.125, 0.4375]},
								"west": {"uv": [54, 37], "uv_size": [1.8125, 0.4375]},
								"up": {"uv": [35, 62], "uv_size": [0.125, 1.8125]},
								"down": {"uv": [62, 36.8125], "uv_size": [0.125, -1.8125]}
							}
						},
						{
							"origin": [0.83057, 2.16465, -3.65],
							"size": [0.1125, 0.37518, 0.575],
							"pivot": [0, 2.35224, -3.72188],
							"rotation": [-180, 0, -157.5],
							"uv": {
								"north": {"uv": [1, 67], "uv_size": [0.125, 0.4375]},
								"east": {"uv": [52, 40], "uv_size": [1.8125, 0.4375]},
								"south": {"uv": [67, 1], "uv_size": [0.125, 0.4375]},
								"west": {"uv": [54, 35], "uv_size": [1.8125, 0.4375]},
								"up": {"uv": [62, 33], "uv_size": [0.125, 1.8125]},
								"down": {"uv": [34, 63.8125], "uv_size": [0.125, -1.8125]}
							}
						},
						{
							"origin": [-0.84642, 2.13831, -3.56875],
							"size": [1.7125, 0.38042, 0.225],
							"pivot": [0, 2.35224, -3.72188],
							"rotation": [180, 0, 157.5],
							"uv": {
								"south": {"uv": [57, 51], "uv_size": [1.9375, 0.375]}
							}
						},
						{
							"origin": [-0.85625, 2.13635, -3.56875],
							"size": [1.7125, 0.38042, 0.225],
							"pivot": [0, 2.35224, -3.72188],
							"rotation": [-180, 0, 180],
							"uv": {
								"south": {"uv": [57, 50], "uv_size": [1.9375, 0.375]}
							}
						},
						{
							"origin": [-0.86607, 2.13831, -3.56875],
							"size": [1.7125, 0.38042, 0.225],
							"pivot": [0, 2.35224, -3.72188],
							"rotation": [-180, 0, -157.5],
							"uv": {
								"south": {"uv": [50, 57], "uv_size": [1.9375, 0.375]}
							}
						},
						{
							"origin": [-0.17205, 1.47783, -3.56875],
							"size": [0.38042, 1.7125, 0.225],
							"pivot": [0, 2.35224, -3.72188],
							"rotation": [180, 0, 135],
							"uv": {
								"south": {"uv": [49, 57], "uv_size": [0.375, 1.9375]}
							}
						},
						{
							"origin": [-0.18038, 1.47227, -3.56875],
							"size": [0.38042, 1.7125, 0.225],
							"pivot": [0, 2.35224, -3.72188],
							"rotation": [180, 0, 157.5],
							"uv": {
								"south": {"uv": [57, 48], "uv_size": [0.375, 1.9375]}
							}
						},
						{
							"origin": [-0.19021, 1.47031, -3.56875],
							"size": [0.38042, 1.7125, 0.225],
							"pivot": [0, 2.35224, -3.72188],
							"rotation": [-180, 0, 180],
							"uv": {
								"south": {"uv": [48, 57], "uv_size": [0.375, 1.9375]}
							}
						},
						{
							"origin": [-0.20003, 1.47227, -3.56875],
							"size": [0.38042, 1.7125, 0.225],
							"pivot": [0, 2.35224, -3.72188],
							"rotation": [-180, 0, -157.5],
							"uv": {
								"south": {"uv": [47, 57], "uv_size": [0.375, 1.9375]}
							}
						},
						{
							"origin": [-0.20837, 1.47784, -3.56875],
							"size": [0.38042, 1.7125, 0.225],
							"pivot": [0, 2.35224, -3.72188],
							"rotation": [-180, 0, -135],
							"uv": {
								"south": {"uv": [57, 46], "uv_size": [0.375, 1.9375]}
							}
						}
					]
				},
				{
					"name": "group",
					"parent": "mount",
					"pivot": [1.23543, 7.875, -2.1375]
				},
				{
					"name": "knob",
					"parent": "elcan",
					"pivot": [0, 7.2, 0]
				},
				{
					"name": "octagon2",
					"parent": "knob",
					"pivot": [0, 3.35313, 1.33281],
					"cubes": [
						{
							"origin": [-0.55809, 3.23438, 0.11897],
							"size": [1.40625, 0.63749, 0.58249],
							"pivot": [-0.12207, 1.44835, 0.73608],
							"rotation": [0, 22.5, 0],
							"uv": {
								"north": {"uv": [56, 58], "uv_size": [1.4375, 0.3125]},
								"east": {"uv": [18, 64], "uv_size": [0.5625, 0.3125]},
								"south": {"uv": [58, 58], "uv_size": [1.4375, 0.3125]},
								"west": {"uv": [19, 64], "uv_size": [0.5625, 0.3125]},
								"up": {"uv": [43, 51], "uv_size": [1.4375, 0.5625]},
								"down": {"uv": [51, 43.5625], "uv_size": [1.4375, -0.5625]}
							}
						},
						{
							"origin": [-0.45486, 3.23438, -0.38632],
							"size": [0.58249, 0.63749, 1.40625],
							"pivot": [-0.12207, 1.44835, 0.73608],
							"rotation": [0, -22.5, 0],
							"uv": {
								"north": {"uv": [20, 64], "uv_size": [0.5625, 0.3125]},
								"east": {"uv": [59, 32], "uv_size": [1.4375, 0.3125]},
								"south": {"uv": [21, 64], "uv_size": [0.5625, 0.3125]},
								"west": {"uv": [59, 33], "uv_size": [1.4375, 0.3125]},
								"up": {"uv": [51, 44], "uv_size": [0.5625, 1.4375]},
								"down": {"uv": [45, 52.4375], "uv_size": [0.5625, -1.4375]}
							}
						},
						{
							"origin": [-0.14621, 3.23438, -0.29291],
							"size": [0.58249, 0.63749, 1.40625],
							"pivot": [-0.12207, 1.44835, 0.73608],
							"rotation": [0, 22.5, 0],
							"uv": {
								"north": {"uv": [22, 64], "uv_size": [0.5625, 0.3125]},
								"east": {"uv": [59, 35], "uv_size": [1.375, 0.3125]},
								"south": {"uv": [23, 64], "uv_size": [0.5625, 0.3125]},
								"west": {"uv": [36, 59], "uv_size": [1.375, 0.3125]},
								"up": {"uv": [50, 55], "uv_size": [0.5625, 1.375]},
								"down": {"uv": [56, 37.375], "uv_size": [0.5625, -1.375]}
							}
						},
						{
							"origin": [-0.86674, 3.23438, 0.02556],
							"size": [1.40625, 0.63749, 0.58249],
							"pivot": [-0.12207, 1.44835, 0.73608],
							"rotation": [0, -22.5, 0],
							"uv": {
								"north": {"uv": [34, 59], "uv_size": [1.4375, 0.3125]},
								"east": {"uv": [24, 64], "uv_size": [0.5625, 0.3125]},
								"south": {"uv": [59, 34], "uv_size": [1.4375, 0.3125]},
								"west": {"uv": [25, 64], "uv_size": [0.5625, 0.3125]},
								"up": {"uv": [46, 51], "uv_size": [1.4375, 0.5625]},
								"down": {"uv": [51, 46.5625], "uv_size": [1.4375, -0.5625]}
							}
						}
					]
				},
				{
					"name": "octagon3",
					"parent": "knob",
					"pivot": [0, 11.4, 2.55],
					"cubes": [
						{
							"origin": [-0.59872, 3.4289, 0.11072],
							"size": [1.4875, 0.14063, 0.59899],
							"pivot": [-0.12207, 1.44835, 0.73608],
							"rotation": [0, 22.5, 0],
							"uv": {
								"north": {"uv": [63, 51], "uv_size": [1.5, 0.125]},
								"east": {"uv": [66, 43], "uv_size": [0.625, 0.125]},
								"south": {"uv": [52, 63], "uv_size": [1.5, 0.125]},
								"west": {"uv": [44, 66], "uv_size": [0.625, 0.125]},
								"up": {"uv": [49, 39], "uv_size": [1.5, 0.625]},
								"down": {"uv": [49, 40.625], "uv_size": [1.5, -0.625]}
							}
						},
						{
							"origin": [-0.46311, 3.4289, -0.42695],
							"size": [0.59899, 0.14063, 1.4875],
							"pivot": [-0.12207, 1.44835, 0.73608],
							"rotation": [0, -22.5, 0],
							"uv": {
								"north": {"uv": [66, 44], "uv_size": [0.625, 0.125]},
								"east": {"uv": [63, 52], "uv_size": [1.5, 0.125]},
								"south": {"uv": [45, 66], "uv_size": [0.625, 0.125]},
								"west": {"uv": [63, 53], "uv_size": [1.5, 0.125]},
								"up": {"uv": [49, 41], "uv_size": [0.625, 1.5]},
								"down": {"uv": [49, 44.5], "uv_size": [0.625, -1.5]}
							}
						},
						{
							"origin": [-0.15446, 3.4289, -0.33353],
							"size": [0.59899, 0.14063, 1.4875],
							"pivot": [-0.12207, 1.44835, 0.73608],
							"rotation": [0, 22.5, 0],
							"uv": {
								"north": {"uv": [66, 45], "uv_size": [0.625, 0.125]},
								"east": {"uv": [54, 63], "uv_size": [1.5, 0.125]},
								"south": {"uv": [46, 66], "uv_size": [0.625, 0.125]},
								"west": {"uv": [63, 54], "uv_size": [1.5, 0.125]},
								"up": {"uv": [49, 45], "uv_size": [0.625, 1.5]},
								"down": {"uv": [46, 50.5], "uv_size": [0.625, -1.5]}
							}
						},
						{
							"origin": [-0.90737, 3.4289, 0.01731],
							"size": [1.4875, 0.14063, 0.59899],
							"pivot": [-0.12207, 1.44835, 0.73608],
							"rotation": [0, -22.5, 0],
							"uv": {
								"north": {"uv": [63, 55], "uv_size": [1.5, 0.125]},
								"east": {"uv": [66, 46], "uv_size": [0.625, 0.125]},
								"south": {"uv": [56, 63], "uv_size": [1.5, 0.125]},
								"west": {"uv": [47, 66], "uv_size": [0.625, 0.125]},
								"up": {"uv": [49, 47], "uv_size": [1.5, 0.625]},
								"down": {"uv": [49, 48.625], "uv_size": [1.5, -0.625]}
							}
						}
					]
				},
				{
					"name": "octagon4",
					"parent": "knob",
					"pivot": [0, 7.2, 0.35]
				},
				{
					"name": "octagon5",
					"parent": "knob",
					"pivot": [4, 7.275, 0.5],
					"cubes": [
						{
							"origin": [0.95, 2.16183, -0.23536],
							"size": [0.7, 0.43848, 1.05],
							"pivot": [1.3, 2.38107, 0.31464],
							"rotation": [-45, 0, 0],
							"uv": {
								"north": {"uv": [45, 48.5625], "uv_size": [0.75, 0.875]},
								"east": {"uv": [45, 48.5625], "uv_size": [0.75, 0.875]},
								"south": {"uv": [45, 48.5625], "uv_size": [0.75, 0.875]},
								"west": {"uv": [45, 48.5625], "uv_size": [0.75, 0.875]},
								"up": {"uv": [45.75, 49.4375], "uv_size": [-0.75, -0.875]},
								"down": {"uv": [45.75, 49.4375], "uv_size": [-0.75, -0.875]}
							}
						},
						{
							"origin": [0.95, 2.17647, -0.22929],
							"size": [0.7, 0.43848, 1.05],
							"uv": {
								"north": {"uv": [48, 44.0625], "uv_size": [0.75, 1.3125]},
								"east": {"uv": [48, 44.0625], "uv_size": [0.75, 1.3125]},
								"south": {"uv": [48, 44.0625], "uv_size": [0.75, 1.3125]},
								"west": {"uv": [48, 44.0625], "uv_size": [0.75, 1.3125]},
								"up": {"uv": [48.75, 45.375], "uv_size": [-0.75, -1.3125]},
								"down": {"uv": [48.75, 45.375], "uv_size": [-0.75, -1.3125]}
							}
						},
						{
							"origin": [0.95, 1.88107, 0.06612],
							"size": [0.7, 1.05, 0.43848],
							"pivot": [1.3, 2.38107, 0.28536],
							"rotation": [-45, 0, 0],
							"uv": {
								"north": {"uv": [50.0625, 44.0625], "uv_size": [0.875, 0.75]},
								"east": {"uv": [50.0625, 44.0625], "uv_size": [0.875, 0.75]},
								"south": {"uv": [50.0625, 44.0625], "uv_size": [0.875, 0.75]},
								"west": {"uv": [50.0625, 44.0625], "uv_size": [0.875, 0.75]},
								"up": {"uv": [50.9375, 44.8125], "uv_size": [-0.875, -0.75]},
								"down": {"uv": [50.9375, 44.8125], "uv_size": [-0.875, -0.75]}
							}
						},
						{
							"origin": [0.95, 1.875, 0.08076],
							"size": [0.7, 1.05, 0.43848],
							"uv": {
								"north": {"uv": [50.0625, 45.0625], "uv_size": [0.875, 0.75]},
								"east": {"uv": [50.0625, 45.0625], "uv_size": [0.875, 0.75]},
								"south": {"uv": [50.0625, 45.0625], "uv_size": [0.875, 0.75]},
								"west": {"uv": [50.0625, 45.0625], "uv_size": [0.875, 0.75]},
								"up": {"uv": [50.9375, 45.8125], "uv_size": [-0.875, -0.75]},
								"down": {"uv": [50.9375, 45.8125], "uv_size": [-0.875, -0.75]}
							}
						}
					]
				},
				{
					"name": "octagon6",
					"parent": "octagon5",
					"pivot": [5, 7.275, 0.525],
					"cubes": [
						{
							"origin": [1.65, 2.13379, -0.29268],
							"size": [0.1, 0.48848, 1.175],
							"pivot": [2, 2.37803, 0.30732],
							"rotation": [-45, 0, 0],
							"uv": {
								"north": {"uv": [48, 48], "uv_size": [0.75, 0.625]},
								"east": {"uv": [48, 48], "uv_size": [0.75, 0.625]},
								"south": {"uv": [48, 48], "uv_size": [0.75, 0.625]},
								"west": {"uv": [48, 48], "uv_size": [0.75, 0.625]},
								"up": {"uv": [48.75, 48.625], "uv_size": [-0.75, -0.625]},
								"down": {"uv": [48.75, 48.625], "uv_size": [-0.75, -0.625]}
							}
						},
						{
							"origin": [1.65, 2.14111, -0.28965],
							"size": [0.1, 0.48848, 1.175],
							"uv": {
								"north": {"uv": [48, 48], "uv_size": [0.75, 0.625]},
								"east": {"uv": [48, 48], "uv_size": [0.75, 0.625]},
								"south": {"uv": [48, 48], "uv_size": [0.75, 0.625]},
								"west": {"uv": [48, 48], "uv_size": [0.75, 0.625]},
								"up": {"uv": [48.75, 48.625], "uv_size": [-0.75, -0.625]},
								"down": {"uv": [48.75, 48.625], "uv_size": [-0.75, -0.625]}
							}
						},
						{
							"origin": [1.65, 1.80732, 0.02773],
							"size": [0.1, 1.175, 0.48848],
							"pivot": [2, 2.35732, 0.27197],
							"rotation": [-45, 0, 0],
							"uv": {
								"north": {"uv": [48, 48], "uv_size": [0.75, 0.625]},
								"east": {"uv": [48, 48], "uv_size": [0.75, 0.625]},
								"south": {"uv": [48, 48], "uv_size": [0.75, 0.625]},
								"west": {"uv": [48, 48], "uv_size": [0.75, 0.625]},
								"up": {"uv": [48.75, 48.625], "uv_size": [-0.75, -0.625]},
								"down": {"uv": [48.75, 48.625], "uv_size": [-0.75, -0.625]}
							}
						},
						{
							"origin": [1.65, 1.8, 0.05576],
							"size": [0.1, 1.175, 0.48848],
							"uv": {
								"north": {"uv": [48, 48], "uv_size": [0.75, 0.625]},
								"east": {"uv": [48, 48], "uv_size": [0.75, 0.625]},
								"south": {"uv": [48, 48], "uv_size": [0.75, 0.625]},
								"west": {"uv": [48, 48], "uv_size": [0.75, 0.625]},
								"up": {"uv": [48.75, 48.625], "uv_size": [-0.75, -0.625]},
								"down": {"uv": [48.75, 48.625], "uv_size": [-0.75, -0.625]}
							}
						}
					]
				},
				{
					"name": "octagon",
					"parent": "knob",
					"pivot": [0.35, 6.7, 2],
					"cubes": [
						{
							"origin": [0.82363, -0.68315, -4.34034],
							"size": [0.625, 0.2, 0.2],
							"pivot": [1.13613, -0.58315, -4.24034],
							"rotation": [-45, 0, 0],
							"uv": {
								"north": {"uv": [47, 42], "uv_size": [0.5, 3.1875]},
								"east": {"uv": [46, 52], "uv_size": [0.25, 3.1875]},
								"south": {"uv": [47, 46], "uv_size": [0.5, 3.1875]},
								"west": {"uv": [47, 52], "uv_size": [0.25, 3.1875]},
								"up": {"uv": [64, 63], "uv_size": [0.5, 0.25]},
								"down": {"uv": [64, 64.25], "uv_size": [0.5, -0.25]}
							}
						},
						{
							"origin": [1.12363, -0.00815, -3.16534],
							"size": [0.225, 1.2125, 0.308],
							"uv": {
								"north": {"uv": [46, 45], "uv_size": [0.5, 3.1875]},
								"east": {"uv": [43, 52], "uv_size": [0.25, 3.1875]},
								"south": {"uv": [47, 38], "uv_size": [0.5, 3.1875]},
								"west": {"uv": [44, 52], "uv_size": [0.25, 3.1875]},
								"up": {"uv": [64, 62], "uv_size": [0.5, 0.25]},
								"down": {"uv": [63, 64.25], "uv_size": [0.5, -0.25]}
							}
						},
						{
							"origin": [1.12363, -0.00815, -3.79034],
							"size": [0.225, 1.2125, 0.233],
							"uv": {
								"north": {"uv": [46, 45], "uv_size": [0.5, 3.1875]},
								"east": {"uv": [43, 52], "uv_size": [0.25, 3.1875]},
								"south": {"uv": [47, 38], "uv_size": [0.5, 3.1875]},
								"west": {"uv": [44, 52], "uv_size": [0.25, 3.1875]},
								"up": {"uv": [64, 62], "uv_size": [0.5, 0.25]},
								"down": {"uv": [63, 64.25], "uv_size": [0.5, -0.25]}
							}
						},
						{
							"origin": [1.12363, -0.20815, -3.79034],
							"size": [0.225, 0.2125, 2.783],
							"uv": {
								"north": {"uv": [46, 45], "uv_size": [0.5, 3.1875]},
								"east": {"uv": [43, 52], "uv_size": [0.25, 3.1875]},
								"south": {"uv": [47, 38], "uv_size": [0.5, 3.1875]},
								"west": {"uv": [44, 52], "uv_size": [0.25, 3.1875]},
								"up": {"uv": [64, 62], "uv_size": [0.5, 0.25]},
								"down": {"uv": [63, 64.25], "uv_size": [0.5, -0.25]}
							}
						},
						{
							"origin": [1.12363, -0.00815, -1.89034],
							"size": [0.225, 1.2125, 0.258],
							"uv": {
								"north": {"uv": [46, 45], "uv_size": [0.5, 3.1875]},
								"east": {"uv": [43, 52], "uv_size": [0.25, 3.1875]},
								"south": {"uv": [47, 38], "uv_size": [0.5, 3.1875]},
								"west": {"uv": [44, 52], "uv_size": [0.25, 3.1875]},
								"up": {"uv": [64, 62], "uv_size": [0.5, 0.25]},
								"down": {"uv": [63, 64.25], "uv_size": [0.5, -0.25]}
							}
						},
						{
							"origin": [1.12363, -0.00815, -1.26534],
							"size": [0.225, 1.2125, 0.258],
							"uv": {
								"north": {"uv": [46, 45], "uv_size": [0.5, 3.1875]},
								"east": {"uv": [43, 52], "uv_size": [0.25, 3.1875]},
								"south": {"uv": [47, 38], "uv_size": [0.5, 3.1875]},
								"west": {"uv": [44, 52], "uv_size": [0.25, 3.1875]},
								"up": {"uv": [64, 62], "uv_size": [0.5, 0.25]},
								"down": {"uv": [63, 64.25], "uv_size": [0.5, -0.25]}
							}
						},
						{
							"origin": [1.12363, -0.08315, -2.86534],
							"size": [0.225, 0.3375, 1.083],
							"uv": {
								"north": {"uv": [46, 45], "uv_size": [0.5, 3.1875]},
								"east": {"uv": [43, 52], "uv_size": [0.25, 3.1875]},
								"south": {"uv": [47, 38], "uv_size": [0.5, 3.1875]},
								"west": {"uv": [44, 52], "uv_size": [0.25, 3.1875]},
								"up": {"uv": [64, 62], "uv_size": [0.5, 0.25]},
								"down": {"uv": [63, 64.25], "uv_size": [0.5, -0.25]}
							}
						},
						{
							"origin": [1.12363, 0.39185, -2.54034],
							"size": [0.225, 0.3375, 0.483],
							"pivot": [2.11487, 0.88528, -1.75651],
							"rotation": [45, 0, 0],
							"uv": {
								"north": {"uv": [46, 45], "uv_size": [0.5, 3.1875]},
								"east": {"uv": [43, 52], "uv_size": [0.25, 3.1875]},
								"south": {"uv": [47, 38], "uv_size": [0.5, 3.1875]},
								"west": {"uv": [44, 52], "uv_size": [0.25, 3.1875]},
								"up": {"uv": [64, 62], "uv_size": [0.5, 0.25]},
								"down": {"uv": [63, 64.25], "uv_size": [0.5, -0.25]}
							}
						},
						{
							"origin": [1.12363, 1.29185, -3.44034],
							"size": [0.225, 0.3375, 0.483],
							"pivot": [2.11487, 1.78528, -2.65651],
							"rotation": [45, 0, 0],
							"uv": {
								"north": {"uv": [46, 45], "uv_size": [0.5, 3.1875]},
								"east": {"uv": [43, 52], "uv_size": [0.25, 3.1875]},
								"south": {"uv": [47, 38], "uv_size": [0.5, 3.1875]},
								"west": {"uv": [44, 52], "uv_size": [0.25, 3.1875]},
								"up": {"uv": [64, 62], "uv_size": [0.5, 0.25]},
								"down": {"uv": [63, 64.25], "uv_size": [0.5, -0.25]}
							}
						},
						{
							"origin": [1.12363, 0.97846, -2.17691],
							"size": [0.225, 0.3375, 0.483],
							"pivot": [1.28613, 1.14721, -1.93541],
							"rotation": [-45, 0, 0],
							"uv": {
								"north": {"uv": [46, 45], "uv_size": [0.5, 3.1875]},
								"east": {"uv": [43, 52], "uv_size": [0.25, 3.1875]},
								"south": {"uv": [47, 38], "uv_size": [0.5, 3.1875]},
								"west": {"uv": [44, 52], "uv_size": [0.25, 3.1875]},
								"up": {"uv": [64, 62], "uv_size": [0.5, 0.25]},
								"down": {"uv": [63, 64.25], "uv_size": [0.5, -0.25]}
							}
						},
						{
							"origin": [1.12363, 0.10346, -3.05191],
							"size": [0.225, 0.3375, 0.458],
							"pivot": [1.28613, 0.27221, -2.83541],
							"rotation": [-45, 0, 0],
							"uv": {
								"north": {"uv": [46, 45], "uv_size": [0.5, 3.1875]},
								"east": {"uv": [43, 52], "uv_size": [0.25, 3.1875]},
								"south": {"uv": [47, 38], "uv_size": [0.5, 3.1875]},
								"west": {"uv": [44, 52], "uv_size": [0.25, 3.1875]},
								"up": {"uv": [64, 62], "uv_size": [0.5, 0.25]},
								"down": {"uv": [63, 64.25], "uv_size": [0.5, -0.25]}
							}
						},
						{
							"origin": [1.12363, -0.39654, -1.27691],
							"size": [0.225, 0.4375, 0.683],
							"pivot": [1.28613, -0.12779, -0.93541],
							"rotation": [-45, 0, 0],
							"uv": {
								"north": {"uv": [46, 45], "uv_size": [0.5, 3.1875]},
								"east": {"uv": [43, 52], "uv_size": [0.25, 3.1875]},
								"south": {"uv": [47, 38], "uv_size": [0.5, 3.1875]},
								"west": {"uv": [44, 52], "uv_size": [0.25, 3.1875]},
								"up": {"uv": [64, 62], "uv_size": [0.5, 0.25]},
								"down": {"uv": [63, 64.25], "uv_size": [0.5, -0.25]}
							}
						},
						{
							"origin": [1.12363, 1.19185, -3.79034],
							"size": [0.225, 0.7125, 3.183],
							"uv": {
								"north": {"uv": [46, 45], "uv_size": [0.5, 3.1875]},
								"east": {"uv": [43, 52], "uv_size": [0.25, 3.1875]},
								"south": {"uv": [47, 38], "uv_size": [0.5, 3.1875]},
								"west": {"uv": [44, 52], "uv_size": [0.25, 3.1875]},
								"up": {"uv": [64, 62], "uv_size": [0.5, 0.25]},
								"down": {"uv": [63, 64.25], "uv_size": [0.5, -0.25]}
							}
						}
					]
				},
				{
					"name": "ocular_ring2",
					"parent": "elcan",
					"pivot": [-0.05151, 1.1205, -2.96392],
					"cubes": [
						{
							"origin": [0.36865, 1.14463, -3.9],
							"size": [0.32518, 0.1125, 7.225],
							"pivot": [-0.17606, 1.50371, -2.96392],
							"rotation": [0, 0, -45],
							"uv": {
								"north": {"uv": [66, 57], "uv_size": [0.4375, 0.125]},
								"east": {"uv": [45, 61], "uv_size": [1.8125, 0.125]},
								"south": {"uv": [58, 66], "uv_size": [0.4375, 0.125]},
								"west": {"uv": [61, 45], "uv_size": [1.8125, 0.125]},
								"up": {"uv": [52, 44], "uv_size": [0.4375, 1.8125]},
								"down": {"uv": [48, 53.8125], "uv_size": [0.4375, -1.8125]}
							}
						},
						{
							"origin": [0.13498, 1.39116, -3.9],
							"size": [0.32517, 0.1125, 7.225],
							"pivot": [-0.15128, 1.52026, -2.96392],
							"rotation": [0, 0, -22.5],
							"uv": {
								"north": {"uv": [66, 58], "uv_size": [0.4375, 0.125]},
								"east": {"uv": [47, 61], "uv_size": [1.8125, 0.125]},
								"south": {"uv": [59, 66], "uv_size": [0.4375, 0.125]},
								"west": {"uv": [49, 61], "uv_size": [1.8125, 0.125]},
								"up": {"uv": [49, 52], "uv_size": [0.4375, 1.8125]},
								"down": {"uv": [52, 51.8125], "uv_size": [0.4375, -1.8125]}
							}
						},
						{
							"origin": [-0.16259, 1.51054, -3.9],
							"size": [0.32518, 0.1125, 7.225],
							"uv": {
								"north": {"uv": [66, 59], "uv_size": [0.4375, 0.125]},
								"east": {"uv": [61, 50], "uv_size": [1.8125, 0.125]},
								"south": {"uv": [60, 66], "uv_size": [0.4375, 0.125]},
								"west": {"uv": [51, 61], "uv_size": [1.8125, 0.125]},
								"up": {"uv": [51, 52], "uv_size": [0.4375, 1.8125]},
								"down": {"uv": [52, 53.8125], "uv_size": [0.4375, -1.8125]}
							}
						},
						{
							"origin": [-0.47873, 1.48459, -3.9],
							"size": [0.32517, 0.1125, 7.225],
							"pivot": [-0.09285, 1.52026, -2.96392],
							"rotation": [0, 0, 22.5],
							"uv": {
								"north": {"uv": [66, 60], "uv_size": [0.4375, 0.125]},
								"east": {"uv": [61, 51], "uv_size": [1.8125, 0.125]},
								"south": {"uv": [61, 66], "uv_size": [0.4375, 0.125]},
								"west": {"uv": [53, 61], "uv_size": [1.8125, 0.125]},
								"up": {"uv": [36, 53], "uv_size": [0.4375, 1.8125]},
								"down": {"uv": [37, 54.8125], "uv_size": [0.4375, -1.8125]}
							}
						},
						{
							"origin": [-0.76532, 1.31726, -3.9],
							"size": [0.32518, 0.1125, 7.225],
							"pivot": [-0.06806, 1.50371, -2.96392],
							"rotation": [0, 0, 45],
							"uv": {
								"north": {"uv": [66, 61], "uv_size": [0.4375, 0.125]},
								"east": {"uv": [61, 54], "uv_size": [1.8125, 0.125]},
								"south": {"uv": [62, 66], "uv_size": [0.4375, 0.125]},
								"west": {"uv": [55, 61], "uv_size": [1.8125, 0.125]},
								"up": {"uv": [38, 53], "uv_size": [0.4375, 1.8125]},
								"down": {"uv": [39, 54.8125], "uv_size": [0.4375, -1.8125]}
							}
						},
						{
							"origin": [0.47665, 2.71165, -3.9],
							"size": [0.32518, 0.1125, 7.225],
							"pivot": [-0.06806, 1.39572, -2.96392],
							"rotation": [0, 0, -45],
							"uv": {
								"north": {"uv": [66, 62], "uv_size": [0.4375, 0.125]},
								"east": {"uv": [61, 55], "uv_size": [1.8125, 0.125]},
								"south": {"uv": [63, 66], "uv_size": [0.4375, 0.125]},
								"west": {"uv": [61, 56], "uv_size": [1.8125, 0.125]},
								"up": {"uv": [40, 53], "uv_size": [0.4375, 1.8125]},
								"down": {"uv": [53, 44.8125], "uv_size": [0.4375, -1.8125]}
							}
						},
						{
							"origin": [0.19342, 2.92506, -3.9],
							"size": [0.32517, 0.1125, 7.225],
							"pivot": [-0.09285, 1.37917, -2.96392],
							"rotation": [0, 0, -22.5],
							"uv": {
								"north": {"uv": [66, 63], "uv_size": [0.4375, 0.125]},
								"east": {"uv": [57, 61], "uv_size": [1.8125, 0.125]},
								"south": {"uv": [64, 66], "uv_size": [0.4375, 0.125]},
								"west": {"uv": [61, 57], "uv_size": [1.8125, 0.125]},
								"up": {"uv": [45, 53], "uv_size": [0.4375, 1.8125]},
								"down": {"uv": [53, 46.8125], "uv_size": [0.4375, -1.8125]}
							}
						},
						{
							"origin": [-0.16259, 3.03281, -3.9],
							"size": [0.32518, 0.1125, 7.225],
							"uv": {
								"north": {"uv": [66, 64], "uv_size": [0.4375, 0.125]},
								"east": {"uv": [61, 58], "uv_size": [1.8125, 0.125]},
								"south": {"uv": [65, 66], "uv_size": [0.4375, 0.125]},
								"west": {"uv": [59, 61], "uv_size": [1.8125, 0.125]},
								"up": {"uv": [53, 47], "uv_size": [0.4375, 1.8125]},
								"down": {"uv": [50, 54.8125], "uv_size": [0.4375, -1.8125]}
							}
						},
						{
							"origin": [-0.53718, 3.01849, -3.9],
							"size": [0.32517, 0.1125, 7.225],
							"pivot": [-0.1513, 1.37916, -2.96392],
							"rotation": [0, 0, 22.5],
							"uv": {
								"north": {"uv": [66, 65], "uv_size": [0.4375, 0.125]},
								"east": {"uv": [61, 59], "uv_size": [1.8125, 0.125]},
								"south": {"uv": [66, 66], "uv_size": [0.4375, 0.125]},
								"west": {"uv": [61, 60], "uv_size": [1.8125, 0.125]},
								"up": {"uv": [53, 50], "uv_size": [0.4375, 1.8125]},
								"down": {"uv": [53, 53.8125], "uv_size": [0.4375, -1.8125]}
							}
						},
						{
							"origin": [-0.87333, 2.88427, -3.9],
							"size": [0.32518, 0.1125, 7.225],
							"pivot": [-0.17607, 1.39572, -2.96392],
							"rotation": [0, 0, 45],
							"uv": {
								"north": {"uv": [0, 67], "uv_size": [0.4375, 0.125]},
								"east": {"uv": [61, 61], "uv_size": [1.8125, 0.125]},
								"south": {"uv": [67, 0], "uv_size": [0.4375, 0.125]},
								"west": {"uv": [62, 32], "uv_size": [1.8125, 0.125]},
								"up": {"uv": [34, 54], "uv_size": [0.4375, 1.8125]},
								"down": {"uv": [35, 55.8125], "uv_size": [0.4375, -1.8125]}
							}
						},
						{
							"origin": [1.03748, 2.02254, -3.9],
							"size": [0.1125, 0.32518, 7.225],
							"pivot": [-0.19263, 1.42048, -2.96392],
							"rotation": [0, 0, -22.5],
							"uv": {
								"north": {"uv": [1, 67], "uv_size": [0.125, 0.4375]},
								"east": {"uv": [52, 40], "uv_size": [1.8125, 0.4375]},
								"south": {"uv": [67, 1], "uv_size": [0.125, 0.4375]},
								"west": {"uv": [54, 35], "uv_size": [1.8125, 0.4375]},
								"up": {"uv": [62, 33], "uv_size": [0.125, 1.8125]},
								"down": {"uv": [34, 63.8125], "uv_size": [0.125, -1.8125]}
							}
						},
						{
							"origin": [0.70489, 2.16533, -3.9],
							"size": [0.1125, 0.32518, 7.225],
							"uv": {
								"north": {"uv": [2, 67], "uv_size": [0.125, 0.4375]},
								"east": {"uv": [54, 36], "uv_size": [1.8125, 0.4375]},
								"south": {"uv": [67, 2], "uv_size": [0.125, 0.4375]},
								"west": {"uv": [54, 37], "uv_size": [1.8125, 0.4375]},
								"up": {"uv": [35, 62], "uv_size": [0.125, 1.8125]},
								"down": {"uv": [62, 36.8125], "uv_size": [0.125, -1.8125]}
							}
						},
						{
							"origin": [0.36534, 2.17442, -3.9],
							"size": [0.1125, 0.32517, 7.225],
							"pivot": [-0.19261, 1.47894, -2.96392],
							"rotation": [0, 0, 22.5],
							"uv": {
								"north": {"uv": [3, 67], "uv_size": [0.125, 0.4375]},
								"east": {"uv": [54, 39], "uv_size": [1.8125, 0.4375]},
								"south": {"uv": [67, 3], "uv_size": [0.125, 0.4375]},
								"west": {"uv": [54, 40], "uv_size": [1.8125, 0.4375]},
								"up": {"uv": [36, 62], "uv_size": [0.125, 1.8125]},
								"down": {"uv": [37, 63.8125], "uv_size": [0.125, -1.8125]}
							}
						},
						{
							"origin": [-0.49641, 2.08099, -3.9],
							"size": [0.1125, 0.32518, 7.225],
							"pivot": [-0.05152, 1.47894, -2.96392],
							"rotation": [0, 0, -22.5],
							"uv": {
								"north": {"uv": [4, 67], "uv_size": [0.125, 0.4375]},
								"east": {"uv": [41, 54], "uv_size": [1.8125, 0.4375]},
								"south": {"uv": [67, 4], "uv_size": [0.125, 0.4375]},
								"west": {"uv": [54, 43], "uv_size": [1.8125, 0.4375]},
								"up": {"uv": [38, 62], "uv_size": [0.125, 1.8125]},
								"down": {"uv": [39, 63.8125], "uv_size": [0.125, -1.8125]}
							}
						},
						{
							"origin": [-0.81738, 2.16534, -3.9],
							"size": [0.1125, 0.32518, 7.225],
							"uv": {
								"north": {"uv": [5, 67], "uv_size": [0.125, 0.4375]},
								"east": {"uv": [54, 44], "uv_size": [1.8125, 0.4375]},
								"south": {"uv": [67, 5], "uv_size": [0.125, 0.4375]},
								"west": {"uv": [54, 45], "uv_size": [1.8125, 0.4375]},
								"up": {"uv": [40, 62], "uv_size": [0.125, 1.8125]},
								"down": {"uv": [41, 63.8125], "uv_size": [0.125, -1.8125]}
							}
						},
						{
							"origin": [-1.16856, 2.11598, -3.9],
							"size": [0.1125, 0.32517, 7.225],
							"pivot": [-0.05151, 1.4205, -2.96392],
							"rotation": [0, 0, 22.5],
							"uv": {
								"north": {"uv": [6, 67], "uv_size": [0.125, 0.4375]},
								"east": {"uv": [54, 46], "uv_size": [1.8125, 0.4375]},
								"south": {"uv": [67, 6], "uv_size": [0.125, 0.4375]},
								"west": {"uv": [54, 47], "uv_size": [1.8125, 0.4375]},
								"up": {"uv": [42, 62], "uv_size": [0.125, 1.8125]},
								"down": {"uv": [43, 63.8125], "uv_size": [0.125, -1.8125]}
							}
						}
					]
				},
				{
					"name": "scope_inner",
					"parent": "elcan",
					"pivot": [0, 7.2, 0]
				},
				{
					"name": "hexadecagon2",
					"parent": "scope_inner",
					"pivot": [0, 8.33906, -3.34687]
				},
				{
					"name": "ocular_ring",
					"pivot": [0, 1.13906, 5.15],
					"cubes": [
						{
							"origin": [0.37949, 1.05811, 3],
							"size": [0.37518, 0.1125, 1.825],
							"pivot": [-0.14022, 1.49219, 0.53608],
							"rotation": [0, 0, -45],
							"uv": {
								"north": {"uv": [66, 57], "uv_size": [0.4375, 0.125]},
								"east": {"uv": [45, 61], "uv_size": [1.8125, 0.125]},
								"south": {"uv": [58, 66], "uv_size": [0.4375, 0.125]},
								"west": {"uv": [61, 45], "uv_size": [1.8125, 0.125]},
								"up": {"uv": [52, 44], "uv_size": [0.4375, 1.8125]},
								"down": {"uv": [48, 53.8125], "uv_size": [0.4375, -1.8125]}
							}
						},
						{
							"origin": [0.12937, 1.29365, 3],
							"size": [0.37517, 0.1125, 1.825],
							"pivot": [-0.13189, 1.49775, 0.53608],
							"rotation": [0, 0, -22.5],
							"uv": {
								"north": {"uv": [66, 58], "uv_size": [0.4375, 0.125]},
								"east": {"uv": [47, 61], "uv_size": [1.8125, 0.125]},
								"south": {"uv": [59, 66], "uv_size": [0.4375, 0.125]},
								"west": {"uv": [49, 61], "uv_size": [1.8125, 0.125]},
								"up": {"uv": [49, 52], "uv_size": [0.4375, 1.8125]},
								"down": {"uv": [52, 51.8125], "uv_size": [0.4375, -1.8125]}
							}
						},
						{
							"origin": [-0.18759, 1.40917, 3],
							"size": [0.37518, 0.1125, 1.825],
							"uv": {
								"north": {"uv": [66, 59], "uv_size": [0.4375, 0.125]},
								"east": {"uv": [61, 50], "uv_size": [1.8125, 0.125]},
								"south": {"uv": [60, 66], "uv_size": [0.4375, 0.125]},
								"west": {"uv": [51, 61], "uv_size": [1.8125, 0.125]},
								"up": {"uv": [51, 52], "uv_size": [0.4375, 1.8125]},
								"down": {"uv": [52, 53.8125], "uv_size": [0.4375, -1.8125]}
							}
						},
						{
							"origin": [-0.52312, 1.38708, 3],
							"size": [0.37517, 0.1125, 1.825],
							"pivot": [-0.11224, 1.49775, 0.53608],
							"rotation": [0, 0, 22.5],
							"uv": {
								"north": {"uv": [66, 60], "uv_size": [0.4375, 0.125]},
								"east": {"uv": [61, 51], "uv_size": [1.8125, 0.125]},
								"south": {"uv": [61, 66], "uv_size": [0.4375, 0.125]},
								"west": {"uv": [53, 61], "uv_size": [1.8125, 0.125]},
								"up": {"uv": [36, 53], "uv_size": [0.4375, 1.8125]},
								"down": {"uv": [37, 54.8125], "uv_size": [0.4375, -1.8125]}
							}
						},
						{
							"origin": [-0.82616, 1.23074, 3],
							"size": [0.37518, 0.1125, 1.825],
							"pivot": [-0.1039, 1.49219, 0.53608],
							"rotation": [0, 0, 45],
							"uv": {
								"north": {"uv": [66, 61], "uv_size": [0.4375, 0.125]},
								"east": {"uv": [61, 54], "uv_size": [1.8125, 0.125]},
								"south": {"uv": [62, 66], "uv_size": [0.4375, 0.125]},
								"west": {"uv": [55, 61], "uv_size": [1.8125, 0.125]},
								"up": {"uv": [38, 53], "uv_size": [0.4375, 1.8125]},
								"down": {"uv": [39, 54.8125], "uv_size": [0.4375, -1.8125]}
							}
						},
						{
							"origin": [0.41581, 2.8468, 3],
							"size": [0.37518, 0.1125, 1.825],
							"pivot": [-0.1039, 1.45587, 0.53608],
							"rotation": [0, 0, -45],
							"uv": {
								"north": {"uv": [66, 62], "uv_size": [0.4375, 0.125]},
								"east": {"uv": [61, 55], "uv_size": [1.8125, 0.125]},
								"south": {"uv": [63, 66], "uv_size": [0.4375, 0.125]},
								"west": {"uv": [61, 56], "uv_size": [1.8125, 0.125]},
								"up": {"uv": [40, 53], "uv_size": [0.4375, 1.8125]},
								"down": {"uv": [53, 44.8125], "uv_size": [0.4375, -1.8125]}
							}
						},
						{
							"origin": [0.14903, 3.0712, 3],
							"size": [0.37517, 0.1125, 1.825],
							"pivot": [-0.11224, 1.45031, 0.53608],
							"rotation": [0, 0, -22.5],
							"uv": {
								"north": {"uv": [66, 63], "uv_size": [0.4375, 0.125]},
								"east": {"uv": [57, 61], "uv_size": [1.8125, 0.125]},
								"south": {"uv": [64, 66], "uv_size": [0.4375, 0.125]},
								"west": {"uv": [61, 57], "uv_size": [1.8125, 0.125]},
								"up": {"uv": [45, 53], "uv_size": [0.4375, 1.8125]},
								"down": {"uv": [53, 46.8125], "uv_size": [0.4375, -1.8125]}
							}
						},
						{
							"origin": [-0.18759, 3.18281, 3],
							"size": [0.37518, 0.1125, 1.825],
							"uv": {
								"north": {"uv": [66, 64], "uv_size": [0.4375, 0.125]},
								"east": {"uv": [61, 58], "uv_size": [1.8125, 0.125]},
								"south": {"uv": [65, 66], "uv_size": [0.4375, 0.125]},
								"west": {"uv": [59, 61], "uv_size": [1.8125, 0.125]},
								"up": {"uv": [53, 47], "uv_size": [0.4375, 1.8125]},
								"down": {"uv": [50, 54.8125], "uv_size": [0.4375, -1.8125]}
							}
						},
						{
							"origin": [-0.54278, 3.16463, 3],
							"size": [0.37517, 0.1125, 1.825],
							"pivot": [-0.1319, 1.4503, 0.53608],
							"rotation": [0, 0, 22.5],
							"uv": {
								"north": {"uv": [66, 65], "uv_size": [0.4375, 0.125]},
								"east": {"uv": [61, 59], "uv_size": [1.8125, 0.125]},
								"south": {"uv": [66, 66], "uv_size": [0.4375, 0.125]},
								"west": {"uv": [61, 60], "uv_size": [1.8125, 0.125]},
								"up": {"uv": [53, 50], "uv_size": [0.4375, 1.8125]},
								"down": {"uv": [53, 53.8125], "uv_size": [0.4375, -1.8125]}
							}
						},
						{
							"origin": [-0.86249, 3.01943, 3],
							"size": [0.37518, 0.1125, 1.825],
							"pivot": [-0.14023, 1.45588, 0.53608],
							"rotation": [0, 0, 45],
							"uv": {
								"north": {"uv": [0, 67], "uv_size": [0.4375, 0.125]},
								"east": {"uv": [61, 61], "uv_size": [1.8125, 0.125]},
								"south": {"uv": [67, 0], "uv_size": [0.4375, 0.125]},
								"west": {"uv": [62, 32], "uv_size": [1.8125, 0.125]},
								"up": {"uv": [34, 54], "uv_size": [0.4375, 1.8125]},
								"down": {"uv": [35, 55.8125], "uv_size": [0.4375, -1.8125]}
							}
						},
						{
							"origin": [1.15931, 2.04126, 3],
							"size": [0.1125, 0.37518, 1.825],
							"pivot": [-0.1458, 1.4642, 0.53608],
							"rotation": [0, 0, -22.5],
							"uv": {
								"north": {"uv": [1, 67], "uv_size": [0.125, 0.4375]},
								"east": {"uv": [52, 40], "uv_size": [1.8125, 0.4375]},
								"south": {"uv": [67, 1], "uv_size": [0.125, 0.4375]},
								"west": {"uv": [54, 35], "uv_size": [1.8125, 0.4375]},
								"up": {"uv": [62, 33], "uv_size": [0.125, 1.8125]},
								"down": {"uv": [34, 63.8125], "uv_size": [0.125, -1.8125]}
							}
						},
						{
							"origin": [0.83057, 2.16465, 3],
							"size": [0.1125, 0.37518, 1.825],
							"uv": {
								"north": {"uv": [2, 67], "uv_size": [0.125, 0.4375]},
								"east": {"uv": [54, 36], "uv_size": [1.8125, 0.4375]},
								"south": {"uv": [67, 2], "uv_size": [0.125, 0.4375]},
								"west": {"uv": [54, 37], "uv_size": [1.8125, 0.4375]},
								"up": {"uv": [35, 62], "uv_size": [0.125, 1.8125]},
								"down": {"uv": [62, 36.8125], "uv_size": [0.125, -1.8125]}
							}
						},
						{
							"origin": [0.48716, 2.15434, 3],
							"size": [0.1125, 0.37517, 1.825],
							"pivot": [-0.14579, 1.48386, 0.53608],
							"rotation": [0, 0, 22.5],
							"uv": {
								"north": {"uv": [3, 67], "uv_size": [0.125, 0.4375]},
								"east": {"uv": [54, 39], "uv_size": [1.8125, 0.4375]},
								"south": {"uv": [67, 3], "uv_size": [0.125, 0.4375]},
								"west": {"uv": [54, 40], "uv_size": [1.8125, 0.4375]},
								"up": {"uv": [36, 62], "uv_size": [0.125, 1.8125]},
								"down": {"uv": [37, 63.8125], "uv_size": [0.125, -1.8125]}
							}
						},
						{
							"origin": [-0.61823, 2.06091, 3],
							"size": [0.1125, 0.37518, 1.825],
							"pivot": [-0.09834, 1.48386, 0.53608],
							"rotation": [0, 0, -22.5],
							"uv": {
								"north": {"uv": [4, 67], "uv_size": [0.125, 0.4375]},
								"east": {"uv": [41, 54], "uv_size": [1.8125, 0.4375]},
								"south": {"uv": [67, 4], "uv_size": [0.125, 0.4375]},
								"west": {"uv": [54, 43], "uv_size": [1.8125, 0.4375]},
								"up": {"uv": [38, 62], "uv_size": [0.125, 1.8125]},
								"down": {"uv": [39, 63.8125], "uv_size": [0.125, -1.8125]}
							}
						},
						{
							"origin": [-0.94307, 2.16465, 3],
							"size": [0.1125, 0.37518, 1.825],
							"uv": {
								"north": {"uv": [5, 67], "uv_size": [0.125, 0.4375]},
								"east": {"uv": [54, 44], "uv_size": [1.8125, 0.4375]},
								"south": {"uv": [67, 5], "uv_size": [0.125, 0.4375]},
								"west": {"uv": [54, 45], "uv_size": [1.8125, 0.4375]},
								"up": {"uv": [40, 62], "uv_size": [0.125, 1.8125]},
								"down": {"uv": [41, 63.8125], "uv_size": [0.125, -1.8125]}
							}
						},
						{
							"origin": [-1.29039, 2.13469, 3],
							"size": [0.1125, 0.37517, 1.825],
							"pivot": [-0.09834, 1.46421, 0.53608],
							"rotation": [0, 0, 22.5],
							"uv": {
								"north": {"uv": [6, 67], "uv_size": [0.125, 0.4375]},
								"east": {"uv": [54, 46], "uv_size": [1.8125, 0.4375]},
								"south": {"uv": [67, 6], "uv_size": [0.125, 0.4375]},
								"west": {"uv": [54, 47], "uv_size": [1.8125, 0.4375]},
								"up": {"uv": [42, 62], "uv_size": [0.125, 1.8125]},
								"down": {"uv": [43, 63.8125], "uv_size": [0.125, -1.8125]}
							}
						}
					]
				},
				{
					"name": "ocular",
					"pivot": [0, 1.77, 6.425],
					"cubes": [
						{
							"origin": [0.39502, 1.12678, 4.33125],
							"size": [0.38042, 1.7125, 0.225],
							"pivot": [-0.12207, 1.44835, 0.53608],
							"rotation": [0, 0, -45],
							"uv": {
								"south": {"uv": [57, 46], "uv_size": [0.375, 1.9375]}
							}
						},
						{
							"origin": [0.13658, 1.35675, 4.33125],
							"size": [0.38042, 1.7125, 0.225],
							"pivot": [-0.12207, 1.44835, 0.53608],
							"rotation": [0, 0, -22.5],
							"uv": {
								"south": {"uv": [47, 57], "uv_size": [0.375, 1.9375]}
							}
						},
						{
							"origin": [-0.19021, 1.47031, 4.33125],
							"size": [0.38042, 1.7125, 0.225],
							"uv": {
								"south": {"uv": [48, 57], "uv_size": [0.375, 1.9375]}
							}
						},
						{
							"origin": [-0.53558, 1.45018, 4.33125],
							"size": [0.38042, 1.7125, 0.225],
							"pivot": [-0.12207, 1.44835, 0.53608],
							"rotation": [0, 0, 22.5],
							"uv": {
								"south": {"uv": [57, 48], "uv_size": [0.375, 1.9375]}
							}
						},
						{
							"origin": [-0.84695, 1.2994, 4.33125],
							"size": [0.38042, 1.7125, 0.225],
							"pivot": [-0.12207, 1.44835, 0.53608],
							"rotation": [0, 0, 45],
							"uv": {
								"south": {"uv": [49, 57], "uv_size": [0.375, 1.9375]}
							}
						},
						{
							"origin": [-0.52946, 2.02279, 4.33125],
							"size": [1.7125, 0.38042, 0.225],
							"pivot": [-0.12207, 1.44835, 0.53608],
							"rotation": [0, 0, -22.5],
							"uv": {
								"south": {"uv": [50, 57], "uv_size": [1.9375, 0.375]}
							}
						},
						{
							"origin": [-0.85625, 2.13635, 4.33125],
							"size": [1.7125, 0.38042, 0.225],
							"uv": {
								"south": {"uv": [57, 50], "uv_size": [1.9375, 0.375]}
							}
						},
						{
							"origin": [-1.20162, 2.11622, 4.33125],
							"size": [1.7125, 0.38042, 0.225],
							"pivot": [-0.12207, 1.44835, 0.53608],
							"rotation": [0, 0, 22.5],
							"uv": {
								"south": {"uv": [57, 51], "uv_size": [1.9375, 0.375]}
							}
						}
					]
				},
				{
					"name": "scope_view",
					"pivot": [0, 2.18125, 8.65]
				},
				{
					"name": "division",
					"pivot": [0, 1.28125, -41],
					"cubes": [
						{
							"origin": [16, -13.71875, -43.45],
							"size": [34, 32, 2],
							"uv": {
								"south": {"uv": [0, 0], "uv_size": [34, 32]}
							}
						},
						{
							"origin": [-50, -13.71875, -43.45],
							"size": [34, 32, 2],
							"uv": {
								"south": {"uv": [0, 32], "uv_size": [34, 32]}
							}
						},
						{
							"origin": [-16, -13.71875, -43.45],
							"size": [32, 32, 2],
							"uv": {
								"south": {"uv": [34, 0], "uv_size": [32, 32]}
							}
						},
						{
							"origin": [1, 2.10938, -41.4375],
							"size": [15, 0.34375, 0],
							"uv": {
								"south": {"uv": [34, 33], "uv_size": [15, 0.375]}
							}
						},
						{
							"origin": [-16, 2.10938, -41.4375],
							"size": [15, 0.34375, 0],
							"uv": {
								"south": {"uv": [34, 34], "uv_size": [15, 0.375]}
							}
						},
						{
							"origin": [-16, 2.03125, -41.4375],
							"size": [15.6, 0.5, 0],
							"pivot": [0, 2.28125, -41.4375],
							"rotation": [0, 0, -90],
							"uv": {
								"south": {"uv": [34, 32], "uv_size": [15.625, 0.5]}
							}
						}
					]
				},
				{
					"name": "crosshair_illuminated",
					"parent": "division",
					"pivot": [0, 0.46875, -9],
					"cubes": [
						{
							"origin": [-0.5, 0.91875, -43.2],
							"size": [1, 1, 2],
							"pivot": [0, 1.41875, -42.2],
							"rotation": [0, 0, -45],
							"uv": {
								"south": {"uv": [49, 38], "uv_size": [1, 1]}
							}
						}
					]
				}
			]
		}
	]
}