{
	"pack_name": "{maid_pack.touhou_chronicle.name}",
	"model_list": [
		{
			"model_id": "touhou_chronicle:mokou",
			"description": ["{model.touhou_chronicle.mokou.desc}"]
		},
		{
			"model_id": "touhou_chronicle:kaguya",
			"description": ["{model.touhou_chronicle.kaguya.desc}"]
		},
		{
			"model_id": "touhou_chronicle:youmu",
			"description": ["{model.touhou_chronicle.youmu.desc}"]
		},
		{
			"model_id": "touhou_chronicle:yuyuko",
			"description": ["{model.touhou_chronicle.yuyuko.desc}"]
		},
		{
			"model_id": "touhou_chronicle:balck1",
			"description": ["{model.touhou_chronicle.balck1.desc}"]
		},
		{
			"model_id": "touhou_chronicle:black2",
			"description": ["{model.touhou_chronicle.black2.desc}"]
		},
		{
			"model_id": "touhou_chronicle:tenko",
			"description": ["{model.touhou_chronicle.tenko.desc}"]
		},
		{
			"model_id": "touhou_chronicle:iku",
			"description": ["{model.touhou_chronicle.iku.desc}"]
		},
		{
			"model_id": "touhou_chronicle:suika",
			"description": ["{model.touhou_chronicle.suika.desc}"]
		},
		{
			"model_id": "touhou_chronicle:yugi",
			"description": ["{model.touhou_chronicle.yugi.desc}"]
		},
		{
			"model_id": "touhou_chronicle:renko",
			"description": ["{model.touhou_chronicle.renko.desc}"]
		},
		{
			"model_id": "touhou_chronicle:meiri",
			"description": ["{model.touhou_chronicle.meiri.desc}"]
		},
		{
			"model_id": "touhou_chronicle:hina",
			"description": ["{model.touhou_chronicle.hina.desc}"]
		},
		{
			"model_id": "touhou_chronicle:sanae",
			"description": ["{model.touhou_chronicle.sanae.desc}"]
		},
		{
			"model_id": "touhou_chronicle:nitori",
			"description": ["{model.touhou_chronicle.nitori.desc}"]
		},
		{
			"model_id": "touhou_chronicle:suwako",
			"description": ["{model.touhou_chronicle.suwako.desc}"]
		},
		{
			"model_id": "touhou_chronicle:kanako",
			"description": ["{model.touhou_chronicle.kanako.desc}"]
		},
		{
			"model_id": "touhou_chronicle:mima",
			"description": ["{model.touhou_chronicle.mima.desc}"]
		},
		{
			"model_id": "touhou_chronicle:yuka",
			"description": ["{model.touhou_chronicle.yuka.desc}"]
		},
		{
			"model_id": "touhou_chronicle:hakurei_reimu",
			"description": ["{model.touhou_chronicle.hakurei_reimu.desc}"]
		},
		{
			"model_id": "touhou_chronicle:shinki",
			"description": ["{model.touhou_chronicle.shinki.desc}"]
		}
	],
	"version": "1.0.0",
	"author": ["Shuul_"],
	"description": ["{maid_pack.touhou_chronicle.desc}"],
	"date": "2024-09-15",
	"icon": "touhou_chronicle:textures/maid_icon.png"
}