{
	"format_version": "1.8.0",
	"animations": {
		"idle": {
			"loop": true,
			"animation_length": 2,
			"bones": {
				"dz": {
					"rotation": {
						"0.0": {
							"post": [0, 0, 0],
							"lerp_mode": "catmullrom"
						},
						"2.0": {
							"post": [0, 0, 0],
							"lerp_mode": "catmullrom"
						}
					},
					"position": ["math.sin(-90+q.anim_time*180)*-0.1", 0, 0]
				},
				"Head": {
					"rotation": {
						"0.0": {
							"post": ["query.head_pitch", "query.head_yaw", 0],
							"lerp_mode": "catmullrom"
						},
						"2.0": {
							"post": ["query.head_pitch", "query.head_yaw", 0],
							"lerp_mode": "catmullrom"
						}
					}
				},
				"RightArm": {
					"rotation": [0, 0, "math.sin(-90+q.anim_time*180)*2"]
				},
				"LeftArm": {
					"rotation": [0, 0, "-(math.sin(-90+q.anim_time*180)*2)"]
				},
				"Skirt": {
					"rotation": {
						"0.0": {
							"post": [0, 0, 0],
							"lerp_mode": "catmullrom"
						},
						"1.0": {
							"post": [0, 0, 0],
							"lerp_mode": "catmullrom"
						},
						"2.0": {
							"post": [0, 0, 0],
							"lerp_mode": "catmullrom"
						}
					}
				},
				"Root": {
					"scale": ["1+math.sin(-200+q.anim_time*180)*0.02", "1+math.sin(q.anim_time*180)*0.02", "1+math.sin(-180+q.anim_time*180)*0.02"]
				}
			}
		},
		"walk": {
			"loop": true,
			"animation_length": 5.8333,
			"bones": {
				"Root": {
					"rotation": {
						"0.0": [0, 0, 0],
						"1.5": [0, 0, 0],
						"1.625": {
							"pre": [0, 45, 0],
							"post": [0, 45, 0],
							"lerp_mode": "catmullrom"
						},
						"1.75": {
							"post": [0, 90, 0],
							"lerp_mode": "catmullrom"
						},
						"1.875": {
							"post": [0, 225, 0],
							"lerp_mode": "catmullrom"
						},
						"2.0": {
							"post": [0, 360, 0],
							"lerp_mode": "catmullrom"
						},
						"2.125": {
							"post": [0, 405, 0],
							"lerp_mode": "catmullrom"
						},
						"2.25": {
							"post": [0, 450, 0],
							"lerp_mode": "catmullrom"
						},
						"2.375": {
							"post": [0, 540, 0],
							"lerp_mode": "catmullrom"
						},
						"2.5": {
							"post": [0, 720, 0],
							"lerp_mode": "catmullrom"
						},
						"2.625": {
							"post": [0, 765, 0],
							"lerp_mode": "catmullrom"
						},
						"2.75": {
							"post": [0, 810, 0],
							"lerp_mode": "catmullrom"
						},
						"2.875": {
							"post": [0, 900, 0],
							"lerp_mode": "catmullrom"
						},
						"3.0": {
							"post": [0, 1080, 0],
							"lerp_mode": "catmullrom"
						},
						"3.125": {
							"post": [0, 1125, 0],
							"lerp_mode": "catmullrom"
						},
						"3.25": {
							"post": [0, 1170, 0],
							"lerp_mode": "catmullrom"
						},
						"3.375": {
							"post": [0, 1260, 0],
							"lerp_mode": "catmullrom"
						},
						"3.5": [0, 1440, 0],
						"5.8333": [0, 1440, 0]
					},
					"position": {
						"0.0": {
							"post": [0, 0, 0],
							"lerp_mode": "catmullrom"
						},
						"0.125": {
							"post": [0, 0, -0.4],
							"lerp_mode": "catmullrom"
						},
						"0.25": {
							"post": [0, 0, 0],
							"lerp_mode": "catmullrom"
						},
						"0.4167": {
							"post": [0, 0, 0],
							"lerp_mode": "catmullrom"
						},
						"0.5417": {
							"post": [0, 0, -0.4],
							"lerp_mode": "catmullrom"
						},
						"0.6667": {
							"post": [0, 0, 0],
							"lerp_mode": "catmullrom"
						},
						"0.8333": {
							"post": [0, 0, 0],
							"lerp_mode": "catmullrom"
						},
						"0.9583": {
							"post": [0, 0, -0.4],
							"lerp_mode": "catmullrom"
						},
						"1.0833": {
							"post": [0, 0, 0],
							"lerp_mode": "catmullrom"
						},
						"1.25": {
							"post": [0, 0, 0],
							"lerp_mode": "catmullrom"
						},
						"1.375": {
							"post": [0, 0, -0.4],
							"lerp_mode": "catmullrom"
						},
						"1.5": {
							"post": [0, 0, 0],
							"lerp_mode": "catmullrom"
						},
						"3.5": {
							"post": [0, 0, 0],
							"lerp_mode": "catmullrom"
						},
						"3.6667": {
							"post": [0, 10, 0],
							"lerp_mode": "catmullrom"
						},
						"3.8333": {
							"post": [0, 0, 0],
							"lerp_mode": "catmullrom"
						},
						"4.0": {
							"post": [0, 10, 0],
							"lerp_mode": "catmullrom"
						},
						"4.1667": {
							"post": [0, 0, 0],
							"lerp_mode": "catmullrom"
						},
						"4.3333": {
							"post": [0, 10, 0],
							"lerp_mode": "catmullrom"
						},
						"4.5": {
							"post": [0, 0, 0],
							"lerp_mode": "catmullrom"
						},
						"4.6667": {
							"post": [0, 10, 0],
							"lerp_mode": "catmullrom"
						},
						"4.8333": {
							"post": [0, 0, 0],
							"lerp_mode": "catmullrom"
						},
						"5.0": {
							"post": [0, 10, 0],
							"lerp_mode": "catmullrom"
						},
						"5.1667": {
							"post": [0, 0, 0],
							"lerp_mode": "catmullrom"
						},
						"5.3333": {
							"post": [0, 10, 0],
							"lerp_mode": "catmullrom"
						},
						"5.5": {
							"post": [0, 0, 0],
							"lerp_mode": "catmullrom"
						},
						"5.8333": {
							"post": [0, 0, 0],
							"lerp_mode": "catmullrom"
						}
					},
					"scale": {
						"0.0": {
							"post": [1.02, 0.95, 1.02],
							"lerp_mode": "catmullrom"
						},
						"0.125": {
							"post": [0.98, 1.05, 0.98],
							"lerp_mode": "catmullrom"
						},
						"0.25": {
							"post": [1.02, 0.95, 1.02],
							"lerp_mode": "catmullrom"
						},
						"0.4167": {
							"post": [1.02, 0.95, 1.02],
							"lerp_mode": "catmullrom"
						},
						"0.5417": {
							"post": [0.98, 1.05, 0.98],
							"lerp_mode": "catmullrom"
						},
						"0.6667": {
							"post": [1.02, 0.95, 1.02],
							"lerp_mode": "catmullrom"
						},
						"0.8333": {
							"post": [1.02, 0.95, 1.02],
							"lerp_mode": "catmullrom"
						},
						"0.9583": {
							"post": [0.98, 1.05, 0.98],
							"lerp_mode": "catmullrom"
						},
						"1.0833": {
							"post": [1.02, 0.95, 1.02],
							"lerp_mode": "catmullrom"
						},
						"1.25": {
							"post": [1.02, 0.95, 1.02],
							"lerp_mode": "catmullrom"
						},
						"1.375": {
							"post": [0.98, 1.05, 0.98],
							"lerp_mode": "catmullrom"
						},
						"1.5": {
							"post": [1.04, 0.9, 1.04],
							"lerp_mode": "catmullrom"
						},
						"1.75": {
							"post": [0.96, 1.1, 0.96],
							"lerp_mode": "catmullrom"
						},
						"2.0": {
							"post": [1.04, 0.9, 1.04],
							"lerp_mode": "catmullrom"
						},
						"2.25": {
							"post": [0.96, 1.1, 0.96],
							"lerp_mode": "catmullrom"
						},
						"2.5": {
							"post": [1.04, 0.9, 1.04],
							"lerp_mode": "catmullrom"
						},
						"2.75": {
							"post": [0.96, 1.1, 0.96],
							"lerp_mode": "catmullrom"
						},
						"3.0": {
							"post": [1.04, 0.9, 1.04],
							"lerp_mode": "catmullrom"
						},
						"3.25": {
							"post": [0.96, 1.1, 0.96],
							"lerp_mode": "catmullrom"
						},
						"3.5417": {
							"post": [1.04, 0.9, 1.04],
							"lerp_mode": "catmullrom"
						},
						"3.7083": {
							"post": [0.96, 1.1, 0.96],
							"lerp_mode": "catmullrom"
						},
						"3.875": {
							"post": [1.04, 0.9, 1.04],
							"lerp_mode": "catmullrom"
						},
						"4.0417": {
							"post": [0.96, 1.1, 0.96],
							"lerp_mode": "catmullrom"
						},
						"4.2083": {
							"post": [1.04, 0.9, 1.04],
							"lerp_mode": "catmullrom"
						},
						"4.375": {
							"post": [0.96, 1.1, 0.96],
							"lerp_mode": "catmullrom"
						},
						"4.5417": {
							"post": [1.04, 0.9, 1.04],
							"lerp_mode": "catmullrom"
						},
						"4.7083": {
							"post": [0.96, 1.1, 0.96],
							"lerp_mode": "catmullrom"
						},
						"4.875": {
							"post": [1.04, 0.9, 1.04],
							"lerp_mode": "catmullrom"
						},
						"5.0417": {
							"post": [0.96, 1.1, 0.96],
							"lerp_mode": "catmullrom"
						},
						"5.2083": {
							"post": [1.04, 0.9, 1.04],
							"lerp_mode": "catmullrom"
						},
						"5.375": {
							"post": [0.96, 1.1, 0.96],
							"lerp_mode": "catmullrom"
						},
						"5.5417": {
							"post": [1.04, 0.9, 1.04],
							"lerp_mode": "catmullrom"
						},
						"5.8333": {
							"post": [1.02, 0.95, 1.02],
							"lerp_mode": "catmullrom"
						}
					}
				},
				"Head": {
					"rotation": {
						"0.0": {
							"post": ["query.head_pitch", "query.head_yaw", 0],
							"lerp_mode": "catmullrom"
						},
						"5.8333": {
							"post": ["query.head_pitch", "query.head_yaw", 0],
							"lerp_mode": "catmullrom"
						}
					}
				},
				"RightArm": {
					"rotation": {
						"0.0": {
							"post": [2.5, 0, 0],
							"lerp_mode": "catmullrom"
						},
						"0.3333": {
							"post": [-2.5, 0, 0],
							"lerp_mode": "catmullrom"
						},
						"0.6667": {
							"post": [2.5, 0, 0],
							"lerp_mode": "catmullrom"
						},
						"1.0": {
							"post": [-2.5, 0, 0],
							"lerp_mode": "catmullrom"
						},
						"1.3333": {
							"post": [2.5, 0, 0],
							"lerp_mode": "catmullrom"
						},
						"1.6667": {
							"post": [-2.5, 0, 0],
							"lerp_mode": "catmullrom"
						},
						"2.0": {
							"post": [0, 0, 0],
							"lerp_mode": "catmullrom"
						},
						"5.1667": {
							"post": [2.5, 0, 0],
							"lerp_mode": "catmullrom"
						},
						"5.5": {
							"post": [-2.5, 0, 0],
							"lerp_mode": "catmullrom"
						},
						"5.8333": {
							"post": [2.5, 0, 0],
							"lerp_mode": "catmullrom"
						}
					}
				},
				"LeftArm": {
					"rotation": {
						"0.0": {
							"post": [-25, 0, 0],
							"lerp_mode": "catmullrom"
						},
						"0.3333": {
							"post": [25, 0, 0],
							"lerp_mode": "catmullrom"
						},
						"0.6667": {
							"post": [-25, 0, 0],
							"lerp_mode": "catmullrom"
						},
						"1.0": {
							"post": [25, 0, 0],
							"lerp_mode": "catmullrom"
						},
						"1.3333": {
							"post": [-25, 0, 0],
							"lerp_mode": "catmullrom"
						},
						"1.6667": {
							"post": [25, 0, 0],
							"lerp_mode": "catmullrom"
						},
						"2.0": {
							"post": [0, 0, 0],
							"lerp_mode": "catmullrom"
						},
						"5.1667": {
							"post": [-25, 0, 0],
							"lerp_mode": "catmullrom"
						},
						"5.5": {
							"post": [25, 0, 0],
							"lerp_mode": "catmullrom"
						},
						"5.8333": {
							"post": [-25, 0, 0],
							"lerp_mode": "catmullrom"
						}
					}
				},
				"dz": {
					"position": {
						"0.0": {
							"post": [0, 0, 0.1],
							"lerp_mode": "catmullrom"
						},
						"0.3333": {
							"post": [0, 0, 0],
							"lerp_mode": "catmullrom"
						},
						"0.6667": {
							"post": [0, 0, 0.1],
							"lerp_mode": "catmullrom"
						},
						"1.0": {
							"post": [0, 0, 0],
							"lerp_mode": "catmullrom"
						},
						"1.3333": {
							"post": [0, 0, 0.1],
							"lerp_mode": "catmullrom"
						},
						"1.6667": {
							"post": [0, 0, 0],
							"lerp_mode": "catmullrom"
						},
						"2.0": {
							"post": [0, 0, 0],
							"lerp_mode": "catmullrom"
						},
						"5.1667": {
							"post": [0, 0, 0.1],
							"lerp_mode": "catmullrom"
						},
						"5.5": {
							"post": [0, 0, 0],
							"lerp_mode": "catmullrom"
						},
						"5.8333": {
							"post": [0, 0, 0.1],
							"lerp_mode": "catmullrom"
						}
					}
				},
				"RightLeg": {
					"rotation": {
						"0.0": {
							"post": [-20, 0, 0],
							"lerp_mode": "catmullrom"
						},
						"0.3333": {
							"post": [20, 0, 0],
							"lerp_mode": "catmullrom"
						},
						"0.6667": {
							"post": [-20, 0, 0],
							"lerp_mode": "catmullrom"
						},
						"1.0": {
							"post": [20, 0, 0],
							"lerp_mode": "catmullrom"
						},
						"1.3333": {
							"post": [-20, 0, 0],
							"lerp_mode": "catmullrom"
						},
						"1.6667": {
							"post": [20, 0, 0],
							"lerp_mode": "catmullrom"
						},
						"2.0": {
							"post": [0, 0, 0],
							"lerp_mode": "catmullrom"
						},
						"5.1667": {
							"post": [-20, 0, 0],
							"lerp_mode": "catmullrom"
						},
						"5.5": {
							"post": [20, 0, 0],
							"lerp_mode": "catmullrom"
						},
						"5.8333": {
							"post": [-20, 0, 0],
							"lerp_mode": "catmullrom"
						}
					}
				},
				"LeftLeg": {
					"rotation": {
						"0.0": {
							"post": [20, 0, 0],
							"lerp_mode": "catmullrom"
						},
						"0.3333": {
							"post": [-20, 0, 0],
							"lerp_mode": "catmullrom"
						},
						"0.6667": {
							"post": [20, 0, 0],
							"lerp_mode": "catmullrom"
						},
						"1.0": {
							"post": [-20, 0, 0],
							"lerp_mode": "catmullrom"
						},
						"1.3333": {
							"post": [20, 0, 0],
							"lerp_mode": "catmullrom"
						},
						"1.6667": {
							"post": [-20, 0, 0],
							"lerp_mode": "catmullrom"
						},
						"2.0": {
							"post": [0, 0, 0],
							"lerp_mode": "catmullrom"
						},
						"5.1667": {
							"post": [20, 0, 0],
							"lerp_mode": "catmullrom"
						},
						"5.5": {
							"post": [-20, 0, 0],
							"lerp_mode": "catmullrom"
						},
						"5.8333": {
							"post": [20, 0, 0],
							"lerp_mode": "catmullrom"
						}
					}
				}
			}
		},
		"run": {
			"loop": true,
			"animation_length": 5.8333,
			"bones": {
				"dz": {
					"position": {
						"0.0": {
							"post": [0, 0, 0.1],
							"lerp_mode": "catmullrom"
						},
						"0.3333": {
							"post": [0, 0, 0],
							"lerp_mode": "catmullrom"
						},
						"0.6667": {
							"post": [0, 0, 0.1],
							"lerp_mode": "catmullrom"
						},
						"1.0": {
							"post": [0, 0, 0],
							"lerp_mode": "catmullrom"
						},
						"1.3333": {
							"post": [0, 0, 0.1],
							"lerp_mode": "catmullrom"
						},
						"1.6667": {
							"post": [0, 0, 0],
							"lerp_mode": "catmullrom"
						},
						"2.0": {
							"post": [0, 0, 0],
							"lerp_mode": "catmullrom"
						},
						"5.1667": {
							"post": [0, 0, 0.1],
							"lerp_mode": "catmullrom"
						},
						"5.5": {
							"post": [0, 0, 0],
							"lerp_mode": "catmullrom"
						},
						"5.8333": {
							"post": [0, 0, 0.1],
							"lerp_mode": "catmullrom"
						}
					}
				},
				"Head": {
					"rotation": {
						"0.0": {
							"post": ["query.head_pitch", "query.head_yaw", 0],
							"lerp_mode": "catmullrom"
						},
						"5.8333": {
							"post": ["query.head_pitch", "query.head_yaw", 0],
							"lerp_mode": "catmullrom"
						}
					}
				},
				"RightArm": {
					"rotation": {
						"0.0": {
							"post": [2.5, 0, 0],
							"lerp_mode": "catmullrom"
						},
						"0.3333": {
							"post": [-2.5, 0, 0],
							"lerp_mode": "catmullrom"
						},
						"0.6667": {
							"post": [2.5, 0, 0],
							"lerp_mode": "catmullrom"
						},
						"1.0": {
							"post": [-2.5, 0, 0],
							"lerp_mode": "catmullrom"
						},
						"1.3333": {
							"post": [2.5, 0, 0],
							"lerp_mode": "catmullrom"
						},
						"1.6667": {
							"post": [-2.5, 0, 0],
							"lerp_mode": "catmullrom"
						},
						"2.0": {
							"post": [0, 0, 0],
							"lerp_mode": "catmullrom"
						},
						"5.1667": {
							"post": [2.5, 0, 0],
							"lerp_mode": "catmullrom"
						},
						"5.5": {
							"post": [-2.5, 0, 0],
							"lerp_mode": "catmullrom"
						},
						"5.8333": {
							"post": [2.5, 0, 0],
							"lerp_mode": "catmullrom"
						}
					}
				},
				"LeftArm": {
					"rotation": {
						"0.0": {
							"post": [-25, 0, 0],
							"lerp_mode": "catmullrom"
						},
						"0.3333": {
							"post": [25, 0, 0],
							"lerp_mode": "catmullrom"
						},
						"0.6667": {
							"post": [-25, 0, 0],
							"lerp_mode": "catmullrom"
						},
						"1.0": {
							"post": [25, 0, 0],
							"lerp_mode": "catmullrom"
						},
						"1.3333": {
							"post": [-25, 0, 0],
							"lerp_mode": "catmullrom"
						},
						"1.6667": {
							"post": [25, 0, 0],
							"lerp_mode": "catmullrom"
						},
						"2.0": {
							"post": [0, 0, 0],
							"lerp_mode": "catmullrom"
						},
						"5.1667": {
							"post": [-25, 0, 0],
							"lerp_mode": "catmullrom"
						},
						"5.5": {
							"post": [25, 0, 0],
							"lerp_mode": "catmullrom"
						},
						"5.8333": {
							"post": [-25, 0, 0],
							"lerp_mode": "catmullrom"
						}
					}
				},
				"LeftLeg": {
					"rotation": {
						"0.0": {
							"post": [20, 0, 0],
							"lerp_mode": "catmullrom"
						},
						"0.3333": {
							"post": [-20, 0, 0],
							"lerp_mode": "catmullrom"
						},
						"0.6667": {
							"post": [20, 0, 0],
							"lerp_mode": "catmullrom"
						},
						"1.0": {
							"post": [-20, 0, 0],
							"lerp_mode": "catmullrom"
						},
						"1.3333": {
							"post": [20, 0, 0],
							"lerp_mode": "catmullrom"
						},
						"1.6667": {
							"post": [-20, 0, 0],
							"lerp_mode": "catmullrom"
						},
						"2.0": {
							"post": [0, 0, 0],
							"lerp_mode": "catmullrom"
						},
						"5.1667": {
							"post": [20, 0, 0],
							"lerp_mode": "catmullrom"
						},
						"5.5": {
							"post": [-20, 0, 0],
							"lerp_mode": "catmullrom"
						},
						"5.8333": {
							"post": [20, 0, 0],
							"lerp_mode": "catmullrom"
						}
					}
				},
				"RightLeg": {
					"rotation": {
						"0.0": {
							"post": [-20, 0, 0],
							"lerp_mode": "catmullrom"
						},
						"0.3333": {
							"post": [20, 0, 0],
							"lerp_mode": "catmullrom"
						},
						"0.6667": {
							"post": [-20, 0, 0],
							"lerp_mode": "catmullrom"
						},
						"1.0": {
							"post": [20, 0, 0],
							"lerp_mode": "catmullrom"
						},
						"1.3333": {
							"post": [-20, 0, 0],
							"lerp_mode": "catmullrom"
						},
						"1.6667": {
							"post": [20, 0, 0],
							"lerp_mode": "catmullrom"
						},
						"2.0": {
							"post": [0, 0, 0],
							"lerp_mode": "catmullrom"
						},
						"5.1667": {
							"post": [-20, 0, 0],
							"lerp_mode": "catmullrom"
						},
						"5.5": {
							"post": [20, 0, 0],
							"lerp_mode": "catmullrom"
						},
						"5.8333": {
							"post": [-20, 0, 0],
							"lerp_mode": "catmullrom"
						}
					}
				},
				"Root": {
					"rotation": {
						"0.0": [0, 0, 0],
						"1.5": [0, 0, 0],
						"1.6667": {
							"pre": [0, 45, 0],
							"post": [0, 45, 0],
							"lerp_mode": "catmullrom"
						},
						"1.75": {
							"post": [0, 90, 0],
							"lerp_mode": "catmullrom"
						},
						"1.9167": {
							"post": [0, 225, 0],
							"lerp_mode": "catmullrom"
						},
						"2.0": {
							"post": [0, 360, 0],
							"lerp_mode": "catmullrom"
						},
						"2.1667": {
							"post": [0, 405, 0],
							"lerp_mode": "catmullrom"
						},
						"2.25": {
							"post": [0, 450, 0],
							"lerp_mode": "catmullrom"
						},
						"2.4167": {
							"post": [0, 540, 0],
							"lerp_mode": "catmullrom"
						},
						"2.5": {
							"post": [0, 720, 0],
							"lerp_mode": "catmullrom"
						},
						"2.6667": {
							"post": [0, 765, 0],
							"lerp_mode": "catmullrom"
						},
						"2.75": {
							"post": [0, 810, 0],
							"lerp_mode": "catmullrom"
						},
						"2.9167": {
							"post": [0, 900, 0],
							"lerp_mode": "catmullrom"
						},
						"3.0": {
							"post": [0, 1080, 0],
							"lerp_mode": "catmullrom"
						},
						"3.1667": {
							"post": [0, 1125, 0],
							"lerp_mode": "catmullrom"
						},
						"3.25": {
							"post": [0, 1170, 0],
							"lerp_mode": "catmullrom"
						},
						"3.4167": {
							"post": [0, 1260, 0],
							"lerp_mode": "catmullrom"
						},
						"3.5": [0, 1440, 0],
						"5.8333": [0, 1440, 0]
					},
					"position": {
						"0.0": {
							"post": [0, 0, 0],
							"lerp_mode": "catmullrom"
						},
						"0.1667": {
							"post": [0, 0, -0.4],
							"lerp_mode": "catmullrom"
						},
						"0.25": {
							"post": [0, 0, 0],
							"lerp_mode": "catmullrom"
						},
						"0.4167": {
							"post": [0, 0, 0],
							"lerp_mode": "catmullrom"
						},
						"0.5833": {
							"post": [0, 0, -0.4],
							"lerp_mode": "catmullrom"
						},
						"0.6667": {
							"post": [0, 0, 0],
							"lerp_mode": "catmullrom"
						},
						"0.8333": {
							"post": [0, 0, 0],
							"lerp_mode": "catmullrom"
						},
						"1.0": {
							"post": [0, 0, -0.4],
							"lerp_mode": "catmullrom"
						},
						"1.0833": {
							"post": [0, 0, 0],
							"lerp_mode": "catmullrom"
						},
						"1.25": {
							"post": [0, 0, 0],
							"lerp_mode": "catmullrom"
						},
						"1.4167": {
							"post": [0, 0, -0.4],
							"lerp_mode": "catmullrom"
						},
						"1.5": {
							"post": [0, 0, 0],
							"lerp_mode": "catmullrom"
						},
						"3.5": {
							"post": [0, 0, 0],
							"lerp_mode": "catmullrom"
						},
						"3.6667": {
							"post": [0, 10, 0],
							"lerp_mode": "catmullrom"
						},
						"3.8333": {
							"post": [0, 0, 0],
							"lerp_mode": "catmullrom"
						},
						"4.0": {
							"post": [0, 10, 0],
							"lerp_mode": "catmullrom"
						},
						"4.1667": {
							"post": [0, 0, 0],
							"lerp_mode": "catmullrom"
						},
						"4.3333": {
							"post": [0, 10, 0],
							"lerp_mode": "catmullrom"
						},
						"4.5": {
							"post": [0, 0, 0],
							"lerp_mode": "catmullrom"
						},
						"4.6667": {
							"post": [0, 10, 0],
							"lerp_mode": "catmullrom"
						},
						"4.8333": {
							"post": [0, 0, 0],
							"lerp_mode": "catmullrom"
						},
						"5.0": {
							"post": [0, 10, 0],
							"lerp_mode": "catmullrom"
						},
						"5.1667": {
							"post": [0, 0, 0],
							"lerp_mode": "catmullrom"
						},
						"5.3333": {
							"post": [0, 10, 0],
							"lerp_mode": "catmullrom"
						},
						"5.5": {
							"post": [0, 0, 0],
							"lerp_mode": "catmullrom"
						},
						"5.8333": {
							"post": [0, 0, 0],
							"lerp_mode": "catmullrom"
						}
					},
					"scale": {
						"0.0": {
							"post": [1.02, 0.95, 1.02],
							"lerp_mode": "catmullrom"
						},
						"0.1667": {
							"post": [0.98, 1.05, 0.98],
							"lerp_mode": "catmullrom"
						},
						"0.25": {
							"post": [1.02, 0.95, 1.02],
							"lerp_mode": "catmullrom"
						},
						"0.4167": {
							"post": [1.02, 0.95, 1.02],
							"lerp_mode": "catmullrom"
						},
						"0.5833": {
							"post": [0.98, 1.05, 0.98],
							"lerp_mode": "catmullrom"
						},
						"0.6667": {
							"post": [1.02, 0.95, 1.02],
							"lerp_mode": "catmullrom"
						},
						"0.8333": {
							"post": [1.02, 0.95, 1.02],
							"lerp_mode": "catmullrom"
						},
						"1.0": {
							"post": [0.98, 1.05, 0.98],
							"lerp_mode": "catmullrom"
						},
						"1.0833": {
							"post": [1.02, 0.95, 1.02],
							"lerp_mode": "catmullrom"
						},
						"1.25": {
							"post": [1.02, 0.95, 1.02],
							"lerp_mode": "catmullrom"
						},
						"1.4167": {
							"post": [0.98, 1.05, 0.98],
							"lerp_mode": "catmullrom"
						},
						"1.5": {
							"post": [1.04, 0.9, 1.04],
							"lerp_mode": "catmullrom"
						},
						"1.75": {
							"post": [0.96, 1.1, 0.96],
							"lerp_mode": "catmullrom"
						},
						"2.0": {
							"post": [1.04, 0.9, 1.04],
							"lerp_mode": "catmullrom"
						},
						"2.25": {
							"post": [0.96, 1.1, 0.96],
							"lerp_mode": "catmullrom"
						},
						"2.5": {
							"post": [1.04, 0.9, 1.04],
							"lerp_mode": "catmullrom"
						},
						"2.75": {
							"post": [0.96, 1.1, 0.96],
							"lerp_mode": "catmullrom"
						},
						"3.0": {
							"post": [1.04, 0.9, 1.04],
							"lerp_mode": "catmullrom"
						},
						"3.25": {
							"post": [0.96, 1.1, 0.96],
							"lerp_mode": "catmullrom"
						},
						"3.5833": {
							"post": [1.04, 0.9, 1.04],
							"lerp_mode": "catmullrom"
						},
						"3.75": {
							"post": [0.96, 1.1, 0.96],
							"lerp_mode": "catmullrom"
						},
						"3.9167": {
							"post": [1.04, 0.9, 1.04],
							"lerp_mode": "catmullrom"
						},
						"4.0833": {
							"post": [0.96, 1.1, 0.96],
							"lerp_mode": "catmullrom"
						},
						"4.25": {
							"post": [1.04, 0.9, 1.04],
							"lerp_mode": "catmullrom"
						},
						"4.4167": {
							"post": [0.96, 1.1, 0.96],
							"lerp_mode": "catmullrom"
						},
						"4.5833": {
							"post": [1.04, 0.9, 1.04],
							"lerp_mode": "catmullrom"
						},
						"4.75": {
							"post": [0.96, 1.1, 0.96],
							"lerp_mode": "catmullrom"
						},
						"4.9167": {
							"post": [1.04, 0.9, 1.04],
							"lerp_mode": "catmullrom"
						},
						"5.0833": {
							"post": [0.96, 1.1, 0.96],
							"lerp_mode": "catmullrom"
						},
						"5.25": {
							"post": [1.04, 0.9, 1.04],
							"lerp_mode": "catmullrom"
						},
						"5.4167": {
							"post": [0.96, 1.1, 0.96],
							"lerp_mode": "catmullrom"
						},
						"5.5833": {
							"post": [1.04, 0.9, 1.04],
							"lerp_mode": "catmullrom"
						},
						"5.8333": {
							"post": [1.02, 0.95, 1.02],
							"lerp_mode": "catmullrom"
						}
					}
				}
			}
		},
		"sit": {
			"loop": true,
			"bones": {
				"LeftLeg": {
					"rotation": [-60, 0, 0]
				},
				"RightLeg": {
					"rotation": [-57.5, 0, 0]
				},
				"Skirt": {
					"rotation": [-10, 0, 0]
				},
				"qz2": {
					"rotation": [-25, 0, 0]
				},
				"AllBody": {
					"position": [0, -1, 0]
				}
			}
		},
		"sleep": {
			"loop": true,
			"animation_length": 1.875,
			"bones": {
				"lj2": {
					"position": [0, 1, 0]
				},
				"lj": {
					"position": [0, -1, 0]
				},
				"lj3": {
					"position": [0, 1, 0]
				},
				"lj4": {
					"position": [0, -1, 0]
				},
				"MS2": {
					"rotation": [0, 0, -10],
					"position": [0, -1.3, 0]
				},
				"MS": {
					"rotation": [0, 0, 7.5],
					"position": [0, -1.2, 0]
				},
				"Zui4": {
					"position": [0, 0, -1]
				}
			}
		},
		"attacked": {
			"loop": true,
			"bones": {
				"lj2": {
					"position": [0, 1, 0]
				},
				"lj": {
					"position": [0, -1, 0]
				},
				"lj3": {
					"position": [0, 1, 0]
				},
				"lj4": {
					"position": [0, -1, 0]
				},
				"MS2": {
					"rotation": [0, 0, -10],
					"position": [0, -1.3, 0]
				},
				"MS": {
					"rotation": [0, 0, 7.5],
					"position": [0, -1.2, 0]
				},
				"Zui4": {
					"position": [0, 0, 0]
				},
				"Zui3": {
					"position": [0, 0, -2]
				},
				"Zui6": {
					"position": [0, 0, -1]
				}
			}
		}
	}
}