{
	"format_version": "1.12.0",
	"minecraft:geometry": [
		{
			"description": {
				"identifier": "geometry.upgrade_bench - Converted",
				"texture_width": 128,
				"texture_height": 128,
				"visible_bounds_width": 5,
				"visible_bounds_height": 2.5,
				"visible_bounds_offset": [0, 0.75, 0]
			},
			"bones": [
				{
					"name": "root",
					"pivot": [0, 0, 0]
				},
				{
					"name": "gun",
					"parent": "root",
					"pivot": [18.685, 14.775, -2.675],
					"rotation": [-132.5, 0, 90]
				},
				{
					"name": "bone7",
					"parent": "gun",
					"pivot": [18.685, 16.12196, -3.98698],
					"cubes": [
						{
							"origin": [18.68507, 14.36173, -4.05585],
							"size": [0, 0.76532, 0.90308],
							"uv": {
								"north": {"uv": [0, 0], "uv_size": [0, 1]},
								"east": {"uv": [26, 63], "uv_size": [1, 1]},
								"south": {"uv": [0, 0], "uv_size": [0, 1]},
								"west": {"uv": [33, 52], "uv_size": [1, 1]},
								"up": {"uv": [0, 1], "uv_size": [0, -1]},
								"down": {"uv": [0, 0], "uv_size": [0, 1]}
							}
						},
						{
							"origin": [18.48609, 15.18867, -5.61566],
							"size": [0.39797, 0.41327, 6.81134],
							"uv": {
								"north": {"uv": [18, 67], "uv_size": [0.5, 0.5]},
								"east": {"uv": [59, 59], "uv_size": [7, 0.5]},
								"south": {"uv": [67, 17], "uv_size": [0.5, 0.5]},
								"west": {"uv": [59, 58], "uv_size": [7, 0.5]},
								"up": {"uv": [13.5, 66], "uv_size": [-0.5, -7]},
								"down": {"uv": [33.5, 59], "uv_size": [-0.5, 7]}
							}
						},
						{
							"origin": [18.45548, 14.88255, 0.35383],
							"size": [0.45919, 0.41327, 0.41327],
							"uv": {
								"north": {"uv": [67, 19], "uv_size": [0.5, 0.5]},
								"east": {"uv": [20, 67], "uv_size": [0.5, 0.5]},
								"south": {"uv": [67, 18], "uv_size": [0.5, 0.5]},
								"west": {"uv": [19, 67], "uv_size": [0.5, 0.5]},
								"up": {"uv": [67.5, 20.5], "uv_size": [-0.5, -0.5]},
								"down": {"uv": [21.5, 67], "uv_size": [-0.5, 0.5]}
							}
						},
						{
							"origin": [18.53201, 14.95908, 0.43036],
							"size": [0.30613, 0.26021, 0.26021],
							"uv": {
								"north": {"uv": [67, 22], "uv_size": [0.5, 0.5]},
								"east": {"uv": [23, 67], "uv_size": [0.5, 0.5]},
								"south": {"uv": [67, 21], "uv_size": [0.5, 0.5]},
								"west": {"uv": [22, 67], "uv_size": [0.5, 0.5]},
								"up": {"uv": [67.5, 23.5], "uv_size": [-0.5, -0.5]},
								"down": {"uv": [24.5, 67], "uv_size": [-0.5, 0.5]}
							}
						},
						{
							"origin": [18.48609, 15.57133, -5.30188],
							"size": [0.39797, 0.41327, 2.36483],
							"uv": {
								"north": {"uv": [25, 67], "uv_size": [0.5, 0.5]},
								"east": {"uv": [17, 61], "uv_size": [2.5, 0.5]},
								"south": {"uv": [67, 24], "uv_size": [0.5, 0.5]},
								"west": {"uv": [14, 61], "uv_size": [2.5, 0.5]},
								"up": {"uv": [12.5, 63.5], "uv_size": [-0.5, -2.5]},
								"down": {"uv": [20.5, 61], "uv_size": [-0.5, 2.5]}
							}
						},
						{
							"origin": [18.48609, 15.83154, -5.82995],
							"size": [0.39797, 0.31378, 0.53572],
							"uv": {
								"north": {"uv": [67, 26], "uv_size": [0.5, 0.5]},
								"east": {"uv": [27, 67], "uv_size": [0.5, 0.5]},
								"south": {"uv": [67, 25], "uv_size": [0.5, 0.5]},
								"west": {"uv": [26, 67], "uv_size": [0.5, 0.5]},
								"up": {"uv": [67.5, 27.5], "uv_size": [-0.5, -0.5]},
								"down": {"uv": [28.5, 67], "uv_size": [-0.5, 0.5]}
							}
						},
						{
							"origin": [18.46875, 16.08206, -5.80138],
							"size": [0.43266, 0.14184, 0.31021],
							"inflate": -0.025,
							"pivot": [18.68507, 15.85833, -5.58122],
							"rotation": [15, 0, 0],
							"uv": {
								"north": {"uv": [67, 29], "uv_size": [0.5, 0.5]},
								"east": {"uv": [30, 67], "uv_size": [0.5, 0.5]},
								"south": {"uv": [67, 28], "uv_size": [0.5, 0.5]},
								"west": {"uv": [29, 67], "uv_size": [0.5, 0.5]},
								"up": {"uv": [31.5, 67.5], "uv_size": [-0.5, -0.5]},
								"down": {"uv": [32.5, 67], "uv_size": [-0.5, 0.5]}
							}
						},
						{
							"origin": [18.48609, 15.57133, -2.26356],
							"size": [0.39797, 0.41327, 0.62756],
							"uv": {
								"north": {"uv": [34, 67], "uv_size": [0.5, 0.5]},
								"east": {"uv": [67, 34], "uv_size": [0.5, 0.5]},
								"south": {"uv": [33, 67], "uv_size": [0.5, 0.5]},
								"west": {"uv": [67, 33], "uv_size": [0.5, 0.5]},
								"up": {"uv": [35.5, 67.5], "uv_size": [-0.5, -0.5]},
								"down": {"uv": [67.5, 35], "uv_size": [-0.5, 0.5]}
							}
						},
						{
							"origin": [18.56263, 15.57133, -2.9447],
							"size": [0.32143, 0.41327, 0.69644],
							"uv": {
								"north": {"uv": [37, 67], "uv_size": [0.5, 0.5]},
								"east": {"uv": [67, 37], "uv_size": [0.5, 0.5]},
								"south": {"uv": [36, 67], "uv_size": [0.5, 0.5]},
								"west": {"uv": [67, 36], "uv_size": [0.5, 0.5]},
								"up": {"uv": [38.5, 67.5], "uv_size": [-0.5, -0.5]},
								"down": {"uv": [67.5, 38], "uv_size": [-0.5, 0.5]}
							}
						},
						{
							"origin": [18.33303, 15.77797, -3.18195],
							"size": [0.2449, 0.20663, 1.01022],
							"uv": {
								"north": {"uv": [67, 39], "uv_size": [0.5, 0.5]},
								"east": {"uv": [46, 65], "uv_size": [1, 0.5]},
								"south": {"uv": [39, 67], "uv_size": [0.5, 0.5]},
								"west": {"uv": [45, 65], "uv_size": [1, 0.5]},
								"up": {"uv": [47.5, 66], "uv_size": [-0.5, -1]},
								"down": {"uv": [48.5, 65], "uv_size": [-0.5, 1]}
							}
						},
						{
							"origin": [18.16898, 15.75245, -3.18195],
							"size": [0.26021, 0, 1.01022],
							"pivot": [18.23021, 15.69888, -2.67684],
							"rotation": [0, 0, -45],
							"uv": {
								"north": {"uv": [0, 0], "uv_size": [0.5, 0]},
								"east": {"uv": [0, 0], "uv_size": [1, 0]},
								"south": {"uv": [0, 0], "uv_size": [0.5, 0]},
								"west": {"uv": [0, 0], "uv_size": [1, 0]},
								"up": {"uv": [49.5, 66], "uv_size": [-0.5, -1]},
								"down": {"uv": [65.5, 49], "uv_size": [-0.5, 1]}
							}
						},
						{
							"origin": [18.64899, 15.8545, -2.17897],
							"size": [0.09949, 0.1301, 0],
							"pivot": [18.54949, 15.93103, -1.67386],
							"rotation": [0, 45, 0],
							"uv": {
								"north": {"uv": [67, 40], "uv_size": [0.5, 0.5]},
								"east": {"uv": [0, 0], "uv_size": [0, 0.5]},
								"south": {"uv": [40, 67], "uv_size": [0.5, 0.5]},
								"west": {"uv": [0, 0], "uv_size": [0, 0.5]},
								"up": {"uv": [0.5, 0], "uv_size": [-0.5, 0]},
								"down": {"uv": [0.5, 0], "uv_size": [-0.5, 0]}
							}
						},
						{
							"origin": [18.24789, 15.8545, -3.21691],
							"size": [0.09949, 0.1301, 0],
							"pivot": [18.29764, 15.93103, -3.21691],
							"rotation": [0, -45, 0],
							"uv": {
								"north": {"uv": [67, 41], "uv_size": [0.5, 0.5]},
								"east": {"uv": [0, 0], "uv_size": [0, 0.5]},
								"south": {"uv": [41, 67], "uv_size": [0.5, 0.5]},
								"west": {"uv": [0, 0], "uv_size": [0, 0.5]},
								"up": {"uv": [0.5, 0], "uv_size": [-0.5, 0]},
								"down": {"uv": [0.5, 0], "uv_size": [-0.5, 0]}
							}
						},
						{
							"origin": [18.4854, 15.225, -5.69604],
							"size": [0.39935, 0.5218, 0.28456],
							"inflate": -0.001,
							"pivot": [18.68507, 15.48973, -5.5308],
							"rotation": [15, 0, 0],
							"uv": {
								"north": {"uv": [43, 67], "uv_size": [0.5, 0.5]},
								"east": {"uv": [67, 43], "uv_size": [0.5, 0.5]},
								"south": {"uv": [42, 67], "uv_size": [0.5, 0.5]},
								"west": {"uv": [67, 42], "uv_size": [0.5, 0.5]},
								"up": {"uv": [44.5, 67.5], "uv_size": [-0.5, -0.5]},
								"down": {"uv": [67.5, 44], "uv_size": [-0.5, 0.5]}
							}
						},
						{
							"origin": [18.56263, 15.95359, -2.08898],
							"size": [0.2449, 0.31378, 0.45154],
							"uv": {
								"north": {"uv": [46, 67], "uv_size": [0.5, 0.5]},
								"east": {"uv": [67, 46], "uv_size": [0.5, 0.5]},
								"south": {"uv": [45, 67], "uv_size": [0.5, 0.5]},
								"west": {"uv": [67, 45], "uv_size": [0.5, 0.5]},
								"up": {"uv": [47.5, 67.5], "uv_size": [-0.5, -0.5]},
								"down": {"uv": [67.5, 47], "uv_size": [-0.5, 0.5]}
							}
						},
						{
							"origin": [18.63916, 15.64746, -4.0482],
							"size": [0.08418, 0.02296, 0.08419],
							"uv": {
								"north": {"uv": [49, 67], "uv_size": [0.5, 0.5]},
								"east": {"uv": [67, 49], "uv_size": [0.5, 0.5]},
								"south": {"uv": [48, 67], "uv_size": [0.5, 0.5]},
								"west": {"uv": [67, 48], "uv_size": [0.5, 0.5]},
								"up": {"uv": [50.5, 67.5], "uv_size": [-0.5, -0.5]},
								"down": {"uv": [67.5, 50], "uv_size": [-0.5, 0.5]}
							}
						}
					]
				},
				{
					"name": "bone20",
					"parent": "bone7",
					"pivot": [18.685, 16.49354, -2.78398],
					"cubes": [
						{
							"origin": [18.39222, 15.55398, -5.81668],
							"size": [0.58572, 0.31786, 7.05267],
							"inflate": -0.025,
							"uv": {
								"north": {"uv": [67, 51], "uv_size": [0.5, 0.5]},
								"east": {"uv": [60, 21], "uv_size": [7, 0.5]},
								"south": {"uv": [51, 67], "uv_size": [0.5, 0.5]},
								"west": {"uv": [0, 60], "uv_size": [7, 0.5]},
								"up": {"uv": [38.5, 66], "uv_size": [-0.5, -7]},
								"down": {"uv": [39.5, 59], "uv_size": [-0.5, 7]}
							}
						},
						{
							"origin": [18.69834, 15.61521, -3.15727],
							"size": [0.31021, 0.19541, 1.29747],
							"inflate": -0.025,
							"uv": {
								"north": {"uv": [67, 52], "uv_size": [0.5, 0.5]},
								"east": {"uv": [64, 55], "uv_size": [1.5, 0.5]},
								"south": {"uv": [52, 67], "uv_size": [0.5, 0.5]},
								"west": {"uv": [64, 54], "uv_size": [1.5, 0.5]},
								"up": {"uv": [55.5, 65.5], "uv_size": [-0.5, -1.5]},
								"down": {"uv": [57.5, 64], "uv_size": [-0.5, 1.5]}
							}
						},
						{
							"origin": [18.69834, 15.63052, -2.25419],
							"size": [0.80669, 0.1648, 0.24133],
							"inflate": -0.025,
							"uv": {
								"north": {"uv": [65, 50], "uv_size": [1, 0.5]},
								"east": {"uv": [67, 53], "uv_size": [0.5, 0.5]},
								"south": {"uv": [50, 65], "uv_size": [1, 0.5]},
								"west": {"uv": [53, 67], "uv_size": [0.5, 0.5]},
								"up": {"uv": [52, 65.5], "uv_size": [-1, -0.5]},
								"down": {"uv": [66, 51], "uv_size": [-1, 0.5]}
							}
						},
						{
							"origin": [18.39222, 15.55739, -5.8434],
							"size": [0.58572, 0.31327, 0.10357],
							"inflate": -0.025,
							"pivot": [18.68507, 15.71631, -5.78013],
							"rotation": [11.25, 0, 0],
							"uv": {
								"north": {"uv": [55, 67], "uv_size": [0.5, 0.5]},
								"east": {"uv": [67, 55], "uv_size": [0.5, 0.5]},
								"south": {"uv": [54, 67], "uv_size": [0.5, 0.5]},
								"west": {"uv": [67, 54], "uv_size": [0.5, 0.5]},
								"up": {"uv": [56.5, 67.5], "uv_size": [-0.5, -0.5]},
								"down": {"uv": [57.5, 67], "uv_size": [-0.5, 0.5]}
							}
						},
						{
							"origin": [18.46109, 15.54095, -5.89821],
							"size": [0.44797, 0.6347, 0.13418],
							"inflate": -0.025,
							"pivot": [18.75395, 16.02131, -5.81199],
							"rotation": [11.25, 0, 0],
							"uv": {
								"north": {"uv": [59, 67], "uv_size": [0.5, 0.5]},
								"east": {"uv": [67, 59], "uv_size": [0.5, 0.5]},
								"south": {"uv": [58, 67], "uv_size": [0.5, 0.5]},
								"west": {"uv": [67, 58], "uv_size": [0.5, 0.5]},
								"up": {"uv": [60.5, 67.5], "uv_size": [-0.5, -0.5]},
								"down": {"uv": [67.5, 60], "uv_size": [-0.5, 0.5]}
							}
						},
						{
							"origin": [18.38875, 15.55052, 1.17184],
							"size": [0.59266, 0.23296, 0.15945],
							"inflate": -0.03,
							"uv": {
								"north": {"uv": [62, 67], "uv_size": [0.5, 0.5]},
								"east": {"uv": [67, 62], "uv_size": [0.5, 0.5]},
								"south": {"uv": [61, 67], "uv_size": [0.5, 0.5]},
								"west": {"uv": [67, 61], "uv_size": [0.5, 0.5]},
								"up": {"uv": [63.5, 67.5], "uv_size": [-0.5, -0.5]},
								"down": {"uv": [67.5, 63], "uv_size": [-0.5, 0.5]}
							}
						},
						{
							"origin": [18.39222, 15.6355, 1.18796],
							"size": [0.58572, 0.1801, 0.11888],
							"inflate": -0.025,
							"pivot": [18.68507, 15.7332, 1.17851],
							"rotation": [45, 0, 0],
							"uv": {
								"north": {"uv": [65, 67], "uv_size": [0.5, 0.5]},
								"east": {"uv": [67, 65], "uv_size": [0.5, 0.5]},
								"south": {"uv": [64, 67], "uv_size": [0.5, 0.5]},
								"west": {"uv": [67, 64], "uv_size": [0.5, 0.5]},
								"up": {"uv": [66.5, 67.5], "uv_size": [-0.5, -0.5]},
								"down": {"uv": [67.5, 66], "uv_size": [-0.5, 0.5]}
							}
						}
					]
				},
				{
					"name": "stock",
					"parent": "bone7",
					"pivot": [18.685, 17.67765, -6.60892],
					"rotation": [60, 0, 0],
					"cubes": [
						{
							"origin": [18.46467, 17.01804, -5.95766],
							"size": [0.44082, 0.54031, 1.22145],
							"inflate": -0.075,
							"pivot": [18.68507, 17.55989, -5.14413],
							"rotation": [-2.5, 0, 0],
							"uv": {
								"north": {"uv": [0, 68], "uv_size": [0.5, 0.5]},
								"east": {"uv": [65, 52], "uv_size": [1, 0.5]},
								"south": {"uv": [67, 67], "uv_size": [0.5, 0.5]},
								"west": {"uv": [52, 65], "uv_size": [1, 0.5]},
								"up": {"uv": [53.5, 66], "uv_size": [-0.5, -1]},
								"down": {"uv": [65.5, 53], "uv_size": [-0.5, 1]}
							}
						},
						{
							"origin": [18.48201, 16.72409, -6.81502],
							"size": [0.40613, 0.74287, 1.86023],
							"inflate": -0.05,
							"pivot": [18.68507, 17.16823, -7.29309],
							"rotation": [13, 0, 0],
							"uv": {
								"north": {"uv": [1, 68], "uv_size": [0.5, 0.5]},
								"east": {"uv": [63, 33], "uv_size": [2, 0.5]},
								"south": {"uv": [68, 0], "uv_size": [0.5, 0.5]},
								"west": {"uv": [27, 63], "uv_size": [2, 0.5]},
								"up": {"uv": [29.5, 65], "uv_size": [-0.5, -2]},
								"down": {"uv": [63.5, 34], "uv_size": [-0.5, 2]}
							}
						},
						{
							"origin": [18.51601, 16.75941, -7.35816],
							"size": [0.33813, 0.6366, 0.8662],
							"inflate": -0.001,
							"pivot": [18.68507, 17.40297, -5.95311],
							"rotation": [-14.5, 0, 0],
							"uv": {
								"north": {"uv": [2, 68], "uv_size": [0.5, 0.5]},
								"east": {"uv": [56, 65], "uv_size": [1, 0.5]},
								"south": {"uv": [68, 1], "uv_size": [0.5, 0.5]},
								"west": {"uv": [54, 65], "uv_size": [1, 0.5]},
								"up": {"uv": [59.5, 66], "uv_size": [-0.5, -1]},
								"down": {"uv": [60.5, 65], "uv_size": [-0.5, 1]}
							}
						},
						{
							"origin": [18.49936, 16.33065, -8.4049],
							"size": [0.37143, 0.8842, 1.76431],
							"inflate": -0.025,
							"pivot": [18.68507, 17.33143, -6.97554],
							"rotation": [2.5, 0, 0],
							"uv": {
								"north": {"uv": [61, 65], "uv_size": [0.5, 1]},
								"east": {"uv": [31, 52], "uv_size": [2, 1]},
								"south": {"uv": [65, 60], "uv_size": [0.5, 1]},
								"west": {"uv": [34, 43], "uv_size": [2, 1]},
								"up": {"uv": [63.5, 38], "uv_size": [-0.5, -2]},
								"down": {"uv": [63.5, 41], "uv_size": [-0.5, 2]}
							}
						},
						{
							"origin": [18.46875, 16.23078, -8.41063],
							"size": [0.43266, 1.80258, 0.26429],
							"inflate": -0.025,
							"uv": {
								"north": {"uv": [59, 63], "uv_size": [0.5, 2]},
								"east": {"uv": [60, 63], "uv_size": [0.5, 2]},
								"south": {"uv": [48, 63], "uv_size": [0.5, 2]},
								"west": {"uv": [56, 63], "uv_size": [0.5, 2]},
								"up": {"uv": [68.5, 2.5], "uv_size": [-0.5, -0.5]},
								"down": {"uv": [3.5, 68], "uv_size": [-0.5, 0.5]}
							}
						},
						{
							"origin": [18.49589, 16.6648, -6.90837],
							"size": [0.37837, 0.89113, 0.18704],
							"inflate": -0.03,
							"pivot": [18.68507, 17.11036, -6.02275],
							"rotation": [25, 0, 0],
							"uv": {
								"north": {"uv": [63, 65], "uv_size": [0.5, 1]},
								"east": {"uv": [65, 63], "uv_size": [0.5, 1]},
								"south": {"uv": [62, 65], "uv_size": [0.5, 1]},
								"west": {"uv": [65, 62], "uv_size": [0.5, 1]},
								"up": {"uv": [68.5, 3.5], "uv_size": [-0.5, -0.5]},
								"down": {"uv": [4.5, 68], "uv_size": [-0.5, 0.5]}
							}
						},
						{
							"origin": [18.46467, 17.32503, -5.74983],
							"size": [0.44082, 0.70103, 0.80052],
							"inflate": -0.075,
							"pivot": [18.68507, 17.69468, -5.34956],
							"rotation": [36, 0, 0],
							"uv": {
								"north": {"uv": [5, 68], "uv_size": [0.5, 0.5]},
								"east": {"uv": [65, 65], "uv_size": [1, 0.5]},
								"south": {"uv": [68, 4], "uv_size": [0.5, 0.5]},
								"west": {"uv": [64, 65], "uv_size": [1, 0.5]},
								"up": {"uv": [0.5, 67], "uv_size": [-0.5, -1]},
								"down": {"uv": [1.5, 66], "uv_size": [-0.5, 1]}
							}
						},
						{
							"origin": [18.5167, 17.12312, -8.31597],
							"size": [0.33674, 0.89542, 1.10335],
							"pivot": [18.68507, 17.3795, -8.41416],
							"rotation": [-5, 0, 0],
							"uv": {
								"north": {"uv": [2, 66], "uv_size": [0.5, 1]},
								"east": {"uv": [63, 43], "uv_size": [1, 1]},
								"south": {"uv": [66, 1], "uv_size": [0.5, 1]},
								"west": {"uv": [63, 38], "uv_size": [1, 1]},
								"up": {"uv": [66.5, 3], "uv_size": [-0.5, -1]},
								"down": {"uv": [3.5, 66], "uv_size": [-0.5, 1]}
							}
						},
						{
							"origin": [18.49936, 17.97447, -7.53232],
							"size": [0.37143, 0.32551, 1.06022],
							"inflate": -0.025,
							"pivot": [18.68507, 17.72013, -7.73309],
							"rotation": [-50, 0, 0],
							"uv": {
								"north": {"uv": [6, 68], "uv_size": [0.5, 0.5]},
								"east": {"uv": [4, 66], "uv_size": [1, 0.5]},
								"south": {"uv": [68, 5], "uv_size": [0.5, 0.5]},
								"west": {"uv": [66, 3], "uv_size": [1, 0.5]},
								"up": {"uv": [66.5, 5], "uv_size": [-0.5, -1]},
								"down": {"uv": [5.5, 66], "uv_size": [-0.5, 1]}
							}
						}
					]
				},
				{
					"name": "handguard",
					"parent": "bone7",
					"pivot": [18.40956, 20.88071, 0.9382],
					"rotation": [60, 0, 0]
				},
				{
					"name": "bone",
					"parent": "handguard",
					"pivot": [18.40956, 20.88071, 0.9382],
					"cubes": [
						{
							"origin": [18.25951, 20.55414, 0.00754],
							"size": [0.15306, 0.14541, 2.00945],
							"pivot": [18.33604, 20.62685, 1.01227],
							"rotation": [0, 0, -45],
							"uv": {
								"north": {"uv": [7, 68], "uv_size": [0.5, 0.5]},
								"east": {"uv": [61, 63], "uv_size": [2, 0.5]},
								"south": {"uv": [68, 6], "uv_size": [0.5, 0.5]},
								"west": {"uv": [63, 60], "uv_size": [2, 0.5]},
								"up": {"uv": [63.5, 63], "uv_size": [-0.5, -2]},
								"down": {"uv": [63.5, 63], "uv_size": [-0.5, 2]}
							}
						},
						{
							"origin": [18.33303, 21.05674, 0.31829],
							"size": [0.15306, 0.4898, 2.31126],
							"uv": {
								"north": {"uv": [8, 68], "uv_size": [0.5, 0.5]},
								"east": {"uv": [27, 61], "uv_size": [2.5, 0.5]},
								"south": {"uv": [68, 7], "uv_size": [0.5, 0.5]},
								"west": {"uv": [21, 61], "uv_size": [2.5, 0.5]},
								"up": {"uv": [30.5, 63.5], "uv_size": [-0.5, -2.5]},
								"down": {"uv": [31.5, 61], "uv_size": [-0.5, 2.5]}
							}
						},
						{
							"origin": [18.31568, 21.19245, 1.403],
							"size": [0.18776, 0.75409, 0.23368],
							"inflate": -0.025,
							"pivot": [18.40956, 20.88071, 0.9382],
							"rotation": [-45, 0, 0],
							"uv": {
								"north": {"uv": [8, 66], "uv_size": [0.5, 1]},
								"east": {"uv": [9, 66], "uv_size": [0.5, 1]},
								"south": {"uv": [6, 66], "uv_size": [0.5, 1]},
								"west": {"uv": [7, 66], "uv_size": [0.5, 1]},
								"up": {"uv": [68.5, 8.5], "uv_size": [-0.5, -0.5]},
								"down": {"uv": [9.5, 68], "uv_size": [-0.5, 0.5]}
							}
						},
						{
							"origin": [18.33234, 20.52032, 0.00715],
							"size": [0.15445, 0.72079, 2.01084],
							"inflate": -0.001,
							"uv": {
								"north": {"uv": [11, 68], "uv_size": [0.5, 0.5]},
								"east": {"uv": [64, 3], "uv_size": [2, 0.5]},
								"south": {"uv": [10, 68], "uv_size": [0.5, 0.5]},
								"west": {"uv": [0, 64], "uv_size": [2, 0.5]},
								"up": {"uv": [2.5, 66], "uv_size": [-0.5, -2]},
								"down": {"uv": [5.5, 64], "uv_size": [-0.5, 2]}
							}
						},
						{
							"origin": [18.31568, 20.51132, 0.07135],
							"size": [0.18776, 0.46327, 0.23368],
							"inflate": -0.025,
							"pivot": [18.40956, 20.88071, 0.9382],
							"rotation": [-45, 0, 0],
							"uv": {
								"north": {"uv": [68, 13], "uv_size": [0.5, 0.5]},
								"east": {"uv": [14, 68], "uv_size": [0.5, 0.5]},
								"south": {"uv": [12, 68], "uv_size": [0.5, 0.5]},
								"west": {"uv": [13, 68], "uv_size": [0.5, 0.5]},
								"up": {"uv": [68.5, 14.5], "uv_size": [-0.5, -0.5]},
								"down": {"uv": [15.5, 68], "uv_size": [-0.5, 0.5]}
							}
						}
					]
				},
				{
					"name": "bone28",
					"parent": "handguard",
					"pivot": [18.96044, 20.88071, 0.9382],
					"cubes": [
						{
							"origin": [18.95743, 20.55414, 0.00754],
							"size": [0.15306, 0.14541, 2.00945],
							"pivot": [19.03396, 20.62685, 1.01227],
							"rotation": [0, 0, 45],
							"uv": {
								"north": {"uv": [16, 68], "uv_size": [0.5, 0.5]},
								"east": {"uv": [6, 64], "uv_size": [2, 0.5]},
								"south": {"uv": [68, 15], "uv_size": [0.5, 0.5]},
								"west": {"uv": [64, 4], "uv_size": [2, 0.5]},
								"up": {"uv": [8.5, 66], "uv_size": [-0.5, -2]},
								"down": {"uv": [9.5, 64], "uv_size": [-0.5, 2]}
							}
						},
						{
							"origin": [18.88391, 21.05674, 0.31829],
							"size": [0.15306, 0.4898, 2.31126],
							"uv": {
								"north": {"uv": [17, 68], "uv_size": [0.5, 0.5]},
								"east": {"uv": [61, 48], "uv_size": [2.5, 0.5]},
								"south": {"uv": [68, 16], "uv_size": [0.5, 0.5]},
								"west": {"uv": [61, 47], "uv_size": [2.5, 0.5]},
								"up": {"uv": [32.5, 63.5], "uv_size": [-0.5, -2.5]},
								"down": {"uv": [53.5, 61], "uv_size": [-0.5, 2.5]}
							}
						},
						{
							"origin": [18.86656, 21.19245, 1.403],
							"size": [0.18776, 0.75409, 0.23368],
							"inflate": -0.025,
							"pivot": [18.96044, 20.88071, 0.9382],
							"rotation": [-45, 0, 0],
							"uv": {
								"north": {"uv": [12, 66], "uv_size": [0.5, 1]},
								"east": {"uv": [13, 66], "uv_size": [0.5, 1]},
								"south": {"uv": [10, 66], "uv_size": [0.5, 1]},
								"west": {"uv": [11, 66], "uv_size": [0.5, 1]},
								"up": {"uv": [68.5, 17.5], "uv_size": [-0.5, -0.5]},
								"down": {"uv": [18.5, 68], "uv_size": [-0.5, 0.5]}
							}
						},
						{
							"origin": [18.88322, 20.52032, 0.00715],
							"size": [0.15445, 0.72079, 2.01084],
							"inflate": -0.001,
							"uv": {
								"north": {"uv": [19, 68], "uv_size": [0.5, 0.5]},
								"east": {"uv": [15, 64], "uv_size": [2, 0.5]},
								"south": {"uv": [68, 18], "uv_size": [0.5, 0.5]},
								"west": {"uv": [64, 14], "uv_size": [2, 0.5]},
								"up": {"uv": [10.5, 66], "uv_size": [-0.5, -2]},
								"down": {"uv": [12.5, 64], "uv_size": [-0.5, 2]}
							}
						},
						{
							"origin": [18.86656, 20.51132, 0.07135],
							"size": [0.18776, 0.46327, 0.23368],
							"inflate": -0.025,
							"pivot": [18.96044, 20.88071, 0.9382],
							"rotation": [-45, 0, 0],
							"uv": {
								"north": {"uv": [68, 20], "uv_size": [0.5, 0.5]},
								"east": {"uv": [21, 68], "uv_size": [0.5, 0.5]},
								"south": {"uv": [68, 19], "uv_size": [0.5, 0.5]},
								"west": {"uv": [20, 68], "uv_size": [0.5, 0.5]},
								"up": {"uv": [68.5, 21.5], "uv_size": [-0.5, -0.5]},
								"down": {"uv": [22.5, 68], "uv_size": [-0.5, 0.5]}
							}
						}
					]
				},
				{
					"name": "bone8",
					"parent": "handguard",
					"pivot": [18.70971, 20.21241, 1.56958],
					"cubes": [
						{
							"origin": [18.55702, 21.67609, 0.3251],
							"size": [0.25595, 0.29421, 2.36987],
							"uv": {
								"north": {"uv": [61, 68], "uv_size": [0.5, 0.5]},
								"east": {"uv": [62, 5], "uv_size": [2.5, 0.5]},
								"south": {"uv": [68, 60], "uv_size": [0.5, 0.5]},
								"west": {"uv": [0, 62], "uv_size": [2.5, 0.5]},
								"up": {"uv": [58.5, 63.5], "uv_size": [-0.5, -2.5]},
								"down": {"uv": [3.5, 62], "uv_size": [-0.5, 2.5]}
							}
						},
						{
							"origin": [18.40023, 21.5733, 0.3251],
							"size": [0.12245, 0.22916, 2.36987],
							"pivot": [18.68126, 21.69702, 1.58657],
							"rotation": [0, 0, 45],
							"uv": {
								"north": {"uv": [62, 68], "uv_size": [0.5, 0.5]},
								"east": {"uv": [62, 7], "uv_size": [2.5, 0.5]},
								"south": {"uv": [68, 61], "uv_size": [0.5, 0.5]},
								"west": {"uv": [62, 6], "uv_size": [2.5, 0.5]},
								"up": {"uv": [4.5, 64.5], "uv_size": [-0.5, -2.5]},
								"down": {"uv": [14.5, 62], "uv_size": [-0.5, 2.5]}
							}
						},
						{
							"origin": [18.84733, 21.5733, 0.3251],
							"size": [0.12245, 0.22916, 2.36987],
							"pivot": [18.68874, 21.69702, 1.58657],
							"rotation": [0, 0, -45],
							"uv": {
								"north": {"uv": [63, 68], "uv_size": [0.5, 0.5]},
								"east": {"uv": [15, 62], "uv_size": [2.5, 0.5]},
								"south": {"uv": [68, 62], "uv_size": [0.5, 0.5]},
								"west": {"uv": [62, 8], "uv_size": [2.5, 0.5]},
								"up": {"uv": [18.5, 64.5], "uv_size": [-0.5, -2.5]},
								"down": {"uv": [19.5, 62], "uv_size": [-0.5, 2.5]}
							}
						},
						{
							"origin": [18.39506, 21.55364, 0.3251],
							"size": [0.57988, 0.25462, 2.36987],
							"uv": {
								"north": {"uv": [64, 68], "uv_size": [0.5, 0.5]},
								"east": {"uv": [27, 62], "uv_size": [2.5, 0.5]},
								"south": {"uv": [68, 63], "uv_size": [0.5, 0.5]},
								"west": {"uv": [21, 62], "uv_size": [2.5, 0.5]},
								"up": {"uv": [62.5, 35.5], "uv_size": [-0.5, -2.5]},
								"down": {"uv": [62.5, 36], "uv_size": [-0.5, 2.5]}
							}
						}
					]
				},
				{
					"name": "bone19",
					"parent": "bone8",
					"pivot": [18.685, 22.32448, 1.79703]
				},
				{
					"name": "cap",
					"parent": "bone7",
					"pivot": [18.53201, 16.90051, -4.20126],
					"rotation": [-45, 0, 0],
					"cubes": [
						{
							"origin": [18.49367, 17.8342, -5.6018],
							"size": [0.38266, 0.31378, 3.50516],
							"uv": {
								"north": {"uv": [23, 68], "uv_size": [0.5, 0.5]},
								"east": {"uv": [60, 55], "uv_size": [3.5, 0.5]},
								"south": {"uv": [68, 22], "uv_size": [0.5, 0.5]},
								"west": {"uv": [60, 54], "uv_size": [3.5, 0.5]},
								"up": {"uv": [51.5, 63.5], "uv_size": [-0.5, -3.5]},
								"down": {"uv": [55.5, 60], "uv_size": [-0.5, 3.5]}
							}
						},
						{
							"origin": [18.2565, 17.91074, -3.12982],
							"size": [0.2449, 0.23725, 1.03318],
							"uv": {
								"north": {"uv": [24, 68], "uv_size": [0.5, 0.5]},
								"east": {"uv": [66, 14], "uv_size": [1, 0.5]},
								"south": {"uv": [68, 23], "uv_size": [0.5, 0.5]},
								"west": {"uv": [14, 66], "uv_size": [1, 0.5]},
								"up": {"uv": [15.5, 67], "uv_size": [-0.5, -1]},
								"down": {"uv": [17.5, 66], "uv_size": [-0.5, 1]}
							}
						},
						{
							"origin": [18.48609, 17.8342, -2.09664],
							"size": [0.09184, 0.31378, 0.15306],
							"uv": {
								"north": {"uv": [68, 25], "uv_size": [0.5, 0.5]},
								"east": {"uv": [26, 68], "uv_size": [0.5, 0.5]},
								"south": {"uv": [68, 24], "uv_size": [0.5, 0.5]},
								"west": {"uv": [25, 68], "uv_size": [0.5, 0.5]},
								"up": {"uv": [68.5, 26.5], "uv_size": [-0.5, -0.5]},
								"down": {"uv": [27.5, 68], "uv_size": [-0.5, 0.5]}
							}
						},
						{
							"origin": [18.79222, 17.8342, -2.09664],
							"size": [0.09184, 0.31378, 0.15306],
							"uv": {
								"north": {"uv": [68, 28], "uv_size": [0.5, 0.5]},
								"east": {"uv": [29, 68], "uv_size": [0.5, 0.5]},
								"south": {"uv": [68, 27], "uv_size": [0.5, 0.5]},
								"west": {"uv": [28, 68], "uv_size": [0.5, 0.5]},
								"up": {"uv": [68.5, 29.5], "uv_size": [-0.5, -0.5]},
								"down": {"uv": [30.5, 68], "uv_size": [-0.5, 0.5]}
							}
						},
						{
							"origin": [18.25619, 17.91074, -2.09664],
							"size": [0.23315, 0.23725, 0.15306],
							"uv": {
								"north": {"uv": [68, 31], "uv_size": [0.5, 0.5]},
								"east": {"uv": [32, 68], "uv_size": [0.5, 0.5]},
								"south": {"uv": [68, 30], "uv_size": [0.5, 0.5]},
								"west": {"uv": [31, 68], "uv_size": [0.5, 0.5]},
								"up": {"uv": [68.5, 32.5], "uv_size": [-0.5, -0.5]},
								"down": {"uv": [33.5, 68], "uv_size": [-0.5, 0.5]}
							}
						},
						{
							"origin": [18.54732, 18.0638, -4.69107],
							"size": [0.27551, 0.27551, 2.44902],
							"uv": {
								"north": {"uv": [34, 68], "uv_size": [0.5, 0.5]},
								"east": {"uv": [60, 61], "uv_size": [2.5, 0.5]},
								"south": {"uv": [68, 33], "uv_size": [0.5, 0.5]},
								"west": {"uv": [61, 49], "uv_size": [2.5, 0.5]},
								"up": {"uv": [54.5, 63.5], "uv_size": [-0.5, -2.5]},
								"down": {"uv": [57.5, 61], "uv_size": [-0.5, 2.5]}
							}
						},
						{
							"origin": [18.86875, 17.8342, -3.05329],
							"size": [0.16837, 0.23725, 0.80359],
							"uv": {
								"north": {"uv": [35, 68], "uv_size": [0.5, 0.5]},
								"east": {"uv": [19, 66], "uv_size": [1, 0.5]},
								"south": {"uv": [68, 34], "uv_size": [0.5, 0.5]},
								"west": {"uv": [18, 66], "uv_size": [1, 0.5]},
								"up": {"uv": [66.5, 20], "uv_size": [-0.5, -1]},
								"down": {"uv": [20.5, 66], "uv_size": [-0.5, 1]}
							}
						}
					]
				},
				{
					"name": "bone3",
					"parent": "cap",
					"pivot": [18.53194, 15.09436, -5.21148],
					"cubes": [
						{
							"origin": [18.51663, 18.13268, -5.56353],
							"size": [0.33674, 0.45919, 0.92604],
							"uv": {
								"north": {"uv": [36, 68], "uv_size": [0.5, 0.5]},
								"east": {"uv": [21, 66], "uv_size": [1, 0.5]},
								"south": {"uv": [68, 35], "uv_size": [0.5, 0.5]},
								"west": {"uv": [66, 20], "uv_size": [1, 0.5]},
								"up": {"uv": [22.5, 67], "uv_size": [-0.5, -1]},
								"down": {"uv": [24.5, 66], "uv_size": [-0.5, 1]}
							}
						}
					]
				},
				{
					"name": "bone31",
					"parent": "bone3",
					"pivot": [18.53194, 16.08928, -5.487],
					"cubes": [
						{
							"origin": [18.62378, 18.14799, -5.33394],
							"size": [0.12245, 0.30397, 0.08419],
							"uv": {
								"north": {"uv": [68, 37], "uv_size": [0.5, 0.5]},
								"east": {"uv": [38, 68], "uv_size": [0.5, 0.5]},
								"south": {"uv": [68, 36], "uv_size": [0.5, 0.5]},
								"west": {"uv": [37, 68], "uv_size": [0.5, 0.5]},
								"up": {"uv": [68.5, 38.5], "uv_size": [-0.5, -0.5]},
								"down": {"uv": [39.5, 68], "uv_size": [-0.5, 0.5]}
							}
						}
					]
				},
				{
					"name": "bone10",
					"parent": "bone7",
					"pivot": [18.685, 15.54557, -4.33636],
					"cubes": [
						{
							"origin": [18.49062, 14.88344, -4.89182],
							"size": [0.38892, 0.37362, 1.72823],
							"inflate": 0.001,
							"uv": {
								"north": {"uv": [40, 68], "uv_size": [0.5, 0.5]},
								"east": {"uv": [64, 61], "uv_size": [1.5, 0.5]},
								"south": {"uv": [68, 39], "uv_size": [0.5, 0.5]},
								"west": {"uv": [61, 64], "uv_size": [1.5, 0.5]},
								"up": {"uv": [58.5, 65.5], "uv_size": [-0.5, -1.5]},
								"down": {"uv": [64.5, 62], "uv_size": [-0.5, 1.5]}
							}
						},
						{
							"origin": [18.48992, 14.94397, -5.47415],
							"size": [0.39031, 0.31378, 0.58164],
							"uv": {
								"north": {"uv": [68, 41], "uv_size": [0.5, 0.5]},
								"east": {"uv": [42, 68], "uv_size": [0.5, 0.5]},
								"south": {"uv": [68, 40], "uv_size": [0.5, 0.5]},
								"west": {"uv": [41, 68], "uv_size": [0.5, 0.5]},
								"up": {"uv": [68.5, 42.5], "uv_size": [-0.5, -0.5]},
								"down": {"uv": [43.5, 68], "uv_size": [-0.5, 0.5]}
							}
						},
						{
							"origin": [18.48922, 15.0289, -5.58116],
							"size": [0.3917, 0.30751, 0.13149],
							"inflate": -0.001,
							"pivot": [18.68507, 15.17883, -5.23607],
							"rotation": [17.5, 0, 0],
							"uv": {
								"north": {"uv": [68, 44], "uv_size": [0.5, 0.5]},
								"east": {"uv": [45, 68], "uv_size": [0.5, 0.5]},
								"south": {"uv": [68, 43], "uv_size": [0.5, 0.5]},
								"west": {"uv": [44, 68], "uv_size": [0.5, 0.5]},
								"up": {"uv": [68.5, 45.5], "uv_size": [-0.5, -0.5]},
								"down": {"uv": [46.5, 68], "uv_size": [-0.5, 0.5]}
							}
						},
						{
							"origin": [18.43992, 13.38416, -4.80468],
							"size": [0.49031, 1.94442, 0.74287],
							"inflate": -0.05,
							"pivot": [18.68507, 14.35637, -4.43325],
							"rotation": [-22.5, 0, 0],
							"uv": {
								"north": {"uv": [64, 17], "uv_size": [0.5, 2]},
								"east": {"uv": [20, 64], "uv_size": [0.5, 2]},
								"south": {"uv": [64, 15], "uv_size": [0.5, 2]},
								"west": {"uv": [17, 64], "uv_size": [0.5, 2]},
								"up": {"uv": [68.5, 46.5], "uv_size": [-0.5, -0.5]},
								"down": {"uv": [47.5, 68], "uv_size": [-0.5, 0.5]}
							}
						},
						{
							"origin": [18.42257, 13.33282, -4.63031],
							"size": [0.52501, 0.48674, 0.30306],
							"inflate": -0.075,
							"pivot": [18.68507, 13.57619, -4.47878],
							"rotation": [22.5, 0, 0],
							"uv": {
								"north": {"uv": [68, 48], "uv_size": [0.5, 0.5]},
								"east": {"uv": [49, 68], "uv_size": [0.5, 0.5]},
								"south": {"uv": [68, 47], "uv_size": [0.5, 0.5]},
								"west": {"uv": [48, 68], "uv_size": [0.5, 0.5]},
								"up": {"uv": [68.5, 49.5], "uv_size": [-0.5, -0.5]},
								"down": {"uv": [50.5, 68], "uv_size": [-0.5, 0.5]}
							}
						},
						{
							"origin": [18.42257, 14.22023, -4.38208],
							"size": [0.52501, 0.34898, 0.49439],
							"inflate": -0.075,
							"pivot": [18.6889, 14.84626, -4.53285],
							"rotation": [45, 0, 0],
							"uv": {
								"north": {"uv": [68, 51], "uv_size": [0.5, 0.5]},
								"east": {"uv": [52, 68], "uv_size": [0.5, 0.5]},
								"south": {"uv": [68, 50], "uv_size": [0.5, 0.5]},
								"west": {"uv": [51, 68], "uv_size": [0.5, 0.5]},
								"up": {"uv": [68.5, 52.5], "uv_size": [-0.5, -0.5]},
								"down": {"uv": [53.5, 68], "uv_size": [-0.5, 0.5]}
							}
						},
						{
							"origin": [18.42257, 14.75027, -4.34904],
							"size": [0.52501, 0.34898, 0.54031],
							"inflate": -0.075,
							"pivot": [18.6889, 15.3189, -4.37736],
							"rotation": [-56, 0, 0],
							"uv": {
								"north": {"uv": [68, 54], "uv_size": [0.5, 0.5]},
								"east": {"uv": [55, 68], "uv_size": [0.5, 0.5]},
								"south": {"uv": [68, 53], "uv_size": [0.5, 0.5]},
								"west": {"uv": [54, 68], "uv_size": [0.5, 0.5]},
								"up": {"uv": [68.5, 55.5], "uv_size": [-0.5, -0.5]},
								"down": {"uv": [56.5, 68], "uv_size": [-0.5, 0.5]}
							}
						},
						{
							"origin": [18.48922, 14.85909, -4.09727],
							"size": [0.3917, 0.16976, 0.36874],
							"inflate": -0.001,
							"uv": {
								"north": {"uv": [68, 58], "uv_size": [0.5, 0.5]},
								"east": {"uv": [59, 68], "uv_size": [0.5, 0.5]},
								"south": {"uv": [57, 68], "uv_size": [0.5, 0.5]},
								"west": {"uv": [58, 68], "uv_size": [0.5, 0.5]},
								"up": {"uv": [68.5, 59.5], "uv_size": [-0.5, -0.5]},
								"down": {"uv": [60.5, 68], "uv_size": [-0.5, 0.5]}
							}
						}
					]
				},
				{
					"name": "bone12",
					"parent": "gun",
					"pivot": [18.70971, 14.58925, 0.67143],
					"cubes": [
						{
							"origin": [18.60672, 15.72682, -1.97249],
							"size": [0.15671, 0.15671, 6.80173],
							"pivot": [18.68507, 15.80517, -0.59141],
							"rotation": [0, 0, -45],
							"uv": {
								"north": {"uv": [65, 68], "uv_size": [0.5, 0.5]},
								"east": {"uv": [60, 23], "uv_size": [7, 0.5]},
								"south": {"uv": [68, 64], "uv_size": [0.5, 0.5]},
								"west": {"uv": [60, 22], "uv_size": [7, 0.5]},
								"up": {"uv": [40.5, 66], "uv_size": [-0.5, -7]},
								"down": {"uv": [41.5, 59], "uv_size": [-0.5, 7]}
							}
						},
						{
							"origin": [18.57611, 15.6962, 4.7164],
							"size": [0.21793, 0.21793, 0.51835],
							"pivot": [18.68507, 15.80517, 4.922],
							"rotation": [0, 0, 45],
							"uv": {
								"north": {"uv": [68, 66], "uv_size": [0.5, 0.5]},
								"east": {"uv": [67, 68], "uv_size": [0.5, 0.5]},
								"south": {"uv": [68, 65], "uv_size": [0.5, 0.5]},
								"west": {"uv": [66, 68], "uv_size": [0.5, 0.5]},
								"up": {"uv": [68.5, 67.5], "uv_size": [-0.5, -0.5]},
								"down": {"uv": [68.5, 68], "uv_size": [-0.5, 0.5]}
							}
						},
						{
							"origin": [18.57611, 15.6962, 4.44088],
							"size": [0.21793, 0.21793, 0.21222],
							"pivot": [18.68507, 15.80517, 4.922],
							"rotation": [0, 0, 45],
							"uv": {
								"north": {"uv": [1, 69], "uv_size": [0.5, 0.5]},
								"east": {"uv": [69, 1], "uv_size": [0.5, 0.5]},
								"south": {"uv": [0, 69], "uv_size": [0.5, 0.5]},
								"west": {"uv": [69, 0], "uv_size": [0.5, 0.5]},
								"up": {"uv": [2.5, 69.5], "uv_size": [-0.5, -0.5]},
								"down": {"uv": [69.5, 2], "uv_size": [-0.5, 0.5]}
							}
						},
						{
							"origin": [18.51489, 15.63498, -1.63575],
							"size": [0.34038, 0.34038, 0.21222],
							"pivot": [18.68507, 15.80517, 4.922],
							"rotation": [0, 0, 45],
							"uv": {
								"north": {"uv": [4, 69], "uv_size": [0.5, 0.5]},
								"east": {"uv": [69, 4], "uv_size": [0.5, 0.5]},
								"south": {"uv": [3, 69], "uv_size": [0.5, 0.5]},
								"west": {"uv": [69, 3], "uv_size": [0.5, 0.5]},
								"up": {"uv": [5.5, 69.5], "uv_size": [-0.5, -0.5]},
								"down": {"uv": [69.5, 5], "uv_size": [-0.5, 0.5]}
							}
						},
						{
							"origin": [18.54549, 15.66559, 1.91533],
							"size": [0.27916, 0.27916, 0.34233],
							"pivot": [18.68507, 15.80517, 3.7281],
							"rotation": [0, 0, 45],
							"uv": {
								"north": {"uv": [7, 69], "uv_size": [0.5, 0.5]},
								"east": {"uv": [69, 7], "uv_size": [0.5, 0.5]},
								"south": {"uv": [6, 69], "uv_size": [0.5, 0.5]},
								"west": {"uv": [69, 6], "uv_size": [0.5, 0.5]},
								"up": {"uv": [8.5, 69.5], "uv_size": [-0.5, -0.5]},
								"down": {"uv": [69.5, 8], "uv_size": [-0.5, 0.5]}
							}
						},
						{
							"origin": [18.62203, 15.39773, 1.91533],
							"size": [0.12609, 0.31742, 0.34233],
							"uv": {
								"north": {"uv": [11, 69], "uv_size": [0.5, 0.5]},
								"east": {"uv": [12, 69], "uv_size": [0.5, 0.5]},
								"south": {"uv": [9, 69], "uv_size": [0.5, 0.5]},
								"west": {"uv": [10, 69], "uv_size": [0.5, 0.5]},
								"up": {"uv": [13.5, 69.5], "uv_size": [-0.5, -0.5]},
								"down": {"uv": [69.5, 13], "uv_size": [-0.5, 0.5]}
							}
						}
					]
				},
				{
					"name": "bone17",
					"parent": "bone12",
					"pivot": [18.685, 17.16744, -0.62202]
				},
				{
					"name": "bone18",
					"parent": "bone12",
					"pivot": [18.64674, 17.14447, 2.77528],
					"rotation": [-55, 0, 0]
				},
				{
					"name": "bone23",
					"parent": "bone12",
					"pivot": [18.685, 15.3919, 2.29695],
					"cubes": [
						{
							"origin": [18.57611, 15.28293, 1.90768],
							"size": [0.21793, 0.21793, 0.70203],
							"pivot": [18.68507, 15.3919, 2.29695],
							"rotation": [0, 0, 45],
							"uv": {
								"north": {"uv": [15, 69], "uv_size": [0.5, 0.5]},
								"east": {"uv": [69, 15], "uv_size": [0.5, 0.5]},
								"south": {"uv": [14, 69], "uv_size": [0.5, 0.5]},
								"west": {"uv": [69, 14], "uv_size": [0.5, 0.5]},
								"up": {"uv": [16.5, 69.5], "uv_size": [-0.5, -0.5]},
								"down": {"uv": [69.5, 16], "uv_size": [-0.5, 0.5]}
							}
						},
						{
							"origin": [18.53019, 15.23701, 1.41787],
							"size": [0.30977, 0.30977, 0.2811],
							"pivot": [18.68507, 15.3919, 1.34031],
							"rotation": [0, 0, 45],
							"uv": {
								"north": {"uv": [18, 69], "uv_size": [0.5, 0.5]},
								"east": {"uv": [69, 18], "uv_size": [0.5, 0.5]},
								"south": {"uv": [17, 69], "uv_size": [0.5, 0.5]},
								"west": {"uv": [69, 17], "uv_size": [0.5, 0.5]},
								"up": {"uv": [19.5, 69.5], "uv_size": [-0.5, -0.5]},
								"down": {"uv": [69.5, 19], "uv_size": [-0.5, 0.5]}
							}
						},
						{
							"origin": [18.45366, 15.13752, 1.19593],
							"size": [0.46283, 0.40926, 0.22753],
							"uv": {
								"north": {"uv": [21, 69], "uv_size": [0.5, 0.5]},
								"east": {"uv": [69, 21], "uv_size": [0.5, 0.5]},
								"south": {"uv": [20, 69], "uv_size": [0.5, 0.5]},
								"west": {"uv": [69, 20], "uv_size": [0.5, 0.5]},
								"up": {"uv": [22.5, 69.5], "uv_size": [-0.5, -0.5]},
								"down": {"uv": [69.5, 22], "uv_size": [-0.5, 0.5]}
							}
						},
						{
							"origin": [18.59141, 15.29824, 1.52502],
							"size": [0.18732, 0.18732, 0.70203],
							"pivot": [18.68507, 15.3919, 2.29695],
							"rotation": [0, 0, 45],
							"uv": {
								"north": {"uv": [24, 69], "uv_size": [0.5, 0.5]},
								"east": {"uv": [69, 24], "uv_size": [0.5, 0.5]},
								"south": {"uv": [23, 69], "uv_size": [0.5, 0.5]},
								"west": {"uv": [69, 23], "uv_size": [0.5, 0.5]},
								"up": {"uv": [25.5, 69.5], "uv_size": [-0.5, -0.5]},
								"down": {"uv": [69.5, 25], "uv_size": [-0.5, 0.5]}
							}
						}
					]
				},
				{
					"name": "bone6",
					"parent": "bone12",
					"pivot": [18.62385, 16.00422, 1.41933],
					"rotation": [0, 7.5, 0]
				},
				{
					"name": "bone27",
					"parent": "bone12",
					"pivot": [18.74615, 16.00422, 1.41933],
					"rotation": [0, -7.5, 0]
				},
				{
					"name": "bone13",
					"parent": "bone12",
					"pivot": [18.685, 16.44288, 1.846],
					"cubes": [
						{
							"origin": [18.66795, 16.33907, 2.23676],
							"size": [0.03425, 0.22559, 0],
							"uv": {
								"north": {"uv": [69, 26], "uv_size": [0.5, 0.5]},
								"east": {"uv": [0, 0], "uv_size": [0, 0.5]},
								"south": {"uv": [26, 69], "uv_size": [0.5, 0.5]},
								"west": {"uv": [0, 0], "uv_size": [0, 0.5]},
								"up": {"uv": [0.5, 0], "uv_size": [-0.5, 0]},
								"down": {"uv": [0.5, 0], "uv_size": [-0.5, 0]}
							}
						}
					]
				},
				{
					"name": "bone15",
					"parent": "bone13",
					"pivot": [18.685, 16.56283, 2.06736],
					"cubes": [
						{
							"origin": [18.59041, 16.22327, 2.00885],
							"size": [0.18871, 0.07391, 0.03759],
							"inflate": -0.001,
							"uv": {
								"north": {"uv": [28, 69], "uv_size": [0.5, 0.5]},
								"east": {"uv": [69, 28], "uv_size": [0.5, 0.5]},
								"south": {"uv": [27, 69], "uv_size": [0.5, 0.5]},
								"west": {"uv": [69, 27], "uv_size": [0.5, 0.5]},
								"up": {"uv": [29.5, 69.5], "uv_size": [-0.5, -0.5]},
								"down": {"uv": [69.5, 29], "uv_size": [-0.5, 0.5]}
							}
						},
						{
							"origin": [18.59134, 15.86998, 1.93455],
							"size": [0.18732, 0.22797, 0.30779],
							"uv": {
								"north": {"uv": [31, 69], "uv_size": [0.5, 0.5]},
								"east": {"uv": [69, 31], "uv_size": [0.5, 0.5]},
								"south": {"uv": [30, 69], "uv_size": [0.5, 0.5]},
								"west": {"uv": [69, 30], "uv_size": [0.5, 0.5]},
								"up": {"uv": [32.5, 69.5], "uv_size": [-0.5, -0.5]},
								"down": {"uv": [69.5, 32], "uv_size": [-0.5, 0.5]}
							}
						},
						{
							"origin": [18.59141, 16.22427, 2.04543],
							"size": [0.18732, 0.14905, 0.19692],
							"uv": {
								"north": {"uv": [34, 69], "uv_size": [0.5, 0.5]},
								"east": {"uv": [69, 34], "uv_size": [0.5, 0.5]},
								"south": {"uv": [33, 69], "uv_size": [0.5, 0.5]},
								"west": {"uv": [69, 33], "uv_size": [0.5, 0.5]},
								"up": {"uv": [35.5, 69.5], "uv_size": [-0.5, -0.5]},
								"down": {"uv": [69.5, 35], "uv_size": [-0.5, 0.5]}
							}
						},
						{
							"origin": [18.53193, 16.36968, 2.04543],
							"size": [0.30613, 0.30613, 0.19692],
							"uv": {
								"north": {"uv": [37, 69], "uv_size": [0.5, 0.5]},
								"east": {"uv": [69, 37], "uv_size": [0.5, 0.5]},
								"south": {"uv": [36, 69], "uv_size": [0.5, 0.5]},
								"west": {"uv": [69, 36], "uv_size": [0.5, 0.5]},
								"up": {"uv": [38.5, 69.5], "uv_size": [-0.5, -0.5]},
								"down": {"uv": [69.5, 38], "uv_size": [-0.5, 0.5]}
							}
						}
					]
				},
				{
					"name": "bone16",
					"parent": "bone13",
					"pivot": [18.685, 16.56283, 2.06736],
					"cubes": [
						{
							"origin": [18.59262, 16.09557, 1.98917],
							"size": [0.18475, 0.13235, 0.25318],
							"uv": {
								"north": {"uv": [40, 69], "uv_size": [0.5, 0.5]},
								"east": {"uv": [69, 40], "uv_size": [0.5, 0.5]},
								"south": {"uv": [39, 69], "uv_size": [0.5, 0.5]},
								"west": {"uv": [69, 39], "uv_size": [0.5, 0.5]},
								"up": {"uv": [41.5, 69.5], "uv_size": [-0.5, -0.5]},
								"down": {"uv": [69.5, 41], "uv_size": [-0.5, 0.5]}
							}
						},
						{
							"origin": [18.59262, 15.82429, 1.93455],
							"size": [0.18475, 0.34804, 0.05981],
							"uv": {
								"north": {"uv": [43, 69], "uv_size": [0.5, 0.5]},
								"east": {"uv": [69, 43], "uv_size": [0.5, 0.5]},
								"south": {"uv": [42, 69], "uv_size": [0.5, 0.5]},
								"west": {"uv": [69, 42], "uv_size": [0.5, 0.5]},
								"up": {"uv": [44.5, 69.5], "uv_size": [-0.5, -0.5]},
								"down": {"uv": [69.5, 44], "uv_size": [-0.5, 0.5]}
							}
						}
					]
				},
				{
					"name": "bone14",
					"parent": "bone13",
					"pivot": [18.68507, 16.16036, 1.97496],
					"rotation": [-29.5, 0, 0],
					"cubes": [
						{
							"origin": [18.59141, 16.15088, 1.9339],
							"size": [0.18732, 0.22559, 0.05151],
							"uv": {
								"north": {"uv": [46, 69], "uv_size": [0.5, 0.5]},
								"east": {"uv": [69, 46], "uv_size": [0.5, 0.5]},
								"south": {"uv": [45, 69], "uv_size": [0.5, 0.5]},
								"west": {"uv": [69, 45], "uv_size": [0.5, 0.5]},
								"up": {"uv": [47.5, 69.5], "uv_size": [-0.5, -0.5]},
								"down": {"uv": [69.5, 47], "uv_size": [-0.5, 0.5]}
							}
						}
					]
				},
				{
					"name": "bone5",
					"parent": "bone12",
					"pivot": [18.685, 15.11939, -2.35685]
				},
				{
					"name": "bone46",
					"parent": "bone5",
					"pivot": [19.1204, 15.92226, -1.79823],
					"cubes": [
						{
							"origin": [19.07127, 16.234, -1.52853],
							"size": [0.76887, 0.13455, 0.1016],
							"pivot": [19.12057, 16.3281, -1.04394],
							"rotation": [0, 0, 135],
							"uv": {
								"north": {"uv": [25, 66], "uv_size": [1, 0.5]},
								"east": {"uv": [69, 48], "uv_size": [0.5, 0.5]},
								"south": {"uv": [66, 24], "uv_size": [1, 0.5]},
								"west": {"uv": [48, 69], "uv_size": [0.5, 0.5]},
								"up": {"uv": [67, 25.5], "uv_size": [-1, -0.5]},
								"down": {"uv": [27, 66], "uv_size": [-1, 0.5]}
							}
						},
						{
							"origin": [19.13813, 16.26374, -1.74821],
							"size": [0.16476, 0.16476, 0.52926],
							"pivot": [19.12057, 16.49286, -1.04394],
							"rotation": [0, 0, 45],
							"uv": {
								"north": {"uv": [50, 69], "uv_size": [0.5, 0.5]},
								"east": {"uv": [69, 50], "uv_size": [0.5, 0.5]},
								"south": {"uv": [49, 69], "uv_size": [0.5, 0.5]},
								"west": {"uv": [69, 49], "uv_size": [0.5, 0.5]},
								"up": {"uv": [51.5, 69.5], "uv_size": [-0.5, -0.5]},
								"down": {"uv": [69.5, 51], "uv_size": [-0.5, 0.5]}
							}
						}
					]
				},
				{
					"name": "bone25",
					"parent": "bone46",
					"pivot": [19.08591, 10.8307, 1.93413],
					"rotation": [0, 0, 180],
					"cubes": [
						{
							"origin": [19.05021, 5.31955, -1.63837],
							"size": [0.08238, 0.07414, 1.01723],
							"uv": {
								"north": {"uv": [69, 52], "uv_size": [0.5, 0.5]},
								"east": {"uv": [66, 27], "uv_size": [1, 0.5]},
								"south": {"uv": [52, 69], "uv_size": [0.5, 0.5]},
								"west": {"uv": [27, 66], "uv_size": [1, 0.5]},
								"up": {"uv": [28.5, 67], "uv_size": [-0.5, -1]},
								"down": {"uv": [66.5, 28], "uv_size": [-0.5, 1]}
							}
						},
						{
							"origin": [19.05021, 5.60317, -0.42654],
							"size": [0.08238, 0.08512, 0.19496],
							"pivot": [19.05126, 5.82763, -0.95778],
							"rotation": [-37.5, 0, 0],
							"uv": {
								"north": {"uv": [54, 69], "uv_size": [0.5, 0.5]},
								"east": {"uv": [69, 54], "uv_size": [0.5, 0.5]},
								"south": {"uv": [53, 69], "uv_size": [0.5, 0.5]},
								"west": {"uv": [69, 53], "uv_size": [0.5, 0.5]},
								"up": {"uv": [55.5, 69.5], "uv_size": [-0.5, -0.5]},
								"down": {"uv": [69.5, 55], "uv_size": [-0.5, 0.5]}
							}
						},
						{
							"origin": [19.05021, 4.91856, -1.58386],
							"size": [0.08238, 0.07689, 0.18398],
							"pivot": [19.05126, 5.8564, -0.87161],
							"rotation": [60, 0, 0],
							"uv": {
								"north": {"uv": [58, 69], "uv_size": [0.5, 0.5]},
								"east": {"uv": [69, 58], "uv_size": [0.5, 0.5]},
								"south": {"uv": [56, 69], "uv_size": [0.5, 0.5]},
								"west": {"uv": [57, 69], "uv_size": [0.5, 0.5]},
								"up": {"uv": [59.5, 69.5], "uv_size": [-0.5, -0.5]},
								"down": {"uv": [69.5, 59], "uv_size": [-0.5, 0.5]}
							}
						},
						{
							"origin": [19.05021, 5.05124, -0.61599],
							"size": [0.08238, 0.07414, 0.37345],
							"pivot": [19.0914, 5.08831, -0.42926],
							"rotation": [-67.5, 0, 0],
							"uv": {
								"north": {"uv": [61, 69], "uv_size": [0.5, 0.5]},
								"east": {"uv": [69, 61], "uv_size": [0.5, 0.5]},
								"south": {"uv": [60, 69], "uv_size": [0.5, 0.5]},
								"west": {"uv": [69, 60], "uv_size": [0.5, 0.5]},
								"up": {"uv": [62.5, 69.5], "uv_size": [-0.5, -0.5]},
								"down": {"uv": [69.5, 62], "uv_size": [-0.5, 0.5]}
							}
						}
					]
				},
				{
					"name": "bone9",
					"parent": "bone25",
					"pivot": [19.48133, 10.52864, 1.93413],
					"rotation": [0, 0, 32]
				},
				{
					"name": "bone26",
					"parent": "bone25",
					"pivot": [19.03923, 4.66985, -1.10808],
					"rotation": [18, 0, 0],
					"cubes": [
						{
							"origin": [18.98056, 4.54979, -1.42593],
							"size": [0.19747, 0.19747, 1.03895],
							"pivot": [19.10419, 4.66365, -1.19476],
							"rotation": [0, 0, -45],
							"uv": {
								"north": {"uv": [69, 63], "uv_size": [0.5, 0.5]},
								"east": {"uv": [66, 29], "uv_size": [1, 0.5]},
								"south": {"uv": [63, 69], "uv_size": [0.5, 0.5]},
								"west": {"uv": [29, 66], "uv_size": [1, 0.5]},
								"up": {"uv": [30.5, 67], "uv_size": [-0.5, -1]},
								"down": {"uv": [31.5, 66], "uv_size": [-0.5, 1]}
							}
						}
					]
				},
				{
					"name": "positioning2",
					"parent": "gun",
					"pivot": [18.685, 13.35444, -2.17669]
				},
				{
					"name": "scope_pos",
					"parent": "positioning2",
					"pivot": [18.685, 16.47075, -3.67163]
				},
				{
					"name": "mag",
					"parent": "gun",
					"pivot": [18.99026, 12.26357, -2.75816],
					"cubes": [
						{
							"origin": [18.84151, 12.48331, -3.28169],
							"size": [0.2975, 1.06208, 0.87391],
							"pivot": [18.99026, 12.78081, -2.85403],
							"rotation": [6, 0, 0],
							"uv": {
								"north": {"uv": [66, 34], "uv_size": [0.5, 1]},
								"east": {"uv": [22, 64], "uv_size": [1, 1]},
								"south": {"uv": [33, 66], "uv_size": [0.5, 1]},
								"west": {"uv": [21, 64], "uv_size": [1, 1]},
								"up": {"uv": [35.5, 67], "uv_size": [-0.5, -1]},
								"down": {"uv": [66.5, 35], "uv_size": [-0.5, 1]}
							}
						},
						{
							"origin": [18.84151, 11.61725, -3.18582],
							"size": [0.2975, 0.94382, 0.87391],
							"pivot": [18.99026, 12.26357, -2.75816],
							"rotation": [15, 0, 0],
							"uv": {
								"north": {"uv": [66, 36], "uv_size": [0.5, 1]},
								"east": {"uv": [64, 24], "uv_size": [1, 1]},
								"south": {"uv": [36, 66], "uv_size": [0.5, 1]},
								"west": {"uv": [23, 64], "uv_size": [1, 1]},
								"up": {"uv": [66.5, 38], "uv_size": [-0.5, -1]},
								"down": {"uv": [38.5, 66], "uv_size": [-0.5, 1]}
							}
						}
					]
				},
				{
					"name": "pattern_illuminated",
					"parent": "root",
					"pivot": [-1.27, 0, 8],
					"cubes": [
						{
							"origin": [-6.985, 18.9424, 3.29643],
							"size": [4.75, 2.75, 0],
							"pivot": [0.015, 19.1924, 5.04643],
							"rotation": [-22.5, 0, 0],
							"uv": {
								"south": {"uv": [127.7975, 72.5625], "uv_size": [-57.75, 33.43421]}
							}
						}
					]
				},
				{
					"name": "panel",
					"parent": "root",
					"pivot": [6.25, 16.5, 0.75],
					"cubes": [
						{
							"origin": [-1.5, 21.1924, 3.04643],
							"size": [0.75, 0.75, 0.25],
							"pivot": [0.25, 19.1924, 5.04643],
							"rotation": [-22.5, 0, 0],
							"uv": {
								"north": {"uv": [64, 25], "uv_size": [1, 1]},
								"east": {"uv": [39, 66], "uv_size": [0.5, 1]},
								"west": {"uv": [66, 38], "uv_size": [0.5, 1]},
								"up": {"uv": [41, 66.5], "uv_size": [-1, -0.5]},
								"down": {"uv": [42, 66], "uv_size": [-1, 0.5]}
							}
						},
						{
							"origin": [-7.5, 15.4424, 3.29643],
							"size": [5.25, 2.75, 1],
							"pivot": [0, 19.1924, 5.04643],
							"rotation": [-22.5, 0, 0],
							"uv": {
								"north": {"uv": [38, 56], "uv_size": [5.5, 3]},
								"east": {"uv": [42, 59], "uv_size": [1, 3]},
								"west": {"uv": [33, 49], "uv_size": [1, 3]},
								"up": {"uv": [63.5, 15], "uv_size": [-5.5, -1]},
								"down": {"uv": [63.5, 15], "uv_size": [-5.5, 1]}
							}
						},
						{
							"origin": [-1.75, 16.4424, 3.29643],
							"size": [3.25, 1.75, 1],
							"pivot": [0, 19.1924, 5.04643],
							"rotation": [-22.5, 0, 0],
							"uv": {
								"north": {"uv": [44, 20], "uv_size": [3.5, 2]},
								"east": {"uv": [50, 60], "uv_size": [1, 2]},
								"west": {"uv": [49, 60], "uv_size": [1, 2]},
								"up": {"uv": [51.5, 60], "uv_size": [-3.5, -1]},
								"down": {"uv": [17.5, 60], "uv_size": [-3.5, 1]}
							}
						},
						{
							"origin": [-7.5, 21.6924, 3.04643],
							"size": [5.75, 0.5, 1.25],
							"pivot": [0.25, 19.1924, 5.04643],
							"rotation": [-22.5, 0, 0],
							"uv": {
								"north": {"uv": [60, 29], "uv_size": [6, 0.5]},
								"east": {"uv": [0, 65], "uv_size": [1.5, 0.5]},
								"west": {"uv": [64, 64], "uv_size": [1.5, 0.5]},
								"up": {"uv": [38, 21.5], "uv_size": [-6, -1.5]},
								"down": {"uv": [44, 20], "uv_size": [-6, 1.5]}
							}
						},
						{
							"origin": [-7.5, 18.4424, 3.04643],
							"size": [5.75, 0.5, 1.25],
							"pivot": [0.25, 19.1924, 5.04643],
							"rotation": [-22.5, 0, 0],
							"uv": {
								"north": {"uv": [60, 44], "uv_size": [6, 0.5]},
								"east": {"uv": [65, 5], "uv_size": [1.5, 0.5]},
								"west": {"uv": [3, 65], "uv_size": [1.5, 0.5]},
								"up": {"uv": [62, 8.5], "uv_size": [-6, -1.5]},
								"down": {"uv": [14, 57], "uv_size": [-6, 1.5]}
							}
						},
						{
							"origin": [-7.5, 18.9424, 3.04643],
							"size": [0.5, 2.75, 1.25],
							"pivot": [0, 19.1924, 5.04643],
							"rotation": [-22.5, 0, 0],
							"uv": {
								"north": {"uv": [56, 60], "uv_size": [0.5, 3]},
								"east": {"uv": [58, 21], "uv_size": [1.5, 3]},
								"west": {"uv": [16, 57], "uv_size": [1.5, 3]}
							}
						},
						{
							"origin": [-2.25, 18.9424, 3.04643],
							"size": [0.5, 2.75, 1.25],
							"pivot": [0.25, 19.1924, 5.04643],
							"rotation": [-22.5, 0, 0],
							"uv": {
								"north": {"uv": [59, 60], "uv_size": [0.5, 3]},
								"east": {"uv": [57, 58], "uv_size": [1.5, 3]},
								"west": {"uv": [58, 27], "uv_size": [1.5, 3]}
							}
						},
						{
							"origin": [-1.75, 18.4424, 3.29643],
							"size": [3.25, 3.75, 1],
							"pivot": [0, 19.1924, 5.04643],
							"rotation": [-22.5, 0, 0],
							"uv": {
								"north": {"uv": [53, 56], "uv_size": [3.5, 4]},
								"west": {"uv": [15, 49], "uv_size": [1, 4]},
								"up": {"uv": [63.5, 28], "uv_size": [-3.5, -1]},
								"down": {"uv": [63.5, 28], "uv_size": [-3.5, 1]}
							}
						},
						{
							"origin": [-0.5, 20.1924, 3.04643],
							"size": [0.75, 0.75, 0.25],
							"pivot": [0.25, 19.1924, 5.04643],
							"rotation": [-22.5, 0, 0],
							"uv": {
								"north": {"uv": [26, 64], "uv_size": [1, 1]},
								"east": {"uv": [66, 42], "uv_size": [0.5, 1]},
								"west": {"uv": [66, 41], "uv_size": [0.5, 1]},
								"up": {"uv": [67, 44.5], "uv_size": [-1, -0.5]},
								"down": {"uv": [46, 66], "uv_size": [-1, 0.5]}
							}
						},
						{
							"origin": [-0.5, 21.1924, 3.04643],
							"size": [0.75, 0.75, 0.25],
							"pivot": [0.25, 19.1924, 5.04643],
							"rotation": [-22.5, 0, 0],
							"uv": {
								"north": {"uv": [64, 26], "uv_size": [1, 1]},
								"east": {"uv": [46, 66], "uv_size": [0.5, 1]},
								"west": {"uv": [66, 45], "uv_size": [0.5, 1]},
								"up": {"uv": [67, 46.5], "uv_size": [-1, -0.5]},
								"down": {"uv": [48, 66], "uv_size": [-1, 0.5]}
							}
						},
						{
							"origin": [-1.5, 20.1924, 3.04643],
							"size": [0.75, 0.75, 0.25],
							"pivot": [0.25, 19.1924, 5.04643],
							"rotation": [-22.5, 0, 0],
							"uv": {
								"north": {"uv": [27, 64], "uv_size": [1, 1]},
								"east": {"uv": [48, 66], "uv_size": [0.5, 1]},
								"west": {"uv": [66, 47], "uv_size": [0.5, 1]},
								"up": {"uv": [67, 48.5], "uv_size": [-1, -0.5]},
								"down": {"uv": [50, 66], "uv_size": [-1, 0.5]}
							}
						},
						{
							"origin": [-7.5, 16, -1.25],
							"size": [9, 0.25, 3],
							"uv": {
								"north": {"uv": [59, 0], "uv_size": [9, 0.5]},
								"east": {"uv": [0, 61], "uv_size": [3, 0.5]},
								"south": {"uv": [0, 59], "uv_size": [9, 0.5]},
								"west": {"uv": [60, 60], "uv_size": [3, 0.5]},
								"up": {"uv": [50, 56], "uv_size": [-9, -3]}
							}
						},
						{
							"origin": [-7, 16.25, 0.5],
							"size": [1.75, 0.25, 1],
							"uv": {
								"north": {"uv": [64, 28], "uv_size": [2, 0.5]},
								"east": {"uv": [50, 66], "uv_size": [1, 0.5]},
								"south": {"uv": [64, 27], "uv_size": [2, 0.5]},
								"west": {"uv": [66, 49], "uv_size": [1, 0.5]},
								"up": {"uv": [62, 51], "uv_size": [-2, -1]}
							}
						},
						{
							"origin": [-4.75, 16.125, -1],
							"size": [0.25, 0.25, 2.5],
							"uv": {
								"north": {"uv": [69, 64], "uv_size": [0.5, 0.5]},
								"east": {"uv": [62, 40], "uv_size": [2.5, 0.5]},
								"south": {"uv": [64, 69], "uv_size": [0.5, 0.5]},
								"west": {"uv": [62, 39], "uv_size": [2.5, 0.5]},
								"up": {"uv": [62.5, 43.5], "uv_size": [-0.5, -2.5]}
							}
						},
						{
							"origin": [-4, 16.125, -1],
							"size": [0.25, 0.25, 2.5],
							"uv": {
								"north": {"uv": [69, 65], "uv_size": [0.5, 0.5]},
								"east": {"uv": [62, 51], "uv_size": [2.5, 0.5]},
								"south": {"uv": [65, 69], "uv_size": [0.5, 0.5]},
								"west": {"uv": [62, 50], "uv_size": [2.5, 0.5]},
								"up": {"uv": [42.5, 64.5], "uv_size": [-0.5, -2.5]}
							}
						},
						{
							"origin": [-3.25, 16.125, -1],
							"size": [0.25, 0.25, 2.5],
							"uv": {
								"north": {"uv": [69, 66], "uv_size": [0.5, 0.5]},
								"east": {"uv": [62, 53], "uv_size": [2.5, 0.5]},
								"south": {"uv": [66, 69], "uv_size": [0.5, 0.5]},
								"west": {"uv": [62, 52], "uv_size": [2.5, 0.5]},
								"up": {"uv": [43.5, 64.5], "uv_size": [-0.5, -2.5]}
							}
						},
						{
							"origin": [-2.5, 16.125, -1],
							"size": [0.25, 0.25, 2.5],
							"uv": {
								"north": {"uv": [69, 67], "uv_size": [0.5, 0.5]},
								"east": {"uv": [0, 63], "uv_size": [2.5, 0.5]},
								"south": {"uv": [67, 69], "uv_size": [0.5, 0.5]},
								"west": {"uv": [60, 62], "uv_size": [2.5, 0.5]},
								"up": {"uv": [49.5, 64.5], "uv_size": [-0.5, -2.5]}
							}
						},
						{
							"origin": [-1.75, 16.125, -1],
							"size": [0.25, 0.25, 2.5],
							"uv": {
								"north": {"uv": [69, 68], "uv_size": [0.5, 0.5]},
								"east": {"uv": [63, 2], "uv_size": [2.5, 0.5]},
								"south": {"uv": [68, 69], "uv_size": [0.5, 0.5]},
								"west": {"uv": [63, 1], "uv_size": [2.5, 0.5]},
								"up": {"uv": [50.5, 64.5], "uv_size": [-0.5, -2.5]}
							}
						},
						{
							"origin": [-4.9375, 16.25, -0.5],
							"size": [0.625, 0.25, 0.25],
							"uv": {
								"north": {"uv": [70, 0], "uv_size": [0.5, 0.5]},
								"east": {"uv": [1, 70], "uv_size": [0.5, 0.5]},
								"south": {"uv": [69, 69], "uv_size": [0.5, 0.5]},
								"west": {"uv": [0, 70], "uv_size": [0.5, 0.5]},
								"up": {"uv": [70.5, 1.5], "uv_size": [-0.5, -0.5]}
							}
						},
						{
							"origin": [-4.1875, 16.25, 0.5],
							"size": [0.625, 0.25, 0.25],
							"uv": {
								"north": {"uv": [3, 70], "uv_size": [0.5, 0.5]},
								"east": {"uv": [70, 3], "uv_size": [0.5, 0.5]},
								"south": {"uv": [2, 70], "uv_size": [0.5, 0.5]},
								"west": {"uv": [70, 2], "uv_size": [0.5, 0.5]},
								"up": {"uv": [4.5, 70.5], "uv_size": [-0.5, -0.5]}
							}
						},
						{
							"origin": [-3.4375, 16.25, 0],
							"size": [0.625, 0.25, 0.25],
							"uv": {
								"north": {"uv": [70, 5], "uv_size": [0.5, 0.5]},
								"east": {"uv": [6, 70], "uv_size": [0.5, 0.5]},
								"south": {"uv": [70, 4], "uv_size": [0.5, 0.5]},
								"west": {"uv": [5, 70], "uv_size": [0.5, 0.5]},
								"up": {"uv": [70.5, 6.5], "uv_size": [-0.5, -0.5]}
							}
						},
						{
							"origin": [-2.6875, 16.25, 0.5],
							"size": [0.625, 0.25, 0.25],
							"uv": {
								"north": {"uv": [8, 70], "uv_size": [0.5, 0.5]},
								"east": {"uv": [70, 8], "uv_size": [0.5, 0.5]},
								"south": {"uv": [7, 70], "uv_size": [0.5, 0.5]},
								"west": {"uv": [70, 7], "uv_size": [0.5, 0.5]},
								"up": {"uv": [9.5, 70.5], "uv_size": [-0.5, -0.5]}
							}
						},
						{
							"origin": [-7.25, 17.6924, 3.04643],
							"size": [1.75, 0.25, 0.25],
							"pivot": [0, 19.1924, 5.04643],
							"rotation": [-22.5, 0, 0],
							"uv": {
								"north": {"uv": [30, 64], "uv_size": [2, 0.5]},
								"east": {"uv": [10, 70], "uv_size": [0.5, 0.5]},
								"up": {"uv": [66, 34.5], "uv_size": [-2, -0.5]},
								"down": {"uv": [66, 35], "uv_size": [-2, 0.5]}
							}
						},
						{
							"origin": [-5.75, 16.9424, 3.04643],
							"size": [0.25, 0.75, 0.25],
							"pivot": [0, 19.1924, 5.04643],
							"rotation": [-22.5, 0, 0],
							"uv": {
								"north": {"uv": [51, 66], "uv_size": [0.5, 1]},
								"east": {"uv": [66, 51], "uv_size": [0.5, 1]},
								"west": {"uv": [66, 50], "uv_size": [0.5, 1]}
							}
						},
						{
							"origin": [-7.25, 16.6924, 3.04643],
							"size": [1.75, 0.25, 0.25],
							"pivot": [0, 19.1924, 5.04643],
							"rotation": [-22.5, 0, 0],
							"uv": {
								"north": {"uv": [64, 36], "uv_size": [2, 0.5]},
								"east": {"uv": [11, 70], "uv_size": [0.5, 0.5]},
								"up": {"uv": [66, 37.5], "uv_size": [-2, -0.5]},
								"down": {"uv": [66, 38], "uv_size": [-2, 0.5]}
							}
						},
						{
							"origin": [-7.25, 16.9424, 3.04643],
							"size": [0.25, 0.75, 0.25],
							"pivot": [0, 19.1924, 5.04643],
							"rotation": [-22.5, 0, 0],
							"uv": {
								"north": {"uv": [66, 52], "uv_size": [0.5, 1]},
								"east": {"uv": [53, 66], "uv_size": [0.5, 1]},
								"west": {"uv": [52, 66], "uv_size": [0.5, 1]}
							}
						},
						{
							"origin": [-5.5, 17.6924, 3.04643],
							"size": [1.5, 0.25, 0.25],
							"pivot": [0, 19.1924, 5.04643],
							"rotation": [-22.5, 0, 0],
							"uv": {
								"north": {"uv": [6, 65], "uv_size": [1.5, 0.5]},
								"up": {"uv": [66.5, 6.5], "uv_size": [-1.5, -0.5]},
								"down": {"uv": [66.5, 7], "uv_size": [-1.5, 0.5]}
							}
						},
						{
							"origin": [-4.25, 16.9424, 3.04643],
							"size": [0.25, 0.75, 0.25],
							"pivot": [0, 19.1924, 5.04643],
							"rotation": [-22.5, 0, 0],
							"uv": {
								"north": {"uv": [54, 66], "uv_size": [0.5, 1]},
								"east": {"uv": [66, 54], "uv_size": [0.5, 1]},
								"west": {"uv": [66, 53], "uv_size": [0.5, 1]}
							}
						},
						{
							"origin": [-5.5, 16.6924, 3.04643],
							"size": [1.5, 0.25, 0.25],
							"pivot": [0, 19.1924, 5.04643],
							"rotation": [-22.5, 0, 0],
							"uv": {
								"north": {"uv": [65, 8], "uv_size": [1.5, 0.5]},
								"up": {"uv": [66.5, 13.5], "uv_size": [-1.5, -0.5]},
								"down": {"uv": [15.5, 65], "uv_size": [-1.5, 0.5]}
							}
						},
						{
							"origin": [-4, 17.6924, 3.04643],
							"size": [1.5, 0.25, 0.25],
							"pivot": [0, 19.1924, 5.04643],
							"rotation": [-22.5, 0, 0],
							"uv": {
								"north": {"uv": [65, 15], "uv_size": [1.5, 0.5]},
								"west": {"uv": [12, 70], "uv_size": [0.5, 0.5]},
								"up": {"uv": [66.5, 16.5], "uv_size": [-1.5, -0.5]},
								"down": {"uv": [66.5, 17], "uv_size": [-1.5, 0.5]}
							}
						},
						{
							"origin": [-2.75, 16.9424, 3.04643],
							"size": [0.25, 0.75, 0.25],
							"pivot": [0, 19.1924, 5.04643],
							"rotation": [-22.5, 0, 0],
							"uv": {
								"north": {"uv": [66, 55], "uv_size": [0.5, 1]},
								"east": {"uv": [56, 66], "uv_size": [0.5, 1]},
								"west": {"uv": [55, 66], "uv_size": [0.5, 1]}
							}
						},
						{
							"origin": [-4, 16.6924, 3.04643],
							"size": [1.5, 0.25, 0.25],
							"pivot": [0, 19.1924, 5.04643],
							"rotation": [-22.5, 0, 0],
							"uv": {
								"north": {"uv": [18, 65], "uv_size": [1.5, 0.5]},
								"west": {"uv": [13, 70], "uv_size": [0.5, 0.5]},
								"up": {"uv": [66.5, 18.5], "uv_size": [-1.5, -0.5]},
								"down": {"uv": [22.5, 65], "uv_size": [-1.5, 0.5]}
							}
						},
						{
							"origin": [-7, 15.9424, 3.04643],
							"size": [0.5, 0.5, 0.25],
							"pivot": [0, 19.1924, 5.04643],
							"rotation": [-22.5, 0, 0],
							"uv": {
								"north": {"uv": [14, 70], "uv_size": [0.5, 0.5]},
								"east": {"uv": [70, 14], "uv_size": [0.5, 0.5]},
								"west": {"uv": [70, 13], "uv_size": [0.5, 0.5]},
								"up": {"uv": [15.5, 70.5], "uv_size": [-0.5, -0.5]},
								"down": {"uv": [70.5, 15], "uv_size": [-0.5, 0.5]}
							}
						},
						{
							"origin": [-6.25, 15.9424, 3.04643],
							"size": [0.5, 0.5, 0.25],
							"pivot": [0, 19.1924, 5.04643],
							"rotation": [-22.5, 0, 0],
							"uv": {
								"north": {"uv": [70, 16], "uv_size": [0.5, 0.5]},
								"east": {"uv": [17, 70], "uv_size": [0.5, 0.5]},
								"west": {"uv": [16, 70], "uv_size": [0.5, 0.5]},
								"up": {"uv": [70.5, 17.5], "uv_size": [-0.5, -0.5]},
								"down": {"uv": [18.5, 70], "uv_size": [-0.5, 0.5]}
							}
						},
						{
							"origin": [-4.75, 15.9424, 3.04643],
							"size": [0.5, 0.5, 0.25],
							"pivot": [0, 19.1924, 5.04643],
							"rotation": [-22.5, 0, 0],
							"uv": {
								"north": {"uv": [19, 70], "uv_size": [0.5, 0.5]},
								"east": {"uv": [70, 19], "uv_size": [0.5, 0.5]},
								"west": {"uv": [70, 18], "uv_size": [0.5, 0.5]},
								"up": {"uv": [20.5, 70.5], "uv_size": [-0.5, -0.5]},
								"down": {"uv": [70.5, 20], "uv_size": [-0.5, 0.5]}
							}
						},
						{
							"origin": [-5.5, 15.9424, 3.04643],
							"size": [0.5, 0.5, 0.25],
							"pivot": [0, 19.1924, 5.04643],
							"rotation": [-22.5, 0, 0],
							"uv": {
								"north": {"uv": [70, 21], "uv_size": [0.5, 0.5]},
								"east": {"uv": [22, 70], "uv_size": [0.5, 0.5]},
								"west": {"uv": [21, 70], "uv_size": [0.5, 0.5]},
								"up": {"uv": [70.5, 22.5], "uv_size": [-0.5, -0.5]},
								"down": {"uv": [23.5, 70], "uv_size": [-0.5, 0.5]}
							}
						},
						{
							"origin": [-1.5, 19.1924, 3.04643],
							"size": [1.75, 0.75, 0.25],
							"pivot": [0.25, 19.1924, 5.04643],
							"rotation": [-22.5, 0, 0],
							"uv": {
								"north": {"uv": [60, 51], "uv_size": [2, 1]},
								"east": {"uv": [58, 66], "uv_size": [0.5, 1]},
								"west": {"uv": [57, 66], "uv_size": [0.5, 1]},
								"up": {"uv": [66, 41.5], "uv_size": [-2, -0.5]},
								"down": {"uv": [66, 42], "uv_size": [-2, 0.5]}
							}
						},
						{
							"origin": [0.5, 21.1924, 3.04643],
							"size": [0.75, 0.75, 0.25],
							"pivot": [1.25, 19.1924, 5.04643],
							"rotation": [-22.5, 0, 0],
							"uv": {
								"north": {"uv": [28, 64], "uv_size": [1, 1]},
								"east": {"uv": [59, 66], "uv_size": [0.5, 1]},
								"west": {"uv": [66, 58], "uv_size": [0.5, 1]},
								"up": {"uv": [67, 59.5], "uv_size": [-1, -0.5]},
								"down": {"uv": [61, 66], "uv_size": [-1, 0.5]}
							}
						},
						{
							"origin": [0.5, 20.1924, 3.04643],
							"size": [0.75, 0.75, 0.25],
							"pivot": [1.25, 19.1924, 5.04643],
							"rotation": [-22.5, 0, 0],
							"uv": {
								"north": {"uv": [32, 64], "uv_size": [1, 1]},
								"east": {"uv": [61, 66], "uv_size": [0.5, 1]},
								"west": {"uv": [66, 60], "uv_size": [0.5, 1]},
								"up": {"uv": [67, 61.5], "uv_size": [-1, -0.5]},
								"down": {"uv": [63, 66], "uv_size": [-1, 0.5]}
							}
						},
						{
							"origin": [-1, 16.25, -1],
							"size": [0.5, 0.125, 0.5],
							"uv": {
								"north": {"uv": [70, 34], "uv_size": [0.5, 0.5]},
								"east": {"uv": [35, 70], "uv_size": [0.5, 0.5]},
								"south": {"uv": [70, 33], "uv_size": [0.5, 0.5]},
								"west": {"uv": [34, 70], "uv_size": [0.5, 0.5]},
								"up": {"uv": [70.5, 35.5], "uv_size": [-0.5, -0.5]}
							}
						},
						{
							"origin": [-0.875, 16.375, -0.875],
							"size": [0.25, 0.625, 0.25],
							"uv": {
								"north": {"uv": [37, 70], "uv_size": [0.5, 0.5]},
								"east": {"uv": [70, 37], "uv_size": [0.5, 0.5]},
								"south": {"uv": [36, 70], "uv_size": [0.5, 0.5]},
								"west": {"uv": [70, 36], "uv_size": [0.5, 0.5]},
								"up": {"uv": [38.5, 70.5], "uv_size": [-0.5, -0.5]}
							}
						},
						{
							"origin": [-0.125, 16.125, -0.875],
							"size": [0.25, 0.875, 0.25],
							"pivot": [0, 16.375, -0.75],
							"rotation": [22.5, 0, 0],
							"uv": {
								"north": {"uv": [66, 63], "uv_size": [0.5, 1]},
								"east": {"uv": [64, 66], "uv_size": [0.5, 1]},
								"south": {"uv": [66, 62], "uv_size": [0.5, 1]},
								"west": {"uv": [63, 66], "uv_size": [0.5, 1]},
								"up": {"uv": [70.5, 38.5], "uv_size": [-0.5, -0.5]}
							}
						},
						{
							"origin": [-0.25, 16.25, -1],
							"size": [0.5, 0.125, 0.5],
							"uv": {
								"north": {"uv": [40, 70], "uv_size": [0.5, 0.5]},
								"east": {"uv": [70, 40], "uv_size": [0.5, 0.5]},
								"south": {"uv": [39, 70], "uv_size": [0.5, 0.5]},
								"west": {"uv": [70, 39], "uv_size": [0.5, 0.5]},
								"up": {"uv": [41.5, 70.5], "uv_size": [-0.5, -0.5]}
							}
						},
						{
							"origin": [0.625, 16.125, -0.875],
							"size": [0.25, 0.875, 0.25],
							"pivot": [0.75, 16.3125, -0.75],
							"rotation": [-22.5, 0, 0],
							"uv": {
								"north": {"uv": [66, 65], "uv_size": [0.5, 1]},
								"east": {"uv": [66, 66], "uv_size": [0.5, 1]},
								"south": {"uv": [66, 64], "uv_size": [0.5, 1]},
								"west": {"uv": [65, 66], "uv_size": [0.5, 1]},
								"up": {"uv": [70.5, 41.5], "uv_size": [-0.5, -0.5]}
							}
						},
						{
							"origin": [0.5, 16.25, -1],
							"size": [0.5, 0.125, 0.5],
							"uv": {
								"north": {"uv": [43, 70], "uv_size": [0.5, 0.5]},
								"east": {"uv": [70, 43], "uv_size": [0.5, 0.5]},
								"south": {"uv": [42, 70], "uv_size": [0.5, 0.5]},
								"west": {"uv": [70, 42], "uv_size": [0.5, 0.5]},
								"up": {"uv": [44.5, 70.5], "uv_size": [-0.5, -0.5]}
							}
						},
						{
							"origin": [-1, 16.25, 1.25],
							"size": [2.25, 0.125, 0.25],
							"uv": {
								"north": {"uv": [8, 63], "uv_size": [2.5, 0.5]},
								"east": {"uv": [45, 70], "uv_size": [0.5, 0.5]},
								"south": {"uv": [5, 63], "uv_size": [2.5, 0.5]},
								"west": {"uv": [70, 44], "uv_size": [0.5, 0.5]},
								"up": {"uv": [17.5, 63.5], "uv_size": [-2.5, -0.5]}
							}
						},
						{
							"origin": [-1, 16.25, 0.25],
							"size": [2.25, 0.125, 0.25],
							"uv": {
								"north": {"uv": [63, 20], "uv_size": [2.5, 0.5]},
								"east": {"uv": [46, 70], "uv_size": [0.5, 0.5]},
								"south": {"uv": [63, 19], "uv_size": [2.5, 0.5]},
								"west": {"uv": [70, 45], "uv_size": [0.5, 0.5]},
								"up": {"uv": [23.5, 63.5], "uv_size": [-2.5, -0.5]}
							}
						},
						{
							"origin": [-1, 16.25, 0.5],
							"size": [0.25, 0.125, 0.75],
							"uv": {
								"east": {"uv": [1, 67], "uv_size": [1, 0.5]},
								"west": {"uv": [0, 67], "uv_size": [1, 0.5]},
								"up": {"uv": [67.5, 2], "uv_size": [-0.5, -1]}
							}
						},
						{
							"origin": [1, 16.25, 0.5],
							"size": [0.25, 0.125, 0.75],
							"uv": {
								"east": {"uv": [67, 2], "uv_size": [1, 0.5]},
								"west": {"uv": [2, 67], "uv_size": [1, 0.5]},
								"up": {"uv": [3.5, 68], "uv_size": [-0.5, -1]}
							}
						},
						{
							"origin": [0.0625, 16.23438, 0.42521],
							"size": [0.125, 0.125, 0.6875],
							"pivot": [0.125, 16.26563, 0.51896],
							"rotation": [0, 45, 0],
							"uv": {
								"east": {"uv": [47, 70], "uv_size": [0.5, 0.5]},
								"west": {"uv": [70, 46], "uv_size": [0.5, 0.5]},
								"up": {"uv": [70.5, 47.5], "uv_size": [-0.5, -0.5]},
								"down": {"uv": [48.5, 70], "uv_size": [-0.5, 0.5]}
							}
						},
						{
							"origin": [0.50065, 16.23438, 0.89461],
							"size": [0.08839, 0.125, 0.08839],
							"uv": {
								"south": {"uv": [70, 48], "uv_size": [0.5, 0.5]},
								"west": {"uv": [49, 70], "uv_size": [0.5, 0.5]},
								"up": {"uv": [70.5, 49.5], "uv_size": [-0.5, -0.5]}
							}
						},
						{
							"origin": [0.5, 19.1924, 3.04643],
							"size": [0.75, 0.75, 0.25],
							"pivot": [1.25, 19.1924, 5.04643],
							"rotation": [-22.5, 0, 0],
							"uv": {
								"north": {"uv": [64, 43], "uv_size": [1, 1]},
								"east": {"uv": [4, 67], "uv_size": [0.5, 1]},
								"west": {"uv": [67, 3], "uv_size": [0.5, 1]},
								"up": {"uv": [68, 4.5], "uv_size": [-1, -0.5]},
								"down": {"uv": [6, 67], "uv_size": [-1, 0.5]}
							}
						},
						{
							"origin": [-1.5, 17.65837, 2.4436],
							"size": [2.75, 0.25, 0.25],
							"pivot": [-0.125, 17.78337, 2.5686],
							"rotation": [22.5, 0, 0],
							"uv": {
								"north": {"uv": [61, 3], "uv_size": [3, 0.5]},
								"east": {"uv": [70, 55], "uv_size": [0.5, 0.5]},
								"west": {"uv": [55, 70], "uv_size": [0.5, 0.5]},
								"up": {"uv": [64, 4.5], "uv_size": [-3, -0.5]}
							}
						},
						{
							"origin": [-1.125, 17.33766, 2.39551],
							"size": [2, 0.375, 0.001],
							"pivot": [-0.125, 17.77516, 1.89551],
							"rotation": [45, 0, 0],
							"uv": {
								"north": {"uv": [46, 64], "uv_size": [2, 0.5]},
								"south": {"uv": [44, 64], "uv_size": [2, 0.5]}
							}
						},
						{
							"origin": [-1.125, 18.08423, 1.98146],
							"size": [2, 0.001, 0.3125],
							"uv": {
								"up": {"uv": [66, 47.5], "uv_size": [-2, -0.5]},
								"down": {"uv": [66, 48], "uv_size": [-2, 0.5]}
							}
						},
						{
							"origin": [-1.125, 17.62048, 1.36188],
							"size": [2, 0.001, 0.8125],
							"pivot": [-0.125, 17.62048, 1.51813],
							"rotation": [45, 0, 0],
							"uv": {
								"up": {"uv": [62, 53], "uv_size": [-2, -1]},
								"down": {"uv": [55, 60], "uv_size": [-2, 1]}
							}
						},
						{
							"origin": [-1.9375, 16.25, 1],
							"size": [0.625, 0.25, 0.25],
							"uv": {
								"north": {"uv": [58, 70], "uv_size": [0.5, 0.5]},
								"east": {"uv": [70, 58], "uv_size": [0.5, 0.5]},
								"south": {"uv": [56, 70], "uv_size": [0.5, 0.5]},
								"west": {"uv": [57, 70], "uv_size": [0.5, 0.5]},
								"up": {"uv": [59.5, 70.5], "uv_size": [-0.5, -0.5]}
							}
						},
						{
							"origin": [-6.50888, 16, -1],
							"size": [0.51776, 1, 1.25],
							"pivot": [-6.25, 16.5, -0.375],
							"rotation": [0, -45, 0],
							"uv": {
								"north": {"uv": [6, 67], "uv_size": [0.5, 1]},
								"south": {"uv": [67, 5], "uv_size": [0.5, 1]},
								"up": {"uv": [16.5, 66.5], "uv_size": [-0.5, -1.5]},
								"down": {"uv": [23.5, 65], "uv_size": [-0.5, 1.5]}
							}
						},
						{
							"origin": [-6.50888, 16, -1],
							"size": [0.51776, 1, 1.25],
							"uv": {
								"north": {"uv": [7, 67], "uv_size": [0.5, 1]},
								"south": {"uv": [67, 6], "uv_size": [0.5, 1]},
								"up": {"uv": [65.5, 25.5], "uv_size": [-0.5, -1.5]}
							}
						},
						{
							"origin": [-6.875, 16, -0.63388],
							"size": [1.25, 1, 0.51776],
							"pivot": [-6.25, 16.5, -0.375],
							"rotation": [0, -45, 0],
							"uv": {
								"east": {"uv": [8, 67], "uv_size": [0.5, 1]},
								"west": {"uv": [67, 7], "uv_size": [0.5, 1]},
								"up": {"uv": [27.5, 65.5], "uv_size": [-1.5, -0.5]},
								"down": {"uv": [66.5, 26], "uv_size": [-1.5, 0.5]}
							}
						},
						{
							"origin": [-6.875, 16, -0.63388],
							"size": [1.25, 1, 0.51776],
							"uv": {
								"east": {"uv": [9, 67], "uv_size": [0.5, 1]},
								"west": {"uv": [67, 8], "uv_size": [0.5, 1]},
								"up": {"uv": [29.5, 65.5], "uv_size": [-1.5, -0.5]}
							}
						}
					]
				},
				{
					"name": "deco_illuminated",
					"parent": "panel",
					"pivot": [-0.125, 16.375, 0],
					"cubes": [
						{
							"origin": [0.75, 17.4424, 3.04643],
							"size": [0.5, 0.5, 0.25],
							"pivot": [0, 19.1924, 5.04643],
							"rotation": [-22.5, 0, 0],
							"uv": {
								"north": {"uv": [53, 70], "uv_size": [0.5, 0.5]},
								"east": {"uv": [70, 53], "uv_size": [0.5, 0.5]},
								"west": {"uv": [70, 52], "uv_size": [0.5, 0.5]},
								"up": {"uv": [54.5, 70.5], "uv_size": [-0.5, -0.5]},
								"down": {"uv": [70.5, 54], "uv_size": [-0.5, 0.5]}
							}
						},
						{
							"origin": [0, 17.4424, 3.04643],
							"size": [0.5, 0.5, 0.25],
							"pivot": [0, 19.1924, 5.04643],
							"rotation": [-22.5, 0, 0],
							"uv": {
								"north": {"uv": [70, 50], "uv_size": [0.5, 0.5]},
								"east": {"uv": [51, 70], "uv_size": [0.5, 0.5]},
								"west": {"uv": [50, 70], "uv_size": [0.5, 0.5]},
								"up": {"uv": [70.5, 51.5], "uv_size": [-0.5, -0.5]},
								"down": {"uv": [52.5, 70], "uv_size": [-0.5, 0.5]}
							}
						},
						{
							"origin": [-0.75, 17.4424, 3.04643],
							"size": [0.5, 0.5, 0.25],
							"pivot": [0, 19.1924, 5.04643],
							"rotation": [-22.5, 0, 0],
							"uv": {
								"north": {"uv": [29, 70], "uv_size": [0.5, 0.5]},
								"east": {"uv": [70, 29], "uv_size": [0.5, 0.5]},
								"west": {"uv": [70, 28], "uv_size": [0.5, 0.5]},
								"up": {"uv": [30.5, 70.5], "uv_size": [-0.5, -0.5]},
								"down": {"uv": [70.5, 30], "uv_size": [-0.5, 0.5]}
							}
						},
						{
							"origin": [-1.5, 17.4424, 3.04643],
							"size": [0.5, 0.5, 0.25],
							"pivot": [0, 19.1924, 5.04643],
							"rotation": [-22.5, 0, 0],
							"uv": {
								"north": {"uv": [70, 31], "uv_size": [0.5, 0.5]},
								"east": {"uv": [32, 70], "uv_size": [0.5, 0.5]},
								"west": {"uv": [31, 70], "uv_size": [0.5, 0.5]},
								"up": {"uv": [70.5, 32.5], "uv_size": [-0.5, -0.5]},
								"down": {"uv": [33.5, 70], "uv_size": [-0.5, 0.5]}
							}
						},
						{
							"origin": [-3.25, 15.9424, 3.04643],
							"size": [0.5, 0.5, 0.25],
							"pivot": [0, 19.1924, 5.04643],
							"rotation": [-22.5, 0, 0],
							"uv": {
								"north": {"uv": [24, 70], "uv_size": [0.5, 0.5]},
								"east": {"uv": [70, 24], "uv_size": [0.5, 0.5]},
								"west": {"uv": [70, 23], "uv_size": [0.5, 0.5]},
								"up": {"uv": [25.5, 70.5], "uv_size": [-0.5, -0.5]},
								"down": {"uv": [70.5, 25], "uv_size": [-0.5, 0.5]}
							}
						},
						{
							"origin": [-4, 15.9424, 3.04643],
							"size": [0.5, 0.5, 0.25],
							"pivot": [0, 19.1924, 5.04643],
							"rotation": [-22.5, 0, 0],
							"uv": {
								"north": {"uv": [70, 26], "uv_size": [0.5, 0.5]},
								"east": {"uv": [27, 70], "uv_size": [0.5, 0.5]},
								"west": {"uv": [26, 70], "uv_size": [0.5, 0.5]},
								"up": {"uv": [70.5, 27.5], "uv_size": [-0.5, -0.5]},
								"down": {"uv": [28.5, 70], "uv_size": [-0.5, 0.5]}
							}
						},
						{
							"origin": [-4, 16.9424, 3.17143],
							"size": [1.25, 0.75, 0.125],
							"pivot": [0, 19.1924, 5.04643],
							"rotation": [-22.5, 0, 0],
							"uv": {
								"north": {"uv": [3, 61], "uv_size": [1.5, 1]}
							}
						},
						{
							"origin": [-5.5, 16.9424, 3.17143],
							"size": [1.25, 0.75, 0.125],
							"pivot": [0, 19.1924, 5.04643],
							"rotation": [-22.5, 0, 0],
							"uv": {
								"north": {"uv": [61, 2], "uv_size": [1.5, 1]}
							}
						},
						{
							"origin": [-7, 16.9424, 3.17143],
							"size": [1.25, 0.75, 0.125],
							"pivot": [0, 19.1924, 5.04643],
							"rotation": [-22.5, 0, 0],
							"uv": {
								"north": {"uv": [61, 1], "uv_size": [1.5, 1]}
							}
						},
						{
							"origin": [-0.75, 16.25, 0.5],
							"size": [1.75, 0.0625, 0.75],
							"uv": {
								"up": {"uv": [62, 54], "uv_size": [-2, -1]}
							}
						}
					]
				},
				{
					"name": "desk",
					"parent": "root",
					"pivot": [0, 24, -6.5],
					"cubes": [
						{
							"origin": [-8, 11, -1.5],
							"size": [16, 5, 9.5],
							"uv": {
								"east": {"uv": [48, 19], "uv_size": [9.5, 5]},
								"south": {"uv": [36, 39], "uv_size": [16, 5]},
								"west": {"uv": [16, 48], "uv_size": [9.5, 5]},
								"up": {"uv": [48, 9.5], "uv_size": [-16, -9.5]}
							}
						},
						{
							"origin": [7.94297, 11, -1.5],
							"size": [16, 3, 9.5],
							"uv": {
								"east": {"uv": [31, 53], "uv_size": [9.5, 3]},
								"south": {"uv": [48, 16], "uv_size": [16, 3]},
								"west": {"uv": [52, 41], "uv_size": [9.5, 3]},
								"up": {"uv": [48, 19.5], "uv_size": [-16, -9.5]}
							}
						},
						{
							"origin": [-8, 11, -8],
							"size": [32, 3, 6.5],
							"uv": {
								"north": {"uv": [36, 30], "uv_size": [32, 3]},
								"east": {"uv": [27, 56], "uv_size": [6.5, 3]},
								"west": {"uv": [8, 49], "uv_size": [6.5, 3]}
							}
						},
						{
							"origin": [-7.9999, 13.42337, -2.8579],
							"size": [16, 2.25, 1],
							"pivot": [0, 12.42337, -1.3579],
							"rotation": [-22.5, 0, 0],
							"uv": {
								"north": {"uv": [48, 24], "uv_size": [16, 2.5]},
								"east": {"uv": [52, 59], "uv_size": [1, 2.5]},
								"west": {"uv": [43, 59], "uv_size": [1, 2.5]}
							}
						},
						{
							"origin": [-8, 14, -8],
							"size": [16, 0.25, 5.75],
							"uv": {
								"north": {"uv": [58, 12], "uv_size": [16, 0.5]},
								"east": {"uv": [60, 46], "uv_size": [6, 0.5]},
								"south": {"uv": [58, 11], "uv_size": [16, 0.5]},
								"west": {"uv": [60, 45], "uv_size": [6, 0.5]},
								"up": {"uv": [52, 39], "uv_size": [-16, -6]}
							}
						},
						{
							"origin": [-7.9999, 14.6924, 3.54643],
							"size": [10, 8, 2.75],
							"pivot": [0, 19.1924, 5.04643],
							"rotation": [-22.5, 0, 0],
							"uv": {
								"north": {"uv": [16, 40], "uv_size": [10, 8]},
								"east": {"uv": [21, 53], "uv_size": [3, 8]},
								"west": {"uv": [18, 53], "uv_size": [3, 8]}
							}
						},
						{
							"origin": [-8, 2, -8],
							"size": [2, 9, 8],
							"uv": {
								"north": {"uv": [34, 56], "uv_size": [2, 9]},
								"east": {"uv": [34, 44], "uv_size": [8, 9]},
								"west": {"uv": [26, 40], "uv_size": [8, 9]},
								"down": {"uv": [46, 56], "uv_size": [-2, 8]}
							}
						},
						{
							"origin": [-8, 0, -8],
							"size": [2, 2, 2],
							"uv": {
								"north": {"uv": [59, 3], "uv_size": [2, 2]},
								"east": {"uv": [59, 5], "uv_size": [2, 2]},
								"west": {"uv": [59, 1], "uv_size": [2, 2]},
								"down": {"uv": [11, 59], "uv_size": [-2, 2]}
							}
						},
						{
							"origin": [-8, 0.11522, -6.39176],
							"size": [2, 2.25, 0.8125],
							"pivot": [0, 1.11522, -6.07926],
							"rotation": [-22.5, 0, 0],
							"uv": {
								"east": {"uv": [8, 60], "uv_size": [1, 2.5]},
								"south": {"uv": [34, 40], "uv_size": [2, 2.5]},
								"west": {"uv": [7, 60], "uv_size": [1, 2.5]}
							}
						},
						{
							"origin": [-8, 0.10571, -0.46858],
							"size": [2, 2.25, 0.75],
							"pivot": [0, 1.23071, 0.03142],
							"rotation": [22.5, 0, 0],
							"uv": {
								"north": {"uv": [31, 49], "uv_size": [2, 2.5]},
								"east": {"uv": [11, 63], "uv_size": [0.5, 2.5]},
								"west": {"uv": [52, 62], "uv_size": [0.5, 2.5]}
							}
						},
						{
							"origin": [-8, 16, 5],
							"size": [10, 7, 3],
							"uv": {
								"east": {"uv": [24, 56], "uv_size": [3, 7]},
								"south": {"uv": [48, 9], "uv_size": [10, 7]},
								"west": {"uv": [56, 0], "uv_size": [3, 7]},
								"up": {"uv": [58, 30], "uv_size": [-10, -3]}
							}
						}
					]
				},
				{
					"name": "keyboard",
					"parent": "desk",
					"pivot": [-1.305, 14.0126, -6.8356],
					"cubes": [
						{
							"origin": [-6.75605, 14.2301, -6.5485],
							"size": [8.1693, 0.2175, 3.33645],
							"uv": {
								"north": {"uv": [58.585, 12], "uv_size": [9.39, 0.5]},
								"east": {"uv": [60.48, 46], "uv_size": [4.00174, 0.5]},
								"south": {"uv": [64.025, 11], "uv_size": [9.39, 0.5]},
								"west": {"uv": [61.51826, 45], "uv_size": [4.00174, 0.5]},
								"up": {"uv": [9.39, 82.02], "uv_size": [-9.39, -4.00174]}
							}
						}
					]
				},
				{
					"name": "slot",
					"parent": "desk",
					"pivot": [-7, 24, -2.5],
					"cubes": [
						{
							"origin": [2.5, 16, 1.6875],
							"size": [5, 1, 6.25],
							"uv": {
								"north": {"uv": [58, 20], "uv_size": [5, 1]},
								"south": {"uv": [58, 19], "uv_size": [5, 1]},
								"up": {"uv": [31, 55.5], "uv_size": [-5, -6.5]}
							}
						},
						{
							"origin": [2.75, 17, 6.01562],
							"size": [0.5, 0.5, 1.4375],
							"uv": {
								"north": {"uv": [60, 70], "uv_size": [0.5, 0.5]},
								"east": {"uv": [30, 65], "uv_size": [1.5, 0.5]},
								"south": {"uv": [70, 59], "uv_size": [0.5, 0.5]},
								"up": {"uv": [32.5, 66.5], "uv_size": [-0.5, -1.5]}
							}
						},
						{
							"origin": [3, 16.89645, 6.01562],
							"size": [0.75, 0.5, 1.4375],
							"pivot": [3.25, 17.14645, 6.875],
							"rotation": [0, 0, 45],
							"uv": {
								"north": {"uv": [11, 67], "uv_size": [1, 0.5]},
								"south": {"uv": [10, 67], "uv_size": [1, 0.5]},
								"up": {"uv": [6, 62.5], "uv_size": [-1, -1.5]}
							}
						},
						{
							"origin": [6.28661, 16.80806, 6.01562],
							"size": [0.75, 0.5, 1.4375],
							"pivot": [6.66161, 17.05806, 6.875],
							"rotation": [0, 0, -45],
							"uv": {
								"north": {"uv": [13, 67], "uv_size": [1, 0.5]},
								"south": {"uv": [12, 67], "uv_size": [1, 0.5]},
								"up": {"uv": [62, 6.5], "uv_size": [-1, -1.5]}
							}
						},
						{
							"origin": [6.75, 17, 6.01562],
							"size": [0.5, 0.5, 1.4375],
							"uv": {
								"north": {"uv": [61, 70], "uv_size": [0.5, 0.5]},
								"south": {"uv": [70, 60], "uv_size": [0.5, 0.5]},
								"west": {"uv": [65, 33], "uv_size": [1.5, 0.5]},
								"up": {"uv": [34.5, 66.5], "uv_size": [-0.5, -1.5]}
							}
						},
						{
							"origin": [6.28661, 16.80806, 4.09375],
							"size": [0.75, 0.5, 1.4375],
							"pivot": [6.66161, 17.05806, 4.9375],
							"rotation": [0, 0, -45],
							"uv": {
								"north": {"uv": [14, 67], "uv_size": [1, 0.5]},
								"south": {"uv": [67, 13], "uv_size": [1, 0.5]},
								"up": {"uv": [7, 62.5], "uv_size": [-1, -1.5]}
							}
						},
						{
							"origin": [2.75, 17, 4.09375],
							"size": [0.5, 0.5, 1.4375],
							"uv": {
								"north": {"uv": [62, 70], "uv_size": [0.5, 0.5]},
								"east": {"uv": [35, 65], "uv_size": [1.5, 0.5]},
								"south": {"uv": [70, 61], "uv_size": [0.5, 0.5]},
								"up": {"uv": [37.5, 66.5], "uv_size": [-0.5, -1.5]}
							}
						},
						{
							"origin": [3, 16.89645, 4.09375],
							"size": [0.75, 0.5, 1.4375],
							"pivot": [3.25, 17.14645, 4.9375],
							"rotation": [0, 0, 45],
							"uv": {
								"north": {"uv": [15, 67], "uv_size": [1, 0.5]},
								"south": {"uv": [67, 14], "uv_size": [1, 0.5]},
								"up": {"uv": [10, 62.5], "uv_size": [-1, -1.5]}
							}
						},
						{
							"origin": [6.75, 17, 4.09375],
							"size": [0.5, 0.5, 1.4375],
							"uv": {
								"north": {"uv": [63, 70], "uv_size": [0.5, 0.5]},
								"south": {"uv": [70, 62], "uv_size": [0.5, 0.5]},
								"west": {"uv": [65, 39], "uv_size": [1.5, 0.5]},
								"up": {"uv": [42.5, 66.5], "uv_size": [-0.5, -1.5]}
							}
						},
						{
							"origin": [7.34306, 15.83101, 1.6875],
							"size": [0.75, 1.1875, 6.25],
							"pivot": [7.84306, 15.51851, 4.9375],
							"rotation": [0, 0, -22.5],
							"uv": {
								"north": {"uv": [51, 64], "uv_size": [1, 1]},
								"south": {"uv": [64, 49], "uv_size": [1, 1]},
								"west": {"uv": [8, 52], "uv_size": [6.5, 1]}
							}
						},
						{
							"origin": [6.75, 17, 2.17187],
							"size": [0.5, 0.5, 1.4375],
							"uv": {
								"north": {"uv": [64, 70], "uv_size": [0.5, 0.5]},
								"south": {"uv": [70, 63], "uv_size": [0.5, 0.5]},
								"west": {"uv": [65, 40], "uv_size": [1.5, 0.5]},
								"up": {"uv": [43.5, 66.5], "uv_size": [-0.5, -1.5]}
							}
						},
						{
							"origin": [3, 16.89645, 2.17187],
							"size": [0.75, 0.5, 1.4375],
							"pivot": [3.25, 17.14645, 3],
							"rotation": [0, 0, 45],
							"uv": {
								"north": {"uv": [16, 67], "uv_size": [1, 0.5]},
								"south": {"uv": [67, 15], "uv_size": [1, 0.5]},
								"up": {"uv": [11, 62.5], "uv_size": [-1, -1.5]}
							}
						},
						{
							"origin": [2.75, 17, 2.17187],
							"size": [0.5, 0.5, 1.4375],
							"uv": {
								"north": {"uv": [65, 70], "uv_size": [0.5, 0.5]},
								"east": {"uv": [65, 43], "uv_size": [1.5, 0.5]},
								"south": {"uv": [70, 64], "uv_size": [0.5, 0.5]},
								"up": {"uv": [44.5, 66.5], "uv_size": [-0.5, -1.5]}
							}
						},
						{
							"origin": [6.28661, 16.80806, 2.17187],
							"size": [0.75, 0.5, 1.4375],
							"pivot": [6.66161, 17.05806, 3],
							"rotation": [0, 0, -45],
							"uv": {
								"north": {"uv": [17, 67], "uv_size": [1, 0.5]},
								"south": {"uv": [67, 16], "uv_size": [1, 0.5]},
								"up": {"uv": [12, 62.5], "uv_size": [-1, -1.5]}
							}
						},
						{
							"origin": [2.24424, 15.71419, 1.6875],
							"size": [0.75, 1.1875, 6.25],
							"pivot": [2.61924, 16.30794, 4.9375],
							"rotation": [0, 0, 22.5],
							"uv": {
								"north": {"uv": [54, 64], "uv_size": [1, 1]},
								"east": {"uv": [58, 13], "uv_size": [6.5, 1]},
								"south": {"uv": [53, 64], "uv_size": [1, 1]}
							}
						}
					]
				},
				{
					"name": "mouse",
					"parent": "desk",
					"pivot": [5, 13.655, -4.39],
					"cubes": [
						{
							"origin": [4.504, 14.2781, -5.9369],
							"size": [0.992, 0.5115, 1.9592],
							"uv": {
								"north": {"uv": [0, 73.5], "uv_size": [1.6, 0.825]},
								"east": {"uv": [0, 73.5], "uv_size": [3.16, 0.825]},
								"south": {"uv": [0, 73.5], "uv_size": [1.6, 0.825]},
								"west": {"uv": [0, 73.5], "uv_size": [3.16, 0.825]},
								"up": {"uv": [3.5, 73.5], "uv_size": [1.49, 3.16]}
							}
						},
						{
							"origin": [4.9039, 14.3835, -4.7155],
							"size": [0.1922, 0.5115, 0.651],
							"uv": {
								"north": {"uv": [0, 73.5], "uv_size": [1.6, 0.825]},
								"east": {"uv": [0, 73.5], "uv_size": [3.16, 0.825]},
								"south": {"uv": [0, 73.5], "uv_size": [1.6, 0.825]},
								"west": {"uv": [0, 73.5], "uv_size": [3.16, 0.825]},
								"up": {"uv": [3.5, 75], "uv_size": [1.49, 1.5425]}
							}
						}
					]
				},
				{
					"name": "desk2",
					"parent": "root",
					"pivot": [16, 24, -6.5],
					"cubes": [
						{
							"origin": [7.94297, 14, -8],
							"size": [16, 0.25, 16],
							"uv": {
								"north": {"uv": [58, 9], "uv_size": [16, 0.5]},
								"east": {"uv": [58, 10], "uv_size": [16, 0.5]},
								"south": {"uv": [57, 56], "uv_size": [16, 0.5]},
								"west": {"uv": [57, 57], "uv_size": [16, 0.5]},
								"up": {"uv": [16, 38], "uv_size": [-16, -16]}
							}
						},
						{
							"origin": [-8.00703, 0, 0],
							"size": [31.95, 11, 8],
							"uv": {
								"north": {"uv": [0, 11], "uv_size": [32, 11]},
								"east": {"uv": [8, 38], "uv_size": [8, 11]},
								"south": {"uv": [0, 0], "uv_size": [32, 11]},
								"west": {"uv": [0, 38], "uv_size": [8, 11]},
								"down": {"uv": [48, 22], "uv_size": [-32, 8]}
							}
						},
						{
							"origin": [-6.24203, 8.9724, -7.80658],
							"size": [4.09, 3.25, 10],
							"pivot": [16, 10.4724, -2.80658],
							"rotation": [-22.5, 0, 0],
							"uv": {
								"east": {"uv": [50, 48], "uv_size": [10, 3.5]},
								"west": {"uv": [50, 44], "uv_size": [10, 3.5]},
								"down": {"uv": [4, 49], "uv_size": [-4, 10]}
							}
						},
						{
							"origin": [-2.15203, 8.9724, -7.80658],
							"size": [20.09, 3.25, 10],
							"pivot": [16, 10.4724, -2.80658],
							"rotation": [-22.5, 0, 0],
							"uv": {
								"east": {"uv": [52, 37], "uv_size": [10, 3.5]},
								"west": {"uv": [52, 33], "uv_size": [10, 3.5]},
								"down": {"uv": [36, 30], "uv_size": [-20, 10]}
							}
						},
						{
							"origin": [17.93797, 8.9724, -7.80658],
							"size": [4.12703, 3.25, 10],
							"pivot": [16, 10.4724, -2.80658],
							"rotation": [-22.5, 0, 0],
							"uv": {
								"east": {"uv": [8, 53], "uv_size": [10, 3.5]},
								"west": {"uv": [50, 52], "uv_size": [10, 3.5]},
								"down": {"uv": [8, 49], "uv_size": [-4, 10]}
							}
						},
						{
							"origin": [22, 2, -8],
							"size": [2, 9, 8],
							"uv": {
								"north": {"uv": [36, 56], "uv_size": [2, 9]},
								"east": {"uv": [48, 0], "uv_size": [8, 9]},
								"west": {"uv": [42, 44], "uv_size": [8, 9]},
								"down": {"uv": [48, 56], "uv_size": [-2, 8]}
							}
						},
						{
							"origin": [22, 0, -8],
							"size": [2, 2, 2],
							"uv": {
								"north": {"uv": [27, 59], "uv_size": [2, 2]},
								"east": {"uv": [29, 59], "uv_size": [2, 2]},
								"west": {"uv": [11, 59], "uv_size": [2, 2]},
								"down": {"uv": [33, 59], "uv_size": [-2, 2]}
							}
						},
						{
							"origin": [22, 0.11522, -6.32926],
							"size": [2, 2.25, 0.75],
							"pivot": [16, 1.11522, -6.07926],
							"rotation": [-22.5, 0, 0],
							"uv": {
								"east": {"uv": [48, 60], "uv_size": [1, 2.5]},
								"south": {"uv": [24, 53], "uv_size": [2, 2.5]},
								"west": {"uv": [60, 47], "uv_size": [1, 2.5]}
							}
						},
						{
							"origin": [22, 0.10571, -0.46858],
							"size": [2, 2.25, 0.75],
							"pivot": [16, 1.23071, 0.03142],
							"rotation": [22.5, 0, 0],
							"uv": {
								"north": {"uv": [14, 57], "uv_size": [2, 2.5]},
								"east": {"uv": [25, 63], "uv_size": [0.5, 2.5]},
								"west": {"uv": [24, 63], "uv_size": [0.5, 2.5]}
							}
						}
					]
				},
				{
					"name": "slot2",
					"parent": "desk2",
					"pivot": [9, 24, -2.5]
				}
			]
		}
	]
}