{
	"pack_name": "{maid_pack.touhoufumo.name}",
	"model_list": [
		{
			"model_id": "touhoufumo:reimufumo",
			"is_gecko": true,
			"description": ["{model.touhoufumo.reimufumo.desc}"],
			"animation": [
				"touhoufumo:animation/reimufumo.main.animation.json",
				"touhoufumo:animation/reimufumo.condition.animation.json",
				"touhoufumo:animation/reimufumo.tac.animation.json"
			],
			"render_entity_scale": 0.7,
			"render_item_scale": 1.25
		},
		{
			"model_id": "touhoufumo:cirnofumo",
			"is_gecko": true,
			"description": ["{model.touhoufumo.cirnofumo.desc}"],
			"animation": [
				"touhoufumo:animation/cirnofumo.main.animation.json",
				"touhoufumo:animation/cirnofumo.condition.animation.json",
				"touhoufumo:animation/cirnofumo.tac.animation.json"
			],
			"render_entity_scale": 0.7,
			"render_item_scale": 1.25
		},
		{
			"model_id": "touhoufumo:marisa",
			"is_gecko": true,
			"description": ["{model.touhoufumo.marisa.desc}"],
			"animation": [
				"touhoufumo:animation/marisa.main.animation.json",
				"touhoufumo:animation/marisa.condition.animation.json",
				"touhoufumo:animation/marisa.tac.animation.json"
			],
			"render_entity_scale": 0.7,
			"render_item_scale": 1.25
		}
	],
	"version": "1.0.0",
	"author": ["Dr-观星"],
	"icon": "touhoufumo:textures/maid_icon.png",
	"description": ["{maid_pack.touhoufumo.desc}"],
	"date": "2024-12-10"
}