{
	"format_version": "1.12.0",
	"minecraft:geometry": [
		{
			"description": {
				"identifier": "geometry.unknown",
				"texture_width": 128,
				"texture_height": 128,
				"visible_bounds_width": 6,
				"visible_bounds_height": 6,
				"visible_bounds_offset": [0, 1, 0]
			},
			"bones": [
				{
					"name": "MRoot",
					"pivot": [0, 0, 0]
				},
				{
					"name": "AllROOT",
					"parent": "MRoot",
					"pivot": [0, 0, 0]
				},
				{
					"name": "ROOT",
					"parent": "AllROOT",
					"pivot": [0, 0, 0]
				},
				{
					"name": "MAllBody",
					"parent": "ROOT",
					"pivot": [0, 8.4, 0]
				},
				{
					"name": "AllBody",
					"parent": "MAllBody",
					"pivot": [0, 8.4, 0]
				},
				{
					"name": "ALLUPBody",
					"parent": "AllBody",
					"pivot": [0, 4.7, 0]
				},
				{
					"name": "UPBody",
					"parent": "ALLUPBody",
					"pivot": [0, 4.7, 0],
					"cubes": [
						{
							"origin": [0.48301, 9.97637, -1.33695],
							"size": [1.70313, 1.3625, 2.67391],
							"pivot": [2.18613, 9.97637, 0.07664],
							"rotation": [0, 0, 7.5],
							"uv": {
								"north": {"uv": [77, 27], "uv_size": [2, 1]},
								"east": {"uv": [61, 69], "uv_size": [3, 1]},
								"south": {"uv": [77, 29], "uv_size": [2, 1]},
								"west": {"uv": [69, 61], "uv_size": [3, 1]},
								"up": {"uv": [57, 0], "uv_size": [2, 3]},
								"down": {"uv": [57, 16], "uv_size": [2, -3]}
							}
						},
						{
							"origin": [-0.68125, 10.18702, -1.34547],
							"size": [1.3625, 1.3625, 2.69094],
							"uv": {
								"north": {"uv": [87, 40], "uv_size": [1, 1]},
								"east": {"uv": [69, 63], "uv_size": [3, 1]},
								"south": {"uv": [42, 87], "uv_size": [1, 1]},
								"west": {"uv": [65, 69], "uv_size": [3, 1]},
								"up": {"uv": [69, 69], "uv_size": [1, 3]},
								"down": {"uv": [14, 73], "uv_size": [1, -3]}
							}
						},
						{
							"origin": [-1.31283, 11.39646, -1.26965],
							"size": [2.62567, 1.38193, 2.53929],
							"uv": {
								"north": {"uv": [70, 2], "uv_size": [3, 1]},
								"east": {"uv": [70, 27], "uv_size": [3, 1]},
								"south": {"uv": [70, 29], "uv_size": [3, 1]},
								"west": {"uv": [30, 70], "uv_size": [3, 1]},
								"up": {"uv": [49, 30], "uv_size": [3, 3]},
								"down": {"uv": [49, 37], "uv_size": [3, -3]}
							}
						},
						{
							"origin": [-2.18613, 9.97637, -1.33695],
							"size": [1.70313, 1.3625, 2.67391],
							"pivot": [-2.18613, 9.97637, 0.07664],
							"rotation": [0, 0, -7.5],
							"uv": {
								"north": {"uv": [32, 77], "uv_size": [2, 1]},
								"east": {"uv": [70, 33], "uv_size": [3, 1]},
								"south": {"uv": [35, 77], "uv_size": [2, 1]},
								"west": {"uv": [70, 35], "uv_size": [3, 1]},
								"up": {"uv": [29, 57], "uv_size": [2, 3]},
								"down": {"uv": [57, 35], "uv_size": [2, -3]}
							}
						},
						{
							"origin": [-2.58622, 4.7625, -1.1875],
							"size": [2.58875, 6.13125, 2.425],
							"pivot": [-2.65435, 3.4, 0],
							"rotation": [0, 0, 2.5],
							"uv": {
								"north": {"uv": [5, 40], "uv_size": [3, 6]},
								"east": {"uv": [46, 34], "uv_size": [2, 6]},
								"south": {"uv": [9, 40], "uv_size": [3, 6]},
								"west": {"uv": [36, 46], "uv_size": [2, 6]},
								"up": {"uv": [57, 51], "uv_size": [3, 2]},
								"down": {"uv": [53, 59], "uv_size": [3, -2]}
							}
						},
						{
							"origin": [-0.00253, 4.7625, -1.19602],
							"size": [2.58875, 6.13125, 2.44203],
							"pivot": [2.65435, 3.4, 0.00852],
							"rotation": [0, 0, -2.5],
							"uv": {
								"north": {"uv": [40, 11], "uv_size": [3, 6]},
								"east": {"uv": [39, 46], "uv_size": [2, 6]},
								"south": {"uv": [40, 18], "uv_size": [3, 6]},
								"west": {"uv": [46, 41], "uv_size": [2, 6]},
								"up": {"uv": [57, 54], "uv_size": [3, 2]},
								"down": {"uv": [57, 59], "uv_size": [3, -2]}
							}
						}
					]
				},
				{
					"name": "bingyi",
					"parent": "UPBody",
					"pivot": [0, 8.86603, 4.73817],
					"cubes": [
						{
							"origin": [-6.34698, 2.58256, 0.88999],
							"size": [1.2474, 1.2474, 1.2089],
							"pivot": [0, 8.98612, 4.84056],
							"rotation": [29.28612, 16.52191, 51.53389],
							"uv": {
								"north": {"uv": [47, 18], "uv_size": [1, 1]},
								"east": {"uv": [56, 46], "uv_size": [1, 1]},
								"south": {"uv": [27, 64], "uv_size": [1, 1]},
								"west": {"uv": [65, 41], "uv_size": [1, 1]},
								"up": {"uv": [38, 77], "uv_size": [1, 1]},
								"down": {"uv": [46, 78], "uv_size": [1, -1]}
							}
						},
						{
							"origin": [-6.34698, 3.82996, 0.8822],
							"size": [1.2474, 1.2474, 1.22449],
							"pivot": [0, 8.98612, 4.84056],
							"rotation": [29.28612, 16.52191, 51.53389],
							"uv": {
								"north": {"uv": [62, 80], "uv_size": [1, 1]},
								"east": {"uv": [80, 69], "uv_size": [1, 1]},
								"south": {"uv": [70, 80], "uv_size": [1, 1]},
								"west": {"uv": [75, 80], "uv_size": [1, 1]},
								"up": {"uv": [77, 80], "uv_size": [1, 1]},
								"down": {"uv": [79, 81], "uv_size": [1, -1]}
							}
						},
						{
							"origin": [-6.40357, 12.8383, 0.86295],
							"size": [1.2474, 1.2474, 1.26299],
							"pivot": [0, 8.98612, 4.84056],
							"rotation": [-18.78307, 27.96771, -47.52829],
							"uv": {
								"north": {"uv": [81, 0], "uv_size": [1, 1]},
								"east": {"uv": [6, 81], "uv_size": [1, 1]},
								"south": {"uv": [81, 6], "uv_size": [1, 1]},
								"west": {"uv": [8, 81], "uv_size": [1, 1]},
								"up": {"uv": [81, 8], "uv_size": [1, 1]},
								"down": {"uv": [10, 82], "uv_size": [1, -1]}
							}
						},
						{
							"origin": [0.53641, 1.55142, 0.86661],
							"size": [1.2474, 3.7422, 1.25568],
							"pivot": [0, 8.98612, 4.84056],
							"rotation": [29.27695, -16.53924, 105.34074],
							"uv": {
								"north": {"uv": [26, 32], "uv_size": [1, 4]},
								"east": {"uv": [44, 20], "uv_size": [1, 4]},
								"south": {"uv": [19, 59], "uv_size": [1, 4]},
								"west": {"uv": [59, 24], "uv_size": [1, 4]},
								"up": {"uv": [81, 15], "uv_size": [1, 1]},
								"down": {"uv": [81, 18], "uv_size": [1, -1]}
							}
						},
						{
							"origin": [0.46009, 12.70269, 0.84736],
							"size": [1.0164, 3.7422, 1.29418],
							"pivot": [0, 8.98612, 4.84056],
							"rotation": [-33.20573, -2.046, -104.70098],
							"uv": {
								"north": {"uv": [3, 60], "uv_size": [1, 4]},
								"east": {"uv": [5, 60], "uv_size": [1, 4]},
								"south": {"uv": [7, 60], "uv_size": [1, 4]},
								"west": {"uv": [60, 12], "uv_size": [1, 4]},
								"up": {"uv": [81, 19], "uv_size": [1, 1]},
								"down": {"uv": [81, 22], "uv_size": [1, -1]}
							}
						},
						{
							"origin": [-3.0281, 5.90144, 0.86295],
							"size": [0.90436, 0.90437, 1.26299],
							"pivot": [0, 8.98612, 4.84056],
							"rotation": [29.28612, 16.52191, 51.53389],
							"uv": {
								"north": {"uv": [81, 23], "uv_size": [1, 1]},
								"east": {"uv": [25, 81], "uv_size": [1, 1]},
								"south": {"uv": [27, 81], "uv_size": [1, 1]},
								"west": {"uv": [29, 81], "uv_size": [1, 1]},
								"up": {"uv": [81, 30], "uv_size": [1, 1]},
								"down": {"uv": [31, 82], "uv_size": [1, -1]}
							}
						},
						{
							"origin": [-7.25191, 8.1353, 0.89779],
							"size": [1.8711, 1.62162, 1.19331],
							"pivot": [0, 8.98612, 4.84056],
							"rotation": [8.87221, 32.18826, 4.75346],
							"uv": {
								"north": {"uv": [30, 37], "uv_size": [2, 2]},
								"east": {"uv": [13, 40], "uv_size": [1, 2]},
								"south": {"uv": [40, 25], "uv_size": [2, 2]},
								"west": {"uv": [19, 53], "uv_size": [1, 2]},
								"up": {"uv": [71, 4], "uv_size": [2, 1]},
								"down": {"uv": [71, 7], "uv_size": [2, -1]}
							}
						},
						{
							"origin": [-7.03912, 3.39881, 0.65996],
							"size": [1.386, 1.386, 1.3475],
							"pivot": [0, 8.98612, 4.84056],
							"rotation": [52.13249, -10.25967, 81.87198],
							"uv": {
								"north": {"uv": [81, 32], "uv_size": [1, 1]},
								"east": {"uv": [33, 81], "uv_size": [1, 1]},
								"south": {"uv": [35, 81], "uv_size": [1, 1]},
								"west": {"uv": [37, 81], "uv_size": [1, 1]},
								"up": {"uv": [81, 37], "uv_size": [1, 1]},
								"down": {"uv": [39, 82], "uv_size": [1, -1]}
							}
						},
						{
							"origin": [-7.03912, 4.78481, 0.6513],
							"size": [1.386, 1.386, 1.36483],
							"pivot": [0, 8.98612, 4.84056],
							"rotation": [52.13249, -10.25967, 81.87198],
							"uv": {
								"north": {"uv": [41, 81], "uv_size": [1, 1]},
								"east": {"uv": [43, 81], "uv_size": [1, 1]},
								"south": {"uv": [45, 81], "uv_size": [1, 1]},
								"west": {"uv": [47, 81], "uv_size": [1, 1]},
								"up": {"uv": [49, 81], "uv_size": [1, 1]},
								"down": {"uv": [81, 51], "uv_size": [1, -1]}
							}
						},
						{
							"origin": [-5.58732, 13.25324, 0.63205],
							"size": [1.386, 1.386, 1.40333],
							"pivot": [0, 8.98612, 4.84056],
							"rotation": [16.42933, 50.9694, 4.77357],
							"uv": {
								"north": {"uv": [51, 81], "uv_size": [1, 1]},
								"east": {"uv": [81, 52], "uv_size": [1, 1]},
								"south": {"uv": [53, 81], "uv_size": [1, 1]},
								"west": {"uv": [81, 54], "uv_size": [1, 1]},
								"up": {"uv": [55, 81], "uv_size": [1, 1]},
								"down": {"uv": [81, 57], "uv_size": [1, -1]}
							}
						},
						{
							"origin": [-0.75309, 1.44238, 0.63397],
							"size": [1.386, 4.158, 1.39947],
							"pivot": [0, 8.98612, 4.84056],
							"rotation": [18.3807, -50.46902, 140.67985],
							"uv": {
								"north": {"uv": [60, 17], "uv_size": [1, 4]},
								"east": {"uv": [60, 29], "uv_size": [1, 4]},
								"south": {"uv": [32, 60], "uv_size": [1, 4]},
								"west": {"uv": [34, 60], "uv_size": [1, 4]},
								"up": {"uv": [57, 81], "uv_size": [1, 1]},
								"down": {"uv": [81, 59], "uv_size": [1, -1]}
							}
						},
						{
							"origin": [1.20505, 11.75447, 0.61472],
							"size": [1.155, 4.158, 1.43798],
							"pivot": [0, 8.98612, 4.84056],
							"rotation": [-45.13127, 31.10955, -78.7955],
							"uv": {
								"north": {"uv": [36, 60], "uv_size": [1, 4]},
								"east": {"uv": [38, 60], "uv_size": [1, 4]},
								"south": {"uv": [40, 60], "uv_size": [1, 4]},
								"west": {"uv": [42, 60], "uv_size": [1, 4]},
								"up": {"uv": [81, 60], "uv_size": [1, 1]},
								"down": {"uv": [81, 63], "uv_size": [1, -1]}
							}
						},
						{
							"origin": [-3.35147, 7.08645, 0.63205],
							"size": [1.00485, 1.00485, 1.40333],
							"pivot": [0, 8.98612, 4.84056],
							"rotation": [52.13249, -10.25967, 81.87198],
							"uv": {
								"north": {"uv": [64, 81], "uv_size": [1, 1]},
								"east": {"uv": [81, 64], "uv_size": [1, 1]},
								"south": {"uv": [81, 71], "uv_size": [1, 1]},
								"west": {"uv": [72, 81], "uv_size": [1, 1]},
								"up": {"uv": [81, 73], "uv_size": [1, 1]},
								"down": {"uv": [81, 76], "uv_size": [1, -1]}
							}
						},
						{
							"origin": [-6.96814, 9.1118, 0.66862],
							"size": [2.079, 1.8018, 1.33017],
							"pivot": [0, 8.98612, 4.84056],
							"rotation": [48.18598, 25.04595, 53.2454],
							"uv": {
								"north": {"uv": [59, 48], "uv_size": [2, 2]},
								"east": {"uv": [16, 70], "uv_size": [1, 2]},
								"south": {"uv": [60, 0], "uv_size": [2, 2]},
								"west": {"uv": [0, 71], "uv_size": [1, 2]},
								"up": {"uv": [71, 13], "uv_size": [2, 1]},
								"down": {"uv": [71, 16], "uv_size": [2, -1]}
							}
						},
						{
							"origin": [-5.98052, 14.57786, 1.30474],
							"size": [1.07276, 1.07276, 1.03426],
							"pivot": [0, 8.98612, 4.84056],
							"rotation": [-17.1844, 11.23135, -90.5713],
							"uv": {
								"north": {"uv": [81, 80], "uv_size": [1, 1]},
								"east": {"uv": [0, 82], "uv_size": [1, 1]},
								"south": {"uv": [2, 82], "uv_size": [1, 1]},
								"west": {"uv": [82, 2], "uv_size": [1, 1]},
								"up": {"uv": [4, 82], "uv_size": [1, 1]},
								"down": {"uv": [82, 5], "uv_size": [1, -1]}
							}
						},
						{
							"origin": [-5.98052, 13.5051, 1.27879],
							"size": [1.07276, 1.07276, 1.08617],
							"pivot": [0, 8.98612, 4.84056],
							"rotation": [-17.1844, 11.23135, -90.5713],
							"uv": {
								"north": {"uv": [82, 10], "uv_size": [1, 1]},
								"east": {"uv": [12, 82], "uv_size": [1, 1]},
								"south": {"uv": [82, 12], "uv_size": [1, 1]},
								"west": {"uv": [14, 82], "uv_size": [1, 1]},
								"up": {"uv": [16, 82], "uv_size": [1, 1]},
								"down": {"uv": [18, 83], "uv_size": [1, -1]}
							}
						},
						{
							"origin": [-6.6645, 4.07837, 1.29804],
							"size": [1.07276, 1.07276, 1.04767],
							"pivot": [0, 8.98612, 4.84056],
							"rotation": [11.7419, 16.84537, 2.87566],
							"uv": {
								"north": {"uv": [20, 82], "uv_size": [1, 1]},
								"east": {"uv": [22, 82], "uv_size": [1, 1]},
								"south": {"uv": [59, 82], "uv_size": [1, 1]},
								"west": {"uv": [61, 82], "uv_size": [1, 1]},
								"up": {"uv": [66, 82], "uv_size": [1, 1]},
								"down": {"uv": [68, 83], "uv_size": [1, -1]}
							}
						},
						{
							"origin": [1.24688, 13.15925, 1.26538],
							"size": [0.84176, 3.21829, 1.11299],
							"pivot": [0, 8.98612, 4.84056],
							"rotation": [-18.11628, -9.61991, -149.83178],
							"uv": {
								"north": {"uv": [0, 67], "uv_size": [1, 3]},
								"east": {"uv": [67, 5], "uv_size": [1, 3]},
								"south": {"uv": [67, 9], "uv_size": [1, 3]},
								"west": {"uv": [67, 13], "uv_size": [1, 3]},
								"up": {"uv": [82, 69], "uv_size": [1, 1]},
								"down": {"uv": [70, 83], "uv_size": [1, -1]}
							}
						},
						{
							"origin": [0.32435, 1.30383, 1.28463],
							"size": [1.07276, 3.21829, 1.07449],
							"pivot": [0, 8.98612, 4.84056],
							"rotation": [20.31893, -2.23247, 63.23094],
							"uv": {
								"north": {"uv": [20, 67], "uv_size": [1, 3]},
								"east": {"uv": [22, 67], "uv_size": [1, 3]},
								"south": {"uv": [24, 67], "uv_size": [1, 3]},
								"west": {"uv": [67, 41], "uv_size": [1, 3]},
								"up": {"uv": [74, 82], "uv_size": [1, 1]},
								"down": {"uv": [76, 83], "uv_size": [1, -1]}
							}
						},
						{
							"origin": [-3.12628, 12.01863, 1.27879],
							"size": [0.77775, 0.77775, 1.08617],
							"pivot": [0, 8.98612, 4.84056],
							"rotation": [-17.1844, 11.23135, -90.5713],
							"uv": {
								"north": {"uv": [82, 77], "uv_size": [1, 1]},
								"east": {"uv": [78, 82], "uv_size": [1, 1]},
								"south": {"uv": [80, 82], "uv_size": [1, 1]},
								"west": {"uv": [82, 82], "uv_size": [1, 1]},
								"up": {"uv": [83, 0], "uv_size": [1, 1]},
								"down": {"uv": [6, 84], "uv_size": [1, -1]}
							}
						},
						{
							"origin": [-7.42426, 8.77248, 1.31144],
							"size": [1.60915, 1.39459, 1.02085],
							"pivot": [0, 8.98612, 4.84056],
							"rotation": [-4.10115, 20.03757, -44.59379],
							"uv": {
								"north": {"uv": [20, 71], "uv_size": [2, 1]},
								"east": {"uv": [83, 6], "uv_size": [1, 1]},
								"south": {"uv": [23, 71], "uv_size": [2, 1]},
								"west": {"uv": [8, 83], "uv_size": [1, 1]},
								"up": {"uv": [71, 41], "uv_size": [2, 1]},
								"down": {"uv": [71, 44], "uv_size": [2, -1]}
							}
						},
						{
							"origin": [5.81512, 8.77248, 1.31144],
							"size": [1.60915, 1.39459, 1.02085],
							"pivot": [0, 8.98612, 4.84056],
							"rotation": [-4.10115, -20.03757, 44.59379],
							"uv": {
								"north": {"uv": [48, 71], "uv_size": [2, 1]},
								"east": {"uv": [83, 8], "uv_size": [1, 1]},
								"south": {"uv": [61, 71], "uv_size": [2, 1]},
								"west": {"uv": [10, 83], "uv_size": [1, 1]},
								"up": {"uv": [64, 71], "uv_size": [2, 1]},
								"down": {"uv": [71, 70], "uv_size": [2, -1]}
							}
						},
						{
							"origin": [-1.39712, 1.30383, 1.28463],
							"size": [1.07276, 3.21829, 1.07449],
							"pivot": [0, 8.98612, 4.84056],
							"rotation": [20.31893, 2.23247, -63.23094],
							"uv": {
								"north": {"uv": [49, 67], "uv_size": [1, 3]},
								"east": {"uv": [67, 49], "uv_size": [1, 3]},
								"south": {"uv": [51, 67], "uv_size": [1, 3]},
								"west": {"uv": [2, 68], "uv_size": [1, 3]},
								"up": {"uv": [83, 14], "uv_size": [1, 1]},
								"down": {"uv": [83, 17], "uv_size": [1, -1]}
							}
						},
						{
							"origin": [-2.08865, 13.15925, 1.26538],
							"size": [0.84176, 3.21829, 1.11299],
							"pivot": [0, 8.98612, 4.84056],
							"rotation": [-18.11628, 9.61991, 149.83178],
							"uv": {
								"north": {"uv": [4, 68], "uv_size": [1, 3]},
								"east": {"uv": [6, 68], "uv_size": [1, 3]},
								"south": {"uv": [8, 68], "uv_size": [1, 3]},
								"west": {"uv": [10, 68], "uv_size": [1, 3]},
								"up": {"uv": [83, 18], "uv_size": [1, 1]},
								"down": {"uv": [83, 21], "uv_size": [1, -1]}
							}
						},
						{
							"origin": [5.59174, 4.07837, 1.29804],
							"size": [1.07276, 1.07276, 1.04767],
							"pivot": [0, 8.98612, 4.84056],
							"rotation": [11.7419, -16.84537, -2.87566],
							"uv": {
								"north": {"uv": [83, 22], "uv_size": [1, 1]},
								"east": {"uv": [24, 83], "uv_size": [1, 1]},
								"south": {"uv": [83, 24], "uv_size": [1, 1]},
								"west": {"uv": [26, 83], "uv_size": [1, 1]},
								"up": {"uv": [83, 26], "uv_size": [1, 1]},
								"down": {"uv": [28, 84], "uv_size": [1, -1]}
							}
						},
						{
							"origin": [4.90776, 13.5051, 1.27879],
							"size": [1.07276, 1.07276, 1.08617],
							"pivot": [0, 8.98612, 4.84056],
							"rotation": [-17.1844, -11.23135, 90.5713],
							"uv": {
								"north": {"uv": [83, 28], "uv_size": [1, 1]},
								"east": {"uv": [30, 83], "uv_size": [1, 1]},
								"south": {"uv": [83, 30], "uv_size": [1, 1]},
								"west": {"uv": [32, 83], "uv_size": [1, 1]},
								"up": {"uv": [83, 32], "uv_size": [1, 1]},
								"down": {"uv": [34, 84], "uv_size": [1, -1]}
							}
						},
						{
							"origin": [4.90776, 14.57786, 1.30474],
							"size": [1.07276, 1.07276, 1.03426],
							"pivot": [0, 8.98612, 4.84056],
							"rotation": [-17.1844, -11.23135, 90.5713],
							"uv": {
								"north": {"uv": [83, 34], "uv_size": [1, 1]},
								"east": {"uv": [36, 83], "uv_size": [1, 1]},
								"south": {"uv": [83, 36], "uv_size": [1, 1]},
								"west": {"uv": [38, 83], "uv_size": [1, 1]},
								"up": {"uv": [83, 38], "uv_size": [1, 1]},
								"down": {"uv": [40, 84], "uv_size": [1, -1]}
							}
						},
						{
							"origin": [2.34853, 12.01863, 1.27879],
							"size": [0.77775, 0.77775, 1.08617],
							"pivot": [0, 8.98612, 4.84056],
							"rotation": [-17.1844, -11.23135, 90.5713],
							"uv": {
								"north": {"uv": [83, 40], "uv_size": [1, 1]},
								"east": {"uv": [42, 83], "uv_size": [1, 1]},
								"south": {"uv": [83, 42], "uv_size": [1, 1]},
								"west": {"uv": [44, 83], "uv_size": [1, 1]},
								"up": {"uv": [83, 44], "uv_size": [1, 1]},
								"down": {"uv": [46, 84], "uv_size": [1, -1]}
							}
						},
						{
							"origin": [5.09958, 2.58256, 0.88999],
							"size": [1.2474, 1.2474, 1.2089],
							"pivot": [0, 8.98612, 4.84056],
							"rotation": [29.28612, -16.52191, -51.53389],
							"uv": {
								"north": {"uv": [83, 46], "uv_size": [1, 1]},
								"east": {"uv": [48, 83], "uv_size": [1, 1]},
								"south": {"uv": [83, 48], "uv_size": [1, 1]},
								"west": {"uv": [50, 83], "uv_size": [1, 1]},
								"up": {"uv": [83, 50], "uv_size": [1, 1]},
								"down": {"uv": [52, 84], "uv_size": [1, -1]}
							}
						},
						{
							"origin": [5.09958, 3.82996, 0.8822],
							"size": [1.2474, 1.2474, 1.22449],
							"pivot": [0, 8.98612, 4.84056],
							"rotation": [29.28612, -16.52191, -51.53389],
							"uv": {
								"north": {"uv": [83, 52], "uv_size": [1, 1]},
								"east": {"uv": [54, 83], "uv_size": [1, 1]},
								"south": {"uv": [83, 54], "uv_size": [1, 1]},
								"west": {"uv": [56, 83], "uv_size": [1, 1]},
								"up": {"uv": [83, 56], "uv_size": [1, 1]},
								"down": {"uv": [83, 59], "uv_size": [1, -1]}
							}
						},
						{
							"origin": [5.15617, 12.8383, 0.86295],
							"size": [1.2474, 1.2474, 1.26299],
							"pivot": [0, 8.98612, 4.84056],
							"rotation": [-18.78307, -27.96771, 47.52829],
							"uv": {
								"north": {"uv": [83, 60], "uv_size": [1, 1]},
								"east": {"uv": [83, 62], "uv_size": [1, 1]},
								"south": {"uv": [63, 83], "uv_size": [1, 1]},
								"west": {"uv": [83, 64], "uv_size": [1, 1]},
								"up": {"uv": [83, 66], "uv_size": [1, 1]},
								"down": {"uv": [83, 72], "uv_size": [1, -1]}
							}
						},
						{
							"origin": [-1.78381, 1.55142, 0.86661],
							"size": [1.2474, 3.7422, 1.25568],
							"pivot": [0, 8.98612, 4.84056],
							"rotation": [29.27695, 16.53924, -105.34074],
							"uv": {
								"north": {"uv": [53, 60], "uv_size": [1, 4]},
								"east": {"uv": [55, 60], "uv_size": [1, 4]},
								"south": {"uv": [57, 60], "uv_size": [1, 4]},
								"west": {"uv": [59, 60], "uv_size": [1, 4]},
								"up": {"uv": [72, 83], "uv_size": [1, 1]},
								"down": {"uv": [83, 74], "uv_size": [1, -1]}
							}
						},
						{
							"origin": [-1.47649, 12.70269, 0.84736],
							"size": [1.0164, 3.7422, 1.29418],
							"pivot": [0, 8.98612, 4.84056],
							"rotation": [-33.20573, 2.046, 104.70098],
							"uv": {
								"north": {"uv": [61, 22], "uv_size": [1, 4]},
								"east": {"uv": [29, 61], "uv_size": [1, 4]},
								"south": {"uv": [61, 34], "uv_size": [1, 4]},
								"west": {"uv": [61, 39], "uv_size": [1, 4]},
								"up": {"uv": [83, 75], "uv_size": [1, 1]},
								"down": {"uv": [83, 80], "uv_size": [1, -1]}
							}
						},
						{
							"origin": [2.12373, 5.90144, 0.86295],
							"size": [0.90436, 0.90437, 1.26299],
							"pivot": [0, 8.98612, 4.84056],
							"rotation": [29.28612, -16.52191, -51.53389],
							"uv": {
								"north": {"uv": [0, 84], "uv_size": [1, 1]},
								"east": {"uv": [2, 84], "uv_size": [1, 1]},
								"south": {"uv": [84, 2], "uv_size": [1, 1]},
								"west": {"uv": [4, 84], "uv_size": [1, 1]},
								"up": {"uv": [84, 4], "uv_size": [1, 1]},
								"down": {"uv": [84, 11], "uv_size": [1, -1]}
							}
						},
						{
							"origin": [5.38081, 8.1353, 0.89779],
							"size": [1.8711, 1.62162, 1.19331],
							"pivot": [0, 8.98612, 4.84056],
							"rotation": [8.87221, -32.18826, -4.75346],
							"uv": {
								"north": {"uv": [61, 44], "uv_size": [2, 2]},
								"east": {"uv": [51, 71], "uv_size": [1, 2]},
								"south": {"uv": [61, 51], "uv_size": [2, 2]},
								"west": {"uv": [67, 71], "uv_size": [1, 2]},
								"up": {"uv": [71, 71], "uv_size": [2, 1]},
								"down": {"uv": [72, 1], "uv_size": [2, -1]}
							}
						},
						{
							"origin": [5.65312, 3.39881, 0.65996],
							"size": [1.386, 1.386, 1.3475],
							"pivot": [0, 8.98612, 4.84056],
							"rotation": [52.13249, 10.25967, -81.87198],
							"uv": {
								"north": {"uv": [12, 84], "uv_size": [1, 1]},
								"east": {"uv": [84, 12], "uv_size": [1, 1]},
								"south": {"uv": [14, 84], "uv_size": [1, 1]},
								"west": {"uv": [16, 84], "uv_size": [1, 1]},
								"up": {"uv": [18, 84], "uv_size": [1, 1]},
								"down": {"uv": [20, 85], "uv_size": [1, -1]}
							}
						},
						{
							"origin": [5.65312, 4.78481, 0.6513],
							"size": [1.386, 1.386, 1.36483],
							"pivot": [0, 8.98612, 4.84056],
							"rotation": [52.13249, 10.25967, -81.87198],
							"uv": {
								"north": {"uv": [22, 84], "uv_size": [1, 1]},
								"east": {"uv": [58, 84], "uv_size": [1, 1]},
								"south": {"uv": [60, 84], "uv_size": [1, 1]},
								"west": {"uv": [65, 84], "uv_size": [1, 1]},
								"up": {"uv": [67, 84], "uv_size": [1, 1]},
								"down": {"uv": [84, 69], "uv_size": [1, -1]}
							}
						},
						{
							"origin": [4.20132, 13.25324, 0.63205],
							"size": [1.386, 1.386, 1.40333],
							"pivot": [0, 8.98612, 4.84056],
							"rotation": [16.42933, -50.9694, -4.77357],
							"uv": {
								"north": {"uv": [69, 84], "uv_size": [1, 1]},
								"east": {"uv": [74, 84], "uv_size": [1, 1]},
								"south": {"uv": [76, 84], "uv_size": [1, 1]},
								"west": {"uv": [84, 77], "uv_size": [1, 1]},
								"up": {"uv": [78, 84], "uv_size": [1, 1]},
								"down": {"uv": [80, 85], "uv_size": [1, -1]}
							}
						},
						{
							"origin": [-0.63291, 1.44238, 0.63397],
							"size": [1.386, 4.158, 1.39948],
							"pivot": [0, 8.98612, 4.84056],
							"rotation": [18.3807, 50.46902, -140.67985],
							"uv": {
								"north": {"uv": [61, 54], "uv_size": [1, 4]},
								"east": {"uv": [61, 59], "uv_size": [1, 4]},
								"south": {"uv": [0, 62], "uv_size": [1, 4]},
								"west": {"uv": [62, 3], "uv_size": [1, 4]},
								"up": {"uv": [84, 81], "uv_size": [1, 1]},
								"down": {"uv": [82, 85], "uv_size": [1, -1]}
							}
						},
						{
							"origin": [-2.36005, 11.75447, 0.61472],
							"size": [1.155, 4.158, 1.43798],
							"pivot": [0, 8.98612, 4.84056],
							"rotation": [-45.13127, -31.10955, 78.7955],
							"uv": {
								"north": {"uv": [62, 8], "uv_size": [1, 4]},
								"east": {"uv": [62, 13], "uv_size": [1, 4]},
								"south": {"uv": [21, 62], "uv_size": [1, 4]},
								"west": {"uv": [23, 62], "uv_size": [1, 4]},
								"up": {"uv": [84, 83], "uv_size": [1, 1]},
								"down": {"uv": [85, 1], "uv_size": [1, -1]}
							}
						},
						{
							"origin": [2.34662, 7.08645, 0.63205],
							"size": [1.00485, 1.00485, 1.40333],
							"pivot": [0, 8.98612, 4.84056],
							"rotation": [52.13249, 10.25967, -81.87198],
							"uv": {
								"north": {"uv": [6, 85], "uv_size": [1, 1]},
								"east": {"uv": [85, 6], "uv_size": [1, 1]},
								"south": {"uv": [8, 85], "uv_size": [1, 1]},
								"west": {"uv": [85, 8], "uv_size": [1, 1]},
								"up": {"uv": [10, 85], "uv_size": [1, 1]},
								"down": {"uv": [85, 15], "uv_size": [1, -1]}
							}
						},
						{
							"origin": [4.88914, 9.1118, 0.66862],
							"size": [2.079, 1.8018, 1.33018],
							"pivot": [0, 8.98612, 4.84056],
							"rotation": [48.18598, -25.04595, -53.2454],
							"uv": {
								"north": {"uv": [62, 18], "uv_size": [2, 2]},
								"east": {"uv": [2, 72], "uv_size": [1, 2]},
								"south": {"uv": [62, 27], "uv_size": [2, 2]},
								"west": {"uv": [4, 72], "uv_size": [1, 2]},
								"up": {"uv": [6, 72], "uv_size": [2, 1]},
								"down": {"uv": [9, 73], "uv_size": [2, -1]}
							}
						}
					]
				},
				{
					"name": "Head",
					"parent": "UPBody",
					"pivot": [0, 11.8, 0.3],
					"cubes": [
						{
							"origin": [-4, 11.8, -3.7],
							"size": [8, 7.7, 8],
							"uv": {
								"north": {"uv": [0, 0], "uv_size": [8, 8]},
								"east": {"uv": [0, 9], "uv_size": [8, 8]},
								"south": {"uv": [9, 0], "uv_size": [8, 8]},
								"west": {"uv": [9, 9], "uv_size": [8, 8]},
								"up": {"uv": [0, 18], "uv_size": [8, 8]},
								"down": {"uv": [18, 8], "uv_size": [8, -8]}
							}
						},
						{
							"origin": [-3.99154, 18.5, -3.6875],
							"size": [4.01, 1, 7.975],
							"pivot": [-3.99154, 19.5, 0.3125],
							"rotation": [0, 0, -5.5],
							"uv": {
								"north": {"uv": [18, 16], "uv_size": [4, 1]},
								"east": {"uv": [49, 38], "uv_size": [8, 1]},
								"south": {"uv": [32, 5], "uv_size": [4, 1]},
								"west": {"uv": [49, 40], "uv_size": [8, 1]},
								"up": {"uv": [23, 23], "uv_size": [4, 8]},
								"down": {"uv": [9, 33], "uv_size": [4, -8]}
							}
						},
						{
							"origin": [-0.01846, 18.5, -3.6875],
							"size": [4.01, 1, 7.975],
							"pivot": [3.99154, 19.5, 0.3125],
							"rotation": [0, 0, 5.5],
							"uv": {
								"north": {"uv": [63, 0], "uv_size": [4, 1]},
								"east": {"uv": [49, 42], "uv_size": [8, 1]},
								"south": {"uv": [9, 63], "uv_size": [4, 1]},
								"west": {"uv": [49, 44], "uv_size": [8, 1]},
								"up": {"uv": [14, 25], "uv_size": [4, 8]},
								"down": {"uv": [0, 35], "uv_size": [4, -8]}
							}
						},
						{
							"origin": [0.14285, 15.09447, 4.4125],
							"size": [5.61, 5.8, 1.075],
							"pivot": [1.94785, 19.39447, 4.7],
							"rotation": [0, 0, -19.5],
							"uv": {
								"north": {"uv": [9, 18], "uv_size": [6, 6]},
								"east": {"uv": [50, 7], "uv_size": [1, 6]},
								"south": {"uv": [18, 9], "uv_size": [6, 6]},
								"west": {"uv": [21, 50], "uv_size": [1, 6]},
								"up": {"uv": [49, 46], "uv_size": [6, 1]},
								"down": {"uv": [50, 15], "uv_size": [6, -1]}
							}
						},
						{
							"origin": [-0.75869, 14.11861, 4.67608],
							"size": [6.41, 4.2, 0.775],
							"pivot": [1.94631, 16.21861, 4.96358],
							"rotation": [-0.65231, -7.41444, 40.57055],
							"uv": {
								"north": {"uv": [31, 7], "uv_size": [6, 4]},
								"east": {"uv": [25, 62], "uv_size": [1, 4]},
								"south": {"uv": [32, 0], "uv_size": [6, 4]},
								"west": {"uv": [63, 21], "uv_size": [1, 4]},
								"up": {"uv": [50, 16], "uv_size": [6, 1]},
								"down": {"uv": [23, 51], "uv_size": [6, -1]}
							}
						},
						{
							"origin": [-1.605, 14.89447, 4.1125],
							"size": [3.21, 5.7, 1.675],
							"uv": {
								"north": {"uv": [19, 25], "uv_size": [3, 6]},
								"east": {"uv": [24, 43], "uv_size": [2, 6]},
								"south": {"uv": [5, 27], "uv_size": [3, 6]},
								"west": {"uv": [43, 25], "uv_size": [2, 6]},
								"up": {"uv": [15, 34], "uv_size": [3, 2]},
								"down": {"uv": [51, 50], "uv_size": [3, -2]}
							}
						},
						{
							"origin": [-5.75285, 15.09447, 4.4125],
							"size": [5.61, 5.8, 1.075],
							"pivot": [-1.94785, 19.39447, 4.7],
							"rotation": [0, 0, 19.5],
							"uv": {
								"north": {"uv": [16, 18], "uv_size": [6, 6]},
								"east": {"uv": [51, 51], "uv_size": [1, 6]},
								"south": {"uv": [23, 16], "uv_size": [6, 6]},
								"west": {"uv": [52, 0], "uv_size": [1, 6]},
								"up": {"uv": [52, 7], "uv_size": [6, 1]},
								"down": {"uv": [52, 10], "uv_size": [6, -1]}
							}
						},
						{
							"origin": [-5.65131, 13.91861, 4.67608],
							"size": [6.41, 4.2, 0.775],
							"pivot": [-1.94631, 16.01861, 4.96358],
							"rotation": [-0.65231, 7.41444, -40.57055],
							"uv": {
								"north": {"uv": [19, 32], "uv_size": [6, 4]},
								"east": {"uv": [63, 33], "uv_size": [1, 4]},
								"south": {"uv": [33, 23], "uv_size": [6, 4]},
								"west": {"uv": [63, 38], "uv_size": [1, 4]},
								"up": {"uv": [52, 11], "uv_size": [6, 1]},
								"down": {"uv": [23, 53], "uv_size": [6, -1]}
							}
						}
					]
				},
				{
					"name": "Hair",
					"parent": "Head",
					"pivot": [0.26583, 16.42541, -3.9],
					"cubes": [
						{
							"origin": [2.84668, 9.83295, -3.975],
							"size": [1.8, 5.2, 0.55],
							"pivot": [3.74668, 12.43295, -3.7],
							"rotation": [-3.24468, -14.74927, 5.74889],
							"uv": {
								"north": {"uv": [42, 46], "uv_size": [2, 5]}
							}
						},
						{
							"origin": [-4.64668, 9.83295, -3.975],
							"size": [1.8, 5.2, 0.55],
							"pivot": [-3.74668, 12.43295, -3.7],
							"rotation": [-3.24468, 14.74927, -5.74889],
							"uv": {
								"north": {"uv": [47, 0], "uv_size": [2, 5]}
							}
						},
						{
							"origin": [0.09252, 12.86979, -4.0557],
							"size": [4.5, 6, 3.65],
							"pivot": [-0.23556, 16.11241, -3.09092],
							"rotation": [-0.96593, -0.25881, -14.99782],
							"uv": {
								"north": {"uv": [25, 9], "uv_size": [5, 6]}
							}
						},
						{
							"origin": [1.01636, 13.34729, -4.15172],
							"size": [1.5, 6, 0.55],
							"pivot": [1.76636, 16.34729, -3.87672],
							"rotation": [-0.9763, -0.21643, -12.49816],
							"uv": {
								"north": {"uv": [21, 43], "uv_size": [2, 6]}
							}
						},
						{
							"origin": [-5.01225, 11.94038, -4.33396],
							"size": [4.2, 6.5, 1.325],
							"pivot": [-0.51056, 16.01241, -3.09092],
							"rotation": [-1.16266, 6.49047, 27.15905],
							"uv": {
								"north": {"uv": [27, 0], "uv_size": [4, 6]}
							}
						},
						{
							"origin": [-4.70741, 12.32236, -4.34065],
							"size": [4.2, 6.5, 1.325],
							"pivot": [-0.23556, 16.01241, -3.11592],
							"rotation": [-4.54072, 7.85412, 4.38778],
							"uv": {
								"north": {"uv": [28, 23], "uv_size": [4, 6]}
							}
						},
						{
							"origin": [-2.18697, 14.20355, -4.28356],
							"size": [1, 5, 0.65],
							"pivot": [-1.68697, 16.70355, -3.95856],
							"rotation": [-2.44081, 0.54094, 12.48848],
							"uv": {
								"north": {"uv": [27, 58], "uv_size": [1, 5]}
							}
						},
						{
							"origin": [-5.19844, 13.31349, -3.5695],
							"size": [0.9, 3.3, 0.65],
							"pivot": [-4.74844, 14.96349, -3.2445],
							"rotation": [1.28714, 10.74062, 19.16859],
							"uv": {
								"north": {"uv": [12, 68], "uv_size": [1, 3]}
							}
						},
						{
							"origin": [-1.08338, 14.28026, -4.38417],
							"size": [1.164, 5.032, 0.925],
							"pivot": [-0.18936, 16.19556, -4.04413],
							"rotation": [-4.4999, -2.47036, 2.69903],
							"uv": {
								"north": {"uv": [51, 58], "uv_size": [1, 5]}
							}
						},
						{
							"origin": [-0.3818, 13.43786, -4.45409],
							"size": [1.284, 5.732, 0.925],
							"pivot": [-0.28936, 16.19556, -4.04413],
							"rotation": [-4.00358, -3.21363, -7.2857],
							"uv": {
								"north": {"uv": [50, 0], "uv_size": [1, 6]}
							}
						},
						{
							"origin": [-6.11653, 12.88491, -1.18273],
							"size": [4.2, 6.4, 1.325],
							"pivot": [-4.01653, 16.13491, -0.52023],
							"rotation": [116.84546, 82.68785, 134.097],
							"uv": {
								"north": {"uv": [30, 16], "uv_size": [4, 6]}
							}
						},
						{
							"origin": [-5.5737, 14.15106, -3.22013],
							"size": [1.1, 4.9, 0.6],
							"pivot": [-4.4737, 16.50106, -2.82013],
							"rotation": [14.0868, 39.7225, 41.3751],
							"uv": {
								"north": {"uv": [15, 59], "uv_size": [1, 5]}
							}
						},
						{
							"origin": [3.7472, 14.55527, -3],
							"size": [1.1, 5.1, 0.6],
							"pivot": [4.4972, 16.95527, -3.125],
							"rotation": [0, -30, -25],
							"uv": {
								"north": {"uv": [17, 59], "uv_size": [1, 5]}
							}
						},
						{
							"origin": [1.81653, 12.88491, -1.18273],
							"size": [4.2, 6.2, 1.325],
							"pivot": [3.91653, 16.13491, -0.52023],
							"rotation": [116.84546, -82.68785, -134.097],
							"uv": {
								"north": {"uv": [28, 30], "uv_size": [4, 6]}
							}
						}
					]
				},
				{
					"name": "eyeA",
					"parent": "Head",
					"pivot": [-2.13902, 14.23171, -3.57688],
					"cubes": [
						{
							"origin": [-3.21712, 15.51736, -3.79364],
							"size": [2.72003, 0.24667, 0.54475],
							"pivot": [-1.75003, 15.56997, -3.62412],
							"rotation": [0, 0, 3],
							"uv": {
								"north": {"uv": [27, 7], "uv_size": [3, 1]},
								"east": {"uv": [85, 16], "uv_size": [1, 1]},
								"south": {"uv": [68, 0], "uv_size": [3, 1]},
								"west": {"uv": [85, 18], "uv_size": [1, 1]},
								"up": {"uv": [14, 68], "uv_size": [3, 1]},
								"down": {"uv": [68, 18], "uv_size": [3, -1]}
							}
						},
						{
							"origin": [0.49708, 15.51736, -3.79364],
							"size": [2.72003, 0.24667, 0.54475],
							"pivot": [1.75003, 15.56997, -3.62412],
							"rotation": [0, 0, -3],
							"uv": {
								"north": {"uv": [68, 19], "uv_size": [3, 1]},
								"east": {"uv": [85, 20], "uv_size": [1, 1]},
								"south": {"uv": [68, 21], "uv_size": [3, 1]},
								"west": {"uv": [85, 22], "uv_size": [1, 1]},
								"up": {"uv": [68, 23], "uv_size": [3, 1]},
								"down": {"uv": [68, 26], "uv_size": [3, -1]}
							}
						},
						{
							"origin": [-1.51685, 14.91174, -3.85923],
							"size": [0.68843, 0.17825, 0.61033],
							"pivot": [-1.23541, 15.00086, -3.55406],
							"rotation": [0, 0, 12.75],
							"uv": {
								"north": {"uv": [24, 85], "uv_size": [1, 1]},
								"east": {"uv": [85, 24], "uv_size": [1, 1]},
								"south": {"uv": [26, 85], "uv_size": [1, 1]},
								"west": {"uv": [85, 26], "uv_size": [1, 1]},
								"up": {"uv": [28, 85], "uv_size": [1, 1]},
								"down": {"uv": [85, 29], "uv_size": [1, -1]}
							}
						},
						{
							"origin": [0.82842, 14.91174, -3.85923],
							"size": [0.68843, 0.17825, 0.61033],
							"pivot": [1.23541, 15.00086, -3.55406],
							"rotation": [0, 0, -12.75],
							"uv": {
								"north": {"uv": [30, 85], "uv_size": [1, 1]},
								"east": {"uv": [85, 30], "uv_size": [1, 1]},
								"south": {"uv": [32, 85], "uv_size": [1, 1]},
								"west": {"uv": [85, 32], "uv_size": [1, 1]},
								"up": {"uv": [34, 85], "uv_size": [1, 1]},
								"down": {"uv": [85, 35], "uv_size": [1, -1]}
							}
						},
						{
							"origin": [-0.23149, 12.10229, -3.77492],
							"size": [0.24538, 0.09394, 0.52603],
							"pivot": [-0.15879, 12.14926, -3.51191],
							"rotation": [0, 0, 12.25],
							"uv": {
								"north": {"uv": [36, 85], "uv_size": [1, 1]},
								"east": {"uv": [85, 36], "uv_size": [1, 1]},
								"south": {"uv": [38, 85], "uv_size": [1, 1]},
								"west": {"uv": [85, 38], "uv_size": [1, 1]},
								"up": {"uv": [40, 85], "uv_size": [1, 1]},
								"down": {"uv": [85, 41], "uv_size": [1, -1]}
							}
						},
						{
							"origin": [-0.31474, 12.14747, -3.77492],
							"size": [0.14538, 0.09394, 0.52603],
							"pivot": [-0.22954, 12.19444, -3.51191],
							"rotation": [0, 0, 59.75],
							"uv": {
								"north": {"uv": [42, 85], "uv_size": [1, 1]},
								"east": {"uv": [85, 42], "uv_size": [1, 1]},
								"south": {"uv": [44, 85], "uv_size": [1, 1]},
								"west": {"uv": [85, 44], "uv_size": [1, 1]},
								"up": {"uv": [46, 85], "uv_size": [1, 1]},
								"down": {"uv": [85, 47], "uv_size": [1, -1]}
							}
						},
						{
							"origin": [0.16935, 12.14747, -3.77492],
							"size": [0.14538, 0.09394, 0.52603],
							"pivot": [0.22954, 12.19444, -3.51191],
							"rotation": [0, 0, -59.75],
							"uv": {
								"north": {"uv": [48, 85], "uv_size": [1, 1]},
								"east": {"uv": [85, 48], "uv_size": [1, 1]},
								"south": {"uv": [50, 85], "uv_size": [1, 1]},
								"west": {"uv": [85, 50], "uv_size": [1, 1]},
								"up": {"uv": [52, 85], "uv_size": [1, 1]},
								"down": {"uv": [85, 53], "uv_size": [1, -1]}
							}
						},
						{
							"origin": [-0.0139, 12.10229, -3.77492],
							"size": [0.24538, 0.09394, 0.52603],
							"pivot": [0.15879, 12.14926, -3.51191],
							"rotation": [0, 0, -12.25],
							"uv": {
								"north": {"uv": [54, 85], "uv_size": [1, 1]},
								"east": {"uv": [85, 54], "uv_size": [1, 1]},
								"south": {"uv": [56, 85], "uv_size": [1, 1]},
								"west": {"uv": [85, 56], "uv_size": [1, 1]},
								"up": {"uv": [85, 58], "uv_size": [1, 1]},
								"down": {"uv": [85, 61], "uv_size": [1, -1]}
							}
						},
						{
							"origin": [-2.6074, 12.84506, -3.76522],
							"size": [1.52371, 1.36659, 0.54371],
							"uv": {
								"north": {"uv": [72, 17], "uv_size": [2, 1]},
								"east": {"uv": [62, 85], "uv_size": [1, 1]},
								"south": {"uv": [72, 19], "uv_size": [2, 1]},
								"west": {"uv": [85, 62], "uv_size": [1, 1]},
								"up": {"uv": [72, 21], "uv_size": [2, 1]},
								"down": {"uv": [72, 24], "uv_size": [2, -1]}
							}
						},
						{
							"origin": [-2.69181, 12.76075, -3.76085],
							"size": [1.69254, 1.54406, 0.53934],
							"uv": {
								"north": {"uv": [62, 30], "uv_size": [2, 2]},
								"east": {"uv": [12, 72], "uv_size": [1, 2]},
								"south": {"uv": [44, 62], "uv_size": [2, 2]},
								"west": {"uv": [18, 72], "uv_size": [1, 2]},
								"up": {"uv": [72, 25], "uv_size": [2, 1]},
								"down": {"uv": [30, 73], "uv_size": [2, -1]}
							}
						},
						{
							"origin": [-2.59643, 13.8639, -3.79968],
							"size": [0.3963, 0.37648, 0.58191],
							"pivot": [-2.20396, 14.02285, -3.62443],
							"rotation": [0, 0, -7.5],
							"uv": {
								"north": {"uv": [85, 64], "uv_size": [1, 1]},
								"east": {"uv": [85, 66], "uv_size": [1, 1]},
								"south": {"uv": [85, 70], "uv_size": [1, 1]},
								"west": {"uv": [71, 85], "uv_size": [1, 1]},
								"up": {"uv": [85, 72], "uv_size": [1, 1]},
								"down": {"uv": [85, 75], "uv_size": [1, -1]}
							}
						},
						{
							"origin": [1.10624, 13.82175, -3.79968],
							"size": [0.3963, 0.37648, 0.58191],
							"pivot": [1.3301, 14.02285, -3.62443],
							"rotation": [0, 0, -7.5],
							"uv": {
								"north": {"uv": [85, 79], "uv_size": [1, 1]},
								"east": {"uv": [84, 85], "uv_size": [1, 1]},
								"south": {"uv": [0, 86], "uv_size": [1, 1]},
								"west": {"uv": [2, 86], "uv_size": [1, 1]},
								"up": {"uv": [86, 2], "uv_size": [1, 1]},
								"down": {"uv": [4, 87], "uv_size": [1, -1]}
							}
						},
						{
							"origin": [-3.04878, 14.16751, -3.88494],
							"size": [2.33991, 0.46109, 0.63605],
							"pivot": [-1.373, 14.39805, -3.56692],
							"rotation": [0, 0, 2.5],
							"uv": {
								"north": {"uv": [72, 31], "uv_size": [2, 1]},
								"east": {"uv": [86, 4], "uv_size": [1, 1]},
								"south": {"uv": [33, 72], "uv_size": [2, 1]},
								"west": {"uv": [86, 10], "uv_size": [1, 1]},
								"up": {"uv": [36, 72], "uv_size": [2, 1]},
								"down": {"uv": [72, 38], "uv_size": [2, -1]}
							}
						},
						{
							"origin": [0.70887, 14.16751, -3.88494],
							"size": [2.33991, 0.46109, 0.63605],
							"pivot": [1.373, 14.39805, -3.56692],
							"rotation": [0, 0, -2.5],
							"uv": {
								"north": {"uv": [39, 72], "uv_size": [2, 1]},
								"east": {"uv": [12, 86], "uv_size": [1, 1]},
								"south": {"uv": [72, 39], "uv_size": [2, 1]},
								"west": {"uv": [86, 12], "uv_size": [1, 1]},
								"up": {"uv": [42, 72], "uv_size": [2, 1]},
								"down": {"uv": [45, 73], "uv_size": [2, -1]}
							}
						},
						{
							"origin": [1.08369, 12.84506, -3.76522],
							"size": [1.52371, 1.36659, 0.54371],
							"uv": {
								"north": {"uv": [53, 72], "uv_size": [2, 1]},
								"east": {"uv": [14, 86], "uv_size": [1, 1]},
								"south": {"uv": [56, 72], "uv_size": [2, 1]},
								"west": {"uv": [16, 86], "uv_size": [1, 1]},
								"up": {"uv": [72, 65], "uv_size": [2, 1]},
								"down": {"uv": [72, 68], "uv_size": [2, -1]}
							}
						},
						{
							"origin": [0.99928, 12.76075, -3.76085],
							"size": [1.69254, 1.54406, 0.53934],
							"uv": {
								"north": {"uv": [47, 62], "uv_size": [2, 2]},
								"east": {"uv": [59, 72], "uv_size": [1, 2]},
								"south": {"uv": [62, 47], "uv_size": [2, 2]},
								"west": {"uv": [73, 8], "uv_size": [1, 2]},
								"up": {"uv": [73, 11], "uv_size": [2, 1]},
								"down": {"uv": [20, 74], "uv_size": [2, -1]}
							}
						}
					]
				},
				{
					"name": "Arm",
					"parent": "UPBody",
					"pivot": [0, 10.64875, 0]
				},
				{
					"name": "LeftArm",
					"parent": "Arm",
					"pivot": [2.73067, 10.27844, -0.01703],
					"rotation": [0, 0, -32.5],
					"cubes": [
						{
							"origin": [1.64234, 8.79674, -1.30014],
							"size": [0.689, 2.067, 2.60029],
							"pivot": [2.95006, 9.70128, 0],
							"rotation": [0, 0, 10],
							"uv": {
								"north": {"uv": [16, 73], "uv_size": [1, 2]},
								"east": {"uv": [3, 53], "uv_size": [3, 2]},
								"south": {"uv": [23, 73], "uv_size": [1, 2]},
								"west": {"uv": [7, 53], "uv_size": [3, 2]},
								"up": {"uv": [18, 68], "uv_size": [1, 3]},
								"down": {"uv": [68, 30], "uv_size": [1, -3]}
							}
						},
						{
							"origin": [1.48454, 9.62919, -1.29153],
							"size": [0.689, 0.689, 2.58306],
							"pivot": [2.95006, 9.70128, 0],
							"rotation": [0, 0, -47.5],
							"uv": {
								"north": {"uv": [18, 86], "uv_size": [1, 1]},
								"east": {"uv": [30, 68], "uv_size": [3, 1]},
								"south": {"uv": [20, 86], "uv_size": [1, 1]},
								"west": {"uv": [68, 31], "uv_size": [3, 1]},
								"up": {"uv": [68, 33], "uv_size": [1, 3]},
								"down": {"uv": [34, 71], "uv_size": [1, -3]}
							}
						},
						{
							"origin": [3.5551, 9.44206, -1.29153],
							"size": [0.689, 0.689, 2.58306],
							"pivot": [2.95006, 9.70128, 0],
							"rotation": [0, 0, 47.5],
							"uv": {
								"north": {"uv": [22, 86], "uv_size": [1, 1]},
								"east": {"uv": [36, 68], "uv_size": [3, 1]},
								"south": {"uv": [58, 86], "uv_size": [1, 1]},
								"west": {"uv": [68, 37], "uv_size": [3, 1]},
								"up": {"uv": [40, 68], "uv_size": [1, 3]},
								"down": {"uv": [42, 71], "uv_size": [1, -3]}
							}
						},
						{
							"origin": [3.31882, 8.84082, -1.30014],
							"size": [0.689, 2.067, 2.60029],
							"pivot": [2.95006, 9.70128, 0],
							"rotation": [0, 0, -10],
							"uv": {
								"north": {"uv": [25, 73], "uv_size": [1, 2]},
								"east": {"uv": [11, 53], "uv_size": [3, 2]},
								"south": {"uv": [27, 73], "uv_size": [1, 2]},
								"west": {"uv": [15, 53], "uv_size": [3, 2]},
								"up": {"uv": [44, 68], "uv_size": [1, 3]},
								"down": {"uv": [68, 48], "uv_size": [1, -3]}
							}
						},
						{
							"origin": [1.88129, 8.75806, 0.8381],
							"size": [1.88373, 2.067, 0.689],
							"pivot": [2.95006, 9.70128, 0],
							"rotation": [10, 0, 0],
							"uv": {
								"north": {"uv": [63, 54], "uv_size": [2, 2]},
								"east": {"uv": [48, 73], "uv_size": [1, 2]},
								"south": {"uv": [63, 57], "uv_size": [2, 2]},
								"west": {"uv": [73, 49], "uv_size": [1, 2]},
								"up": {"uv": [73, 52], "uv_size": [2, 1]},
								"down": {"uv": [73, 55], "uv_size": [2, -1]}
							}
						},
						{
							"origin": [1.89851, 9.79343, 0.92701],
							"size": [1.84928, 0.689, 0.689],
							"pivot": [2.95006, 9.70128, 0],
							"rotation": [-47.5, 0, 0],
							"uv": {
								"north": {"uv": [73, 56], "uv_size": [2, 1]},
								"east": {"uv": [60, 86], "uv_size": [1, 1]},
								"south": {"uv": [73, 58], "uv_size": [2, 1]},
								"west": {"uv": [64, 86], "uv_size": [1, 1]},
								"up": {"uv": [73, 60], "uv_size": [2, 1]},
								"down": {"uv": [61, 74], "uv_size": [2, -1]}
							}
						},
						{
							"origin": [1.89851, 9.79343, -1.61601],
							"size": [1.84928, 0.689, 0.689],
							"pivot": [2.95006, 9.70128, 0],
							"rotation": [47.5, 0, 0],
							"uv": {
								"north": {"uv": [73, 62], "uv_size": [2, 1]},
								"east": {"uv": [66, 86], "uv_size": [1, 1]},
								"south": {"uv": [64, 73], "uv_size": [2, 1]},
								"west": {"uv": [68, 86], "uv_size": [1, 1]},
								"up": {"uv": [69, 73], "uv_size": [2, 1]},
								"down": {"uv": [72, 74], "uv_size": [2, -1]}
							}
						},
						{
							"origin": [1.88129, 8.75806, -1.5271],
							"size": [1.88373, 2.067, 0.689],
							"pivot": [2.95006, 9.70128, 0],
							"rotation": [-10, 0, 0],
							"uv": {
								"north": {"uv": [63, 60], "uv_size": [2, 2]},
								"east": {"uv": [0, 74], "uv_size": [1, 2]},
								"south": {"uv": [63, 63], "uv_size": [2, 2]},
								"west": {"uv": [74, 2], "uv_size": [1, 2]},
								"up": {"uv": [74, 5], "uv_size": [2, 1]},
								"down": {"uv": [6, 75], "uv_size": [2, -1]}
							}
						},
						{
							"origin": [1.86406, 8.43567, -1.30876],
							"size": [1.91818, 2.63749, 2.61751],
							"uv": {
								"north": {"uv": [42, 52], "uv_size": [2, 3]},
								"east": {"uv": [31, 12], "uv_size": [3, 3]},
								"south": {"uv": [53, 18], "uv_size": [2, 3]},
								"west": {"uv": [35, 18], "uv_size": [3, 3]},
								"up": {"uv": [53, 22], "uv_size": [2, 3]},
								"down": {"uv": [53, 29], "uv_size": [2, -3]}
							}
						},
						{
							"origin": [1.63379, 10.75197, -1.29876],
							"size": [1.85823, 0.45956, 2.59753],
							"pivot": [2.95006, 9.70128, 0],
							"rotation": [0, 0, 11.5],
							"uv": {
								"north": {"uv": [9, 74], "uv_size": [2, 1]},
								"east": {"uv": [68, 39], "uv_size": [3, 1]},
								"south": {"uv": [74, 13], "uv_size": [2, 1]},
								"west": {"uv": [53, 68], "uv_size": [3, 1]},
								"up": {"uv": [30, 53], "uv_size": [2, 3]},
								"down": {"uv": [53, 33], "uv_size": [2, -3]}
							}
						},
						{
							"origin": [1.89825, 4.5719, -1.11555],
							"size": [1.835, 6.47187, 2.23109],
							"uv": {
								"north": {"uv": [27, 43], "uv_size": [2, 6]},
								"east": {"uv": [43, 32], "uv_size": [2, 6]},
								"south": {"uv": [44, 6], "uv_size": [2, 6]},
								"west": {"uv": [44, 13], "uv_size": [2, 6]},
								"up": {"uv": [64, 2], "uv_size": [2, 2]},
								"down": {"uv": [64, 7], "uv_size": [2, -2]}
							}
						},
						{
							"origin": [2.04114, 10.57056, -1.10703],
							"size": [1.58391, 0.39172, 2.21406],
							"pivot": [4.0338, 10.96228, -0.03406],
							"rotation": [0, 0, 11.5],
							"uv": {
								"north": {"uv": [74, 15], "uv_size": [2, 1]},
								"east": {"uv": [74, 27], "uv_size": [2, 1]},
								"south": {"uv": [29, 74], "uv_size": [2, 1]},
								"west": {"uv": [74, 29], "uv_size": [2, 1]},
								"up": {"uv": [64, 8], "uv_size": [2, 2]},
								"down": {"uv": [64, 13], "uv_size": [2, -2]}
							}
						}
					]
				},
				{
					"name": "leftfore",
					"parent": "LeftArm",
					"pivot": [2.77325, 4.89377, -0.02555]
				},
				{
					"name": "LeftHandLocator",
					"parent": "LeftArm",
					"pivot": [2.77325, 4.89377, -0.02555]
				},
				{
					"name": "RightArm",
					"parent": "Arm",
					"pivot": [-2.73067, 10.27844, -0.01703],
					"rotation": [0, 0, 32.5],
					"cubes": [
						{
							"origin": [-2.33134, 8.79674, -1.30014],
							"size": [0.689, 2.067, 2.60029],
							"pivot": [-2.95006, 9.70128, 0],
							"rotation": [0, 0, -10],
							"uv": {
								"north": {"uv": [14, 74], "uv_size": [1, 2]},
								"east": {"uv": [33, 53], "uv_size": [3, 2]},
								"south": {"uv": [32, 74], "uv_size": [1, 2]},
								"west": {"uv": [53, 34], "uv_size": [3, 2]},
								"up": {"uv": [46, 68], "uv_size": [1, 3]},
								"down": {"uv": [57, 71], "uv_size": [1, -3]}
							}
						},
						{
							"origin": [-2.17354, 9.62919, -1.29153],
							"size": [0.689, 0.689, 2.58306],
							"pivot": [-2.95006, 9.70128, 0],
							"rotation": [0, 0, 47.5],
							"uv": {
								"north": {"uv": [86, 68], "uv_size": [1, 1]},
								"east": {"uv": [68, 65], "uv_size": [3, 1]},
								"south": {"uv": [73, 86], "uv_size": [1, 1]},
								"west": {"uv": [68, 67], "uv_size": [3, 1]},
								"up": {"uv": [59, 68], "uv_size": [1, 3]},
								"down": {"uv": [69, 8], "uv_size": [1, -3]}
							}
						},
						{
							"origin": [-4.2441, 9.44206, -1.29153],
							"size": [0.689, 0.689, 2.58306],
							"pivot": [-2.95006, 9.70128, 0],
							"rotation": [0, 0, -47.5],
							"uv": {
								"north": {"uv": [75, 86], "uv_size": [1, 1]},
								"east": {"uv": [69, 9], "uv_size": [3, 1]},
								"south": {"uv": [86, 76], "uv_size": [1, 1]},
								"west": {"uv": [69, 11], "uv_size": [3, 1]},
								"up": {"uv": [69, 13], "uv_size": [1, 3]},
								"down": {"uv": [26, 72], "uv_size": [1, -3]}
							}
						},
						{
							"origin": [-4.00782, 8.84082, -1.30014],
							"size": [0.689, 2.067, 2.60029],
							"pivot": [-2.95006, 9.70128, 0],
							"rotation": [0, 0, 10],
							"uv": {
								"north": {"uv": [74, 33], "uv_size": [1, 2]},
								"east": {"uv": [37, 53], "uv_size": [3, 2]},
								"south": {"uv": [34, 74], "uv_size": [1, 2]},
								"west": {"uv": [53, 51], "uv_size": [3, 2]},
								"up": {"uv": [28, 69], "uv_size": [1, 3]},
								"down": {"uv": [69, 44], "uv_size": [1, -3]}
							}
						},
						{
							"origin": [-3.76502, 8.75806, 0.8381],
							"size": [1.88373, 2.067, 0.689],
							"pivot": [-2.95006, 9.70128, 0],
							"rotation": [10, 0, 0],
							"uv": {
								"north": {"uv": [64, 14], "uv_size": [2, 2]},
								"east": {"uv": [36, 74], "uv_size": [1, 2]},
								"south": {"uv": [64, 43], "uv_size": [2, 2]},
								"west": {"uv": [38, 74], "uv_size": [1, 2]},
								"up": {"uv": [40, 74], "uv_size": [2, 1]},
								"down": {"uv": [74, 42], "uv_size": [2, -1]}
							}
						},
						{
							"origin": [-3.74779, 9.79343, 0.92701],
							"size": [1.84928, 0.689, 0.689],
							"pivot": [-2.95006, 9.70128, 0],
							"rotation": [-47.5, 0, 0],
							"uv": {
								"north": {"uv": [43, 74], "uv_size": [2, 1]},
								"east": {"uv": [77, 86], "uv_size": [1, 1]},
								"south": {"uv": [74, 43], "uv_size": [2, 1]},
								"west": {"uv": [79, 86], "uv_size": [1, 1]},
								"up": {"uv": [74, 45], "uv_size": [2, 1]},
								"down": {"uv": [74, 48], "uv_size": [2, -1]}
							}
						},
						{
							"origin": [-3.74779, 9.79343, -1.61601],
							"size": [1.84928, 0.689, 0.689],
							"pivot": [-2.95006, 9.70128, 0],
							"rotation": [47.5, 0, 0],
							"uv": {
								"north": {"uv": [50, 74], "uv_size": [2, 1]},
								"east": {"uv": [81, 86], "uv_size": [1, 1]},
								"south": {"uv": [53, 74], "uv_size": [2, 1]},
								"west": {"uv": [86, 81], "uv_size": [1, 1]},
								"up": {"uv": [56, 74], "uv_size": [2, 1]},
								"down": {"uv": [74, 70], "uv_size": [2, -1]}
							}
						},
						{
							"origin": [-3.76502, 8.75806, -1.5271],
							"size": [1.88373, 2.067, 0.689],
							"pivot": [-2.95006, 9.70128, 0],
							"rotation": [-10, 0, 0],
							"uv": {
								"north": {"uv": [50, 64], "uv_size": [2, 2]},
								"east": {"uv": [46, 74], "uv_size": [1, 2]},
								"south": {"uv": [64, 50], "uv_size": [2, 2]},
								"west": {"uv": [67, 74], "uv_size": [1, 2]},
								"up": {"uv": [74, 71], "uv_size": [2, 1]},
								"down": {"uv": [75, 1], "uv_size": [2, -1]}
							}
						},
						{
							"origin": [-3.78224, 8.43567, -1.30876],
							"size": [1.91818, 2.63749, 2.61751],
							"uv": {
								"north": {"uv": [0, 54], "uv_size": [2, 3]},
								"east": {"uv": [39, 0], "uv_size": [3, 3]},
								"south": {"uv": [54, 0], "uv_size": [2, 3]},
								"west": {"uv": [13, 49], "uv_size": [3, 3]},
								"up": {"uv": [23, 54], "uv_size": [2, 3]},
								"down": {"uv": [26, 57], "uv_size": [2, -3]}
							}
						},
						{
							"origin": [-3.49202, 10.75197, -1.29876],
							"size": [1.85823, 0.45956, 2.59753],
							"pivot": [-2.95006, 9.70128, 0],
							"rotation": [0, 0, -11.5],
							"uv": {
								"north": {"uv": [2, 75], "uv_size": [2, 1]},
								"east": {"uv": [69, 49], "uv_size": [3, 1]},
								"south": {"uv": [75, 7], "uv_size": [2, 1]},
								"west": {"uv": [69, 51], "uv_size": [3, 1]},
								"up": {"uv": [45, 54], "uv_size": [2, 3]},
								"down": {"uv": [48, 57], "uv_size": [2, -3]}
							}
						},
						{
							"origin": [-3.73325, 4.5719, -1.11555],
							"size": [1.835, 6.47187, 2.23109],
							"uv": {
								"north": {"uv": [46, 20], "uv_size": [2, 6]},
								"east": {"uv": [46, 27], "uv_size": [2, 6]},
								"south": {"uv": [30, 46], "uv_size": [2, 6]},
								"west": {"uv": [33, 46], "uv_size": [2, 6]},
								"up": {"uv": [2, 65], "uv_size": [2, 2]},
								"down": {"uv": [5, 67], "uv_size": [2, -2]}
							}
						},
						{
							"origin": [-3.62505, 10.57056, -1.10703],
							"size": [1.58391, 0.39172, 2.21406],
							"pivot": [-4.0338, 10.96228, -0.03406],
							"rotation": [0, 0, -11.5],
							"uv": {
								"north": {"uv": [75, 9], "uv_size": [2, 1]},
								"east": {"uv": [75, 17], "uv_size": [2, 1]},
								"south": {"uv": [18, 75], "uv_size": [2, 1]},
								"west": {"uv": [75, 19], "uv_size": [2, 1]},
								"up": {"uv": [8, 65], "uv_size": [2, 2]},
								"down": {"uv": [11, 67], "uv_size": [2, -2]}
							}
						}
					]
				},
				{
					"name": "rightfore",
					"parent": "RightArm",
					"pivot": [-2.77325, 4.89377, -0.02555]
				},
				{
					"name": "RightHandLocator",
					"parent": "RightArm",
					"pivot": [-2.77325, 4.89377, -0.02555]
				},
				{
					"name": "yifu",
					"parent": "UPBody",
					"pivot": [0, 7.509, -0.51305],
					"cubes": [
						{
							"origin": [-2.88518, 5.35767, -1.5614],
							"size": [2.888, 5.472, 3.059],
							"pivot": [-2.96118, 2.46967, -0.0224],
							"rotation": [0, 0, 2.5],
							"uv": {
								"north": {"uv": [30, 40], "uv_size": [3, 5]},
								"east": {"uv": [34, 40], "uv_size": [3, 5]},
								"south": {"uv": [38, 40], "uv_size": [3, 5]},
								"west": {"uv": [0, 42], "uv_size": [3, 5]},
								"up": {"uv": [17, 49], "uv_size": [3, 3]},
								"down": {"uv": [49, 21], "uv_size": [3, -3]}
							}
						},
						{
							"origin": [0.53884, 10.02937, -1.5234],
							"size": [1.9, 1.52, 2.983],
							"pivot": [2.43884, 10.02937, 0.0536],
							"rotation": [0, 0, 7.5],
							"uv": {
								"north": {"uv": [14, 65], "uv_size": [2, 2]},
								"east": {"uv": [54, 4], "uv_size": [3, 2]},
								"south": {"uv": [17, 65], "uv_size": [2, 2]},
								"west": {"uv": [53, 54], "uv_size": [3, 2]},
								"up": {"uv": [3, 56], "uv_size": [2, 3]},
								"down": {"uv": [6, 59], "uv_size": [2, -3]}
							}
						},
						{
							"origin": [-1.444, 8.97236, -1.6089],
							"size": [2.888, 2.052, 1.558],
							"uv": {
								"north": {"uv": [55, 48], "uv_size": [3, 2]},
								"east": {"uv": [65, 17], "uv_size": [2, 2]},
								"south": {"uv": [9, 56], "uv_size": [3, 2]},
								"west": {"uv": [65, 20], "uv_size": [2, 2]},
								"up": {"uv": [13, 56], "uv_size": [3, 2]},
								"down": {"uv": [17, 58], "uv_size": [3, -2]}
							}
						},
						{
							"origin": [-2.43884, 10.02937, -1.5234],
							"size": [1.9, 1.52, 2.983],
							"pivot": [-2.43884, 10.02937, 0.0536],
							"rotation": [0, 0, -7.5],
							"uv": {
								"north": {"uv": [65, 23], "uv_size": [2, 2]},
								"east": {"uv": [56, 18], "uv_size": [3, 2]},
								"south": {"uv": [65, 26], "uv_size": [2, 2]},
								"west": {"uv": [56, 21], "uv_size": [3, 2]},
								"up": {"uv": [56, 24], "uv_size": [2, 3]},
								"down": {"uv": [56, 31], "uv_size": [2, -3]}
							}
						},
						{
							"origin": [-0.00282, 5.35767, -1.5709],
							"size": [2.888, 5.472, 3.078],
							"pivot": [2.96118, 2.46967, -0.0129],
							"rotation": [0, 0, -2.5],
							"uv": {
								"north": {"uv": [42, 40], "uv_size": [3, 5]},
								"east": {"uv": [43, 0], "uv_size": [3, 5]},
								"south": {"uv": [13, 43], "uv_size": [3, 5]},
								"west": {"uv": [17, 43], "uv_size": [3, 5]},
								"up": {"uv": [49, 22], "uv_size": [3, 3]},
								"down": {"uv": [49, 29], "uv_size": [3, -3]}
							}
						},
						{
							"origin": [-1.78631, 2.31601, -1.90055],
							"size": [3.57262, 5.47876, 0.2745],
							"pivot": [0, 5.04262, -0.0319],
							"rotation": [-9, 0, 0],
							"uv": {
								"north": {"uv": [33, 28], "uv_size": [4, 5]}
							}
						},
						{
							"origin": [-4.02274, 1.70887, -1.75131],
							"size": [3.80609, 4.92338, 2.34389],
							"pivot": [0, 5.04262, -0.0319],
							"rotation": [-10, 0, 32.5],
							"uv": {
								"north": {"uv": [5, 34], "uv_size": [4, 5]},
								"east": {"uv": [4, 47], "uv_size": [2, 5]}
							}
						},
						{
							"origin": [-1.78631, 1.54736, -1.77881],
							"size": [3.57262, 5.47876, 0.2745],
							"pivot": [0, 5.04262, -0.0319],
							"rotation": [-9, 0, 0],
							"uv": {
								"north": {"uv": [10, 34], "uv_size": [4, 5]}
							}
						},
						{
							"origin": [-3.60459, 1.06249, -1.63733],
							"size": [3.80609, 4.92338, 2.34389],
							"pivot": [0, 5.04262, -0.0319],
							"rotation": [-10, 0, 32.5],
							"uv": {
								"north": {"uv": [33, 34], "uv_size": [4, 5]},
								"east": {"uv": [47, 6], "uv_size": [2, 5]}
							}
						},
						{
							"origin": [-0.20149, 1.06249, -1.63733],
							"size": [3.80609, 4.92338, 2.34389],
							"pivot": [0, 5.04262, -0.0319],
							"rotation": [-10, 0, -32.5],
							"uv": {
								"north": {"uv": [35, 12], "uv_size": [4, 5]},
								"west": {"uv": [7, 47], "uv_size": [2, 5]}
							}
						},
						{
							"origin": [0.21665, 1.70887, -1.75131],
							"size": [3.80609, 4.92338, 2.34389],
							"pivot": [0, 5.04262, -0.0319],
							"rotation": [-10, 0, -32.5],
							"uv": {
								"north": {"uv": [0, 36], "uv_size": [4, 5]},
								"west": {"uv": [10, 47], "uv_size": [2, 5]}
							}
						},
						{
							"origin": [0.21665, 1.70887, -0.65639],
							"size": [3.7884, 4.92338, 2.34389],
							"pivot": [0, 5.04262, -0.0319],
							"rotation": [10, 0, -32.5],
							"uv": {
								"south": {"uv": [15, 37], "uv_size": [4, 5]},
								"west": {"uv": [47, 12], "uv_size": [2, 5]}
							}
						},
						{
							"origin": [-0.20149, 1.06249, -0.77036],
							"size": [3.7884, 4.92338, 2.34389],
							"pivot": [0, 5.04262, -0.0319],
							"rotation": [10, 0, -32.5],
							"uv": {
								"south": {"uv": [20, 37], "uv_size": [4, 5]},
								"west": {"uv": [0, 48], "uv_size": [2, 5]}
							}
						},
						{
							"origin": [-1.78631, 2.31601, 1.56225],
							"size": [3.57262, 5.47876, 0.2745],
							"pivot": [0, 5.04262, -0.0319],
							"rotation": [9, 0, 0],
							"uv": {
								"south": {"uv": [25, 37], "uv_size": [4, 5]}
							}
						},
						{
							"origin": [-1.78631, 1.54736, 1.44051],
							"size": [3.57262, 5.47876, 0.2745],
							"pivot": [0, 5.04262, -0.0319],
							"rotation": [9, 0, 0],
							"uv": {
								"south": {"uv": [38, 5], "uv_size": [4, 5]}
							}
						},
						{
							"origin": [-4.00505, 1.70887, -0.65639],
							"size": [3.7884, 4.92338, 2.34389],
							"pivot": [0, 5.04262, -0.0319],
							"rotation": [10, 0, 32.5],
							"uv": {
								"east": {"uv": [45, 48], "uv_size": [2, 5]},
								"south": {"uv": [38, 28], "uv_size": [4, 5]}
							}
						},
						{
							"origin": [-3.58691, 1.06249, -0.77036],
							"size": [3.7884, 4.92338, 2.34389],
							"pivot": [0, 5.04262, -0.0319],
							"rotation": [10, 0, 32.5],
							"uv": {
								"east": {"uv": [48, 48], "uv_size": [2, 5]},
								"south": {"uv": [38, 34], "uv_size": [4, 5]}
							}
						},
						{
							"origin": [-2.88482, 10.25806, -1.67993],
							"size": [2.052, 1.52, 0.551],
							"pivot": [-1.74482, 10.86606, -1.40443],
							"rotation": [-5, 0, 20],
							"uv": {
								"north": {"uv": [65, 29], "uv_size": [2, 2]},
								"east": {"uv": [12, 75], "uv_size": [1, 2]},
								"south": {"uv": [31, 65], "uv_size": [2, 2]},
								"west": {"uv": [21, 75], "uv_size": [1, 2]},
								"up": {"uv": [75, 21], "uv_size": [2, 1]},
								"down": {"uv": [75, 24], "uv_size": [2, -1]}
							}
						},
						{
							"origin": [-2.8778, 11.41736, -1.5994],
							"size": [2.052, 0.38, 3.135],
							"pivot": [-1.7378, 10.88536, -1.3239],
							"rotation": [0, 0, 20],
							"uv": {
								"north": {"uv": [75, 25], "uv_size": [2, 1]},
								"east": {"uv": [69, 53], "uv_size": [3, 1]},
								"south": {"uv": [75, 31], "uv_size": [2, 1]},
								"west": {"uv": [69, 55], "uv_size": [3, 1]},
								"up": {"uv": [33, 56], "uv_size": [2, 3]},
								"down": {"uv": [36, 59], "uv_size": [2, -3]}
							}
						},
						{
							"origin": [-2.88482, 10.25806, 1.06513],
							"size": [2.28, 1.52, 0.551],
							"pivot": [-1.74482, 10.86606, 1.34063],
							"rotation": [5, 0, 20],
							"uv": {
								"north": {"uv": [65, 32], "uv_size": [2, 2]},
								"east": {"uv": [75, 36], "uv_size": [1, 2]},
								"south": {"uv": [34, 65], "uv_size": [2, 2]},
								"west": {"uv": [75, 49], "uv_size": [1, 2]},
								"up": {"uv": [75, 39], "uv_size": [2, 1]},
								"down": {"uv": [59, 76], "uv_size": [2, -1]}
							}
						},
						{
							"origin": [-0.874, 9.90323, 1.06513],
							"size": [1.748, 1.52, 0.551],
							"pivot": [-0.266, 10.51123, 1.34063],
							"rotation": [5, 0, 0],
							"uv": {
								"north": {"uv": [65, 35], "uv_size": [2, 2]},
								"east": {"uv": [62, 75], "uv_size": [1, 2]},
								"south": {"uv": [37, 65], "uv_size": [2, 2]},
								"west": {"uv": [64, 75], "uv_size": [1, 2]},
								"up": {"uv": [75, 64], "uv_size": [2, 1]},
								"down": {"uv": [75, 67], "uv_size": [2, -1]}
							}
						},
						{
							"origin": [0.60482, 10.25806, 1.06513],
							"size": [2.28, 1.52, 0.551],
							"pivot": [1.74482, 10.86606, 1.34063],
							"rotation": [5, 0, -20],
							"uv": {
								"north": {"uv": [65, 38], "uv_size": [2, 2]},
								"east": {"uv": [69, 75], "uv_size": [1, 2]},
								"south": {"uv": [40, 65], "uv_size": [2, 2]},
								"west": {"uv": [71, 75], "uv_size": [1, 2]},
								"up": {"uv": [73, 75], "uv_size": [2, 1]},
								"down": {"uv": [75, 74], "uv_size": [2, -1]}
							}
						},
						{
							"origin": [0.8258, 11.41736, -1.5994],
							"size": [2.052, 0.38, 3.135],
							"pivot": [1.7378, 10.88536, -1.3239],
							"rotation": [0, 0, -20],
							"uv": {
								"north": {"uv": [76, 2], "uv_size": [2, 1]},
								"east": {"uv": [69, 57], "uv_size": [3, 1]},
								"south": {"uv": [5, 76], "uv_size": [2, 1]},
								"west": {"uv": [69, 59], "uv_size": [3, 1]},
								"up": {"uv": [39, 56], "uv_size": [2, 3]},
								"down": {"uv": [42, 59], "uv_size": [2, -3]}
							}
						},
						{
							"origin": [0.83282, 10.25806, -1.67993],
							"size": [2.052, 1.52, 0.551],
							"pivot": [1.74482, 10.86606, -1.40443],
							"rotation": [-5, 0, -20],
							"uv": {
								"north": {"uv": [43, 65], "uv_size": [2, 2]},
								"east": {"uv": [8, 76], "uv_size": [1, 2]},
								"south": {"uv": [46, 65], "uv_size": [2, 2]},
								"west": {"uv": [10, 76], "uv_size": [1, 2]},
								"up": {"uv": [76, 11], "uv_size": [2, 1]},
								"down": {"uv": [23, 77], "uv_size": [2, -1]}
							}
						},
						{
							"origin": [1.21909, 10.23138, -2.13409],
							"size": [0.304, 1.672, 0.418],
							"pivot": [1.14309, 10.76338, -1.92509],
							"rotation": [-20.55559, 12.18939, -78.48315],
							"uv": {
								"north": {"uv": [16, 76], "uv_size": [1, 2]},
								"east": {"uv": [26, 76], "uv_size": [1, 2]},
								"south": {"uv": [28, 76], "uv_size": [1, 2]},
								"west": {"uv": [30, 76], "uv_size": [1, 2]},
								"up": {"uv": [86, 83], "uv_size": [1, 1]},
								"down": {"uv": [86, 86], "uv_size": [1, -1]}
							}
						},
						{
							"origin": [1.52129, 9.76755, -2.15548],
							"size": [0.304, 1.216, 0.456],
							"pivot": [1.44529, 9.84355, -1.92748],
							"rotation": [6.12229, 23.00478, -2.51775],
							"uv": {
								"north": {"uv": [87, 0], "uv_size": [1, 1]},
								"east": {"uv": [6, 87], "uv_size": [1, 1]},
								"south": {"uv": [87, 6], "uv_size": [1, 1]},
								"west": {"uv": [8, 87], "uv_size": [1, 1]},
								"up": {"uv": [87, 8], "uv_size": [1, 1]},
								"down": {"uv": [10, 88], "uv_size": [1, -1]}
							}
						},
						{
							"origin": [-0.418, 10.51433, -1.86152],
							"size": [0.836, 0.988, 0.779],
							"uv": {
								"north": {"uv": [87, 14], "uv_size": [1, 1]},
								"east": {"uv": [87, 16], "uv_size": [1, 1]},
								"south": {"uv": [87, 18], "uv_size": [1, 1]},
								"west": {"uv": [87, 20], "uv_size": [1, 1]},
								"up": {"uv": [87, 22], "uv_size": [1, 1]},
								"down": {"uv": [24, 88], "uv_size": [1, -1]}
							}
						},
						{
							"origin": [-0.88945, 8.57389, -2.02107],
							"size": [0.532, 2.356, 0.19],
							"pivot": [-0.81345, 9.75189, -1.88807],
							"rotation": [-18.97647, 0.80963, 23.70871],
							"uv": {
								"north": {"uv": [76, 33], "uv_size": [1, 2]},
								"east": {"uv": [40, 76], "uv_size": [1, 2]},
								"south": {"uv": [42, 76], "uv_size": [1, 2]},
								"west": {"uv": [44, 76], "uv_size": [1, 2]},
								"up": {"uv": [87, 24], "uv_size": [1, 1]},
								"down": {"uv": [26, 88], "uv_size": [1, -1]}
							}
						},
						{
							"origin": [0.35745, 8.57389, -2.02107],
							"size": [0.532, 2.356, 0.19],
							"pivot": [0.81345, 9.75189, -1.88807],
							"rotation": [-18.97647, -0.80963, -23.70871],
							"uv": {
								"north": {"uv": [48, 76], "uv_size": [1, 2]},
								"east": {"uv": [50, 76], "uv_size": [1, 2]},
								"south": {"uv": [52, 76], "uv_size": [1, 2]},
								"west": {"uv": [76, 52], "uv_size": [1, 2]},
								"up": {"uv": [87, 26], "uv_size": [1, 1]},
								"down": {"uv": [28, 88], "uv_size": [1, -1]}
							}
						},
						{
							"origin": [-1.52309, 10.23138, -2.13409],
							"size": [0.304, 1.672, 0.418],
							"pivot": [-1.14309, 10.76338, -1.92509],
							"rotation": [-20.55559, -12.18939, 78.48315],
							"uv": {
								"north": {"uv": [54, 76], "uv_size": [1, 2]},
								"east": {"uv": [76, 55], "uv_size": [1, 2]},
								"south": {"uv": [56, 76], "uv_size": [1, 2]},
								"west": {"uv": [76, 58], "uv_size": [1, 2]},
								"up": {"uv": [87, 28], "uv_size": [1, 1]},
								"down": {"uv": [30, 88], "uv_size": [1, -1]}
							}
						},
						{
							"origin": [-1.43259, 9.43934, -1.98918],
							"size": [0.304, 1.672, 0.418],
							"pivot": [-1.05259, 9.97134, -1.78018],
							"rotation": [-16.83074, -17.02422, 63.80161],
							"uv": {
								"north": {"uv": [76, 61], "uv_size": [1, 2]},
								"east": {"uv": [76, 75], "uv_size": [1, 2]},
								"south": {"uv": [0, 77], "uv_size": [1, 2]},
								"west": {"uv": [2, 77], "uv_size": [1, 2]},
								"up": {"uv": [87, 30], "uv_size": [1, 1]},
								"down": {"uv": [32, 88], "uv_size": [1, -1]}
							}
						},
						{
							"origin": [-1.82529, 9.76755, -2.15548],
							"size": [0.304, 1.216, 0.456],
							"pivot": [-1.44529, 9.84355, -1.92748],
							"rotation": [6.12229, -23.00478, 2.51775],
							"uv": {
								"north": {"uv": [87, 32], "uv_size": [1, 1]},
								"east": {"uv": [34, 87], "uv_size": [1, 1]},
								"south": {"uv": [87, 34], "uv_size": [1, 1]},
								"west": {"uv": [36, 87], "uv_size": [1, 1]},
								"up": {"uv": [87, 36], "uv_size": [1, 1]},
								"down": {"uv": [38, 88], "uv_size": [1, -1]}
							}
						},
						{
							"origin": [1.12859, 9.43934, -1.98918],
							"size": [0.304, 1.672, 0.418],
							"pivot": [1.05259, 9.97134, -1.78018],
							"rotation": [-16.83074, 17.02422, -63.80161],
							"uv": {
								"north": {"uv": [77, 4], "uv_size": [1, 2]},
								"east": {"uv": [77, 13], "uv_size": [1, 2]},
								"south": {"uv": [14, 77], "uv_size": [1, 2]},
								"west": {"uv": [18, 77], "uv_size": [1, 2]},
								"up": {"uv": [87, 38], "uv_size": [1, 1]},
								"down": {"uv": [40, 88], "uv_size": [1, -1]}
							}
						}
					]
				},
				{
					"name": "LeftWaistLocator",
					"parent": "ALLUPBody",
					"pivot": [3, 7.65, 0],
					"rotation": [-10, 0, 0]
				},
				{
					"name": "RightWaistLocator",
					"parent": "ALLUPBody",
					"pivot": [-3, 7.65, 0],
					"rotation": [-25, 0, 0]
				},
				{
					"name": "BackpackLocator",
					"parent": "ALLUPBody",
					"pivot": [0, 10.15, 0]
				},
				{
					"name": "PistolLocator",
					"parent": "ALLUPBody",
					"pivot": [-3.5, 6.9, -1.25],
					"rotation": [-29.14314, 5.90316, 16.50371]
				},
				{
					"name": "RifleLocator",
					"parent": "ALLUPBody",
					"pivot": [0, 8.65, 1.5],
					"rotation": [0, 0, 30]
				},
				{
					"name": "DownBody",
					"parent": "AllBody",
					"pivot": [0, 4.8, 0]
				},
				{
					"name": "Leg",
					"parent": "DownBody",
					"pivot": [0, 4.8, 0]
				},
				{
					"name": "LeftLeg",
					"parent": "Leg",
					"pivot": [1.40624, 4.48548, 0.02509],
					"cubes": [
						{
							"origin": [0.20623, 2.24331, -1.17492],
							"size": [2.33687, 2.51717, 2.40003],
							"uv": {
								"north": {"uv": [0, 58], "uv_size": [2, 3]},
								"east": {"uv": [21, 58], "uv_size": [2, 3]},
								"south": {"uv": [24, 58], "uv_size": [2, 3]},
								"west": {"uv": [58, 36], "uv_size": [2, 3]},
								"up": {"uv": [65, 46], "uv_size": [2, 2]},
								"down": {"uv": [53, 67], "uv_size": [2, -2]}
							}
						},
						{
							"origin": [0.30623, 1.74331, -1.07492],
							"size": [2.13687, 1.01717, 2.20003],
							"uv": {
								"north": {"uv": [77, 36], "uv_size": [2, 1]},
								"east": {"uv": [77, 41], "uv_size": [2, 1]},
								"south": {"uv": [77, 43], "uv_size": [2, 1]},
								"west": {"uv": [77, 45], "uv_size": [2, 1]},
								"up": {"uv": [56, 65], "uv_size": [2, 2]},
								"down": {"uv": [59, 67], "uv_size": [2, -2]}
							}
						}
					]
				},
				{
					"name": "LeftFoot",
					"parent": "LeftLeg",
					"pivot": [1.35306, 2.31314, 0.02576],
					"cubes": [
						{
							"origin": [0.3384, 0.60118, -1.94073],
							"size": [1.95792, 0.63159, 0.94738],
							"pivot": [0.14307, 0.91698, -1.51832],
							"rotation": [10.00933, 2.462, 0.43439],
							"uv": {
								"north": {"uv": [77, 47], "uv_size": [2, 1]},
								"east": {"uv": [87, 42], "uv_size": [1, 1]},
								"south": {"uv": [77, 49], "uv_size": [2, 1]},
								"west": {"uv": [44, 87], "uv_size": [1, 1]},
								"up": {"uv": [58, 77], "uv_size": [2, 1]},
								"down": {"uv": [66, 78], "uv_size": [2, -1]}
							}
						},
						{
							"origin": [0.31676, -0.09356, -2.05915],
							"size": [1.97371, 0.69475, 1.01054],
							"pivot": [1.40624, 0.5696, -1.68019],
							"rotation": [0, 2.5, 0],
							"uv": {
								"north": {"uv": [77, 68], "uv_size": [2, 1]},
								"east": {"uv": [87, 44], "uv_size": [1, 1]},
								"south": {"uv": [77, 70], "uv_size": [2, 1]},
								"west": {"uv": [46, 87], "uv_size": [1, 1]},
								"up": {"uv": [73, 77], "uv_size": [2, 1]},
								"down": {"uv": [78, 1], "uv_size": [2, -1]}
							}
						},
						{
							"origin": [0.31514, 0.53802, -1.56298],
							"size": [2.02108, 0.82106, 0.56843],
							"pivot": [0.14307, 0.94856, -1.32902],
							"rotation": [17.51565, 2.38422, 0.7522],
							"uv": {
								"north": {"uv": [4, 78], "uv_size": [2, 1]},
								"east": {"uv": [87, 46], "uv_size": [1, 1]},
								"south": {"uv": [78, 7], "uv_size": [2, 1]},
								"west": {"uv": [48, 87], "uv_size": [1, 1]},
								"up": {"uv": [78, 9], "uv_size": [2, 1]},
								"down": {"uv": [78, 17], "uv_size": [2, -1]}
							}
						},
						{
							"origin": [0.15886, -0.09356, -1.25387],
							"size": [2.43161, 1.01054, 0.85264],
							"uv": {
								"north": {"uv": [78, 18], "uv_size": [2, 1]},
								"east": {"uv": [87, 48], "uv_size": [1, 1]},
								"south": {"uv": [20, 78], "uv_size": [2, 1]},
								"west": {"uv": [50, 87], "uv_size": [1, 1]},
								"up": {"uv": [78, 20], "uv_size": [2, 1]},
								"down": {"uv": [78, 23], "uv_size": [2, -1]}
							}
						},
						{
							"origin": [0.15886, -0.08528, 0.55735],
							"size": [2.43161, 1.29475, 0.85264],
							"uv": {
								"north": {"uv": [23, 78], "uv_size": [2, 1]},
								"east": {"uv": [87, 50], "uv_size": [1, 1]},
								"south": {"uv": [78, 24], "uv_size": [2, 1]},
								"west": {"uv": [52, 87], "uv_size": [1, 1]},
								"up": {"uv": [78, 31], "uv_size": [2, 1]},
								"down": {"uv": [78, 34], "uv_size": [2, -1]}
							}
						},
						{
							"origin": [0.17465, -0.08528, -0.01107],
							"size": [2.40003, 0.47369, 0.63159],
							"uv": {
								"north": {"uv": [78, 38], "uv_size": [2, 1]},
								"east": {"uv": [87, 52], "uv_size": [1, 1]},
								"south": {"uv": [78, 51], "uv_size": [2, 1]},
								"west": {"uv": [54, 87], "uv_size": [1, 1]},
								"up": {"uv": [78, 53], "uv_size": [2, 1]},
								"down": {"uv": [78, 56], "uv_size": [2, -1]}
							}
						},
						{
							"origin": [0.16675, -0.09356, -0.40123],
							"size": [2.41582, 1.01054, 1.26317],
							"pivot": [0.15096, -0.09356, -0.40123],
							"rotation": [15, 0, 0],
							"uv": {
								"north": {"uv": [78, 57], "uv_size": [2, 1]},
								"east": {"uv": [87, 54], "uv_size": [1, 1]},
								"south": {"uv": [78, 59], "uv_size": [2, 1]},
								"west": {"uv": [56, 87], "uv_size": [1, 1]},
								"up": {"uv": [61, 78], "uv_size": [2, 1]},
								"down": {"uv": [78, 62], "uv_size": [2, -1]}
							}
						},
						{
							"origin": [0.19044, 0.91698, -1.22229],
							"size": [2.36845, 1.13686, 2.49477],
							"uv": {
								"north": {"uv": [78, 63], "uv_size": [2, 1]},
								"east": {"uv": [78, 65], "uv_size": [2, 1]},
								"south": {"uv": [69, 78], "uv_size": [2, 1]},
								"west": {"uv": [78, 72], "uv_size": [2, 1]},
								"up": {"uv": [27, 66], "uv_size": [2, 2]},
								"down": {"uv": [66, 55], "uv_size": [2, -2]}
							}
						},
						{
							"origin": [0.15886, 1.61172, -1.25387],
							"size": [2.43161, 0.69475, 2.55793],
							"uv": {
								"north": {"uv": [78, 74], "uv_size": [2, 1]},
								"east": {"uv": [36, 70], "uv_size": [3, 1]},
								"south": {"uv": [76, 78], "uv_size": [2, 1]},
								"west": {"uv": [70, 45], "uv_size": [3, 1]},
								"up": {"uv": [58, 40], "uv_size": [2, 3]},
								"down": {"uv": [58, 47], "uv_size": [2, -3]}
							}
						}
					]
				},
				{
					"name": "RightLeg",
					"parent": "Leg",
					"pivot": [-1.40624, 4.48548, 0.02509],
					"cubes": [
						{
							"origin": [-2.5431, 2.24331, -1.17492],
							"size": [2.33687, 2.51717, 2.40003],
							"uv": {
								"north": {"uv": [45, 58], "uv_size": [2, 3]},
								"east": {"uv": [48, 58], "uv_size": [2, 3]},
								"south": {"uv": [59, 4], "uv_size": [2, 3]},
								"west": {"uv": [59, 8], "uv_size": [2, 3]},
								"up": {"uv": [66, 56], "uv_size": [2, 2]},
								"down": {"uv": [66, 61], "uv_size": [2, -2]}
							}
						},
						{
							"origin": [-2.4431, 1.74331, -1.07492],
							"size": [2.13687, 1.01717, 2.20003],
							"uv": {
								"north": {"uv": [78, 76], "uv_size": [2, 1]},
								"east": {"uv": [79, 2], "uv_size": [2, 1]},
								"south": {"uv": [79, 4], "uv_size": [2, 1]},
								"west": {"uv": [7, 79], "uv_size": [2, 1]},
								"up": {"uv": [62, 66], "uv_size": [2, 2]},
								"down": {"uv": [66, 64], "uv_size": [2, -2]}
							}
						}
					]
				},
				{
					"name": "RightFoot",
					"parent": "RightLeg",
					"pivot": [-1.35306, 2.31314, 0.02576],
					"cubes": [
						{
							"origin": [-2.29632, 0.60118, -1.94073],
							"size": [1.95792, 0.63159, 0.94738],
							"pivot": [-0.14307, 0.91698, -1.51832],
							"rotation": [10.00933, -2.462, -0.43439],
							"uv": {
								"north": {"uv": [10, 79], "uv_size": [2, 1]},
								"east": {"uv": [87, 56], "uv_size": [1, 1]},
								"south": {"uv": [79, 11], "uv_size": [2, 1]},
								"west": {"uv": [87, 58], "uv_size": [1, 1]},
								"up": {"uv": [79, 13], "uv_size": [2, 1]},
								"down": {"uv": [26, 80], "uv_size": [2, -1]}
							}
						},
						{
							"origin": [-2.29046, -0.09356, -2.05915],
							"size": [1.97371, 0.69475, 1.01054],
							"pivot": [-1.40624, 0.5696, -1.68019],
							"rotation": [0, -2.5, 0],
							"uv": {
								"north": {"uv": [29, 79], "uv_size": [2, 1]},
								"east": {"uv": [87, 60], "uv_size": [1, 1]},
								"south": {"uv": [32, 79], "uv_size": [2, 1]},
								"west": {"uv": [62, 87], "uv_size": [1, 1]},
								"up": {"uv": [35, 79], "uv_size": [2, 1]},
								"down": {"uv": [38, 80], "uv_size": [2, -1]}
							}
						},
						{
							"origin": [-2.33622, 0.53802, -1.56298],
							"size": [2.02108, 0.82106, 0.56843],
							"pivot": [-0.14307, 0.94856, -1.32902],
							"rotation": [17.51565, -2.38422, -0.7522],
							"uv": {
								"north": {"uv": [41, 79], "uv_size": [2, 1]},
								"east": {"uv": [87, 62], "uv_size": [1, 1]},
								"south": {"uv": [44, 79], "uv_size": [2, 1]},
								"west": {"uv": [87, 64], "uv_size": [1, 1]},
								"up": {"uv": [47, 79], "uv_size": [2, 1]},
								"down": {"uv": [50, 80], "uv_size": [2, -1]}
							}
						},
						{
							"origin": [-2.59047, -0.09356, -1.25387],
							"size": [2.43161, 1.01054, 0.85264],
							"uv": {
								"north": {"uv": [53, 79], "uv_size": [2, 1]},
								"east": {"uv": [87, 66], "uv_size": [1, 1]},
								"south": {"uv": [56, 79], "uv_size": [2, 1]},
								"west": {"uv": [70, 87], "uv_size": [1, 1]},
								"up": {"uv": [64, 79], "uv_size": [2, 1]},
								"down": {"uv": [72, 80], "uv_size": [2, -1]}
							}
						},
						{
							"origin": [-2.59047, -0.08528, 0.55735],
							"size": [2.43161, 1.29475, 0.85264],
							"uv": {
								"north": {"uv": [79, 78], "uv_size": [2, 1]},
								"east": {"uv": [87, 70], "uv_size": [1, 1]},
								"south": {"uv": [0, 80], "uv_size": [2, 1]},
								"west": {"uv": [87, 72], "uv_size": [1, 1]},
								"up": {"uv": [3, 80], "uv_size": [2, 1]},
								"down": {"uv": [13, 81], "uv_size": [2, -1]}
							}
						},
						{
							"origin": [-2.57468, -0.08528, -0.01107],
							"size": [2.40003, 0.47369, 0.63159],
							"uv": {
								"north": {"uv": [16, 80], "uv_size": [2, 1]},
								"east": {"uv": [87, 74], "uv_size": [1, 1]},
								"south": {"uv": [19, 80], "uv_size": [2, 1]},
								"west": {"uv": [87, 78], "uv_size": [1, 1]},
								"up": {"uv": [22, 80], "uv_size": [2, 1]},
								"down": {"uv": [80, 27], "uv_size": [2, -1]}
							}
						},
						{
							"origin": [-2.58257, -0.09356, -0.40123],
							"size": [2.41582, 1.01054, 1.26317],
							"pivot": [-0.15096, -0.09356, -0.40123],
							"rotation": [15, 0, 0],
							"uv": {
								"north": {"uv": [80, 28], "uv_size": [2, 1]},
								"east": {"uv": [83, 87], "uv_size": [1, 1]},
								"south": {"uv": [80, 35], "uv_size": [2, 1]},
								"west": {"uv": [85, 87], "uv_size": [1, 1]},
								"up": {"uv": [80, 40], "uv_size": [2, 1]},
								"down": {"uv": [80, 43], "uv_size": [2, -1]}
							}
						},
						{
							"origin": [-2.55889, 0.91698, -1.22229],
							"size": [2.36845, 1.13686, 2.49477],
							"uv": {
								"north": {"uv": [80, 44], "uv_size": [2, 1]},
								"east": {"uv": [80, 46], "uv_size": [2, 1]},
								"south": {"uv": [80, 48], "uv_size": [2, 1]},
								"west": {"uv": [59, 80], "uv_size": [2, 1]},
								"up": {"uv": [65, 66], "uv_size": [2, 2]},
								"down": {"uv": [67, 4], "uv_size": [2, -2]}
							}
						},
						{
							"origin": [-2.59047, 1.61172, -1.25387],
							"size": [2.43161, 0.69475, 2.55793],
							"uv": {
								"north": {"uv": [67, 80], "uv_size": [2, 1]},
								"east": {"uv": [70, 47], "uv_size": [3, 1]},
								"south": {"uv": [80, 67], "uv_size": [2, 1]},
								"west": {"uv": [53, 70], "uv_size": [3, 1]},
								"up": {"uv": [9, 59], "uv_size": [2, 3]},
								"down": {"uv": [12, 62], "uv_size": [2, -3]}
							}
						}
					]
				}
			]
		}
	]
}