{
	"format_version": "1.21.0",
	"minecraft:geometry": [
		{
			"description": {
				"identifier": "geometry.unknown",
				"texture_width": 128,
				"texture_height": 128,
				"visible_bounds_width": 6,
				"visible_bounds_height": 6,
				"visible_bounds_offset": [0, 1, 0]
			},
			"bones": [
				{
					"name": "MRoot",
					"pivot": [0, 0, 0]
				},
				{
					"name": "AllROOT",
					"parent": "MRoot",
					"pivot": [0, 0, 0]
				},
				{
					"name": "ROOT",
					"parent": "AllROOT",
					"pivot": [0, 0, 0]
				},
				{
					"name": "MAllBody",
					"parent": "ROOT",
					"pivot": [0, 8.4, 0]
				},
				{
					"name": "WitchBroom",
					"parent": "MAllBody",
					"pivot": [0.92526, 5.18436, 3],
					"cubes": [
						{
							"origin": [-19.94219, 4.73757, 2.279],
							"size": [13.44, 1.456, 1.442],
							"pivot": [-10.98219, 5.57757, 3.119],
							"rotation": [0, 0, 7.5],
							"uv": {
								"north": {"uv": [14, 62], "uv_size": [13, 1]},
								"east": {"uv": [36, 16], "uv_size": [1, 1]},
								"south": {"uv": [60, 62], "uv_size": [13, 1]},
								"west": {"uv": [25, 77], "uv_size": [1, 1]},
								"up": {"uv": [63, 13], "uv_size": [13, 1]},
								"down": {"uv": [63, 16], "uv_size": [13, -1]}
							}
						},
						{
							"origin": [-6.65015, 4.16, 2.272],
							"size": [15.12, 1.456, 1.456],
							"uv": {
								"north": {"uv": [59, 11], "uv_size": [15, 1]},
								"east": {"uv": [15, 78], "uv_size": [1, 1]},
								"south": {"uv": [60, 60], "uv_size": [15, 1]},
								"west": {"uv": [78, 57], "uv_size": [1, 1]},
								"up": {"uv": [61, 32], "uv_size": [15, 1]},
								"down": {"uv": [61, 35], "uv_size": [15, -1]}
							}
						},
						{
							"origin": [6.22985, 3.488, 1.488],
							"size": [3.36, 3.024, 3.024],
							"pivot": [10.56985, 5, 3],
							"rotation": [-45, 0, 0],
							"uv": {
								"north": {"uv": [25, 43], "uv_size": [3, 3]},
								"east": {"uv": [71, 64], "uv_size": [3, 3]},
								"south": {"uv": [72, 23], "uv_size": [3, 3]},
								"up": {"uv": [72, 27], "uv_size": [3, 3]},
								"down": {"uv": [72, 39], "uv_size": [3, -3]}
							}
						},
						{
							"origin": [3.42985, 3.768, 1.768],
							"size": [3.864, 2.464, 2.464],
							"pivot": [10.73785, 5, 3],
							"rotation": [-45, 0, 0],
							"uv": {
								"north": {"uv": [15, 40], "uv_size": [4, 2]},
								"east": {"uv": [81, 13], "uv_size": [2, 2]},
								"south": {"uv": [47, 39], "uv_size": [4, 2]},
								"up": {"uv": [72, 54], "uv_size": [4, 2]},
								"down": {"uv": [54, 75], "uv_size": [4, -2]}
							}
						},
						{
							"origin": [10.39817, 4.39622, 0.46778],
							"size": [8.232, 3.136, 3.136],
							"pivot": [14.39243, 5, 3],
							"rotation": [-45, 0, -12.5],
							"uv": {
								"north": {"uv": [44, 0], "uv_size": [8, 3]},
								"up": {"uv": [44, 4], "uv_size": [8, 3]}
							}
						},
						{
							"origin": [9.02985, 3.152, 1.152],
							"size": [3.36, 3.696, 3.696],
							"pivot": [13.36985, 5, 3],
							"rotation": [-45, 0, 0],
							"uv": {
								"north": {"uv": [39, 48], "uv_size": [3, 4]},
								"east": {"uv": [59, 40], "uv_size": [4, 4]},
								"south": {"uv": [28, 62], "uv_size": [3, 4]},
								"up": {"uv": [63, 17], "uv_size": [3, 4]},
								"down": {"uv": [63, 26], "uv_size": [3, -4]}
							}
						},
						{
							"origin": [10.39817, 2.46778, 0.46778],
							"size": [8.232, 3.136, 3.136],
							"pivot": [14.39243, 5, 3],
							"rotation": [45, 0, 12.5],
							"uv": {
								"north": {"uv": [44, 16], "uv_size": [8, 3]},
								"down": {"uv": [44, 23], "uv_size": [8, -3]}
							}
						},
						{
							"origin": [10.67817, 4.35422, 2.35422],
							"size": [7.952, 3.178, 3.178],
							"pivot": [14.39243, 5, 3],
							"rotation": [-45, -12.5, 0],
							"uv": {
								"south": {"uv": [44, 24], "uv_size": [8, 3]},
								"up": {"uv": [44, 28], "uv_size": [8, 3]}
							}
						},
						{
							"origin": [10.67817, 4.35422, 0.46778],
							"size": [7.952, 3.178, 3.178],
							"pivot": [14.39243, 5, 3],
							"rotation": [45, 12.5, 0],
							"uv": {
								"north": {"uv": [45, 8], "uv_size": [8, 3]},
								"up": {"uv": [45, 12], "uv_size": [8, 3]}
							}
						}
					]
				},
				{
					"name": "AllBody",
					"parent": "MAllBody",
					"pivot": [0, 8.4, 0]
				},
				{
					"name": "ALLUPBody",
					"parent": "AllBody",
					"pivot": [0, 4.7, 0]
				},
				{
					"name": "UPBody",
					"parent": "ALLUPBody",
					"pivot": [0, 4.7, 0],
					"cubes": [
						{
							"origin": [0.48301, 9.97637, -1.18695],
							"size": [1.70313, 1.3625, 2.37391],
							"pivot": [2.18613, 9.97637, 0.07664],
							"rotation": [0, 0, 7.5],
							"uv": {
								"north": {"uv": [92, 73], "uv_size": [2, 1]},
								"east": {"uv": [13, 93], "uv_size": [2, 1]},
								"south": {"uv": [16, 93], "uv_size": [2, 1]},
								"west": {"uv": [93, 20], "uv_size": [2, 1]},
								"up": {"uv": [84, 14], "uv_size": [2, 2]},
								"down": {"uv": [15, 86], "uv_size": [2, -2]}
							}
						},
						{
							"origin": [-0.68125, 10.18702, -1.19547],
							"size": [1.3625, 1.3625, 2.39094],
							"uv": {
								"north": {"uv": [76, 97], "uv_size": [1, 1]},
								"east": {"uv": [93, 22], "uv_size": [2, 1]},
								"south": {"uv": [97, 76], "uv_size": [1, 1]},
								"west": {"uv": [93, 24], "uv_size": [2, 1]},
								"up": {"uv": [19, 93], "uv_size": [1, 2]},
								"down": {"uv": [93, 28], "uv_size": [1, -2]}
							}
						},
						{
							"origin": [-1.31283, 11.39646, -1.26965],
							"size": [2.62567, 1.38193, 2.53929],
							"uv": {
								"north": {"uv": [88, 56], "uv_size": [3, 1]},
								"east": {"uv": [88, 58], "uv_size": [3, 1]},
								"south": {"uv": [88, 85], "uv_size": [3, 1]},
								"west": {"uv": [88, 87], "uv_size": [3, 1]},
								"up": {"uv": [46, 73], "uv_size": [3, 3]},
								"down": {"uv": [50, 76], "uv_size": [3, -3]}
							}
						},
						{
							"origin": [-2.18613, 9.97637, -1.18695],
							"size": [1.70313, 1.3625, 2.37391],
							"pivot": [-2.18613, 9.97637, 0.07664],
							"rotation": [0, 0, -7.5],
							"uv": {
								"north": {"uv": [93, 34], "uv_size": [2, 1]},
								"east": {"uv": [37, 93], "uv_size": [2, 1]},
								"south": {"uv": [40, 93], "uv_size": [2, 1]},
								"west": {"uv": [93, 41], "uv_size": [2, 1]},
								"up": {"uv": [84, 17], "uv_size": [2, 2]},
								"down": {"uv": [18, 86], "uv_size": [2, -2]}
							}
						},
						{
							"origin": [-2.58622, 4.7625, -1.1875],
							"size": [2.58875, 6.13125, 2.425],
							"pivot": [-2.65435, 3.4, 0],
							"rotation": [0, 0, 2.5],
							"uv": {
								"north": {"uv": [48, 59], "uv_size": [3, 6]},
								"east": {"uv": [67, 69], "uv_size": [2, 6]},
								"south": {"uv": [52, 59], "uv_size": [3, 6]},
								"west": {"uv": [70, 69], "uv_size": [2, 6]},
								"up": {"uv": [79, 64], "uv_size": [3, 2]},
								"down": {"uv": [21, 82], "uv_size": [3, -2]}
							}
						},
						{
							"origin": [-0.00253, 4.7625, -1.19602],
							"size": [2.58875, 6.13125, 2.44203],
							"pivot": [2.65435, 3.4, 0.00852],
							"rotation": [0, 0, -2.5],
							"uv": {
								"north": {"uv": [56, 59], "uv_size": [3, 6]},
								"east": {"uv": [0, 71], "uv_size": [2, 6]},
								"south": {"uv": [39, 60], "uv_size": [3, 6]},
								"west": {"uv": [14, 71], "uv_size": [2, 6]},
								"up": {"uv": [80, 30], "uv_size": [3, 2]},
								"down": {"uv": [80, 35], "uv_size": [3, -2]}
							}
						}
					]
				},
				{
					"name": "Head",
					"parent": "UPBody",
					"pivot": [0, 11.8, -0.2],
					"cubes": [
						{
							"origin": [-4, 11.8, -3.7],
							"size": [8, 7.5, 8],
							"uv": {
								"north": {"uv": [29, 18], "uv_size": [8, 7]},
								"east": {"uv": [29, 26], "uv_size": [8, 7]},
								"south": {"uv": [30, 0], "uv_size": [8, 7]},
								"west": {"uv": [30, 8], "uv_size": [8, 7]},
								"up": {"uv": [20, 18], "uv_size": [8, 8]},
								"down": {"uv": [20, 35], "uv_size": [8, -8]}
							}
						},
						{
							"origin": [-3.99154, 18.3, -3.6875],
							"size": [4.01, 1, 7.975],
							"pivot": [-3.99154, 19.3, 0.3125],
							"rotation": [0, 0, -5.5],
							"uv": {
								"north": {"uv": [53, 30], "uv_size": [4, 1]},
								"east": {"uv": [73, 74], "uv_size": [8, 1]},
								"south": {"uv": [80, 60], "uv_size": [4, 1]},
								"west": {"uv": [75, 11], "uv_size": [8, 1]},
								"up": {"uv": [39, 0], "uv_size": [4, 8]},
								"down": {"uv": [0, 48], "uv_size": [4, -8]}
							}
						},
						{
							"origin": [-0.01846, 18.3, -3.6875],
							"size": [4.01, 1, 7.975],
							"pivot": [3.99154, 19.3, 0.3125],
							"rotation": [0, 0, 5.5],
							"uv": {
								"north": {"uv": [29, 81], "uv_size": [4, 1]},
								"east": {"uv": [75, 17], "uv_size": [8, 1]},
								"south": {"uv": [34, 81], "uv_size": [4, 1]},
								"west": {"uv": [75, 19], "uv_size": [8, 1]},
								"up": {"uv": [5, 40], "uv_size": [4, 8]},
								"down": {"uv": [10, 48], "uv_size": [4, -8]}
							}
						}
					]
				},
				{
					"name": "Hair",
					"parent": "Head",
					"pivot": [3.74668, 12.33295, -3.5],
					"cubes": [
						{
							"origin": [-5.01225, 11.84038, -4.13396],
							"size": [4.2, 6.5, 1.325],
							"pivot": [-0.51056, 15.91241, -2.89092],
							"rotation": [-1.16266, 6.49047, 27.15905],
							"uv": {
								"north": {"uv": [43, 46], "uv_size": [4, 6]}
							}
						},
						{
							"origin": [-2.18697, 14.10355, -4.08356],
							"size": [1, 5, 0.65],
							"pivot": [-1.68697, 16.60355, -3.75856],
							"rotation": [-2.44081, 0.54094, 12.48848],
							"uv": {
								"north": {"uv": [9, 81], "uv_size": [1, 5]}
							}
						},
						{
							"origin": [-1.08338, 14.18026, -4.18417],
							"size": [1.164, 5.032, 0.925],
							"pivot": [-0.18936, 16.09556, -3.84413],
							"rotation": [-4.4999, -2.47036, 2.69903],
							"uv": {
								"north": {"uv": [11, 81], "uv_size": [1, 5]}
							}
						},
						{
							"origin": [-0.3818, 13.33786, -4.25409],
							"size": [1.284, 5.732, 0.925],
							"pivot": [-0.28936, 16.09556, -3.84413],
							"rotation": [-4.00358, -3.21363, -7.2857],
							"uv": {
								"north": {"uv": [54, 76], "uv_size": [1, 6]}
							}
						},
						{
							"origin": [1.01636, 13.24729, -3.95172],
							"size": [1.5, 6, 0.55],
							"pivot": [1.76636, 16.24729, -3.67672],
							"rotation": [-0.9763, -0.21643, -12.49816],
							"uv": {
								"north": {"uv": [14, 64], "uv_size": [2, 6]}
							}
						},
						{
							"origin": [0.09252, 12.76979, -3.8557],
							"size": [4.5, 6, 3.65],
							"pivot": [-0.23556, 16.01241, -2.89092],
							"rotation": [-0.96593, -0.25881, -14.99782],
							"uv": {
								"north": {"uv": [39, 9], "uv_size": [5, 6]}
							}
						},
						{
							"origin": [-4.70741, 12.22236, -4.16565],
							"size": [4.2, 6.5, 1.325],
							"pivot": [-0.23556, 15.91241, -2.91592],
							"rotation": [-4.54072, 7.85412, 4.38778],
							"uv": {
								"north": {"uv": [15, 47], "uv_size": [4, 6]}
							}
						},
						{
							"origin": [-4.56979, 9.51804, -3.79316],
							"size": [1.8, 5.4, 1.55],
							"pivot": [-3.46979, 12.21804, -3.09316],
							"rotation": [-0.27555, 5.14503, -5.58612],
							"uv": {
								"north": {"uv": [21, 71], "uv_size": [2, 5]}
							}
						},
						{
							"origin": [2.56979, 9.51804, -3.79316],
							"size": [1.8, 5.4, 1.55],
							"pivot": [3.46979, 12.21804, -3.09316],
							"rotation": [-0.27555, -5.14503, 5.58612],
							"uv": {
								"north": {"uv": [24, 71], "uv_size": [2, 5]}
							}
						},
						{
							"origin": [-7.5852, 12.66961, -2.41699],
							"size": [4.2, 6.5, 1.325],
							"pivot": [-4.7852, 15.41961, -1.75449],
							"rotation": [109.34546, 82.68785, 134.097],
							"uv": {
								"north": {"uv": [20, 47], "uv_size": [4, 6]}
							}
						},
						{
							"origin": [3.3852, 12.66961, -2.41699],
							"size": [4.2, 6.5, 1.325],
							"pivot": [4.7852, 15.41961, -1.75449],
							"rotation": [109.34546, -82.68785, -134.097],
							"uv": {
								"north": {"uv": [25, 47], "uv_size": [4, 6]}
							}
						},
						{
							"origin": [-2.57239, 8.79795, -2.7325],
							"size": [5.1, 7.3, 3.325],
							"pivot": [0, 13.00137, 1.7083],
							"rotation": [119.27845, 79.91213, 130.98539],
							"uv": {
								"north": {"uv": [38, 16], "uv_size": [5, 7]},
								"east": {"uv": [44, 53], "uv_size": [3, 7]}
							}
						},
						{
							"origin": [-3, 9.13149, 3.54174],
							"size": [2.8, 7.1, 1.325],
							"pivot": [-1.5, 12.83149, 4.20424],
							"rotation": [9.96271, -0.86717, 4.92442],
							"uv": {
								"south": {"uv": [15, 54], "uv_size": [3, 7]}
							}
						},
						{
							"origin": [0.2, 9.13149, 3.54174],
							"size": [2.8, 7.1, 1.325],
							"pivot": [1.5, 12.83149, 4.20424],
							"rotation": [9.96271, 0.86717, -4.92442],
							"uv": {
								"south": {"uv": [19, 54], "uv_size": [3, 7]}
							}
						},
						{
							"origin": [-1.4, 8.63149, 3.64174],
							"size": [2.8, 7.6, 1.325],
							"pivot": [0.1, 12.83149, 4.20424],
							"rotation": [9.96271, 0, 0],
							"uv": {
								"south": {"uv": [30, 47], "uv_size": [3, 8]}
							}
						},
						{
							"origin": [-2.52761, 8.79795, -2.7325],
							"size": [5.1, 7.3, 3.325],
							"pivot": [0, 13.00137, 1.7083],
							"rotation": [119.27845, -79.91213, -130.98539],
							"uv": {
								"north": {"uv": [38, 24], "uv_size": [5, 7]},
								"west": {"uv": [23, 54], "uv_size": [3, 7]}
							}
						},
						{
							"origin": [-1.37848, 9.56819, -4.2023],
							"size": [4.2, 6.5, 1.325],
							"pivot": [0, 13.87642, 0.64456],
							"rotation": [127.15347, 77.91734, 141.97062],
							"uv": {
								"north": {"uv": [47, 32], "uv_size": [4, 6]}
							}
						},
						{
							"origin": [-2.82152, 9.38668, -4.15215],
							"size": [4.2, 6.5, 1.325],
							"pivot": [0, 13.87642, 0.64456],
							"rotation": [124.65347, -77.91734, -141.97062],
							"uv": {
								"north": {"uv": [34, 48], "uv_size": [4, 6]}
							}
						}
					]
				},
				{
					"name": "maozi",
					"parent": "Head",
					"pivot": [-0.1, 17.3, 0.325],
					"cubes": [
						{
							"origin": [1.22626, 19.28142, -3.75764],
							"size": [2.55704, 2.0511, 0.48999],
							"pivot": [1.03258, 20.41724, -3.8218],
							"rotation": [-35.82606, -6.27443, -27.50077],
							"uv": {
								"north": {"uv": [75, 64], "uv_size": [3, 2]},
								"east": {"uv": [3, 71], "uv_size": [1, 2]},
								"south": {"uv": [76, 36], "uv_size": [3, 2]},
								"west": {"uv": [89, 8], "uv_size": [1, 2]},
								"up": {"uv": [54, 14], "uv_size": [3, 1]},
								"down": {"uv": [68, 31], "uv_size": [3, -1]}
							}
						},
						{
							"origin": [1.09993, 19.95656, -3.77463],
							"size": [2.74968, 1.77762, 0.35325],
							"pivot": [1.03258, 20.41724, -3.8218],
							"rotation": [-30.38613, 22.75176, 28.25965],
							"uv": {
								"north": {"uv": [76, 50], "uv_size": [3, 2]},
								"east": {"uv": [9, 89], "uv_size": [1, 2]},
								"south": {"uv": [56, 76], "uv_size": [3, 2]},
								"west": {"uv": [11, 89], "uv_size": [1, 2]},
								"up": {"uv": [83, 65], "uv_size": [3, 1]},
								"down": {"uv": [85, 10], "uv_size": [3, -1]}
							}
						},
						{
							"origin": [-1.58098, 19.84602, -3.79173],
							"size": [2.66368, 1.77762, 0.35325],
							"pivot": [1.03258, 20.41724, -3.8218],
							"rotation": [-21.33194, -34.26056, -41.25775],
							"uv": {
								"north": {"uv": [76, 59], "uv_size": [3, 2]},
								"east": {"uv": [89, 15], "uv_size": [1, 2]},
								"south": {"uv": [60, 76], "uv_size": [3, 2]},
								"west": {"uv": [29, 89], "uv_size": [1, 2]},
								"up": {"uv": [30, 85], "uv_size": [3, 1]},
								"down": {"uv": [34, 86], "uv_size": [3, -1]}
							}
						},
						{
							"origin": [0.38212, 19.30446, -4.09842],
							"size": [1.46312, 2.18784, 0.76347],
							"pivot": [1.03258, 20.41724, -3.8218],
							"rotation": [-33.1953, -6.98796, -4.32405],
							"uv": {
								"north": {"uv": [31, 89], "uv_size": [1, 2]},
								"east": {"uv": [89, 32], "uv_size": [1, 2]},
								"south": {"uv": [50, 89], "uv_size": [1, 2]},
								"west": {"uv": [52, 89], "uv_size": [1, 2]},
								"up": {"uv": [74, 94], "uv_size": [1, 1]},
								"down": {"uv": [31, 96], "uv_size": [1, -1]}
							}
						},
						{
							"origin": [-1.56886, 19.33079, -3.79752],
							"size": [2.55704, 2.0511, 0.48998],
							"pivot": [1.03258, 20.41724, -3.8218],
							"rotation": [-41.31669, -6.58271, 18.86754],
							"uv": {
								"north": {"uv": [64, 76], "uv_size": [3, 2]},
								"east": {"uv": [54, 89], "uv_size": [1, 2]},
								"south": {"uv": [68, 76], "uv_size": [3, 2]},
								"west": {"uv": [56, 89], "uv_size": [1, 2]},
								"up": {"uv": [56, 85], "uv_size": [3, 1]},
								"down": {"uv": [85, 61], "uv_size": [3, -1]}
							}
						},
						{
							"origin": [-3.66882, 16.92084, -1.36626],
							"size": [7.568, 4.042, 6.45],
							"pivot": [1.21942, 21.5813, 3.64491],
							"rotation": [-29.5527, 7.46243, -4.7373],
							"uv": {
								"north": {"uv": [38, 32], "uv_size": [8, 4]},
								"east": {"uv": [48, 46], "uv_size": [6, 4]},
								"south": {"uv": [38, 37], "uv_size": [8, 4]},
								"west": {"uv": [0, 49], "uv_size": [6, 4]},
								"up": {"uv": [29, 34], "uv_size": [8, 6]},
								"down": {"uv": [20, 42], "uv_size": [8, -6]}
							}
						},
						{
							"origin": [-1.99789, 17.99397, 0.14504],
							"size": [5.848, 4.472, 4.816],
							"pivot": [1.21942, 21.5813, 3.64491],
							"rotation": [-55.91284, 15.80649, 0.89552],
							"uv": {
								"north": {"uv": [7, 49], "uv_size": [6, 4]},
								"east": {"uv": [53, 40], "uv_size": [5, 4]},
								"south": {"uv": [48, 51], "uv_size": [6, 4]},
								"west": {"uv": [55, 45], "uv_size": [5, 4]},
								"up": {"uv": [29, 41], "uv_size": [6, 5]},
								"down": {"uv": [36, 47], "uv_size": [6, -5]}
							}
						},
						{
							"origin": [-0.87956, 20.21827, 0.84706],
							"size": [3.956, 4.644, 3.182],
							"pivot": [1.21942, 21.5813, 3.64491],
							"rotation": [-80.91738, 29.72171, -1.24435],
							"uv": {
								"north": {"uv": [34, 55], "uv_size": [4, 5]},
								"east": {"uv": [0, 61], "uv_size": [3, 5]},
								"south": {"uv": [55, 50], "uv_size": [4, 5]},
								"west": {"uv": [4, 61], "uv_size": [3, 5]},
								"up": {"uv": [63, 27], "uv_size": [4, 3]},
								"down": {"uv": [17, 67], "uv_size": [4, -3]}
							}
						},
						{
							"origin": [-0.85806, 24.00374, 1.96316],
							"size": [3.913, 1.548, 4.214],
							"pivot": [1.21942, 21.5813, 3.64491],
							"rotation": [-63.41738, 29.72171, -1.24435],
							"uv": {
								"north": {"uv": [73, 68], "uv_size": [4, 2]},
								"east": {"uv": [73, 71], "uv_size": [4, 2]},
								"south": {"uv": [3, 74], "uv_size": [4, 2]},
								"west": {"uv": [74, 40], "uv_size": [4, 2]},
								"up": {"uv": [60, 50], "uv_size": [4, 4]},
								"down": {"uv": [60, 59], "uv_size": [4, -4]}
							}
						},
						{
							"origin": [-5.346, 16.956, -2.857],
							"size": [9.288, 3.44, 7.998],
							"pivot": [1.3422, 22.13534, 2.18352],
							"rotation": [-12.5, 0, -7.5],
							"uv": {
								"north": {"uv": [15, 43], "uv_size": [9, 3]},
								"east": {"uv": [52, 32], "uv_size": [8, 3]},
								"south": {"uv": [43, 42], "uv_size": [9, 3]},
								"west": {"uv": [52, 36], "uv_size": [8, 3]},
								"up": {"uv": [20, 0], "uv_size": [9, 8]}
							}
						},
						{
							"origin": [-5.432, 18.59, -2.943],
							"size": [9.46, 1.204, 8.17],
							"pivot": [1.3422, 22.13534, 2.18352],
							"rotation": [-12.5, 0, -7.5],
							"uv": {
								"north": {"uv": [68, 57], "uv_size": [9, 1]},
								"east": {"uv": [74, 43], "uv_size": [8, 1]},
								"south": {"uv": [69, 0], "uv_size": [9, 1]},
								"west": {"uv": [74, 62], "uv_size": [8, 1]},
								"up": {"uv": [20, 9], "uv_size": [9, 8]}
							}
						},
						{
							"origin": [-9.56, 16.698, -8.791],
							"size": [18.92, 1.29, 18.92],
							"pivot": [-0.1, 17.128, 0.325],
							"rotation": [-14.57099, 0.64904, -7.48341],
							"uv": {
								"north": {"uv": [58, 3], "uv_size": [19, 1]},
								"east": {"uv": [58, 5], "uv_size": [19, 1]},
								"south": {"uv": [59, 7], "uv_size": [19, 1]},
								"west": {"uv": [59, 9], "uv_size": [19, 1]},
								"up": {"uv": [0, 0], "uv_size": [19, 19]},
								"down": {"uv": [0, 39], "uv_size": [19, -19]}
							}
						},
						{
							"origin": [-5.98143, 15.78685, -4.72806],
							"size": [5.934, 1.72, 10.406],
							"pivot": [-0.17643, 16.64685, 0.00194],
							"rotation": [-14.57265, -0.60968, -12.32247],
							"uv": {
								"north": {"uv": [64, 40], "uv_size": [6, 2]},
								"east": {"uv": [48, 56], "uv_size": [10, 2]},
								"south": {"uv": [60, 64], "uv_size": [6, 2]}
							}
						},
						{
							"origin": [-0.16971, 16.11717, -4.91109],
							"size": [6.106, 1.72, 10.363],
							"pivot": [6.23729, 16.97717, -0.20259],
							"rotation": [-14.4631, 1.90312, -2.64194],
							"uv": {
								"north": {"uv": [32, 65], "uv_size": [6, 2]},
								"south": {"uv": [65, 49], "uv_size": [6, 2]},
								"west": {"uv": [58, 0], "uv_size": [10, 2]}
							}
						}
					]
				},
				{
					"name": "eyeA",
					"parent": "Head",
					"pivot": [-2.13902, 14.28171, -3.57688],
					"cubes": [
						{
							"origin": [-3.21712, 15.56736, -3.79364],
							"size": [2.72003, 0.24667, 0.54475],
							"pivot": [-1.75003, 15.61997, -3.62412],
							"rotation": [0, 0, 3],
							"uv": {
								"north": {"uv": [85, 67], "uv_size": [3, 1]},
								"east": {"uv": [48, 95], "uv_size": [1, 1]},
								"south": {"uv": [85, 73], "uv_size": [3, 1]},
								"west": {"uv": [50, 95], "uv_size": [1, 1]},
								"up": {"uv": [85, 79], "uv_size": [3, 1]},
								"down": {"uv": [80, 86], "uv_size": [3, -1]}
							}
						},
						{
							"origin": [0.49708, 15.56736, -3.79364],
							"size": [2.72003, 0.24667, 0.54475],
							"pivot": [1.75003, 15.61997, -3.62412],
							"rotation": [0, 0, -3],
							"uv": {
								"north": {"uv": [85, 81], "uv_size": [3, 1]},
								"east": {"uv": [52, 95], "uv_size": [1, 1]},
								"south": {"uv": [85, 83], "uv_size": [3, 1]},
								"west": {"uv": [54, 95], "uv_size": [1, 1]},
								"up": {"uv": [84, 85], "uv_size": [3, 1]},
								"down": {"uv": [86, 21], "uv_size": [3, -1]}
							}
						},
						{
							"origin": [-1.51685, 14.96174, -3.85923],
							"size": [0.68843, 0.17825, 0.61033],
							"pivot": [-1.23541, 15.05086, -3.55406],
							"rotation": [0, 0, 12.75],
							"uv": {
								"north": {"uv": [60, 95], "uv_size": [1, 1]},
								"east": {"uv": [62, 95], "uv_size": [1, 1]},
								"south": {"uv": [64, 95], "uv_size": [1, 1]},
								"west": {"uv": [66, 95], "uv_size": [1, 1]},
								"up": {"uv": [68, 95], "uv_size": [1, 1]},
								"down": {"uv": [95, 72], "uv_size": [1, -1]}
							}
						},
						{
							"origin": [0.82842, 14.96174, -3.85923],
							"size": [0.68843, 0.17825, 0.61033],
							"pivot": [1.23541, 15.05086, -3.55406],
							"rotation": [0, 0, -12.75],
							"uv": {
								"north": {"uv": [95, 73], "uv_size": [1, 1]},
								"east": {"uv": [76, 95], "uv_size": [1, 1]},
								"south": {"uv": [78, 95], "uv_size": [1, 1]},
								"west": {"uv": [80, 95], "uv_size": [1, 1]},
								"up": {"uv": [82, 95], "uv_size": [1, 1]},
								"down": {"uv": [84, 96], "uv_size": [1, -1]}
							}
						},
						{
							"origin": [-0.23149, 12.15229, -3.77492],
							"size": [0.24538, 0.09394, 0.52603],
							"pivot": [-0.15879, 12.19926, -3.51191],
							"rotation": [0, 0, 12.25],
							"uv": {
								"north": {"uv": [86, 95], "uv_size": [1, 1]},
								"east": {"uv": [88, 95], "uv_size": [1, 1]},
								"south": {"uv": [90, 95], "uv_size": [1, 1]},
								"west": {"uv": [92, 95], "uv_size": [1, 1]},
								"up": {"uv": [94, 95], "uv_size": [1, 1]},
								"down": {"uv": [6, 97], "uv_size": [1, -1]}
							}
						},
						{
							"origin": [-0.31474, 12.19747, -3.77492],
							"size": [0.14538, 0.09394, 0.52603],
							"pivot": [-0.22954, 12.24444, -3.51191],
							"rotation": [0, 0, 59.75],
							"uv": {
								"north": {"uv": [18, 96], "uv_size": [1, 1]},
								"east": {"uv": [96, 19], "uv_size": [1, 1]},
								"south": {"uv": [96, 21], "uv_size": [1, 1]},
								"west": {"uv": [96, 23], "uv_size": [1, 1]},
								"up": {"uv": [24, 96], "uv_size": [1, 1]},
								"down": {"uv": [26, 97], "uv_size": [1, -1]}
							}
						},
						{
							"origin": [0.16935, 12.19747, -3.77492],
							"size": [0.14538, 0.09394, 0.52603],
							"pivot": [0.22954, 12.24444, -3.51191],
							"rotation": [0, 0, -59.75],
							"uv": {
								"north": {"uv": [28, 96], "uv_size": [1, 1]},
								"east": {"uv": [33, 96], "uv_size": [1, 1]},
								"south": {"uv": [96, 33], "uv_size": [1, 1]},
								"west": {"uv": [96, 40], "uv_size": [1, 1]},
								"up": {"uv": [56, 96], "uv_size": [1, 1]},
								"down": {"uv": [58, 97], "uv_size": [1, -1]}
							}
						},
						{
							"origin": [-0.0139, 12.15229, -3.77492],
							"size": [0.24538, 0.09394, 0.52603],
							"pivot": [0.15879, 12.19926, -3.51191],
							"rotation": [0, 0, -12.25],
							"uv": {
								"north": {"uv": [96, 60], "uv_size": [1, 1]},
								"east": {"uv": [70, 96], "uv_size": [1, 1]},
								"south": {"uv": [72, 96], "uv_size": [1, 1]},
								"west": {"uv": [74, 96], "uv_size": [1, 1]},
								"up": {"uv": [96, 95], "uv_size": [1, 1]},
								"down": {"uv": [0, 98], "uv_size": [1, -1]}
							}
						},
						{
							"origin": [-2.6074, 12.89506, -3.76522],
							"size": [1.52371, 1.36659, 0.54371],
							"uv": {
								"north": {"uv": [27, 54], "uv_size": [2, 1]},
								"east": {"uv": [2, 97], "uv_size": [1, 1]},
								"south": {"uv": [64, 43], "uv_size": [2, 1]},
								"west": {"uv": [4, 97], "uv_size": [1, 1]},
								"up": {"uv": [89, 18], "uv_size": [2, 1]},
								"down": {"uv": [89, 61], "uv_size": [2, -1]}
							}
						},
						{
							"origin": [-2.69181, 12.81075, -3.76085],
							"size": [1.69254, 1.54406, 0.53934],
							"uv": {
								"north": {"uv": [42, 81], "uv_size": [2, 2]},
								"east": {"uv": [60, 89], "uv_size": [1, 2]},
								"south": {"uv": [45, 81], "uv_size": [2, 2]},
								"west": {"uv": [89, 66], "uv_size": [1, 2]},
								"up": {"uv": [68, 89], "uv_size": [2, 1]},
								"down": {"uv": [89, 70], "uv_size": [2, -1]}
							}
						},
						{
							"origin": [-2.59643, 13.9139, -3.79968],
							"size": [0.3963, 0.37648, 0.58191],
							"pivot": [-2.20396, 14.07285, -3.62443],
							"rotation": [0, 0, -7.5],
							"uv": {
								"north": {"uv": [97, 6], "uv_size": [1, 1]},
								"east": {"uv": [8, 97], "uv_size": [1, 1]},
								"south": {"uv": [97, 8], "uv_size": [1, 1]},
								"west": {"uv": [10, 97], "uv_size": [1, 1]},
								"up": {"uv": [97, 10], "uv_size": [1, 1]},
								"down": {"uv": [12, 98], "uv_size": [1, -1]}
							}
						},
						{
							"origin": [1.10624, 13.87175, -3.79968],
							"size": [0.3963, 0.37648, 0.58191],
							"pivot": [1.3301, 14.07285, -3.62443],
							"rotation": [0, 0, -7.5],
							"uv": {
								"north": {"uv": [97, 12], "uv_size": [1, 1]},
								"east": {"uv": [14, 97], "uv_size": [1, 1]},
								"south": {"uv": [97, 14], "uv_size": [1, 1]},
								"west": {"uv": [16, 97], "uv_size": [1, 1]},
								"up": {"uv": [20, 97], "uv_size": [1, 1]},
								"down": {"uv": [22, 98], "uv_size": [1, -1]}
							}
						},
						{
							"origin": [-3.04878, 14.21751, -3.88494],
							"size": [2.33991, 0.46109, 0.63605],
							"pivot": [-1.373, 14.44805, -3.56692],
							"rotation": [0, 0, 2.5],
							"uv": {
								"north": {"uv": [71, 89], "uv_size": [2, 1]},
								"east": {"uv": [97, 28], "uv_size": [1, 1]},
								"south": {"uv": [89, 71], "uv_size": [2, 1]},
								"west": {"uv": [30, 97], "uv_size": [1, 1]},
								"up": {"uv": [89, 73], "uv_size": [2, 1]},
								"down": {"uv": [89, 80], "uv_size": [2, -1]}
							}
						},
						{
							"origin": [0.70887, 14.21751, -3.88494],
							"size": [2.33991, 0.46109, 0.63605],
							"pivot": [1.373, 14.44805, -3.56692],
							"rotation": [0, 0, -2.5],
							"uv": {
								"north": {"uv": [80, 89], "uv_size": [2, 1]},
								"east": {"uv": [97, 30], "uv_size": [1, 1]},
								"south": {"uv": [89, 81], "uv_size": [2, 1]},
								"west": {"uv": [35, 97], "uv_size": [1, 1]},
								"up": {"uv": [89, 83], "uv_size": [2, 1]},
								"down": {"uv": [88, 90], "uv_size": [2, -1]}
							}
						},
						{
							"origin": [1.08369, 12.89506, -3.76522],
							"size": [1.52371, 1.36659, 0.54371],
							"uv": {
								"north": {"uv": [90, 4], "uv_size": [2, 1]},
								"east": {"uv": [37, 97], "uv_size": [1, 1]},
								"south": {"uv": [5, 90], "uv_size": [2, 1]},
								"west": {"uv": [39, 97], "uv_size": [1, 1]},
								"up": {"uv": [90, 6], "uv_size": [2, 1]},
								"down": {"uv": [90, 21], "uv_size": [2, -1]}
							}
						},
						{
							"origin": [0.99928, 12.81075, -3.76085],
							"size": [1.69254, 1.54406, 0.53934],
							"uv": {
								"north": {"uv": [48, 81], "uv_size": [2, 2]},
								"east": {"uv": [74, 89], "uv_size": [1, 2]},
								"south": {"uv": [51, 81], "uv_size": [2, 2]},
								"west": {"uv": [13, 90], "uv_size": [1, 2]},
								"up": {"uv": [21, 90], "uv_size": [2, 1]},
								"down": {"uv": [90, 23], "uv_size": [2, -1]}
							}
						}
					]
				},
				{
					"name": "Arm",
					"parent": "UPBody",
					"pivot": [0, 10.64875, 0]
				},
				{
					"name": "LeftArm",
					"parent": "Arm",
					"pivot": [2.73067, 10.27844, -0.01703],
					"rotation": [0, 0, -32.5],
					"cubes": [
						{
							"origin": [1.89825, 4.5719, -1.11555],
							"size": [1.835, 6.47187, 2.23109],
							"uv": {
								"north": {"uv": [22, 64], "uv_size": [2, 6]},
								"east": {"uv": [25, 64], "uv_size": [2, 6]},
								"south": {"uv": [8, 65], "uv_size": [2, 6]},
								"west": {"uv": [11, 65], "uv_size": [2, 6]},
								"up": {"uv": [81, 70], "uv_size": [2, 2]},
								"down": {"uv": [81, 78], "uv_size": [2, -2]}
							}
						},
						{
							"origin": [2.04114, 10.57056, -1.10703],
							"size": [1.58391, 0.39172, 2.21406],
							"pivot": [4.0338, 10.96228, -0.03406],
							"rotation": [0, 0, 11.5],
							"uv": {
								"north": {"uv": [24, 90], "uv_size": [2, 1]},
								"east": {"uv": [90, 24], "uv_size": [2, 1]},
								"south": {"uv": [90, 26], "uv_size": [2, 1]},
								"west": {"uv": [90, 28], "uv_size": [2, 1]},
								"up": {"uv": [0, 82], "uv_size": [2, 2]},
								"down": {"uv": [82, 4], "uv_size": [2, -2]}
							}
						},
						{
							"origin": [1.5132, 10.70105, -1.37869],
							"size": [1.97259, 0.48784, 2.75738],
							"pivot": [2.91047, 9.5857, 0],
							"rotation": [0, 0, 11.5],
							"uv": {
								"north": {"uv": [90, 35], "uv_size": [2, 1]},
								"east": {"uv": [86, 22], "uv_size": [3, 1]},
								"south": {"uv": [90, 42], "uv_size": [2, 1]},
								"west": {"uv": [86, 24], "uv_size": [3, 1]},
								"up": {"uv": [72, 76], "uv_size": [2, 3]},
								"down": {"uv": [75, 79], "uv_size": [2, -3]}
							}
						},
						{
							"origin": [1.52227, 8.6255, -1.38015],
							"size": [0.7314, 2.1942, 2.7603],
							"pivot": [2.91047, 9.5857, 0],
							"rotation": [0, 0, 10],
							"uv": {
								"north": {"uv": [38, 90], "uv_size": [1, 2]},
								"east": {"uv": [3, 77], "uv_size": [3, 2]},
								"south": {"uv": [90, 44], "uv_size": [1, 2]},
								"west": {"uv": [77, 13], "uv_size": [3, 2]},
								"up": {"uv": [60, 85], "uv_size": [1, 3]},
								"down": {"uv": [13, 89], "uv_size": [1, -3]}
							}
						},
						{
							"origin": [1.35477, 9.50918, -1.37101],
							"size": [0.7314, 0.7314, 2.74202],
							"pivot": [2.91047, 9.5857, 0],
							"rotation": [0, 0, -47.5],
							"uv": {
								"north": {"uv": [41, 97], "uv_size": [1, 1]},
								"east": {"uv": [86, 26], "uv_size": [3, 1]},
								"south": {"uv": [43, 97], "uv_size": [1, 1]},
								"west": {"uv": [86, 28], "uv_size": [3, 1]},
								"up": {"uv": [21, 86], "uv_size": [1, 3]},
								"down": {"uv": [38, 89], "uv_size": [1, -3]}
							}
						},
						{
							"origin": [3.55274, 9.31053, -1.37101],
							"size": [0.7314, 0.7314, 2.74202],
							"pivot": [2.91047, 9.5857, 0],
							"rotation": [0, 0, 47.5],
							"uv": {
								"north": {"uv": [45, 97], "uv_size": [1, 1]},
								"east": {"uv": [86, 36], "uv_size": [3, 1]},
								"south": {"uv": [97, 45], "uv_size": [1, 1]},
								"west": {"uv": [86, 42], "uv_size": [3, 1]},
								"up": {"uv": [86, 44], "uv_size": [1, 3]},
								"down": {"uv": [86, 51], "uv_size": [1, -3]}
							}
						},
						{
							"origin": [3.30193, 8.67229, -1.38015],
							"size": [0.7314, 2.1942, 2.7603],
							"pivot": [2.91047, 9.5857, 0],
							"rotation": [0, 0, -10],
							"uv": {
								"north": {"uv": [62, 90], "uv_size": [1, 2]},
								"east": {"uv": [17, 77], "uv_size": [3, 2]},
								"south": {"uv": [64, 90], "uv_size": [1, 2]},
								"west": {"uv": [21, 77], "uv_size": [3, 2]},
								"up": {"uv": [86, 52], "uv_size": [1, 3]},
								"down": {"uv": [86, 59], "uv_size": [1, -3]}
							}
						},
						{
							"origin": [1.77593, 8.58444, 0.88967],
							"size": [1.99965, 2.1942, 0.7314],
							"pivot": [2.91047, 9.5857, 0],
							"rotation": [10, 0, 0],
							"uv": {
								"north": {"uv": [82, 5], "uv_size": [2, 2]},
								"east": {"uv": [66, 90], "uv_size": [1, 2]},
								"south": {"uv": [25, 82], "uv_size": [2, 2]},
								"west": {"uv": [2, 91], "uv_size": [1, 2]},
								"up": {"uv": [90, 62], "uv_size": [2, 1]},
								"down": {"uv": [91, 9], "uv_size": [2, -1]}
							}
						},
						{
							"origin": [1.79421, 9.68352, 0.98406],
							"size": [1.96308, 0.7314, 0.7314],
							"pivot": [2.91047, 9.5857, 0],
							"rotation": [-47.5, 0, 0],
							"uv": {
								"north": {"uv": [91, 10], "uv_size": [2, 1]},
								"east": {"uv": [47, 97], "uv_size": [1, 1]},
								"south": {"uv": [91, 12], "uv_size": [2, 1]},
								"west": {"uv": [97, 47], "uv_size": [1, 1]},
								"up": {"uv": [91, 14], "uv_size": [2, 1]},
								"down": {"uv": [15, 92], "uv_size": [2, -1]}
							}
						},
						{
							"origin": [1.79421, 9.68352, -1.71546],
							"size": [1.96308, 0.7314, 0.7314],
							"pivot": [2.91047, 9.5857, 0],
							"rotation": [47.5, 0, 0],
							"uv": {
								"north": {"uv": [91, 16], "uv_size": [2, 1]},
								"east": {"uv": [49, 97], "uv_size": [1, 1]},
								"south": {"uv": [18, 91], "uv_size": [2, 1]},
								"west": {"uv": [97, 49], "uv_size": [1, 1]},
								"up": {"uv": [91, 30], "uv_size": [2, 1]},
								"down": {"uv": [91, 33], "uv_size": [2, -1]}
							}
						},
						{
							"origin": [1.77593, 8.58444, -1.62107],
							"size": [1.99965, 2.1942, 0.7314],
							"pivot": [2.91047, 9.5857, 0],
							"rotation": [-10, 0, 0],
							"uv": {
								"north": {"uv": [56, 82], "uv_size": [2, 2]},
								"east": {"uv": [33, 91], "uv_size": [1, 2]},
								"south": {"uv": [59, 82], "uv_size": [2, 2]},
								"west": {"uv": [35, 91], "uv_size": [1, 2]},
								"up": {"uv": [40, 91], "uv_size": [2, 1]},
								"down": {"uv": [43, 92], "uv_size": [2, -1]}
							}
						},
						{
							"origin": [1.75764, 8.24221, -1.38929],
							"size": [2.03622, 2.7998, 2.77859],
							"uv": {
								"north": {"uv": [30, 77], "uv_size": [2, 3]},
								"east": {"uv": [42, 72], "uv_size": [3, 3]},
								"south": {"uv": [77, 31], "uv_size": [2, 3]},
								"west": {"uv": [72, 46], "uv_size": [3, 3]},
								"up": {"uv": [33, 77], "uv_size": [2, 3]},
								"down": {"uv": [36, 80], "uv_size": [2, -3]}
							}
						}
					]
				},
				{
					"name": "leftfore",
					"parent": "LeftArm",
					"pivot": [2.77325, 4.89377, -0.02555]
				},
				{
					"name": "LeftHandLocator",
					"parent": "LeftArm",
					"pivot": [2.77325, 4.89377, -0.02555]
				},
				{
					"name": "RightArm",
					"parent": "Arm",
					"pivot": [-2.73067, 10.27844, -0.01703],
					"rotation": [0, 0, 32.5],
					"cubes": [
						{
							"origin": [-3.73325, 4.5719, -1.11555],
							"size": [1.835, 6.47187, 2.23109],
							"uv": {
								"north": {"uv": [65, 52], "uv_size": [2, 6]},
								"east": {"uv": [47, 66], "uv_size": [2, 6]},
								"south": {"uv": [50, 66], "uv_size": [2, 6]},
								"west": {"uv": [53, 66], "uv_size": [2, 6]},
								"up": {"uv": [82, 67], "uv_size": [2, 2]},
								"down": {"uv": [82, 75], "uv_size": [2, -2]}
							}
						},
						{
							"origin": [-3.62505, 10.57056, -1.10703],
							"size": [1.58391, 0.39172, 2.21406],
							"pivot": [-4.0338, 10.96228, -0.03406],
							"rotation": [0, 0, -11.5],
							"uv": {
								"north": {"uv": [46, 91], "uv_size": [2, 1]},
								"east": {"uv": [91, 64], "uv_size": [2, 1]},
								"south": {"uv": [91, 66], "uv_size": [2, 1]},
								"west": {"uv": [68, 91], "uv_size": [2, 1]},
								"up": {"uv": [82, 79], "uv_size": [2, 2]},
								"down": {"uv": [82, 84], "uv_size": [2, -2]}
							}
						},
						{
							"origin": [-3.79386, 8.24221, -1.38929],
							"size": [2.03622, 2.7998, 2.77859],
							"uv": {
								"north": {"uv": [45, 77], "uv_size": [2, 3]},
								"east": {"uv": [72, 50], "uv_size": [3, 3]},
								"south": {"uv": [48, 77], "uv_size": [2, 3]},
								"west": {"uv": [59, 72], "uv_size": [3, 3]},
								"up": {"uv": [51, 77], "uv_size": [2, 3]},
								"down": {"uv": [77, 56], "uv_size": [2, -3]}
							}
						},
						{
							"origin": [-3.77558, 8.58444, -1.62107],
							"size": [1.99965, 2.1942, 0.7314],
							"pivot": [-2.91047, 9.5857, 0],
							"rotation": [-10, 0, 0],
							"uv": {
								"north": {"uv": [21, 83], "uv_size": [2, 2]},
								"east": {"uv": [58, 91], "uv_size": [1, 2]},
								"south": {"uv": [83, 21], "uv_size": [2, 2]},
								"west": {"uv": [71, 91], "uv_size": [1, 2]},
								"up": {"uv": [91, 75], "uv_size": [2, 1]},
								"down": {"uv": [76, 92], "uv_size": [2, -1]}
							}
						},
						{
							"origin": [-3.75729, 9.68352, -1.71546],
							"size": [1.96308, 0.7314, 0.7314],
							"pivot": [-2.91047, 9.5857, 0],
							"rotation": [47.5, 0, 0],
							"uv": {
								"north": {"uv": [91, 77], "uv_size": [2, 1]},
								"east": {"uv": [51, 97], "uv_size": [1, 1]},
								"south": {"uv": [79, 91], "uv_size": [2, 1]},
								"west": {"uv": [97, 51], "uv_size": [1, 1]},
								"up": {"uv": [82, 91], "uv_size": [2, 1]},
								"down": {"uv": [85, 92], "uv_size": [2, -1]}
							}
						},
						{
							"origin": [-3.75729, 9.68352, 0.98406],
							"size": [1.96308, 0.7314, 0.7314],
							"pivot": [-2.91047, 9.5857, 0],
							"rotation": [-47.5, 0, 0],
							"uv": {
								"north": {"uv": [88, 91], "uv_size": [2, 1]},
								"east": {"uv": [53, 97], "uv_size": [1, 1]},
								"south": {"uv": [91, 89], "uv_size": [2, 1]},
								"west": {"uv": [97, 53], "uv_size": [1, 1]},
								"up": {"uv": [91, 91], "uv_size": [2, 1]},
								"down": {"uv": [92, 1], "uv_size": [2, -1]}
							}
						},
						{
							"origin": [-3.77558, 8.58444, 0.88967],
							"size": [1.99965, 2.1942, 0.7314],
							"pivot": [-2.91047, 9.5857, 0],
							"rotation": [10, 0, 0],
							"uv": {
								"north": {"uv": [83, 24], "uv_size": [2, 2]},
								"east": {"uv": [0, 92], "uv_size": [1, 2]},
								"south": {"uv": [83, 27], "uv_size": [2, 2]},
								"west": {"uv": [4, 92], "uv_size": [1, 2]},
								"up": {"uv": [92, 2], "uv_size": [2, 1]},
								"down": {"uv": [6, 93], "uv_size": [2, -1]}
							}
						},
						{
							"origin": [-4.03333, 8.67229, -1.38015],
							"size": [0.7314, 2.1942, 2.7603],
							"pivot": [-2.91047, 9.5857, 0],
							"rotation": [0, 0, 10],
							"uv": {
								"north": {"uv": [9, 92], "uv_size": [1, 2]},
								"east": {"uv": [78, 2], "uv_size": [3, 2]},
								"south": {"uv": [11, 92], "uv_size": [1, 2]},
								"west": {"uv": [7, 78], "uv_size": [3, 2]},
								"up": {"uv": [62, 86], "uv_size": [1, 3]},
								"down": {"uv": [64, 89], "uv_size": [1, -3]}
							}
						},
						{
							"origin": [-4.28414, 9.31053, -1.37101],
							"size": [0.7314, 0.7314, 2.74202],
							"pivot": [-2.91047, 9.5857, 0],
							"rotation": [0, 0, -47.5],
							"uv": {
								"north": {"uv": [97, 55], "uv_size": [1, 1]},
								"east": {"uv": [86, 62], "uv_size": [3, 1]},
								"south": {"uv": [97, 57], "uv_size": [1, 1]},
								"west": {"uv": [9, 87], "uv_size": [3, 1]},
								"up": {"uv": [66, 86], "uv_size": [1, 3]},
								"down": {"uv": [3, 90], "uv_size": [1, -3]}
							}
						},
						{
							"origin": [-2.08617, 9.50918, -1.37101],
							"size": [0.7314, 0.7314, 2.74202],
							"pivot": [-2.91047, 9.5857, 0],
							"rotation": [0, 0, 47.5],
							"uv": {
								"north": {"uv": [60, 97], "uv_size": [1, 1]},
								"east": {"uv": [87, 11], "uv_size": [3, 1]},
								"south": {"uv": [62, 97], "uv_size": [1, 1]},
								"west": {"uv": [87, 13], "uv_size": [3, 1]},
								"up": {"uv": [15, 87], "uv_size": [1, 3]},
								"down": {"uv": [87, 18], "uv_size": [1, -3]}
							}
						},
						{
							"origin": [-2.25367, 8.6255, -1.38015],
							"size": [0.7314, 2.1942, 2.7603],
							"pivot": [-2.91047, 9.5857, 0],
							"rotation": [0, 0, -10],
							"uv": {
								"north": {"uv": [21, 92], "uv_size": [1, 2]},
								"east": {"uv": [11, 78], "uv_size": [3, 2]},
								"south": {"uv": [23, 92], "uv_size": [1, 2]},
								"west": {"uv": [78, 67], "uv_size": [3, 2]},
								"up": {"uv": [17, 87], "uv_size": [1, 3]},
								"down": {"uv": [19, 90], "uv_size": [1, -3]}
							}
						},
						{
							"origin": [-3.48578, 10.70105, -1.37869],
							"size": [1.97259, 0.48784, 2.75738],
							"pivot": [-2.91047, 9.5857, 0],
							"rotation": [0, 0, -11.5],
							"uv": {
								"north": {"uv": [92, 18], "uv_size": [2, 1]},
								"east": {"uv": [30, 87], "uv_size": [3, 1]},
								"south": {"uv": [25, 92], "uv_size": [2, 1]},
								"west": {"uv": [87, 30], "uv_size": [3, 1]},
								"up": {"uv": [0, 78], "uv_size": [2, 3]},
								"down": {"uv": [78, 73], "uv_size": [2, -3]}
							}
						}
					]
				},
				{
					"name": "rightfore",
					"parent": "RightArm",
					"pivot": [-2.77325, 4.89377, -0.02555]
				},
				{
					"name": "RightHandLocator",
					"parent": "RightArm",
					"pivot": [-2.77325, 4.89377, -0.02555]
				},
				{
					"name": "yifu",
					"parent": "UPBody",
					"pivot": [0, 5.88634, -0.21308],
					"cubes": [
						{
							"origin": [-2.37466, 9.87562, -1.4692],
							"size": [1.85, 1.48, 2.9045],
							"pivot": [-2.37466, 9.87562, 0.0663],
							"rotation": [0, 0, -7.5],
							"uv": {
								"north": {"uv": [92, 39], "uv_size": [2, 1]},
								"east": {"uv": [50, 87], "uv_size": [3, 1]},
								"south": {"uv": [92, 44], "uv_size": [2, 1]},
								"west": {"uv": [54, 87], "uv_size": [3, 1]},
								"up": {"uv": [78, 76], "uv_size": [2, 3]},
								"down": {"uv": [79, 8], "uv_size": [2, -3]}
							}
						},
						{
							"origin": [-1.62551, 3.7899, -1.93067],
							"size": [3.25103, 4.79245, 0],
							"pivot": [0, 6.29103, -1.57743],
							"rotation": [-21.5, 0, 0],
							"uv": {
								"north": {"uv": [43, 61], "uv_size": [3, 5]}
							}
						},
						{
							"origin": [-3.02177, 3.29647, -1.80098],
							"size": [2.94844, 4.28706, 1.48911],
							"pivot": [0, 6.29103, -1.57743],
							"rotation": [-20.59061, 6.6782, 31.88034],
							"uv": {
								"north": {"uv": [42, 67], "uv_size": [3, 4]}
							}
						},
						{
							"origin": [0.07333, 3.29647, -1.80098],
							"size": [2.94844, 4.28706, 1.48911],
							"pivot": [0, 6.29103, -1.57743],
							"rotation": [-20.59061, -6.6782, -31.88034],
							"uv": {
								"north": {"uv": [67, 43], "uv_size": [3, 4]}
							}
						},
						{
							"origin": [-1.45225, 6.49759, -0.13531],
							"size": [2.9045, 1.702, 1.7205],
							"pivot": [0, 7.34859, 0.71569],
							"rotation": [7.5, 0, 0],
							"uv": {
								"north": {"uv": [79, 21], "uv_size": [3, 2]},
								"east": {"uv": [38, 83], "uv_size": [2, 2]},
								"south": {"uv": [79, 24], "uv_size": [3, 2]},
								"west": {"uv": [83, 42], "uv_size": [2, 2]},
								"up": {"uv": [25, 79], "uv_size": [3, 2]},
								"down": {"uv": [79, 29], "uv_size": [3, -2]}
							}
						},
						{
							"origin": [1.28119, 6.51087, -0.13618],
							"size": [1.4245, 1.702, 1.702],
							"pivot": [1.35519, 7.36187, 0.81657],
							"rotation": [7.5, 0, -12.5],
							"uv": {
								"north": {"uv": [31, 92], "uv_size": [1, 2]},
								"east": {"uv": [83, 45], "uv_size": [2, 2]},
								"south": {"uv": [92, 46], "uv_size": [1, 2]},
								"west": {"uv": [83, 48], "uv_size": [2, 2]},
								"up": {"uv": [49, 92], "uv_size": [1, 2]},
								"down": {"uv": [92, 51], "uv_size": [1, -2]}
							}
						},
						{
							"origin": [1.28119, 6.51087, -1.59972],
							"size": [1.4245, 1.702, 1.702],
							"pivot": [1.35519, 7.36187, -0.85047],
							"rotation": [-7.5, 0, -12.5],
							"uv": {
								"north": {"uv": [51, 92], "uv_size": [1, 2]},
								"east": {"uv": [83, 51], "uv_size": [2, 2]},
								"south": {"uv": [92, 52], "uv_size": [1, 2]},
								"west": {"uv": [83, 54], "uv_size": [2, 2]},
								"up": {"uv": [53, 92], "uv_size": [1, 2]},
								"down": {"uv": [55, 94], "uv_size": [1, -2]}
							}
						},
						{
							"origin": [-1.45225, 6.49759, -1.61909],
							"size": [2.9045, 1.702, 1.7205],
							"pivot": [0, 7.34859, -0.74959],
							"rotation": [-7.5, 0, 0],
							"uv": {
								"north": {"uv": [79, 39], "uv_size": [3, 2]},
								"east": {"uv": [83, 57], "uv_size": [2, 2]},
								"south": {"uv": [79, 45], "uv_size": [3, 2]},
								"west": {"uv": [62, 83], "uv_size": [2, 2]},
								"up": {"uv": [56, 79], "uv_size": [3, 2]},
								"down": {"uv": [60, 81], "uv_size": [3, -2]}
							}
						},
						{
							"origin": [-2.70569, 6.51087, -1.59972],
							"size": [1.4245, 1.702, 1.702],
							"pivot": [-1.35519, 7.36187, -0.85047],
							"rotation": [-7.5, 0, 12.5],
							"uv": {
								"north": {"uv": [92, 55], "uv_size": [1, 2]},
								"east": {"uv": [83, 62], "uv_size": [2, 2]},
								"south": {"uv": [92, 58], "uv_size": [1, 2]},
								"west": {"uv": [65, 83], "uv_size": [2, 2]},
								"up": {"uv": [60, 92], "uv_size": [1, 2]},
								"down": {"uv": [92, 70], "uv_size": [1, -2]}
							}
						},
						{
							"origin": [-1.258, 6.14644, -1.49695],
							"size": [2.516, 4.44, 2.96],
							"uv": {
								"north": {"uv": [59, 67], "uv_size": [3, 4]},
								"east": {"uv": [63, 67], "uv_size": [3, 4]},
								"south": {"uv": [67, 64], "uv_size": [3, 4]},
								"west": {"uv": [17, 68], "uv_size": [3, 4]},
								"up": {"uv": [63, 72], "uv_size": [3, 3]},
								"down": {"uv": [17, 76], "uv_size": [3, -3]}
							}
						},
						{
							"origin": [0.814, 8.88444, -1.58945],
							"size": [0.666, 0.666, 2.59],
							"pivot": [-0.074, 8.55144, -0.38695],
							"rotation": [-2.5, 0, 0],
							"uv": {
								"north": {"uv": [97, 62], "uv_size": [1, 1]},
								"east": {"uv": [87, 64], "uv_size": [3, 1]},
								"south": {"uv": [64, 97], "uv_size": [1, 1]},
								"west": {"uv": [68, 87], "uv_size": [3, 1]},
								"up": {"uv": [58, 87], "uv_size": [1, 3]},
								"down": {"uv": [87, 72], "uv_size": [1, -3]}
							}
						},
						{
							"origin": [-1.48, 8.88444, -1.58945],
							"size": [0.666, 0.666, 2.59],
							"pivot": [-0.074, 8.55144, -0.38695],
							"rotation": [-2.5, 0, 0],
							"uv": {
								"north": {"uv": [97, 64], "uv_size": [1, 1]},
								"east": {"uv": [72, 87], "uv_size": [3, 1]},
								"south": {"uv": [66, 97], "uv_size": [1, 1]},
								"west": {"uv": [87, 75], "uv_size": [3, 1]},
								"up": {"uv": [76, 87], "uv_size": [1, 3]},
								"down": {"uv": [78, 90], "uv_size": [1, -3]}
							}
						},
						{
							"origin": [-1.48, 7.47844, -1.58945],
							"size": [0.666, 0.666, 2.59],
							"pivot": [-0.074, 8.55144, -0.38695],
							"rotation": [-2.5, 0, 0],
							"uv": {
								"north": {"uv": [97, 66], "uv_size": [1, 1]},
								"east": {"uv": [87, 77], "uv_size": [3, 1]},
								"south": {"uv": [68, 97], "uv_size": [1, 1]},
								"west": {"uv": [80, 87], "uv_size": [3, 1]},
								"up": {"uv": [84, 87], "uv_size": [1, 3]},
								"down": {"uv": [86, 90], "uv_size": [1, -3]}
							}
						},
						{
							"origin": [0.814, 7.47844, -1.58945],
							"size": [0.666, 0.666, 2.59],
							"pivot": [-0.074, 8.55144, -0.38695],
							"rotation": [-2.5, 0, 0],
							"uv": {
								"north": {"uv": [97, 68], "uv_size": [1, 1]},
								"east": {"uv": [88, 0], "uv_size": [3, 1]},
								"south": {"uv": [97, 70], "uv_size": [1, 1]},
								"west": {"uv": [88, 2], "uv_size": [3, 1]},
								"up": {"uv": [0, 88], "uv_size": [1, 3]},
								"down": {"uv": [88, 7], "uv_size": [1, -3]}
							}
						},
						{
							"origin": [1.25659, 6.21099, -1.4877],
							"size": [1.554, 4.44, 2.9415],
							"pivot": [2.88459, 2.51099, -0.0262],
							"rotation": [0, 0, -2.5],
							"uv": {
								"north": {"uv": [76, 21], "uv_size": [2, 4]},
								"east": {"uv": [68, 25], "uv_size": [3, 4]},
								"south": {"uv": [76, 26], "uv_size": [2, 4]},
								"west": {"uv": [31, 68], "uv_size": [3, 4]},
								"up": {"uv": [39, 79], "uv_size": [2, 3]},
								"down": {"uv": [64, 82], "uv_size": [2, -3]}
							}
						},
						{
							"origin": [-2.81059, 6.21099, -1.4877],
							"size": [1.554, 4.44, 2.9415],
							"pivot": [-2.88459, 2.51099, -0.0262],
							"rotation": [0, 0, 2.5],
							"uv": {
								"north": {"uv": [42, 76], "uv_size": [2, 4]},
								"east": {"uv": [35, 68], "uv_size": [3, 4]},
								"south": {"uv": [76, 45], "uv_size": [2, 4]},
								"west": {"uv": [68, 52], "uv_size": [3, 4]},
								"up": {"uv": [67, 79], "uv_size": [2, 3]},
								"down": {"uv": [3, 83], "uv_size": [2, -3]}
							}
						},
						{
							"origin": [0.52466, 9.87562, -1.4692],
							"size": [1.85, 1.48, 2.9045],
							"pivot": [2.37466, 9.87562, 0.0663],
							"rotation": [0, 0, 7.5],
							"uv": {
								"north": {"uv": [92, 71], "uv_size": [2, 1]},
								"east": {"uv": [5, 88], "uv_size": [3, 1]},
								"south": {"uv": [73, 92], "uv_size": [2, 1]},
								"west": {"uv": [23, 88], "uv_size": [3, 1]},
								"up": {"uv": [15, 80], "uv_size": [2, 3]},
								"down": {"uv": [18, 83], "uv_size": [2, -3]}
							}
						},
						{
							"origin": [-0.74, 10.10443, -1.47845],
							"size": [1.48, 1.48, 2.923],
							"uv": {
								"north": {"uv": [97, 72], "uv_size": [1, 1]},
								"east": {"uv": [88, 38], "uv_size": [3, 1]},
								"south": {"uv": [97, 74], "uv_size": [1, 1]},
								"west": {"uv": [88, 40], "uv_size": [3, 1]},
								"up": {"uv": [27, 88], "uv_size": [1, 3]},
								"down": {"uv": [88, 47], "uv_size": [1, -3]}
							}
						},
						{
							"origin": [-1.48, 11.21443, -1.55245],
							"size": [2.96, 0.74, 3.071],
							"uv": {
								"north": {"uv": [88, 48], "uv_size": [3, 1]},
								"east": {"uv": [88, 50], "uv_size": [3, 1]},
								"south": {"uv": [88, 52], "uv_size": [3, 1]},
								"west": {"uv": [88, 54], "uv_size": [3, 1]},
								"up": {"uv": [31, 73], "uv_size": [3, 3]},
								"down": {"uv": [35, 76], "uv_size": [3, -3]}
							}
						},
						{
							"origin": [-2.70569, 6.51087, -0.13618],
							"size": [1.4245, 1.702, 1.702],
							"pivot": [-1.35519, 7.36187, 0.81657],
							"rotation": [7.5, 0, 12.5],
							"uv": {
								"north": {"uv": [92, 79], "uv_size": [1, 2]},
								"east": {"uv": [3, 84], "uv_size": [2, 2]},
								"south": {"uv": [92, 82], "uv_size": [1, 2]},
								"west": {"uv": [84, 11], "uv_size": [2, 2]},
								"up": {"uv": [92, 85], "uv_size": [1, 2]},
								"down": {"uv": [93, 6], "uv_size": [1, -2]}
							}
						}
					]
				},
				{
					"name": "hudiejie",
					"parent": "yifu",
					"pivot": [-1.44141, 7.69078, 1.75905],
					"cubes": [
						{
							"origin": [-0.3963, 4.27011, 1.79307],
							"size": [4.7434, 2.886, 0.5735],
							"pivot": [1.9754, 5.41711, 2.07982],
							"rotation": [-0.97688, -7.37889, 43.09127],
							"uv": {
								"north": {"uv": [8, 61], "uv_size": [5, 3]},
								"east": {"uv": [87, 32], "uv_size": [1, 3]},
								"south": {"uv": [32, 61], "uv_size": [5, 3]},
								"west": {"uv": [34, 87], "uv_size": [1, 3]},
								"up": {"uv": [30, 16], "uv_size": [5, 1]},
								"down": {"uv": [79, 1], "uv_size": [5, -1]}
							}
						},
						{
							"origin": [-4.3471, 4.27011, 1.79307],
							"size": [4.7434, 2.886, 0.5735],
							"pivot": [-1.9754, 5.41711, 2.07982],
							"rotation": [-0.97688, 7.37889, -43.09127],
							"uv": {
								"north": {"uv": [61, 36], "uv_size": [5, 3]},
								"east": {"uv": [36, 87], "uv_size": [1, 3]},
								"south": {"uv": [61, 45], "uv_size": [5, 3]},
								"west": {"uv": [40, 87], "uv_size": [1, 3]},
								"up": {"uv": [79, 9], "uv_size": [5, 1]},
								"down": {"uv": [80, 37], "uv_size": [5, -1]}
							}
						},
						{
							"origin": [-1.1877, 5.02678, 1.3243],
							"size": [2.3754, 3.552, 1.2395],
							"uv": {
								"north": {"uv": [27, 74], "uv_size": [2, 4]},
								"east": {"uv": [32, 56], "uv_size": [1, 4]},
								"south": {"uv": [39, 74], "uv_size": [2, 4]},
								"west": {"uv": [13, 81], "uv_size": [1, 4]},
								"up": {"uv": [28, 92], "uv_size": [2, 1]},
								"down": {"uv": [92, 38], "uv_size": [2, -1]}
							}
						},
						{
							"origin": [-4.25711, 5.47078, 1.5463],
							"size": [4.1514, 3.33, 0.7955],
							"pivot": [-1.44141, 7.69078, 1.75905],
							"rotation": [7.5, 12.5, 19.5],
							"uv": {
								"north": {"uv": [0, 67], "uv_size": [4, 3]},
								"east": {"uv": [42, 87], "uv_size": [1, 3]},
								"south": {"uv": [67, 17], "uv_size": [4, 3]},
								"west": {"uv": [44, 87], "uv_size": [1, 3]},
								"up": {"uv": [28, 83], "uv_size": [4, 1]},
								"down": {"uv": [33, 84], "uv_size": [4, -1]}
							}
						},
						{
							"origin": [0.10571, 5.47078, 1.5463],
							"size": [4.1514, 3.33, 0.7955],
							"pivot": [1.44141, 7.69078, 1.75905],
							"rotation": [7.5, -12.5, -19.5],
							"uv": {
								"north": {"uv": [67, 21], "uv_size": [4, 3]},
								"east": {"uv": [46, 87], "uv_size": [1, 3]},
								"south": {"uv": [67, 36], "uv_size": [4, 3]},
								"west": {"uv": [48, 87], "uv_size": [1, 3]},
								"up": {"uv": [83, 38], "uv_size": [4, 1]},
								"down": {"uv": [83, 41], "uv_size": [4, -1]}
							}
						}
					]
				},
				{
					"name": "qunzi",
					"parent": "yifu",
					"pivot": [0, 7.0043, -0.01695],
					"cubes": [
						{
							"origin": [0.37712, 1.66173, -1.95354],
							"size": [3.98101, 5.88966, 2.45162],
							"pivot": [1.91914, 4.36515, -0.01695],
							"rotation": [-10, 0, -32.5],
							"uv": {
								"north": {"uv": [53, 0], "uv_size": [4, 6]},
								"west": {"uv": [56, 66], "uv_size": [2, 6]}
							}
						},
						{
							"origin": [-1.86841, 1.24341, -1.80928],
							"size": [3.73681, 6.47056, 0.28712],
							"pivot": [-0.37, 5.12115, 0.00418],
							"rotation": [-9, 0, 0],
							"uv": {
								"north": {"uv": [53, 16], "uv_size": [4, 6]}
							}
						},
						{
							"origin": [-4.35813, 1.66173, -1.95354],
							"size": [3.98101, 5.88966, 2.45162],
							"pivot": [-1.91914, 4.36515, -0.01695],
							"rotation": [-10, 0, 32.5],
							"uv": {
								"north": {"uv": [53, 23], "uv_size": [4, 6]},
								"east": {"uv": [5, 67], "uv_size": [2, 6]}
							}
						},
						{
							"origin": [-4.58013, 0.84773, -1.95354],
							"size": [4.20301, 5.14966, 2.45162],
							"pivot": [-1.91914, 3.55115, -0.01695],
							"rotation": [-10, 0, 32.5],
							"uv": {
								"north": {"uv": [27, 56], "uv_size": [4, 5]},
								"east": {"uv": [71, 40], "uv_size": [2, 5]}
							}
						},
						{
							"origin": [-1.86841, 0.42941, -1.80928],
							"size": [3.73681, 5.73056, 0.28712],
							"pivot": [-0.37, 4.30715, 0.00418],
							"rotation": [-9, 0, 0],
							"uv": {
								"north": {"uv": [39, 53], "uv_size": [4, 6]}
							}
						},
						{
							"origin": [0.37712, 0.84773, -1.95354],
							"size": [4.20301, 5.14966, 2.45162],
							"pivot": [1.91914, 3.55115, -0.01695],
							"rotation": [-10, 0, -32.5],
							"uv": {
								"north": {"uv": [58, 14], "uv_size": [4, 5]},
								"west": {"uv": [8, 72], "uv_size": [2, 5]}
							}
						},
						{
							"origin": [0.37712, 1.66173, -0.53198],
							"size": [3.96251, 5.88966, 2.45162],
							"pivot": [1.91914, 4.36515, -0.01695],
							"rotation": [10, 0, -32.5],
							"uv": {
								"south": {"uv": [0, 54], "uv_size": [4, 6]},
								"west": {"uv": [28, 67], "uv_size": [2, 6]}
							}
						},
						{
							"origin": [0.37712, 0.84773, -0.53198],
							"size": [4.18451, 5.14966, 2.45162],
							"pivot": [1.91914, 3.55115, -0.01695],
							"rotation": [10, 0, -32.5],
							"uv": {
								"south": {"uv": [58, 20], "uv_size": [4, 5]},
								"west": {"uv": [11, 72], "uv_size": [2, 5]}
							}
						},
						{
							"origin": [-1.86841, 1.24341, 1.48826],
							"size": [3.73681, 6.47056, 0.28712],
							"pivot": [-0.37, 5.12115, -0.03808],
							"rotation": [9, 0, 0],
							"uv": {
								"south": {"uv": [5, 54], "uv_size": [4, 6]}
							}
						},
						{
							"origin": [-1.86841, 0.42941, 1.48826],
							"size": [3.73681, 5.73056, 0.28712],
							"pivot": [-0.37, 4.30715, -0.03808],
							"rotation": [9, 0, 0],
							"uv": {
								"south": {"uv": [54, 7], "uv_size": [4, 6]}
							}
						},
						{
							"origin": [-4.33963, 1.66173, -0.53198],
							"size": [3.96251, 5.88966, 2.45162],
							"pivot": [-1.91914, 4.36515, -0.01695],
							"rotation": [10, 0, 32.5],
							"uv": {
								"east": {"uv": [39, 67], "uv_size": [2, 6]},
								"south": {"uv": [10, 54], "uv_size": [4, 6]}
							}
						},
						{
							"origin": [-4.56163, 0.84773, -0.53198],
							"size": [4.18451, 5.14966, 2.45162],
							"pivot": [-1.91914, 3.55115, -0.01695],
							"rotation": [10, 0, 32.5],
							"uv": {
								"east": {"uv": [72, 17], "uv_size": [2, 5]},
								"south": {"uv": [58, 26], "uv_size": [4, 5]}
							}
						}
					]
				},
				{
					"name": "LeftWaistLocator",
					"parent": "ALLUPBody",
					"pivot": [3, 7.65, 0],
					"rotation": [-10, 0, 0]
				},
				{
					"name": "RightWaistLocator",
					"parent": "ALLUPBody",
					"pivot": [-3, 7.65, 0],
					"rotation": [-25, 0, 0]
				},
				{
					"name": "BackpackLocator",
					"parent": "ALLUPBody",
					"pivot": [0, 10.15, 0]
				},
				{
					"name": "PistolLocator",
					"parent": "ALLUPBody",
					"pivot": [-3.5, 6.9, -1.25],
					"rotation": [-29.14314, 5.90316, 16.50371]
				},
				{
					"name": "RifleLocator",
					"parent": "ALLUPBody",
					"pivot": [0, 8.65, 1.5],
					"rotation": [0, 0, 30]
				},
				{
					"name": "DownBody",
					"parent": "AllBody",
					"pivot": [0, 4.8, 0]
				},
				{
					"name": "Leg",
					"parent": "DownBody",
					"pivot": [0, 4.8, 0]
				},
				{
					"name": "LeftLeg",
					"parent": "Leg",
					"pivot": [1.40624, 4.48548, 0.02509],
					"cubes": [
						{
							"origin": [0.20623, 1.44331, -1.17492],
							"size": [2.33687, 3.31717, 2.40003],
							"uv": {
								"north": {"uv": [80, 48], "uv_size": [2, 3]},
								"east": {"uv": [80, 52], "uv_size": [2, 3]},
								"south": {"uv": [80, 56], "uv_size": [2, 3]},
								"west": {"uv": [70, 80], "uv_size": [2, 3]},
								"up": {"uv": [84, 30], "uv_size": [2, 2]},
								"down": {"uv": [84, 35], "uv_size": [2, -2]}
							}
						},
						{
							"origin": [0.30623, 1.14331, -1.07492],
							"size": [2.13687, 1.61717, 2.20003],
							"uv": {
								"north": {"uv": [41, 84], "uv_size": [2, 2]},
								"east": {"uv": [44, 84], "uv_size": [2, 2]},
								"south": {"uv": [47, 84], "uv_size": [2, 2]},
								"west": {"uv": [50, 84], "uv_size": [2, 2]},
								"up": {"uv": [53, 84], "uv_size": [2, 2]},
								"down": {"uv": [68, 86], "uv_size": [2, -2]}
							}
						}
					]
				},
				{
					"name": "LeftFoot",
					"parent": "LeftLeg",
					"pivot": [1.35306, 1.41314, 0.02576],
					"cubes": [
						{
							"origin": [0.3384, 0.60118, -1.94073],
							"size": [1.95792, 0.63159, 0.94738],
							"pivot": [0.14307, 0.91698, -1.51832],
							"rotation": [10.00933, 2.462, 0.43439],
							"uv": {
								"north": {"uv": [43, 93], "uv_size": [2, 1]},
								"east": {"uv": [78, 97], "uv_size": [1, 1]},
								"south": {"uv": [46, 93], "uv_size": [2, 1]},
								"west": {"uv": [97, 78], "uv_size": [1, 1]},
								"up": {"uv": [93, 61], "uv_size": [2, 1]},
								"down": {"uv": [62, 94], "uv_size": [2, -1]}
							}
						},
						{
							"origin": [0.31676, -0.09356, -2.05915],
							"size": [1.97371, 0.69475, 1.01054],
							"pivot": [1.40624, 0.5696, -1.68019],
							"rotation": [0, 2.5, 0],
							"uv": {
								"north": {"uv": [65, 93], "uv_size": [2, 1]},
								"east": {"uv": [80, 97], "uv_size": [1, 1]},
								"south": {"uv": [68, 93], "uv_size": [2, 1]},
								"west": {"uv": [97, 80], "uv_size": [1, 1]},
								"up": {"uv": [76, 93], "uv_size": [2, 1]},
								"down": {"uv": [79, 94], "uv_size": [2, -1]}
							}
						},
						{
							"origin": [0.31514, 0.53802, -1.56298],
							"size": [2.02108, 0.82106, 0.56843],
							"pivot": [0.14307, 0.94856, -1.32902],
							"rotation": [17.51565, 2.38422, 0.7522],
							"uv": {
								"north": {"uv": [82, 93], "uv_size": [2, 1]},
								"east": {"uv": [82, 97], "uv_size": [1, 1]},
								"south": {"uv": [85, 93], "uv_size": [2, 1]},
								"west": {"uv": [97, 82], "uv_size": [1, 1]},
								"up": {"uv": [88, 93], "uv_size": [2, 1]},
								"down": {"uv": [91, 94], "uv_size": [2, -1]}
							}
						},
						{
							"origin": [0.15886, -0.09356, -1.25387],
							"size": [2.43161, 1.01054, 0.85264],
							"uv": {
								"north": {"uv": [6, 94], "uv_size": [2, 1]},
								"east": {"uv": [84, 97], "uv_size": [1, 1]},
								"south": {"uv": [94, 7], "uv_size": [2, 1]},
								"west": {"uv": [97, 84], "uv_size": [1, 1]},
								"up": {"uv": [94, 9], "uv_size": [2, 1]},
								"down": {"uv": [94, 12], "uv_size": [2, -1]}
							}
						},
						{
							"origin": [0.15886, -0.08528, 0.55735],
							"size": [2.43161, 1.29475, 0.85264],
							"uv": {
								"north": {"uv": [94, 13], "uv_size": [2, 1]},
								"east": {"uv": [86, 97], "uv_size": [1, 1]},
								"south": {"uv": [94, 15], "uv_size": [2, 1]},
								"west": {"uv": [97, 86], "uv_size": [1, 1]},
								"up": {"uv": [25, 94], "uv_size": [2, 1]},
								"down": {"uv": [28, 95], "uv_size": [2, -1]}
							}
						},
						{
							"origin": [0.17465, -0.08528, -0.01107],
							"size": [2.40003, 0.47369, 0.63159],
							"uv": {
								"north": {"uv": [94, 29], "uv_size": [2, 1]},
								"east": {"uv": [88, 97], "uv_size": [1, 1]},
								"south": {"uv": [94, 31], "uv_size": [2, 1]},
								"west": {"uv": [97, 88], "uv_size": [1, 1]},
								"up": {"uv": [33, 94], "uv_size": [2, 1]},
								"down": {"uv": [94, 47], "uv_size": [2, -1]}
							}
						},
						{
							"origin": [0.16675, -0.09356, -0.40123],
							"size": [2.41582, 1.01054, 1.26317],
							"pivot": [0.15096, -0.09356, -0.40123],
							"rotation": [15, 0, 0],
							"uv": {
								"north": {"uv": [94, 48], "uv_size": [2, 1]},
								"east": {"uv": [90, 97], "uv_size": [1, 1]},
								"south": {"uv": [94, 50], "uv_size": [2, 1]},
								"west": {"uv": [97, 90], "uv_size": [1, 1]},
								"up": {"uv": [94, 52], "uv_size": [2, 1]},
								"down": {"uv": [94, 55], "uv_size": [2, -1]}
							}
						},
						{
							"origin": [0.19044, 0.91698, -1.22229],
							"size": [2.36845, 0.53686, 2.49477],
							"uv": {
								"north": {"uv": [94, 56], "uv_size": [2, 1]},
								"east": {"uv": [57, 94], "uv_size": [2, 1]},
								"south": {"uv": [94, 58], "uv_size": [2, 1]},
								"west": {"uv": [94, 63], "uv_size": [2, 1]},
								"up": {"uv": [84, 70], "uv_size": [2, 2]},
								"down": {"uv": [71, 86], "uv_size": [2, -2]}
							}
						}
					]
				},
				{
					"name": "RightLeg",
					"parent": "Leg",
					"pivot": [-1.40624, 4.48548, 0.02509],
					"cubes": [
						{
							"origin": [-2.5431, 1.44331, -1.17492],
							"size": [2.33687, 3.31717, 2.40003],
							"uv": {
								"north": {"uv": [73, 80], "uv_size": [2, 3]},
								"east": {"uv": [76, 80], "uv_size": [2, 3]},
								"south": {"uv": [79, 80], "uv_size": [2, 3]},
								"west": {"uv": [6, 81], "uv_size": [2, 3]},
								"up": {"uv": [74, 84], "uv_size": [2, 2]},
								"down": {"uv": [84, 78], "uv_size": [2, -2]}
							}
						},
						{
							"origin": [-2.4431, 1.14331, -1.07492],
							"size": [2.13687, 1.61717, 2.20003],
							"uv": {
								"north": {"uv": [77, 84], "uv_size": [2, 2]},
								"east": {"uv": [0, 85], "uv_size": [2, 2]},
								"south": {"uv": [85, 0], "uv_size": [2, 2]},
								"west": {"uv": [85, 3], "uv_size": [2, 2]},
								"up": {"uv": [6, 85], "uv_size": [2, 2]},
								"down": {"uv": [85, 8], "uv_size": [2, -2]}
							}
						}
					]
				},
				{
					"name": "RightFoot",
					"parent": "RightLeg",
					"pivot": [-1.35306, 1.41314, 0.02576],
					"cubes": [
						{
							"origin": [-2.29632, 0.60118, -1.94073],
							"size": [1.95792, 0.63159, 0.94738],
							"pivot": [-0.14307, 0.91698, -1.51832],
							"rotation": [10.00933, -2.462, -0.43439],
							"uv": {
								"north": {"uv": [94, 65], "uv_size": [2, 1]},
								"east": {"uv": [92, 97], "uv_size": [1, 1]},
								"south": {"uv": [94, 67], "uv_size": [2, 1]},
								"west": {"uv": [97, 92], "uv_size": [1, 1]},
								"up": {"uv": [94, 69], "uv_size": [2, 1]},
								"down": {"uv": [71, 95], "uv_size": [2, -1]}
							}
						},
						{
							"origin": [-2.29046, -0.09356, -2.05915],
							"size": [1.97371, 0.69475, 1.01054],
							"pivot": [-1.40624, 0.5696, -1.68019],
							"rotation": [0, -2.5, 0],
							"uv": {
								"north": {"uv": [94, 75], "uv_size": [2, 1]},
								"east": {"uv": [94, 97], "uv_size": [1, 1]},
								"south": {"uv": [94, 77], "uv_size": [2, 1]},
								"west": {"uv": [96, 97], "uv_size": [1, 1]},
								"up": {"uv": [94, 79], "uv_size": [2, 1]},
								"down": {"uv": [94, 82], "uv_size": [2, -1]}
							}
						},
						{
							"origin": [-2.33622, 0.53802, -1.56298],
							"size": [2.02108, 0.82106, 0.56843],
							"pivot": [-0.14307, 0.94856, -1.32902],
							"rotation": [17.51565, -2.38422, -0.7522],
							"uv": {
								"north": {"uv": [94, 83], "uv_size": [2, 1]},
								"east": {"uv": [98, 0], "uv_size": [1, 1]},
								"south": {"uv": [94, 85], "uv_size": [2, 1]},
								"west": {"uv": [98, 2], "uv_size": [1, 1]},
								"up": {"uv": [94, 87], "uv_size": [2, 1]},
								"down": {"uv": [94, 90], "uv_size": [2, -1]}
							}
						},
						{
							"origin": [-2.59047, -0.09356, -1.25387],
							"size": [2.43161, 1.01054, 0.85264],
							"uv": {
								"north": {"uv": [94, 91], "uv_size": [2, 1]},
								"east": {"uv": [98, 4], "uv_size": [1, 1]},
								"south": {"uv": [94, 93], "uv_size": [2, 1]},
								"west": {"uv": [6, 98], "uv_size": [1, 1]},
								"up": {"uv": [0, 95], "uv_size": [2, 1]},
								"down": {"uv": [95, 1], "uv_size": [2, -1]}
							}
						},
						{
							"origin": [-2.59047, -0.08528, 0.55735],
							"size": [2.43161, 1.29475, 0.85264],
							"uv": {
								"north": {"uv": [95, 2], "uv_size": [2, 1]},
								"east": {"uv": [98, 16], "uv_size": [1, 1]},
								"south": {"uv": [3, 95], "uv_size": [2, 1]},
								"west": {"uv": [18, 98], "uv_size": [1, 1]},
								"up": {"uv": [95, 4], "uv_size": [2, 1]},
								"down": {"uv": [9, 96], "uv_size": [2, -1]}
							}
						},
						{
							"origin": [-2.57468, -0.08528, -0.01107],
							"size": [2.40003, 0.47369, 0.63159],
							"uv": {
								"north": {"uv": [12, 95], "uv_size": [2, 1]},
								"east": {"uv": [98, 18], "uv_size": [1, 1]},
								"south": {"uv": [15, 95], "uv_size": [2, 1]},
								"west": {"uv": [98, 20], "uv_size": [1, 1]},
								"up": {"uv": [95, 17], "uv_size": [2, 1]},
								"down": {"uv": [21, 96], "uv_size": [2, -1]}
							}
						},
						{
							"origin": [-2.58257, -0.09356, -0.40123],
							"size": [2.41582, 1.01054, 1.26317],
							"pivot": [-0.15096, -0.09356, -0.40123],
							"rotation": [15, 0, 0],
							"uv": {
								"north": {"uv": [95, 26], "uv_size": [2, 1]},
								"east": {"uv": [98, 22], "uv_size": [1, 1]},
								"south": {"uv": [36, 95], "uv_size": [2, 1]},
								"west": {"uv": [24, 98], "uv_size": [1, 1]},
								"up": {"uv": [95, 36], "uv_size": [2, 1]},
								"down": {"uv": [95, 39], "uv_size": [2, -1]}
							}
						},
						{
							"origin": [-2.55889, 0.91698, -1.22229],
							"size": [2.36845, 0.53686, 2.49477],
							"uv": {
								"north": {"uv": [39, 95], "uv_size": [2, 1]},
								"east": {"uv": [42, 95], "uv_size": [2, 1]},
								"south": {"uv": [95, 43], "uv_size": [2, 1]},
								"west": {"uv": [45, 95], "uv_size": [2, 1]},
								"up": {"uv": [24, 85], "uv_size": [2, 2]},
								"down": {"uv": [27, 87], "uv_size": [2, -2]}
							}
						}
					]
				}
			]
		}
	]
}