{
  "materials": [
    {
      "item": {
        "tag": "forge:ingots/iron"
      },
      "count": 150
    },
    {
      "item": {
        "tag": "forge:ingots/gold"
      },
      "count": 10
    },
    {
      "item": {
        "tag": "forge:gems/quartz"
      },
      "count": 14
    },
    {
      "item": {
        "tag": "forge:gems/diamond"
      },
      "count": 3
    },
    {
      "item": {
        "tag": "forge:rods/blaze"
      },
      "count": 1
    }
  ],
  "result": {
    "type": "gun",
    "id": "oldgun:mg34"
  },
  "type": "tacz:gun_smith_table_crafting"
}