{
	"format_version": "1.10.0",
	"geometry.model": {
		"texturewidth": 128,
		"textureheight": 128,
		"visible_bounds_width": 3,
		"visible_bounds_height": 3,
		"visible_bounds_offset": [0, 1.5, 0],
		"bones": [
			{
				"name": "head",
				"pivot": [0, 18, 0],
				"cubes": [
					{"origin": [-4, 18, -3], "size": [8, 7.65, 7], "uv": [1, 44]}
				]
			},
			{
				"name": "blink",
				"parent": "head",
				"pivot": [0, 18, 0]
			},
			{
				"name": "bone37",
				"parent": "head",
				"pivot": [-0.2, 13.1, 0]
			},
			{
				"name": "bone36",
				"parent": "bone37",
				"pivot": [-1.2, 14.849, 0],
				"rotation": [0, 0, -15],
				"cubes": [
					{"origin": [0.05, 16.399, -4.5], "size": [5.75, 2.2, 9], "uv": [83, 111], "inflate": -0.4},
					{"origin": [0.05, 17.299, -4.5], "size": [5.75, 1.5, 9], "uv": [79, 100], "inflate": -0.3}
				]
			},
			{
				"name": "bone35",
				"parent": "bone37",
				"pivot": [0.8, 14.849, 0],
				"rotation": [0, 0, 15],
				"cubes": [
					{"origin": [-5.59779, 16.61819, -4.5], "size": [5.75, 2.2, 9], "uv": [81, 103], "inflate": -0.4},
					{"origin": [-5.8, 17.299, -4.5], "size": [4.75, 1.5, 9], "uv": [90, 117], "inflate": -0.3}
				]
			},
			{
				"name": "bone2",
				"parent": "bone37",
				"pivot": [-0.2, 30.5, 0]
			},
			{
				"name": "bone3",
				"parent": "bone2",
				"pivot": [-1.2, 28.751, 0],
				"rotation": [0, 0, 15],
				"cubes": [
					{"origin": [0.05, 25.001, -4.8], "size": [5.2, 2.6, 9.6], "uv": [86, 104], "inflate": -0.4},
					{"origin": [0.05, 24.801, -4.8], "size": [5.45, 1.75, 9.6], "uv": [79, 105], "inflate": -0.3}
				]
			},
			{
				"name": "bone5",
				"parent": "bone3",
				"pivot": [5.7, 29.551, 0],
				"rotation": [0, 0, 69.5],
				"cubes": [
					{"origin": [8.15, 26.301, -4.5], "size": [6, 2, 9.3], "uv": [79, 106], "inflate": -0.4},
					{"origin": [6.95, 25.901, -4.6], "size": [7.2, 1.05, 9.4], "uv": [81, 106], "inflate": -0.3}
				]
			},
			{
				"name": "bone4",
				"parent": "bone2",
				"pivot": [0.8, 28.751, 0],
				"rotation": [0, 0, -15],
				"cubes": [
					{"origin": [-5.24779, 24.78181, -4.8], "size": [5.4, 2.7, 9.6], "uv": [83, 101], "inflate": -0.4},
					{"origin": [-5.5, 24.801, -4.8], "size": [4.45, 1.75, 9.6], "uv": [87, 112], "inflate": -0.3}
				]
			},
			{
				"name": "bone6",
				"parent": "bone4",
				"pivot": [-5.7, 29.551, 0],
				"rotation": [0, 0, -69.5],
				"cubes": [
					{"origin": [-14.15, 26.201, -4.5], "size": [5.6, 2.1, 9.3], "uv": [77, 105], "inflate": -0.4, "mirror": true},
					{"origin": [-14.15, 26.151, -4.6], "size": [6.8, 0.95, 9.4], "uv": [80, 106], "inflate": -0.3, "mirror": true}
				]
			},
			{
				"name": "bone",
				"parent": "head",
				"pivot": [0, 22, 0],
				"cubes": [
					{"origin": [-3.75, 18.75, 2], "size": [7.5, 6.5, 3], "uv": [88, 112]},
					{"origin": [-3, 19.25, 2], "size": [6, 6.5, 3], "uv": [89, 112]},
					{"origin": [-2.5, 19.25, 2], "size": [5, 6.8, 3], "uv": [90, 112]}
				]
			},
			{
				"name": "bone7",
				"parent": "bone",
				"pivot": [0, 22, 0],
				"cubes": [
					{"origin": [-2.75, 19.25, 2], "size": [5.5, 5.25, 4], "uv": [88, 111]},
					{"origin": [-2, 20, 5.7], "size": [4, 3.5, 0.75], "uv": [94, 115]},
					{"origin": [-1.25, 20.25, 5.7], "size": [2.5, 2.5, 1.25], "uv": [96, 115]},
					{"origin": [-2.25, 19.5, 2], "size": [4.5, 5.75, 3.5], "uv": [91, 113]},
					{"origin": [-3.35, 19.75, 2], "size": [6.7, 4.25, 3.75], "uv": [90, 112]}
				]
			},
			{
				"name": "bone8",
				"parent": "bone7",
				"pivot": [0, 22, 1.25]
			},
			{
				"name": "armRight",
				"pivot": [-3, 17.5, 0],
				"rotation": [0, 0, 25],
				"cubes": [
					{"origin": [-4.7, 10.2, -1.5], "size": [2.7, 7.3, 2.5], "uv": [86, 108]},
					{"origin": [-4.5, 9, -1.3], "size": [2.3, 8, 1.8], "uv": [122, 119]}
				]
			},
			{
				"name": "armLeft",
				"pivot": [3, 17.5, 0],
				"rotation": [0, 0, -25],
				"cubes": [
					{"origin": [2, 10.2, -1.5], "size": [2.7, 7.3, 2.5], "uv": [85, 108]},
					{"origin": [2.2, 9, -1.3], "size": [2.3, 8, 1.8], "uv": [122, 119]}
				]
			},
			{
				"name": "body",
				"pivot": [0, 10.5, 0],
				"cubes": [
					{"origin": [-3.4, 13, -3], "size": [6.8, 5, 6], "uv": [56, 103]},
					{"origin": [-3.4, 11, -3], "size": [6.8, 2, 6], "uv": [54, 104]},
					{"origin": [-3.7, 8, -2.8], "size": [7.4, 3, 5.4], "uv": [3, 118]}
				]
			},
			{
				"name": "legLeft",
				"pivot": [2, 9, 0],
				"cubes": [
					{"origin": [0.5, 0, -1.75], "size": [2.95, 9, 3.5], "uv": [35, 115]},
					{"origin": [0.25, 2, -2.2], "size": [3.35, 8, 4.2], "uv": [0, 116]}
				]
			},
			{
				"name": "legRight",
				"pivot": [-2, 9, 0],
				"cubes": [
					{"origin": [-3.45, 0, -1.75], "size": [2.95, 9, 3.5], "uv": [36, 116]},
					{"origin": [-3.6, 2, -2.2], "size": [3.35, 8, 4.2], "uv": [4, 116]}
				]
			},
			{
				"name": "cape",
				"pivot": [0, 0, 0],
				"cubes": [
					{"origin": [-4, 18, -3.4], "size": [8, 1, 7.4], "uv": [73, 35], "inflate": 0.25}
				]
			},
			{
				"name": "cape2",
				"parent": "cape",
				"pivot": [0, 19, -3],
				"rotation": [5, 0, 0],
				"cubes": [
					{"origin": [-5.5, 17, -3], "size": [11, 2, 7], "uv": [60, 69], "inflate": 0.01}
				]
			},
			{
				"name": "cape3",
				"parent": "cape2",
				"pivot": [0, 17, -2],
				"rotation": [5, 0, 0],
				"cubes": [
					{"origin": [-6.5, 15, -2], "size": [13, 2, 6], "uv": [0, 64], "inflate": 0.01}
				]
			},
			{
				"name": "cape4",
				"parent": "cape3",
				"pivot": [0, 15, -1],
				"rotation": [5, 0, 0],
				"cubes": [
					{"origin": [-7.5, 13, -1], "size": [15, 2, 5], "uv": [27, 57], "inflate": 0.01}
				]
			},
			{
				"name": "cape5",
				"parent": "cape4",
				"pivot": [0, 13, -1],
				"rotation": [5, 0, 0],
				"cubes": [
					{"origin": [-8.5, 7, -2], "size": [17, 6, 6], "uv": [36, 22], "inflate": 0.01}
				]
			},
			{
				"name": "cape6",
				"parent": "cape5",
				"pivot": [0, 7.5, -0.9],
				"rotation": [-4, 0, 0],
				"cubes": [
					{"origin": [-8.5, 3.5, -1.9], "size": [17, 4, 6], "uv": [0, 86], "inflate": 0.01}
				]
			},
			{
				"name": "cape11",
				"parent": "cape5",
				"pivot": [0, 7.5, -0.9],
				"rotation": [-4, 0, 0],
				"cubes": [
					{"origin": [-8.5, 3.5, -1.9], "size": [17, 4, 6], "uv": [0, 86], "inflate": 0.01}
				]
			},
			{
				"name": "capeInside",
				"pivot": [0, 0, 0]
			},
			{
				"name": "cape7",
				"parent": "capeInside",
				"pivot": [0, 19, -3],
				"rotation": [5, 0, 0],
				"cubes": [
					{"origin": [-5.5, 17, -3], "size": [11, 2, 7], "uv": [31, 65], "inflate": 0.005}
				]
			},
			{
				"name": "cape8",
				"parent": "cape7",
				"pivot": [0, 17, -2],
				"rotation": [5, 0, 0],
				"cubes": [
					{"origin": [-6.5, 15, -2], "size": [13, 2, 6], "uv": [61, 61], "inflate": 0.005}
				]
			},
			{
				"name": "cape9",
				"parent": "cape8",
				"pivot": [0, 15, -1],
				"rotation": [5, 0, 0],
				"cubes": [
					{"origin": [-7.5, 13, -1], "size": [15, 2, 5], "uv": [48, 12], "inflate": 0.005}
				]
			},
			{
				"name": "cape10",
				"parent": "cape9",
				"pivot": [0, 13, -1],
				"rotation": [5, 0, 0],
				"cubes": [
					{"origin": [-8.5, 7, -2], "size": [17, 6, 6], "uv": [36, 0], "inflate": 0.005}
				]
			},
			{
				"name": "cape12",
				"parent": "cape10",
				"pivot": [0, 7.5, -0.9],
				"rotation": [-4, 0, 0],
				"cubes": [
					{"origin": [-8.3, 3.5, -1.9], "size": [16.7, 4, 5.9], "uv": [38, 1], "inflate": 0.01}
				]
			},
			{
				"name": "decoration",
				"pivot": [0, 5.05235, 3.25]
			},
			{
				"name": "bone9",
				"parent": "decoration",
				"pivot": [0, 18.05235, 3.25],
				"rotation": [0, 0, 53],
				"cubes": [
					{"origin": [-1.1002, 14.15487, -3.25], "size": [1, 3, 1], "uv": [49, 37]},
					{"origin": [-0.1002, 14.15487, -3.25], "size": [1, 1, 1], "uv": [49, 37]}
				]
			},
			{
				"name": "bone10",
				"parent": "decoration",
				"pivot": [0, 18.05235, 3.25],
				"rotation": [0, 0, -53],
				"cubes": [
					{"origin": [0.1002, 14.15487, -3.25], "size": [1, 3, 1], "uv": [49, 37]},
					{"origin": [-0.8998, 14.15487, -3.25], "size": [1, 1, 1], "uv": [49, 37]}
				]
			},
			{
				"name": "bone11",
				"parent": "decoration",
				"pivot": [0, 18.05235, 3.25],
				"rotation": [0, 0, 40],
				"cubes": [
					{"origin": [0, 14.05235, -3.25], "size": [1, 4, 1], "uv": [49, 37]}
				]
			},
			{
				"name": "bone12",
				"parent": "decoration",
				"pivot": [0, 18.05235, 3.25],
				"rotation": [0, 0, -40],
				"cubes": [
					{"origin": [-1, 14.05235, -3.25], "size": [1, 4, 1], "uv": [49, 37]}
				]
			},
			{
				"name": "bone13",
				"parent": "decoration",
				"pivot": [0, 18.05235, 3.25],
				"rotation": [0, 0, 5],
				"cubes": [
					{"origin": [-1, 13.05235, -3.25], "size": [1, 5, 1], "uv": [49, 37]}
				]
			},
			{
				"name": "bone14",
				"parent": "decoration",
				"pivot": [0, 18.05235, 3.25],
				"rotation": [0, 0, -5],
				"cubes": [
					{"origin": [0, 13.05235, -3.25], "size": [1, 5, 1], "uv": [49, 38]}
				]
			}
		]
	}
}