{
	"format_version": "1.10.0",
	"geometry.model": {
		"texturewidth": 128,
		"textureheight": 128,
		"visible_bounds_width": 4,
		"visible_bounds_height": 3,
		"visible_bounds_offset": [0, 1.5, 0],
		"bones": [
			{
				"name": "head",
				"pivot": [0, 18, 0],
				"cubes": [
					{"origin": [-4, 18, -4], "size": [8, 8, 8], "uv": [0, 25]},
					{"origin": [-4, 17, -4], "size": [8, 1, 8], "uv": [96, 60]}
				]
			},
			{
				"name": "hair",
				"parent": "head",
				"pivot": [0, 18, 4],
				"rotation": [15, 0, 0]
			},
			{
				"name": "hat",
				"parent": "head",
				"pivot": [0, 18, 0],
				"cubes": [
					{"origin": [-4.5, 23.5, -4.6], "size": [9, 3, 9.1], "uv": [32, 25]},
					{"origin": [-5.5, 23, -5.7], "size": [11, 1, 11.2], "uv": [82, 0]}
				]
			},
			{
				"name": "hat2",
				"parent": "hat",
				"pivot": [-1, 24.6, -5],
				"rotation": [0, 0, 18],
				"cubes": [
					{"origin": [-2.5, 23.5, -5.6], "size": [3, 1.4, 1.1], "uv": [22, 102]}
				]
			},
			{
				"name": "hat3",
				"parent": "hat",
				"pivot": [1, 24.6, -5],
				"rotation": [0, 0, -18],
				"cubes": [
					{"origin": [-0.5, 23.5, -5.6], "size": [3, 1.4, 1.1], "uv": [22, 102], "mirror": true}
				]
			},
			{
				"name": "ribbon",
				"parent": "hat",
				"pivot": [0, 18, 0]
			},
			{
				"name": "bone2",
				"parent": "hat",
				"pivot": [0, 24, -5],
				"rotation": [0, -37.5, -20],
				"cubes": [
					{"origin": [-1, 24.3, -5], "size": [1, 3.7, 0], "uv": [18, 105], "inflate": 0.01}
				]
			},
			{
				"name": "bone5",
				"parent": "bone2",
				"pivot": [0, 24, -5],
				"rotation": [-45, 0, 0],
				"cubes": [
					{"origin": [-1, 26.82843, -7.82843], "size": [1, 4, 0], "uv": [24, 101], "inflate": 0.01}
				]
			},
			{
				"name": "bone7",
				"parent": "bone2",
				"pivot": [0, 24, -5],
				"rotation": [-90, 0, 0],
				"cubes": [
					{"origin": [-1, 26.82843, -11.82943], "size": [1, 4, 0], "uv": [20, 101], "inflate": 0.01}
				]
			},
			{
				"name": "bone8",
				"parent": "bone2",
				"pivot": [-0.25, 30.75, 1.75],
				"rotation": [-107.5, 0, 0],
				"cubes": [
					{"origin": [-1, 30.82843, 1.67057], "size": [1, 4, 0], "uv": [20, 101], "inflate": 0.01}
				]
			},
			{
				"name": "bone3",
				"parent": "hat",
				"pivot": [0, 24, -5],
				"rotation": [0, 40, 20],
				"cubes": [
					{"origin": [0, 24.3, -5], "size": [1, 3.7, 0], "uv": [12, 105], "inflate": 0.01}
				]
			},
			{
				"name": "bone4",
				"parent": "bone3",
				"pivot": [0, 24, -5],
				"rotation": [-45, 0, 0],
				"cubes": [
					{"origin": [0, 26.82843, -7.82843], "size": [1, 4, 0], "uv": [26, 101], "inflate": 0.01}
				]
			},
			{
				"name": "bone6",
				"parent": "bone3",
				"pivot": [0, 24, -5],
				"rotation": [-90, 0, 0],
				"cubes": [
					{"origin": [0, 26.82843, -11.82943], "size": [1, 4, 0], "uv": [22, 101], "inflate": 0.01}
				]
			},
			{
				"name": "bone9",
				"parent": "bone3",
				"pivot": [0.25, 30.75, 1.75],
				"rotation": [-107.5, 0, 0],
				"cubes": [
					{"origin": [0, 30.82843, 1.67057], "size": [1, 4, 0], "uv": [20, 101], "inflate": 0.01, "mirror": true}
				]
			},
			{
				"name": "blink",
				"parent": "head",
				"pivot": [0, 18, 0],
				"cubes": [
					{"origin": [-4, 18, -4.01], "size": [8, 8, 0], "uv": [24, 25]}
				]
			},
			{
				"name": "armLeft",
				"pivot": [3, 17.5, 0],
				"rotation": [0, 0, -25],
				"cubes": [
					{"origin": [3, 9.5, -1], "size": [2, 7.9, 2], "uv": [120, 87]},
					{"origin": [2.8, 14.5, -1.2], "size": [2.4, 3, 2.4], "uv": [69, 99], "mirror": true}
				]
			},
			{
				"name": "armRight",
				"pivot": [-3, 17.5, 0],
				"rotation": [0, 0, 25],
				"cubes": [
					{"origin": [-5, 9.5, -1], "size": [2, 7.9, 2], "uv": [120, 87]},
					{"origin": [-5.2, 14.5, -1.2], "size": [2.4, 3, 2.4], "uv": [69, 99]}
				]
			},
			{
				"name": "legLeft",
				"pivot": [2, 9, 0],
				"cubes": [
					{"origin": [0.5, 0, -1.5], "size": [3, 8.9, 3], "uv": [116, 116]}
				]
			},
			{
				"name": "legRight",
				"pivot": [-2, 9, 0],
				"cubes": [
					{"origin": [-3.5, 0, -1.5], "size": [3, 8.9, 3], "uv": [116, 116]}
				]
			},
			{
				"name": "body",
				"pivot": [0, 10.5, 0],
				"cubes": [
					{"origin": [-2.75, 10.999, -2.25], "size": [5.5, 7, 4.5], "uv": [110, 86]},
					{"origin": [-3, 12.499, -3], "size": [6, 5.5, 6], "uv": [51, 101]},
					{"origin": [-3.5, 7.899, -2.25], "size": [7, 3.1, 4.5], "uv": [106, 119], "inflate": -0.01},
					{"origin": [-3.4, 10.899, -2.35], "size": [6.8, 1.1, 4.7], "uv": [107, 119], "inflate": -0.01}
				]
			},
			{
				"name": "bone29",
				"parent": "body",
				"pivot": [0, 15.5, -3],
				"rotation": [-3, 0, 0]
			},
			{
				"name": "bone30",
				"parent": "bone29",
				"pivot": [0, 17, -3],
				"rotation": [0, 0, 45],
				"cubes": [
					{"origin": [-2.75, 15.75, -3.25], "size": [3, 1, 1], "uv": [82, 126]},
					{"origin": [0.25, 16.75, -3.25], "size": [1, 3, 1], "uv": [85, 122]}
				]
			},
			{
				"name": "bone31",
				"parent": "bone29",
				"pivot": [0, 15.5, -3],
				"rotation": [0, 0, -15]
			},
			{
				"name": "bone32",
				"parent": "bone29",
				"pivot": [0, 15.5, -3],
				"rotation": [0, 0, 15]
			},
			{
				"name": "bone27",
				"parent": "bone29",
				"pivot": [0, 17, -3],
				"rotation": [0, 0, 38],
				"cubes": [
					{"origin": [-3, 16, -3.5], "size": [3, 1, 1], "uv": [84, 125], "mirror": true}
				]
			},
			{
				"name": "bone28",
				"parent": "bone29",
				"pivot": [0, 17, -3],
				"rotation": [0, 0, -38],
				"cubes": [
					{"origin": [0, 16, -3.5], "size": [3, 1, 1], "uv": [80, 123]}
				]
			},
			{
				"name": "sittingRotationSkirt",
				"parent": "body",
				"pivot": [0, 10.5, 0]
			}
		]
	}
}