{
	"format_version": "1.10.0",
	"geometry.model": {
		"texturewidth": 128,
		"textureheight": 128,
		"visible_bounds_width": 3,
		"visible_bounds_height": 3,
		"visible_bounds_offset": [0, 1.5, 0],
		"bones": [
			{
				"name": "head",
				"pivot": [0, 18, 0],
				"cubes": [
					{"origin": [-4, 18, -4], "size": [8, 8, 8], "uv": [46, 19]}
				]
			},
			{
				"name": "blink",
				"parent": "head",
				"pivot": [0, 0, 0],
				"cubes": [
					{"origin": [-4, 18, -4.001], "size": [8, 8, 0], "uv": [20, 54]}
				]
			},
			{
				"name": "hair",
				"parent": "head",
				"pivot": [0, 18, 0]
			},
			{
				"name": "bone32",
				"parent": "hair",
				"pivot": [0, 18, -4],
				"rotation": [-5, 0, 0],
				"cubes": [
					{"origin": [-4, 13, -4], "size": [1, 5, 0], "uv": [2, 54]},
					{"origin": [3, 13, -4], "size": [1, 5, 0], "uv": [0, 54]}
				]
			},
			{
				"name": "bone45",
				"parent": "hair",
				"pivot": [-4, 18, 0],
				"rotation": [0, 0, 2.5],
				"cubes": [
					{"origin": [-4, 10, 3], "size": [0, 8, 1], "uv": [38, 53]}
				]
			},
			{
				"name": "bone90",
				"parent": "hair",
				"pivot": [-4, 18, 0],
				"rotation": [0, 0, 5],
				"cubes": [
					{"origin": [-4, 10, 2], "size": [0, 8, 1], "uv": [36, 53]}
				]
			},
			{
				"name": "bone103",
				"parent": "hair",
				"pivot": [4, 18, 0],
				"rotation": [0, 0, -5],
				"cubes": [
					{"origin": [4, 10, 2], "size": [0, 8, 1], "uv": [44, 26]}
				]
			},
			{
				"name": "bone147",
				"parent": "hair",
				"pivot": [4, 18, 0],
				"rotation": [0, 0, -2.5],
				"cubes": [
					{"origin": [4, 10, 3], "size": [0, 8, 1], "uv": [42, 26]}
				]
			},
			{
				"name": "bone150",
				"parent": "hair",
				"pivot": [0, 18, 4],
				"rotation": [4.5, 0, 0],
				"cubes": [
					{"origin": [3, 10, 4], "size": [1, 8, 0], "uv": [74, 5]},
					{"origin": [1, 10, 4], "size": [1, 8, 0], "uv": [40, 72]},
					{"origin": [-4, 10, 4], "size": [1, 8, 0], "uv": [40, 54]}
				]
			},
			{
				"name": "bone163",
				"parent": "hair",
				"pivot": [0, 18, 4],
				"rotation": [9, 0, 0],
				"cubes": [
					{"origin": [2, 10, 4], "size": [1, 8, 0], "uv": [42, 72]},
					{"origin": [0, 10, 4], "size": [1, 8, 0], "uv": [38, 72]},
					{"origin": [-2, 10, 4], "size": [1, 8, 0], "uv": [10, 71]}
				]
			},
			{
				"name": "bone164",
				"parent": "hair",
				"pivot": [0, 18, 4],
				"rotation": [7.5, 0, 0],
				"cubes": [
					{"origin": [-1, 10, 4], "size": [1, 8, 0], "uv": [12, 71]},
					{"origin": [-3, 10, 4], "size": [1, 8, 0], "uv": [8, 71]}
				]
			},
			{
				"name": "armRight",
				"pivot": [-2.2, 17.7, 0],
				"rotation": [0, 0, 25],
				"cubes": [
					{"origin": [-4.2, 8.7, -1], "size": [2, 8, 2], "uv": [83, 0]},
					{"origin": [-4.7, 14.8, -1.5], "size": [3, 1.1, 3], "uv": [120, 0]},
					{"origin": [-4.6, 15.9, -1.4], "size": [2.8, 1.6, 2.8], "uv": [120, 1]},
					{"origin": [-4.3, 9.9, -1.1], "size": [2.2, 1.3, 2.2], "uv": [120, 1]},
					{"origin": [-4.4, 14.1, -1.2], "size": [2.4, 1.1, 2.4], "uv": [83, 42]}
				]
			},
			{
				"name": "armRight2",
				"parent": "armRight",
				"pivot": [-4.2, 14.4, -1],
				"rotation": [4, 0, 6],
				"cubes": [
					{"origin": [-4.4, 12.3, -0.9], "size": [0.3, 2.3, 0.6], "uv": [87, 44]}
				]
			},
			{
				"name": "armRight4",
				"parent": "armRight2",
				"pivot": [-4.5, 14.5, -0.7],
				"rotation": [15, 0, 5],
				"cubes": [
					{"origin": [-4.9, 14.1, -1.1], "size": [0.6, 0.7, 0.7], "uv": [87, 44]}
				]
			},
			{
				"name": "armRight3",
				"parent": "armRight",
				"pivot": [-2.9, 14.4, -0.9],
				"rotation": [-135.66627, -81.42436, 131.01201],
				"cubes": [
					{"origin": [-3.1, 12.3, -0.2], "size": [0.3, 2.3, 0.6], "uv": [87, 44]}
				]
			},
			{
				"name": "armRight5",
				"parent": "armRight3",
				"pivot": [-3.3, 14.6, 0.1],
				"rotation": [-13.01963, -0.77613, 7.89795],
				"cubes": [
					{"origin": [-3.7, 14.2, -0.1], "size": [0.6, 0.7, 0.7], "uv": [87, 44]}
				]
			},
			{
				"name": "armLeft",
				"pivot": [2.2, 17.7, 0],
				"rotation": [0, 0, -25],
				"cubes": [
					{"origin": [2.2, 8.7, -1], "size": [2, 8, 2], "uv": [83, 0], "mirror": true},
					{"origin": [1.7, 14.8, -1.5], "size": [3, 1.1, 3], "uv": [120, 0], "mirror": true},
					{"origin": [1.8, 15.9, -1.4], "size": [2.8, 1.6, 2.8], "uv": [120, 1], "mirror": true},
					{"origin": [2.1, 9.9, -1.1], "size": [2.2, 1.3, 2.2], "uv": [120, 1], "mirror": true},
					{"origin": [2, 14.1, -1.2], "size": [2.4, 1.1, 2.4], "uv": [83, 42], "mirror": true}
				]
			},
			{
				"name": "armLeft2",
				"parent": "armLeft",
				"pivot": [4.2, 14.4, -1],
				"rotation": [4, 0, -6],
				"cubes": [
					{"origin": [4.1, 12.3, -0.9], "size": [0.3, 2.3, 0.6], "uv": [87, 44], "mirror": true}
				]
			},
			{
				"name": "armLeft4",
				"parent": "armLeft2",
				"pivot": [4.5, 14.5, -0.7],
				"rotation": [15, 0, -5],
				"cubes": [
					{"origin": [4.3, 14.1, -1.1], "size": [0.6, 0.7, 0.7], "uv": [87, 44], "mirror": true}
				]
			},
			{
				"name": "armLeft3",
				"parent": "armLeft",
				"pivot": [2.9, 14.4, -0.9],
				"rotation": [-135.66627, 81.42436, -131.01201],
				"cubes": [
					{"origin": [2.8, 12.3, -0.2], "size": [0.3, 2.3, 0.6], "uv": [87, 44], "mirror": true}
				]
			},
			{
				"name": "armLeft5",
				"parent": "armLeft3",
				"pivot": [3.3, 14.6, 0.1],
				"rotation": [-13.01963, 0.77613, -7.89795],
				"cubes": [
					{"origin": [3.1, 14.2, -0.1], "size": [0.6, 0.7, 0.7], "uv": [87, 44], "mirror": true}
				]
			},
			{
				"name": "body",
				"pivot": [0, 10.5, 0],
				"cubes": [
					{"origin": [-2.5, 13.1, -2.5], "size": [5, 4.9, 5], "uv": [108, 32]},
					{"origin": [-4, 8, -2], "size": [8, 2.9, 4], "uv": [104, 122], "inflate": -0.4}
				]
			},
			{
				"name": "string",
				"parent": "body",
				"pivot": [0, 0, 0],
				"cubes": [
					{"origin": [-2.7, 13, -2.7], "size": [5.4, 1, 5.4], "uv": [108, 0]}
				]
			},
			{
				"name": "body15",
				"parent": "string",
				"pivot": [2.2, 13.5, -2.3],
				"rotation": [-20.05341, 27.4087, -19.51317],
				"cubes": [
					{"origin": [1.7, 11.6, -3.2], "size": [1, 2.4, 1.1], "uv": [124, 6]}
				]
			},
			{
				"name": "body16",
				"parent": "string",
				"pivot": [2.6, 13.5, -2.2],
				"rotation": [176.88356, 31.9153, 149.78466],
				"cubes": [
					{"origin": [2, 11.6, -2.9], "size": [1, 2.4, 1.1], "uv": [120, 6]}
				]
			},
			{
				"name": "lingdang",
				"parent": "body",
				"pivot": [0, 16.1, -2.7],
				"rotation": [-12.19872, 11.93126, 43.72048],
				"cubes": [
					{"origin": [-0.85, 15.16311, -3.61229], "size": [1.75, 1.75, 1.5], "uv": [119, 91]}
				]
			},
			{
				"name": "body14",
				"parent": "lingdang",
				"pivot": [0.7, 15.61311, -3.61229],
				"rotation": [0, 0, 45],
				"cubes": [
					{"origin": [-0.2, 15.35, -3.6126], "size": [1.25, 0.175, 0], "uv": [127, 94]}
				]
			},
			{
				"name": "body13",
				"parent": "lingdang",
				"pivot": [0, 16.01311, -4.91229],
				"cubes": [
					{"origin": [-0.25, 15.66311, -3.6125], "size": [0.65, 0.65, 1.5], "uv": [126, 95]},
					{"origin": [0.75, 15.16311, -3.6124], "size": [0.15, 0.15, 0], "uv": [129, 94]}
				]
			},
			{
				"name": "body2",
				"parent": "body",
				"pivot": [0, 17.9, -2.5],
				"rotation": [0, 0, 15],
				"cubes": [
					{"origin": [-1.6, 15.1, -2.599], "size": [2.2, 2.8, 0.2], "uv": [84, 42]}
				]
			},
			{
				"name": "body3",
				"parent": "body",
				"pivot": [0.4, 17.9, -2.5],
				"rotation": [0, 0, -15],
				"cubes": [
					{"origin": [-0.6, 15.2, -2.6], "size": [2.2, 2.8, 0.2], "uv": [83, 42], "mirror": true}
				]
			},
			{
				"name": "body4",
				"parent": "body",
				"pivot": [1.4, 17.9, -2.6],
				"rotation": [-9.76758, -2.15393, -12.31594],
				"cubes": [
					{"origin": [0.5, 16.7, -2.7], "size": [2.4, 1.6, 0.2], "uv": [84, 41], "mirror": true},
					{"origin": [0.3, 16.5, -2.69], "size": [2.5, 1.79, 0.2], "uv": [87, 45], "mirror": true}
				]
			},
			{
				"name": "body10",
				"parent": "body",
				"pivot": [1.4, 17.9, 2.6],
				"rotation": [9.76758, 2.15393, -12.31594],
				"cubes": [
					{"origin": [0.4, 16.7, 2.5], "size": [2.4, 1.6, 0.2], "uv": [83, 41], "mirror": true},
					{"origin": [0.5, 16.5, 2.49], "size": [2.2, 1.79, 0.2], "uv": [87, 45], "mirror": true}
				]
			},
			{
				"name": "body11",
				"parent": "body",
				"pivot": [-1.4, 17.9, 2.6],
				"rotation": [9.76758, -2.15393, 12.31594],
				"cubes": [
					{"origin": [-2.8, 16.7, 2.5], "size": [2.4, 1.6, 0.2], "uv": [84, 41]},
					{"origin": [-2.7, 16.5, 2.49], "size": [2.2, 1.79, 0.2], "uv": [87, 45]}
				]
			},
			{
				"name": "body12",
				"parent": "body",
				"pivot": [0.1, 17.7, 2.7],
				"rotation": [11, 0, 0],
				"cubes": [
					{"origin": [-0.9, 16.54, 2.54], "size": [1.7, 1.6, 0.2], "uv": [86, 41]},
					{"origin": [-0.9, 16.35, 2.6], "size": [1.8, 1.69, 0.1], "uv": [90, 46]}
				]
			},
			{
				"name": "body6",
				"parent": "body",
				"pivot": [2.7, 18.2, -2.5],
				"rotation": [-89.99999, -81, 77.49999],
				"cubes": [
					{"origin": [2.6, 17, -2.6], "size": [2.9, 1.6, 0.2], "uv": [85, 41], "mirror": true},
					{"origin": [2.6, 16.8, -2.59], "size": [2.9, 1.69, 0.2], "uv": [88, 45], "mirror": true}
				]
			},
			{
				"name": "body7",
				"parent": "body",
				"pivot": [-2.7, 18.2, -2.5],
				"rotation": [-89.99999, 81, -77.49999],
				"cubes": [
					{"origin": [-5.5, 17, -2.6], "size": [2.9, 1.6, 0.2], "uv": [85, 41]},
					{"origin": [-5.4, 16.8, -2.59], "size": [2.8, 1.69, 0.2], "uv": [88, 45]}
				]
			},
			{
				"name": "body8",
				"parent": "body",
				"pivot": [-2.7, 18.2, 2.5],
				"rotation": [89.99999, -81, -77.49999],
				"cubes": [
					{"origin": [-5.6, 17, 2.399], "size": [3, 1.6, 0.2], "uv": [85, 41]},
					{"origin": [-5.5, 16.8, 2.39], "size": [2.9, 1.69, 0.2], "uv": [88, 45]}
				]
			},
			{
				"name": "body9",
				"parent": "body",
				"pivot": [2.7, 18.2, 2.5],
				"rotation": [89.99999, 81, 77.49999],
				"cubes": [
					{"origin": [2.6, 17, 2.399], "size": [2.9, 1.6, 0.2], "uv": [85, 41], "mirror": true},
					{"origin": [2.6, 16.8, 2.39], "size": [2.8, 1.69, 0.2], "uv": [88, 45], "mirror": true}
				]
			},
			{
				"name": "body5",
				"parent": "body",
				"pivot": [-1.4, 17.9, -2.6],
				"rotation": [-9.76758, 2.15393, 12.31594],
				"cubes": [
					{"origin": [-2.9, 16.7, -2.7], "size": [2.4, 1.6, 0.2], "uv": [83, 41]},
					{"origin": [-2.8, 16.5, -2.69], "size": [2.5, 1.79, 0.2], "uv": [86, 45], "mirror": true}
				]
			},
			{
				"name": "sittingRotationSkirt",
				"parent": "body",
				"pivot": [0, 10.5, 0]
			},
			{
				"name": "skirt",
				"parent": "sittingRotationSkirt",
				"pivot": [0, 12, 0],
				"rotation": [0, -22.5, 0]
			},
			{
				"name": "bone48",
				"parent": "skirt",
				"pivot": [0, 1, 0]
			},
			{
				"name": "bone49",
				"parent": "bone48",
				"pivot": [0, 7, 4.1815],
				"rotation": [17.5, 0, 0]
			},
			{
				"name": "bone50",
				"parent": "bone49",
				"pivot": [0, 7, 5.1815],
				"rotation": [0, -30, 0]
			},
			{
				"name": "bone51",
				"parent": "bone49",
				"pivot": [0, 7, 5.1815],
				"rotation": [0, 30, 0]
			},
			{
				"name": "bone52",
				"parent": "bone48",
				"pivot": [0, 3, 8.3631],
				"rotation": [55, 0, 0]
			},
			{
				"name": "bone53",
				"parent": "bone52",
				"pivot": [0, 3, 10.3631],
				"rotation": [0, -30, 0]
			},
			{
				"name": "bone54",
				"parent": "bone52",
				"pivot": [0, 3, 10.3631],
				"rotation": [0, 30, 0]
			},
			{
				"name": "bone55",
				"parent": "bone48",
				"pivot": [0, 1, 0],
				"rotation": [0, -11.25, 0]
			},
			{
				"name": "bone56",
				"parent": "bone55",
				"pivot": [0, 1, 10.6646],
				"rotation": [70, 0, 0]
			},
			{
				"name": "bone57",
				"parent": "bone56",
				"pivot": [0, 1, 8.5433],
				"rotation": [0, 45, 0]
			},
			{
				"name": "bone58",
				"parent": "bone48",
				"pivot": [0, 1, 0],
				"rotation": [0, 11.25, 0]
			},
			{
				"name": "bone59",
				"parent": "bone58",
				"pivot": [0, 1, 10.6646],
				"rotation": [70, 0, 0]
			},
			{
				"name": "bone60",
				"parent": "bone59",
				"pivot": [0, 1, 8.5433],
				"rotation": [0, 45, 0]
			},
			{
				"name": "bone9",
				"parent": "skirt",
				"pivot": [0, 1, 0],
				"rotation": [0, -45, 0]
			},
			{
				"name": "bone10",
				"parent": "bone9",
				"pivot": [0, 7, 4.1815],
				"rotation": [17.5, 0, 0]
			},
			{
				"name": "bone11",
				"parent": "bone10",
				"pivot": [0, 7, 5.1815],
				"rotation": [0, -30, 0]
			},
			{
				"name": "bone12",
				"parent": "bone10",
				"pivot": [0, 7, 5.1815],
				"rotation": [0, 30, 0]
			},
			{
				"name": "bone13",
				"parent": "bone9",
				"pivot": [0, 3, 8.3631],
				"rotation": [55, 0, 0]
			},
			{
				"name": "bone14",
				"parent": "bone13",
				"pivot": [0, 3, 10.3631],
				"rotation": [0, -30, 0]
			},
			{
				"name": "bone15",
				"parent": "bone14",
				"pivot": [-1.5, 5.5, 10.37],
				"rotation": [0, 0, 20]
			},
			{
				"name": "bone16",
				"parent": "bone13",
				"pivot": [0, 3, 10.3631],
				"rotation": [0, 30, 0]
			},
			{
				"name": "bone17",
				"parent": "bone16",
				"pivot": [1.5, 4.5, 10.37],
				"rotation": [0, 0, -10]
			},
			{
				"name": "bone18",
				"parent": "bone9",
				"pivot": [0, 1, 0],
				"rotation": [0, -11.25, 0]
			},
			{
				"name": "bone19",
				"parent": "bone18",
				"pivot": [0, 1, 10.6646],
				"rotation": [70, 0, 0]
			},
			{
				"name": "bone20",
				"parent": "bone19",
				"pivot": [0, 1, 8.5433],
				"rotation": [0, 45, 0]
			},
			{
				"name": "bone21",
				"parent": "bone9",
				"pivot": [0, 1, 0],
				"rotation": [0, 11.25, 0]
			},
			{
				"name": "bone22",
				"parent": "bone21",
				"pivot": [0, 1, 10.6646],
				"rotation": [70, 0, 0]
			},
			{
				"name": "bone23",
				"parent": "bone22",
				"pivot": [0, 1, 8.5433],
				"rotation": [0, 45, 0]
			},
			{
				"name": "bone24",
				"parent": "skirt",
				"pivot": [0, 1, 0],
				"rotation": [0, -90, 0]
			},
			{
				"name": "bone25",
				"parent": "bone24",
				"pivot": [0, 7, 4.1815],
				"rotation": [17.5, 0, 0]
			},
			{
				"name": "bone26",
				"parent": "bone25",
				"pivot": [0, 7, 5.1815],
				"rotation": [0, -30, 0]
			},
			{
				"name": "bone27",
				"parent": "bone25",
				"pivot": [0, 7, 5.1815],
				"rotation": [0, 30, 0]
			},
			{
				"name": "bone28",
				"parent": "bone24",
				"pivot": [0, 3, 8.3631],
				"rotation": [55, 0, 0]
			},
			{
				"name": "bone29",
				"parent": "bone28",
				"pivot": [0, 3, 10.3631],
				"rotation": [0, -30, 0]
			},
			{
				"name": "bone30",
				"parent": "bone29",
				"pivot": [-1.5, 5.5, 10.37],
				"rotation": [0, 0, 20]
			},
			{
				"name": "bone31",
				"parent": "bone28",
				"pivot": [0, 3, 10.3631],
				"rotation": [0, 30, 0]
			},
			{
				"name": "bone33",
				"parent": "bone24",
				"pivot": [0, 1, 0],
				"rotation": [0, -11.25, 0]
			},
			{
				"name": "bone34",
				"parent": "bone33",
				"pivot": [0, 1, 10.6646],
				"rotation": [70, 0, 0]
			},
			{
				"name": "bone35",
				"parent": "bone34",
				"pivot": [0, 1, 8.5433],
				"rotation": [0, 45, 0]
			},
			{
				"name": "bone36",
				"parent": "bone24",
				"pivot": [0, 1, 0],
				"rotation": [0, 11.25, 0]
			},
			{
				"name": "bone37",
				"parent": "bone36",
				"pivot": [0, 1, 10.6646],
				"rotation": [70, 0, 0]
			},
			{
				"name": "bone38",
				"parent": "bone37",
				"pivot": [0, 1, 8.5433],
				"rotation": [0, 45, 0]
			},
			{
				"name": "bone39",
				"parent": "skirt",
				"pivot": [0, 1, 0],
				"rotation": [0, -135, 0]
			},
			{
				"name": "bone40",
				"parent": "bone39",
				"pivot": [0, 7, 4.1815],
				"rotation": [17.5, 0, 0]
			},
			{
				"name": "bone42",
				"parent": "bone40",
				"pivot": [0, 7, 5.1815],
				"rotation": [0, 30, 0]
			},
			{
				"name": "bone43",
				"parent": "bone39",
				"pivot": [0, 3, 8.3631],
				"rotation": [55, 0, 0]
			},
			{
				"name": "bone46",
				"parent": "bone43",
				"pivot": [0, 3, 10.3631],
				"rotation": [0, 30, 0]
			},
			{
				"name": "bone47",
				"parent": "bone46",
				"pivot": [1.5, 4.5, 10.37],
				"rotation": [0, 0, -10]
			},
			{
				"name": "bone61",
				"parent": "bone39",
				"pivot": [0, 1, 0],
				"rotation": [0, -11.25, 0]
			},
			{
				"name": "bone62",
				"parent": "bone61",
				"pivot": [0, 1, 10.6646],
				"rotation": [70, 0, 0]
			},
			{
				"name": "bone64",
				"parent": "bone39",
				"pivot": [0, 1, 0],
				"rotation": [0, 11.25, 0]
			},
			{
				"name": "bone65",
				"parent": "bone64",
				"pivot": [0, 1, 10.6646],
				"rotation": [70, 0, 0]
			},
			{
				"name": "bone66",
				"parent": "bone65",
				"pivot": [0, 1, 8.5433],
				"rotation": [0, 45, 0]
			},
			{
				"name": "bone67",
				"parent": "skirt",
				"pivot": [0, 1, 0],
				"rotation": [0, 180, 0]
			},
			{
				"name": "bone68",
				"parent": "bone67",
				"pivot": [0, 7, 4.1815],
				"rotation": [17.5, 0, 0]
			},
			{
				"name": "bone69",
				"parent": "bone68",
				"pivot": [0, 7, 5.1815],
				"rotation": [0, -30, 0]
			},
			{
				"name": "bone71",
				"parent": "bone67",
				"pivot": [0, 3, 8.3631],
				"rotation": [55, 0, 0]
			},
			{
				"name": "bone72",
				"parent": "bone71",
				"pivot": [0, 3, 10.3631],
				"rotation": [0, -30, 0]
			},
			{
				"name": "bone73",
				"parent": "bone72",
				"pivot": [-1.5, 5.5, 10.37],
				"rotation": [0, 0, 20]
			},
			{
				"name": "bone76",
				"parent": "bone67",
				"pivot": [0, 1, 0],
				"rotation": [0, -11.25, 0]
			},
			{
				"name": "bone77",
				"parent": "bone76",
				"pivot": [0, 1, 10.6646],
				"rotation": [70, 0, 0]
			},
			{
				"name": "bone78",
				"parent": "bone77",
				"pivot": [0, 1, 8.5433],
				"rotation": [0, 45, 0]
			},
			{
				"name": "bone79",
				"parent": "bone67",
				"pivot": [0, 1, 0],
				"rotation": [0, 11.25, 0]
			},
			{
				"name": "bone80",
				"parent": "bone79",
				"pivot": [0, 1, 10.6646],
				"rotation": [70, 0, 0]
			},
			{
				"name": "bone82",
				"parent": "skirt",
				"pivot": [0, 1, 0],
				"rotation": [0, 135, 0]
			},
			{
				"name": "bone83",
				"parent": "bone82",
				"pivot": [0, 7, 4.1815],
				"rotation": [17.5, 0, 0]
			},
			{
				"name": "bone84",
				"parent": "bone83",
				"pivot": [0, 7, 5.1815],
				"rotation": [0, -30, 0]
			},
			{
				"name": "bone85",
				"parent": "bone83",
				"pivot": [0, 7, 5.1815],
				"rotation": [0, 30, 0]
			},
			{
				"name": "bone86",
				"parent": "bone82",
				"pivot": [0, 3, 8.3631],
				"rotation": [55, 0, 0]
			},
			{
				"name": "bone87",
				"parent": "bone86",
				"pivot": [0, 3, 10.3631],
				"rotation": [0, -30, 0]
			},
			{
				"name": "bone88",
				"parent": "bone87",
				"pivot": [-1.5, 5.5, 10.37],
				"rotation": [0, 0, 20]
			},
			{
				"name": "bone89",
				"parent": "bone86",
				"pivot": [0, 3, 10.3631],
				"rotation": [0, 30, 0]
			},
			{
				"name": "bone91",
				"parent": "bone82",
				"pivot": [0, 1, 0],
				"rotation": [0, -11.25, 0]
			},
			{
				"name": "bone92",
				"parent": "bone91",
				"pivot": [0, 1, 10.6646],
				"rotation": [70, 0, 0]
			},
			{
				"name": "bone93",
				"parent": "bone92",
				"pivot": [0, 1, 8.5433],
				"rotation": [0, 45, 0]
			},
			{
				"name": "bone94",
				"parent": "bone82",
				"pivot": [0, 1, 0],
				"rotation": [0, 11.25, 0]
			},
			{
				"name": "bone95",
				"parent": "bone94",
				"pivot": [0, 1, 10.6646],
				"rotation": [70, 0, 0]
			},
			{
				"name": "bone96",
				"parent": "bone95",
				"pivot": [0, 1, 8.5433],
				"rotation": [0, 45, 0]
			},
			{
				"name": "bone97",
				"parent": "skirt",
				"pivot": [0, 1, 0],
				"rotation": [0, 90, 0]
			},
			{
				"name": "bone98",
				"parent": "bone97",
				"pivot": [0, 7, 4.1815],
				"rotation": [17.5, 0, 0]
			},
			{
				"name": "bone99",
				"parent": "bone98",
				"pivot": [0, 7, 5.1815],
				"rotation": [0, -30, 0]
			},
			{
				"name": "bone100",
				"parent": "bone98",
				"pivot": [0, 7, 5.1815],
				"rotation": [0, 30, 0]
			},
			{
				"name": "bone101",
				"parent": "bone97",
				"pivot": [0, 3, 8.3631],
				"rotation": [55, 0, 0]
			},
			{
				"name": "bone102",
				"parent": "bone101",
				"pivot": [0, 3, 10.3631],
				"rotation": [0, -30, 0]
			},
			{
				"name": "bone104",
				"parent": "bone101",
				"pivot": [0, 3, 10.3631],
				"rotation": [0, 30, 0]
			},
			{
				"name": "bone105",
				"parent": "bone104",
				"pivot": [1.5, 4.5, 10.37],
				"rotation": [0, 0, -10]
			},
			{
				"name": "bone106",
				"parent": "bone97",
				"pivot": [0, 1, 0],
				"rotation": [0, -11.25, 0]
			},
			{
				"name": "bone107",
				"parent": "bone106",
				"pivot": [0, 1, 10.6646],
				"rotation": [70, 0, 0]
			},
			{
				"name": "bone108",
				"parent": "bone107",
				"pivot": [0, 1, 8.5433],
				"rotation": [0, 45, 0]
			},
			{
				"name": "bone109",
				"parent": "bone97",
				"pivot": [0, 1, 0],
				"rotation": [0, 11.25, 0]
			},
			{
				"name": "bone110",
				"parent": "bone109",
				"pivot": [0, 1, 10.6646],
				"rotation": [70, 0, 0]
			},
			{
				"name": "bone111",
				"parent": "bone110",
				"pivot": [0, 1, 8.5433],
				"rotation": [0, 45, 0]
			},
			{
				"name": "bone112",
				"parent": "skirt",
				"pivot": [0, 1, 0],
				"rotation": [0, 45, 0]
			},
			{
				"name": "bone148",
				"parent": "bone112",
				"pivot": [0, 7, 4.1815],
				"rotation": [17.5, 0, 0]
			},
			{
				"name": "bone149",
				"parent": "bone148",
				"pivot": [0, 7, 5.1815],
				"rotation": [0, -30, 0]
			},
			{
				"name": "bone151",
				"parent": "bone148",
				"pivot": [0, 7, 5.1815],
				"rotation": [0, 30, 0]
			},
			{
				"name": "bone152",
				"parent": "bone112",
				"pivot": [0, 3, 8.3631],
				"rotation": [55, 0, 0]
			},
			{
				"name": "bone153",
				"parent": "bone152",
				"pivot": [0, 3, 10.3631],
				"rotation": [0, -30, 0]
			},
			{
				"name": "bone154",
				"parent": "bone153",
				"pivot": [-1.5, 5.5, 10.37],
				"rotation": [0, 0, 20]
			},
			{
				"name": "bone155",
				"parent": "bone152",
				"pivot": [0, 3, 10.3631],
				"rotation": [0, 30, 0]
			},
			{
				"name": "bone156",
				"parent": "bone155",
				"pivot": [1.5, 4.5, 10.37],
				"rotation": [0, 0, -10]
			},
			{
				"name": "bone157",
				"parent": "bone112",
				"pivot": [0, 1, 0],
				"rotation": [0, -11.25, 0]
			},
			{
				"name": "bone158",
				"parent": "bone157",
				"pivot": [0, 1, 10.6646],
				"rotation": [70, 0, 0]
			},
			{
				"name": "bone159",
				"parent": "bone158",
				"pivot": [0, 1, 8.5433],
				"rotation": [0, 45, 0]
			},
			{
				"name": "bone160",
				"parent": "bone112",
				"pivot": [0, 1, 0],
				"rotation": [0, 11.25, 0]
			},
			{
				"name": "bone161",
				"parent": "bone160",
				"pivot": [0, 1, 10.6646],
				"rotation": [70, 0, 0]
			},
			{
				"name": "bone162",
				"parent": "bone161",
				"pivot": [0, 1, 8.5433],
				"rotation": [0, 45, 0]
			},
			{
				"name": "skirt_1",
				"parent": "skirt",
				"pivot": [0, 24.1, 0]
			},
			{
				"name": "bone41",
				"parent": "skirt_1",
				"pivot": [0, 12.1, 0]
			},
			{
				"name": "bone44",
				"parent": "bone41",
				"pivot": [0, 12.1, 3.32668],
				"rotation": [23, 0, 0]
			},
			{
				"name": "bone63",
				"parent": "bone44",
				"pivot": [0, 12.1, 3.32668],
				"rotation": [0, -45, 0],
				"cubes": [
					{"origin": [-0.5, 12.1, 2.82668], "size": [1, 1, 1], "uv": [108, 6]}
				]
			},
			{
				"name": "bone70",
				"parent": "skirt_1",
				"pivot": [0, 12.1, 0],
				"rotation": [0, -24, 0]
			},
			{
				"name": "bone74",
				"parent": "bone70",
				"pivot": [0, 12.1, 3.32668],
				"rotation": [23, 0, 0]
			},
			{
				"name": "bone75",
				"parent": "bone74",
				"pivot": [0, 12.1, 3.32668],
				"rotation": [0, -45, 0],
				"cubes": [
					{"origin": [-0.5, 12.1, 2.82668], "size": [1, 1, 1], "uv": [108, 6]}
				]
			},
			{
				"name": "bone81",
				"parent": "skirt_1",
				"pivot": [0, 12.1, 0],
				"rotation": [0, -48, 0]
			},
			{
				"name": "bone136",
				"parent": "bone81",
				"pivot": [0, 12.1, 3.32668],
				"rotation": [23, 0, 0]
			},
			{
				"name": "bone137",
				"parent": "bone136",
				"pivot": [0, 12.1, 3.32668],
				"rotation": [0, -45, 0],
				"cubes": [
					{"origin": [-0.5, 12.1, 2.82668], "size": [1, 1, 1], "uv": [108, 6]}
				]
			},
			{
				"name": "bone138",
				"parent": "skirt_1",
				"pivot": [0, 12.1, 0],
				"rotation": [0, -72, 0]
			},
			{
				"name": "bone139",
				"parent": "bone138",
				"pivot": [0, 12.1, 3.32668],
				"rotation": [23, 0, 0]
			},
			{
				"name": "bone140",
				"parent": "bone139",
				"pivot": [0, 12.1, 3.32668],
				"rotation": [0, -45, 0],
				"cubes": [
					{"origin": [-0.5, 12.1, 2.82668], "size": [1, 1, 1], "uv": [108, 6]}
				]
			},
			{
				"name": "bone141",
				"parent": "skirt_1",
				"pivot": [0, 12.1, 0],
				"rotation": [0, -96, 0]
			},
			{
				"name": "bone142",
				"parent": "bone141",
				"pivot": [0, 12.1, 3.32668],
				"rotation": [23, 0, 0]
			},
			{
				"name": "bone143",
				"parent": "bone142",
				"pivot": [0, 12.1, 3.32668],
				"rotation": [0, -45, 0],
				"cubes": [
					{"origin": [-0.5, 12.1, 2.82668], "size": [1, 1, 1], "uv": [108, 6]}
				]
			},
			{
				"name": "bone144",
				"parent": "skirt_1",
				"pivot": [0, 12.1, 0],
				"rotation": [0, -120, 0]
			},
			{
				"name": "bone145",
				"parent": "bone144",
				"pivot": [0, 12.1, 3.32668],
				"rotation": [23, 0, 0]
			},
			{
				"name": "bone146",
				"parent": "bone145",
				"pivot": [0, 12.1, 3.32668],
				"rotation": [0, -45, 0],
				"cubes": [
					{"origin": [-0.5, 12.1, 2.82668], "size": [1, 1, 1], "uv": [108, 6]}
				]
			},
			{
				"name": "bone165",
				"parent": "skirt_1",
				"pivot": [0, 12.1, 0],
				"rotation": [0, -144, 0]
			},
			{
				"name": "bone166",
				"parent": "bone165",
				"pivot": [0, 12.1, 3.32668],
				"rotation": [23, 0, 0]
			},
			{
				"name": "bone167",
				"parent": "bone166",
				"pivot": [0, 12.1, 3.32668],
				"rotation": [0, -45, 0],
				"cubes": [
					{"origin": [-0.5, 12.1, 2.82668], "size": [1, 1, 1], "uv": [108, 6]}
				]
			},
			{
				"name": "bone168",
				"parent": "skirt_1",
				"pivot": [0, 12.1, 0],
				"rotation": [0, -168, 0]
			},
			{
				"name": "bone169",
				"parent": "bone168",
				"pivot": [0, 12.1, 3.32668],
				"rotation": [23, 0, 0]
			},
			{
				"name": "bone170",
				"parent": "bone169",
				"pivot": [0, 12.1, 3.32668],
				"rotation": [0, -45, 0],
				"cubes": [
					{"origin": [-0.5, 12.1, 2.82668], "size": [1, 1, 1], "uv": [108, 6]}
				]
			},
			{
				"name": "bone171",
				"parent": "skirt_1",
				"pivot": [0, 12.1, 0],
				"rotation": [0, -192, 0]
			},
			{
				"name": "bone172",
				"parent": "bone171",
				"pivot": [0, 12.1, 3.32668],
				"rotation": [23, 0, 0]
			},
			{
				"name": "bone173",
				"parent": "bone172",
				"pivot": [0, 12.1, 3.32668],
				"rotation": [0, -45, 0],
				"cubes": [
					{"origin": [-0.5, 12.1, 2.82668], "size": [1, 1, 1], "uv": [108, 6]}
				]
			},
			{
				"name": "bone174",
				"parent": "skirt_1",
				"pivot": [0, 12.1, 0],
				"rotation": [0, -216, 0]
			},
			{
				"name": "bone175",
				"parent": "bone174",
				"pivot": [0, 12.1, 3.32668],
				"rotation": [23, 0, 0]
			},
			{
				"name": "bone176",
				"parent": "bone175",
				"pivot": [0, 12.1, 3.32668],
				"rotation": [0, -45, 0],
				"cubes": [
					{"origin": [-0.5, 12.1, 2.82668], "size": [1, 1, 1], "uv": [108, 6]}
				]
			},
			{
				"name": "bone177",
				"parent": "skirt_1",
				"pivot": [0, 12.1, 0],
				"rotation": [0, -240, 0]
			},
			{
				"name": "bone178",
				"parent": "bone177",
				"pivot": [0, 12.1, 3.32668],
				"rotation": [23, 0, 0]
			},
			{
				"name": "bone179",
				"parent": "bone178",
				"pivot": [0, 12.1, 3.32668],
				"rotation": [0, -45, 0],
				"cubes": [
					{"origin": [-0.5, 12.1, 2.82668], "size": [1, 1, 1], "uv": [108, 6]}
				]
			},
			{
				"name": "bone180",
				"parent": "skirt_1",
				"pivot": [0, 12.1, 0],
				"rotation": [0, -264, 0]
			},
			{
				"name": "bone181",
				"parent": "bone180",
				"pivot": [0, 12.1, 3.32668],
				"rotation": [23, 0, 0]
			},
			{
				"name": "bone182",
				"parent": "bone181",
				"pivot": [0, 12.1, 3.32668],
				"rotation": [0, -45, 0],
				"cubes": [
					{"origin": [-0.5, 12.1, 2.82668], "size": [1, 1, 1], "uv": [108, 6]}
				]
			},
			{
				"name": "bone183",
				"parent": "skirt_1",
				"pivot": [0, 12.1, 0],
				"rotation": [0, -288, 0]
			},
			{
				"name": "bone184",
				"parent": "bone183",
				"pivot": [0, 12.1, 3.32668],
				"rotation": [23, 0, 0]
			},
			{
				"name": "bone185",
				"parent": "bone184",
				"pivot": [0, 12.1, 3.32668],
				"rotation": [0, -45, 0],
				"cubes": [
					{"origin": [-0.5, 12.1, 2.82668], "size": [1, 1, 1], "uv": [108, 6]}
				]
			},
			{
				"name": "bone186",
				"parent": "skirt_1",
				"pivot": [0, 12.1, 0],
				"rotation": [0, -312, 0]
			},
			{
				"name": "bone187",
				"parent": "bone186",
				"pivot": [0, 12.1, 3.32668],
				"rotation": [23, 0, 0]
			},
			{
				"name": "bone188",
				"parent": "bone187",
				"pivot": [0, 12.1, 3.32668],
				"rotation": [0, -45, 0],
				"cubes": [
					{"origin": [-0.5, 12.1, 2.82668], "size": [1, 1, 1], "uv": [108, 6]}
				]
			},
			{
				"name": "bone189",
				"parent": "skirt_1",
				"pivot": [0, 12.1, 0],
				"rotation": [0, -336, 0]
			},
			{
				"name": "bone190",
				"parent": "bone189",
				"pivot": [0, 12.1, 3.32668],
				"rotation": [23, 0, 0]
			},
			{
				"name": "bone191",
				"parent": "bone190",
				"pivot": [0, 12.1, 3.32668],
				"rotation": [0, -45, 0],
				"cubes": [
					{"origin": [-0.5, 12.1, 2.82668], "size": [1, 1, 1], "uv": [108, 6]}
				]
			},
			{
				"name": "skirt_2",
				"parent": "skirt",
				"pivot": [0, 22.5, 0]
			},
			{
				"name": "bone192",
				"parent": "skirt_2",
				"pivot": [0, 10.5, 0]
			},
			{
				"name": "bone193",
				"parent": "bone192",
				"pivot": [0, 10.5, -4.6639],
				"rotation": [-40.30727, 0, 0]
			},
			{
				"name": "bone194",
				"parent": "bone193",
				"pivot": [0, 9.98236, -4.6639],
				"rotation": [0, 0, -15],
				"cubes": [
					{"origin": [-0.4, 9.98236, -4.6639], "size": [2.4, 4, 2], "uv": [97, 56]},
					{"origin": [0.36603, 13.61634, -5.02993], "size": [2, 2, 2], "uv": [97, 56], "inflate": -0.36603}
				]
			},
			{
				"name": "bone195",
				"parent": "bone193",
				"pivot": [0, 9.98236, -4.6639],
				"rotation": [0, 0, 15],
				"cubes": [
					{"origin": [-2.36603, 13.61634, -5.02993], "size": [2, 2, 2], "uv": [97, 56], "inflate": -0.36603}
				]
			},
			{
				"name": "bone196",
				"parent": "skirt_2",
				"pivot": [0, 10.5, 0],
				"rotation": [0, -45, 0]
			},
			{
				"name": "bone197",
				"parent": "bone196",
				"pivot": [0, 10.5, -4.6639],
				"rotation": [-40.30727, 0, 0]
			},
			{
				"name": "bone198",
				"parent": "bone197",
				"pivot": [0, 9.98236, -4.6639],
				"rotation": [0, 0, -15],
				"cubes": [
					{"origin": [0, 9.98236, -4.6639], "size": [2, 4, 2], "uv": [97, 56]},
					{"origin": [0.36603, 13.61634, -5.02993], "size": [2, 2, 2], "uv": [97, 56], "inflate": -0.36603}
				]
			},
			{
				"name": "bone199",
				"parent": "bone197",
				"pivot": [0, 9.98236, -4.6639],
				"rotation": [0, 0, 15],
				"cubes": [
					{"origin": [-2, 9.98236, -4.6639], "size": [2, 4, 2], "uv": [97, 56]},
					{"origin": [-2.36603, 13.61634, -5.02993], "size": [2, 2, 2], "uv": [97, 56], "inflate": -0.36603}
				]
			},
			{
				"name": "bone200",
				"parent": "skirt_2",
				"pivot": [0, 10.5, 0],
				"rotation": [0, -90, 0]
			},
			{
				"name": "bone201",
				"parent": "bone200",
				"pivot": [0, 10.5, -4.6639],
				"rotation": [-40.30727, 0, 0]
			},
			{
				"name": "bone202",
				"parent": "bone201",
				"pivot": [0, 9.98236, -4.6639],
				"rotation": [0, 0, -15],
				"cubes": [
					{"origin": [0, 9.98236, -4.6639], "size": [2, 4, 2], "uv": [97, 56]},
					{"origin": [0.36603, 13.61634, -5.02993], "size": [2, 2, 2], "uv": [97, 56], "inflate": -0.36603}
				]
			},
			{
				"name": "bone203",
				"parent": "bone201",
				"pivot": [0, 9.98236, -4.6639],
				"rotation": [0, 0, 15],
				"cubes": [
					{"origin": [-2, 9.98236, -4.6639], "size": [2, 4, 2], "uv": [97, 56]},
					{"origin": [-2.36603, 13.61634, -5.02993], "size": [2, 2, 2], "uv": [97, 56], "inflate": -0.36603}
				]
			},
			{
				"name": "bone204",
				"parent": "skirt_2",
				"pivot": [0, 10.5, 0],
				"rotation": [0, -135, 0]
			},
			{
				"name": "bone205",
				"parent": "bone204",
				"pivot": [0, 10.5, -4.6639],
				"rotation": [-40.30727, 0, 0]
			},
			{
				"name": "bone206",
				"parent": "bone205",
				"pivot": [0, 9.98236, -4.6639],
				"rotation": [0, 0, -15],
				"cubes": [
					{"origin": [0, 9.98236, -4.6639], "size": [2, 4, 2], "uv": [97, 56]},
					{"origin": [0.36603, 13.61634, -5.02993], "size": [2, 2, 2], "uv": [97, 56], "inflate": -0.36603}
				]
			},
			{
				"name": "bone207",
				"parent": "bone205",
				"pivot": [0, 9.98236, -4.6639],
				"rotation": [0, 0, 15],
				"cubes": [
					{"origin": [-2, 9.98236, -4.6639], "size": [2, 4, 2], "uv": [97, 56]},
					{"origin": [-2.36603, 13.61634, -5.02993], "size": [2, 2, 2], "uv": [97, 56], "inflate": -0.36603}
				]
			},
			{
				"name": "bone208",
				"parent": "skirt_2",
				"pivot": [0, 10.5, 0],
				"rotation": [0, -180, 0]
			},
			{
				"name": "bone209",
				"parent": "bone208",
				"pivot": [0, 10.5, -4.6639],
				"rotation": [-40.30727, 0, 0]
			},
			{
				"name": "bone210",
				"parent": "bone209",
				"pivot": [0, 9.98236, -4.6639],
				"rotation": [0, 0, -15],
				"cubes": [
					{"origin": [0, 9.98236, -4.6639], "size": [2, 4, 2], "uv": [97, 56]},
					{"origin": [0.36603, 13.61634, -5.02993], "size": [2, 2, 2], "uv": [97, 56], "inflate": -0.36603}
				]
			},
			{
				"name": "bone211",
				"parent": "bone209",
				"pivot": [0, 9.98236, -4.6639],
				"rotation": [0, 0, 15],
				"cubes": [
					{"origin": [-2, 9.98236, -4.6639], "size": [2, 4, 2], "uv": [97, 56]},
					{"origin": [-2.36603, 13.61634, -5.02993], "size": [2, 2, 2], "uv": [97, 56], "inflate": -0.36603}
				]
			},
			{
				"name": "bone212",
				"parent": "skirt_2",
				"pivot": [0, 10.5, 0],
				"rotation": [0, -225, 0]
			},
			{
				"name": "bone213",
				"parent": "bone212",
				"pivot": [0, 10.5, -4.6639],
				"rotation": [-40.30727, 0, 0]
			},
			{
				"name": "bone214",
				"parent": "bone213",
				"pivot": [0, 9.98236, -4.6639],
				"rotation": [0, 0, -15],
				"cubes": [
					{"origin": [0, 9.98236, -4.6639], "size": [2, 4, 2], "uv": [97, 56]},
					{"origin": [0.36603, 13.61634, -5.02993], "size": [2, 2, 2], "uv": [97, 56], "inflate": -0.36603}
				]
			},
			{
				"name": "bone215",
				"parent": "bone213",
				"pivot": [0, 9.98236, -4.6639],
				"rotation": [0, 0, 15],
				"cubes": [
					{"origin": [-2, 9.98236, -4.6639], "size": [2, 4, 2], "uv": [97, 56]},
					{"origin": [-2.36603, 13.61634, -5.02993], "size": [2, 2, 2], "uv": [97, 56], "inflate": -0.36603}
				]
			},
			{
				"name": "bone216",
				"parent": "skirt_2",
				"pivot": [0, 10.5, 0],
				"rotation": [0, -270, 0]
			},
			{
				"name": "bone217",
				"parent": "bone216",
				"pivot": [0, 10.5, -4.6639],
				"rotation": [-40.30727, 0, 0]
			},
			{
				"name": "bone218",
				"parent": "bone217",
				"pivot": [0, 9.98236, -4.6639],
				"rotation": [0, 0, -15],
				"cubes": [
					{"origin": [0, 9.98236, -4.6639], "size": [2, 4, 2], "uv": [97, 56]},
					{"origin": [0.36603, 13.61634, -5.02993], "size": [2, 2, 2], "uv": [97, 56], "inflate": -0.36603}
				]
			},
			{
				"name": "bone219",
				"parent": "bone217",
				"pivot": [0, 9.98236, -4.6639],
				"rotation": [0, 0, 15],
				"cubes": [
					{"origin": [-2, 9.98236, -4.6639], "size": [2, 4, 2], "uv": [97, 56]},
					{"origin": [-2.36603, 13.61634, -5.02993], "size": [2, 2, 2], "uv": [97, 56], "inflate": -0.36603}
				]
			},
			{
				"name": "bone220",
				"parent": "skirt_2",
				"pivot": [0, 10.5, 0],
				"rotation": [0, -315, 0]
			},
			{
				"name": "bone221",
				"parent": "bone220",
				"pivot": [0, 10.5, -4.6639],
				"rotation": [-40.30727, 0, 0]
			},
			{
				"name": "bone222",
				"parent": "bone221",
				"pivot": [0, 9.98236, -4.6639],
				"rotation": [0, 0, -15],
				"cubes": [
					{"origin": [0.36603, 13.61634, -5.02993], "size": [2, 2, 2], "uv": [97, 56], "inflate": -0.36603}
				]
			},
			{
				"name": "bone223",
				"parent": "bone221",
				"pivot": [0, 9.98236, -4.6639],
				"rotation": [0, 0, 15],
				"cubes": [
					{"origin": [-2, 9.98236, -4.6639], "size": [2.3, 4, 2], "uv": [97, 56]},
					{"origin": [-2.36603, 13.61634, -5.02993], "size": [2, 2, 2], "uv": [97, 56], "inflate": -0.36603}
				]
			},
			{
				"name": "skirt_3",
				"parent": "skirt",
				"pivot": [0, 18.4, 0]
			},
			{
				"name": "bone224",
				"parent": "skirt_3",
				"pivot": [0, 6.4, 0]
			},
			{
				"name": "bone225",
				"parent": "bone224",
				"pivot": [0, 6.4, 4.3525],
				"rotation": [23, 0, 0]
			},
			{
				"name": "bone226",
				"parent": "bone225",
				"pivot": [0, 6.4, 4.3525],
				"rotation": [0, -45, 0],
				"cubes": [
					{"origin": [-1, 7.4, 3.3525], "size": [2, 3.9, 2], "uv": [105, 56]}
				]
			},
			{
				"name": "bone227",
				"parent": "skirt_3",
				"pivot": [0, 6.4, 0],
				"rotation": [0, -36, 0]
			},
			{
				"name": "bone228",
				"parent": "bone227",
				"pivot": [0, 6.4, 4.3525],
				"rotation": [23, 0, 0]
			},
			{
				"name": "bone229",
				"parent": "bone228",
				"pivot": [0, 6.4, 4.3525],
				"rotation": [0, -45, 0],
				"cubes": [
					{"origin": [-1, 7.4, 3.3525], "size": [2, 3.9, 2], "uv": [105, 56]}
				]
			},
			{
				"name": "bone230",
				"parent": "skirt_3",
				"pivot": [0, 6.4, 0],
				"rotation": [0, -72, 0]
			},
			{
				"name": "bone231",
				"parent": "bone230",
				"pivot": [0, 6.4, 4.3525],
				"rotation": [23, 0, 0]
			},
			{
				"name": "bone232",
				"parent": "bone231",
				"pivot": [0, 6.4, 4.3525],
				"rotation": [0, -45, 0],
				"cubes": [
					{"origin": [-1, 7.4, 3.3525], "size": [2, 4.2, 2], "uv": [105, 56]}
				]
			},
			{
				"name": "bone233",
				"parent": "skirt_3",
				"pivot": [0, 6.4, 0],
				"rotation": [0, -108, 0]
			},
			{
				"name": "bone234",
				"parent": "bone233",
				"pivot": [0, 6.4, 4.3525],
				"rotation": [23, 0, 0]
			},
			{
				"name": "bone235",
				"parent": "bone234",
				"pivot": [0, 6.4, 4.3525],
				"rotation": [0, -45, 0],
				"cubes": [
					{"origin": [-1, 7.4, 3.3525], "size": [2, 4.3, 2], "uv": [105, 56]}
				]
			},
			{
				"name": "bone236",
				"parent": "skirt_3",
				"pivot": [0, 6.4, 0],
				"rotation": [0, -144, 0]
			},
			{
				"name": "bone237",
				"parent": "bone236",
				"pivot": [0, 6.4, 4.3525],
				"rotation": [23, 0, 0]
			},
			{
				"name": "bone238",
				"parent": "bone237",
				"pivot": [0, 6.4, 4.3525],
				"rotation": [0, -45, 0],
				"cubes": [
					{"origin": [-1, 7.4, 3.3525], "size": [2, 3.9, 2], "uv": [105, 56]},
					{"origin": [-1.2, 9.4, 3.0525], "size": [2, 3.9, 2], "uv": [105, 56]}
				]
			},
			{
				"name": "bone239",
				"parent": "skirt_3",
				"pivot": [0, 6.4, 0],
				"rotation": [0, -180, 0]
			},
			{
				"name": "bone240",
				"parent": "bone239",
				"pivot": [0, 6.4, 4.3525],
				"rotation": [23, 0, 0]
			},
			{
				"name": "bone241",
				"parent": "bone240",
				"pivot": [0, 6.4, 4.3525],
				"rotation": [0, -45, 0],
				"cubes": [
					{"origin": [-1, 7.4, 3.3525], "size": [2, 3.9, 2], "uv": [105, 56]},
					{"origin": [-1.2, 9.2, 3.1525], "size": [2, 3.9, 2], "uv": [105, 56]}
				]
			},
			{
				"name": "bone242",
				"parent": "skirt_3",
				"pivot": [0, 6.4, 0],
				"rotation": [0, -216, 0]
			},
			{
				"name": "bone243",
				"parent": "bone242",
				"pivot": [0, 6.4, 4.3525],
				"rotation": [23, 0, 0]
			},
			{
				"name": "bone244",
				"parent": "bone243",
				"pivot": [0, 6.4, 4.3525],
				"rotation": [0, -45, 0],
				"cubes": [
					{"origin": [-1, 7.4, 3.3525], "size": [2, 5, 2], "uv": [105, 56]}
				]
			},
			{
				"name": "bone245",
				"parent": "skirt_3",
				"pivot": [0, 6.4, 0],
				"rotation": [0, -252, 0]
			},
			{
				"name": "bone246",
				"parent": "bone245",
				"pivot": [0, 6.4, 4.3525],
				"rotation": [23, 0, 0]
			},
			{
				"name": "bone247",
				"parent": "bone246",
				"pivot": [0, 6.4, 4.3525],
				"rotation": [0, -45, 0],
				"cubes": [
					{"origin": [-1, 7.4, 3.3525], "size": [2, 4.3, 2], "uv": [105, 56]}
				]
			},
			{
				"name": "bone248",
				"parent": "skirt_3",
				"pivot": [0, 6.4, 0],
				"rotation": [0, -288, 0]
			},
			{
				"name": "bone249",
				"parent": "bone248",
				"pivot": [0, 6.4, 4.3525],
				"rotation": [23, 0, 0]
			},
			{
				"name": "bone250",
				"parent": "bone249",
				"pivot": [0, 6.4, 4.3525],
				"rotation": [0, -45, 0],
				"cubes": [
					{"origin": [-1, 7.4, 3.3525], "size": [2, 4.4, 2], "uv": [105, 56]}
				]
			},
			{
				"name": "bone251",
				"parent": "skirt_3",
				"pivot": [0, 6.4, 0],
				"rotation": [0, -324, 0]
			},
			{
				"name": "bone252",
				"parent": "bone251",
				"pivot": [0, 6.4, 4.3525],
				"rotation": [23, 0, 0]
			},
			{
				"name": "bone253",
				"parent": "bone252",
				"pivot": [0, 6.4, 4.3525],
				"rotation": [0, -45, 0],
				"cubes": [
					{"origin": [-1, 7.4, 3.3525], "size": [2, 4, 2], "uv": [105, 56]}
				]
			},
			{
				"name": "skirt_4",
				"parent": "skirt",
				"pivot": [0, 16.1, 0],
				"rotation": [0, 3, 0]
			},
			{
				"name": "bone254",
				"parent": "skirt_4",
				"pivot": [0, 4.1, 0]
			},
			{
				"name": "bone255",
				"parent": "bone254",
				"pivot": [0, 4.1, -9.06304],
				"rotation": [-36.7925, 0, 0]
			},
			{
				"name": "bone256",
				"parent": "bone255",
				"pivot": [0, 3.52695, -9.06304],
				"rotation": [0, 0, -11.01216]
			},
			{
				"name": "bone257",
				"parent": "bone255",
				"pivot": [0, 3.52695, -9.06304],
				"rotation": [0, 0, 11.01216]
			},
			{
				"name": "bone258",
				"parent": "skirt_4",
				"pivot": [0, 4.1, 0],
				"rotation": [0, -36, 0]
			},
			{
				"name": "bone259",
				"parent": "bone258",
				"pivot": [0, 4.1, -9.06304],
				"rotation": [-36.7925, 0, 0]
			},
			{
				"name": "bone260",
				"parent": "bone259",
				"pivot": [0, 3.52695, -9.06304],
				"rotation": [0, 0, -11.01216],
				"cubes": [
					{"origin": [0, 3.52695, -9.06304], "size": [3, 8, 3], "uv": [96, 19]},
					{"origin": [0.72003, 10.80692, -9.78307], "size": [3, 5, 3], "uv": [96, 19], "inflate": -0.72003}
				]
			},
			{
				"name": "bone261",
				"parent": "bone259",
				"pivot": [0, 3.52695, -9.06304],
				"rotation": [0, 0, 11.01216],
				"cubes": [
					{"origin": [-3.5, 3.52695, -9.06304], "size": [3.5, 8, 3], "uv": [96, 19]},
					{"origin": [-4.32003, 10.80692, -9.78307], "size": [3.6, 5, 4.5], "uv": [95, 18], "inflate": -0.72003}
				]
			},
			{
				"name": "bone296",
				"parent": "bone259",
				"pivot": [-3.5, 4.22695, -9.06304],
				"rotation": [0, 30, 11.01216],
				"cubes": [
					{"origin": [-4.4, 4.22695, -8.96304], "size": [1, 9, 3], "uv": [109, 18]}
				]
			},
			{
				"name": "bone262",
				"parent": "skirt_4",
				"pivot": [0, 4.1, 0],
				"rotation": [0, -72, 0]
			},
			{
				"name": "bone263",
				"parent": "bone262",
				"pivot": [0, 4.1, -9.06304],
				"rotation": [-36.7925, 0, 0]
			},
			{
				"name": "bone264",
				"parent": "bone263",
				"pivot": [0, 3.52695, -9.06304],
				"rotation": [0, 0, -11.01216],
				"cubes": [
					{"origin": [0, 3.52695, -9.06304], "size": [3, 8, 3], "uv": [96, 19]},
					{"origin": [0.72003, 10.80692, -9.78307], "size": [3, 5, 3], "uv": [96, 19], "inflate": -0.72003}
				]
			},
			{
				"name": "bone265",
				"parent": "bone263",
				"pivot": [0, 3.52695, -9.06304],
				"rotation": [0, 0, 11.01216],
				"cubes": [
					{"origin": [-3, 3.52695, -9.06304], "size": [3, 8, 3], "uv": [96, 19]},
					{"origin": [-3.72003, 10.80692, -9.78307], "size": [3, 5, 3], "uv": [96, 19], "inflate": -0.72003}
				]
			},
			{
				"name": "bone266",
				"parent": "skirt_4",
				"pivot": [0, 4.1, 0],
				"rotation": [0, -108, 0]
			},
			{
				"name": "bone267",
				"parent": "bone266",
				"pivot": [0, 4.1, -9.06304],
				"rotation": [-36.7925, 0, 0]
			},
			{
				"name": "bone268",
				"parent": "bone267",
				"pivot": [0, 3.52695, -9.06304],
				"rotation": [0, 0, -11.01216],
				"cubes": [
					{"origin": [0, 3.52695, -9.06304], "size": [3, 8, 3], "uv": [96, 19]},
					{"origin": [0.72003, 10.80692, -9.78307], "size": [3, 5, 3], "uv": [96, 19], "inflate": -0.72003}
				]
			},
			{
				"name": "bone269",
				"parent": "bone267",
				"pivot": [0, 3.52695, -9.06304],
				"rotation": [0, 0, 11.01216],
				"cubes": [
					{"origin": [-3, 3.52695, -9.06304], "size": [3, 8, 3], "uv": [96, 19]},
					{"origin": [-3.72003, 10.80692, -9.78307], "size": [3, 5, 3], "uv": [96, 19], "inflate": -0.72003}
				]
			},
			{
				"name": "bone270",
				"parent": "skirt_4",
				"pivot": [0, 4.1, 0],
				"rotation": [0, -144, 0]
			},
			{
				"name": "bone271",
				"parent": "bone270",
				"pivot": [0, 4.1, -9.06304],
				"rotation": [-36.7925, 0, 0]
			},
			{
				"name": "bone272",
				"parent": "bone271",
				"pivot": [0, 3.52695, -9.06304],
				"rotation": [0, 0, -11.01216],
				"cubes": [
					{"origin": [0, 3.52695, -9.06304], "size": [3, 8, 3], "uv": [96, 19]},
					{"origin": [0.72003, 10.80692, -9.78307], "size": [3, 5, 3], "uv": [96, 19], "inflate": -0.72003}
				]
			},
			{
				"name": "bone273",
				"parent": "bone271",
				"pivot": [0, 3.52695, -9.06304],
				"rotation": [0, 0, 11.01216],
				"cubes": [
					{"origin": [-3, 3.52695, -9.06304], "size": [3, 8, 3], "uv": [96, 19]},
					{"origin": [-3.72003, 10.80692, -9.78307], "size": [3, 5, 3], "uv": [96, 19], "inflate": -0.72003}
				]
			},
			{
				"name": "bone274",
				"parent": "skirt_4",
				"pivot": [0, 4.1, 0],
				"rotation": [0, -180, 0]
			},
			{
				"name": "bone275",
				"parent": "bone274",
				"pivot": [0, 4.1, -9.06304],
				"rotation": [-36.7925, 0, 0]
			},
			{
				"name": "bone276",
				"parent": "bone275",
				"pivot": [0, 3.52695, -9.06304],
				"rotation": [0, 0, -11.01216],
				"cubes": [
					{"origin": [0, 3.52695, -9.06304], "size": [3, 8, 3], "uv": [96, 19]},
					{"origin": [0.72003, 10.80692, -9.78307], "size": [3, 5, 3], "uv": [96, 19], "inflate": -0.72003}
				]
			},
			{
				"name": "bone277",
				"parent": "bone275",
				"pivot": [0, 3.52695, -9.06304],
				"rotation": [0, 0, 11.01216],
				"cubes": [
					{"origin": [-3, 3.52695, -9.06304], "size": [3, 8, 3], "uv": [96, 19]},
					{"origin": [-3.72003, 10.80692, -9.78307], "size": [3, 5, 3], "uv": [96, 19], "inflate": -0.72003}
				]
			},
			{
				"name": "bone278",
				"parent": "skirt_4",
				"pivot": [0, 4.1, 0],
				"rotation": [0, -216, 0]
			},
			{
				"name": "bone279",
				"parent": "bone278",
				"pivot": [0, 4.1, -9.06304],
				"rotation": [-36.7925, 0, 0]
			},
			{
				"name": "bone280",
				"parent": "bone279",
				"pivot": [0, 3.52695, -9.06304],
				"rotation": [0, 0, -11.01216],
				"cubes": [
					{"origin": [0, 3.52695, -9.06304], "size": [3, 8, 3], "uv": [96, 19]},
					{"origin": [0.72003, 10.80692, -9.78307], "size": [3, 5, 3], "uv": [96, 19], "inflate": -0.72003}
				]
			},
			{
				"name": "bone281",
				"parent": "bone279",
				"pivot": [0, 3.52695, -9.06304],
				"rotation": [0, 0, 11.01216],
				"cubes": [
					{"origin": [-3, 3.52695, -9.06304], "size": [3, 8, 3], "uv": [96, 19]},
					{"origin": [-3.72003, 10.80692, -9.78307], "size": [3, 5, 3], "uv": [96, 19], "inflate": -0.72003}
				]
			},
			{
				"name": "bone282",
				"parent": "skirt_4",
				"pivot": [0, 4.1, 0],
				"rotation": [0, -252, 0]
			},
			{
				"name": "bone283",
				"parent": "bone282",
				"pivot": [0, 4.1, -9.06304],
				"rotation": [-36.7925, 0, 0]
			},
			{
				"name": "bone284",
				"parent": "bone283",
				"pivot": [0, 3.52695, -9.06304],
				"rotation": [0, 0, -11.01216],
				"cubes": [
					{"origin": [0, 3.52695, -9.06304], "size": [3, 8, 3], "uv": [96, 19]},
					{"origin": [0.72003, 10.80692, -9.78307], "size": [3, 5, 3], "uv": [96, 19], "inflate": -0.72003}
				]
			},
			{
				"name": "bone285",
				"parent": "bone283",
				"pivot": [0, 3.52695, -9.06304],
				"rotation": [0, 0, 11.01216],
				"cubes": [
					{"origin": [-3, 3.52695, -9.06304], "size": [3, 8, 3], "uv": [96, 19]},
					{"origin": [-3.72003, 10.80692, -9.78307], "size": [3, 5, 3], "uv": [96, 19], "inflate": -0.72003}
				]
			},
			{
				"name": "bone286",
				"parent": "skirt_4",
				"pivot": [0, 4.1, 0],
				"rotation": [0, -288, 0]
			},
			{
				"name": "bone287",
				"parent": "bone286",
				"pivot": [0, 4.1, -9.06304],
				"rotation": [-36.7925, 0, 0]
			},
			{
				"name": "bone288",
				"parent": "bone287",
				"pivot": [0, 3.52695, -9.06304],
				"rotation": [0, 0, -11.01216],
				"cubes": [
					{"origin": [0, 3.52695, -9.06304], "size": [3.3, 8, 3], "uv": [96, 19]},
					{"origin": [0.72003, 10.80692, -9.78307], "size": [3.3, 5, 4.4], "uv": [95, 18], "inflate": -0.72003}
				]
			},
			{
				"name": "bone294",
				"parent": "bone287",
				"pivot": [3, 4.12695, -9.06304],
				"rotation": [0, -30, -11.01216],
				"cubes": [
					{"origin": [3.2, 4.12695, -9.16304], "size": [1.1, 10.7, 3], "uv": [109, 17]}
				]
			},
			{
				"name": "bone289",
				"parent": "bone287",
				"pivot": [0, 3.52695, -9.06304],
				"rotation": [0, 0, 11.01216],
				"cubes": [
					{"origin": [-3, 3.52695, -9.06304], "size": [3, 8, 3], "uv": [96, 19]},
					{"origin": [-3.72003, 10.80692, -9.78307], "size": [3, 5, 3], "uv": [96, 19], "inflate": -0.72003}
				]
			},
			{
				"name": "bone290",
				"parent": "skirt_4",
				"pivot": [0, 4.1, 0],
				"rotation": [0, -324, 0]
			},
			{
				"name": "bone291",
				"parent": "bone290",
				"pivot": [0, 4.1, -9.06304],
				"rotation": [-36.7925, 0, 0]
			},
			{
				"name": "bone292",
				"parent": "bone291",
				"pivot": [0, 3.52695, -9.06304],
				"rotation": [0, 0, -11.01216]
			},
			{
				"name": "bone293",
				"parent": "bone291",
				"pivot": [0, 3.52695, -9.06304],
				"rotation": [0, 0, 11.01216]
			},
			{
				"name": "s_skirt",
				"parent": "body",
				"pivot": [0, 16.8, -0.9],
				"rotation": [10, 0, 0]
			},
			{
				"name": "bone2",
				"parent": "s_skirt",
				"pivot": [0, 15.3, -0.9]
			},
			{
				"name": "bone3",
				"parent": "bone2",
				"pivot": [0, 15.3, 1.27625],
				"rotation": [25, 0, 0]
			},
			{
				"name": "bone4",
				"parent": "bone3",
				"pivot": [0, 15.3, 1.27625],
				"rotation": [0, -45, 0]
			},
			{
				"name": "bone5",
				"parent": "s_skirt",
				"pivot": [0, 15.3, -0.9],
				"rotation": [0, -36, 0]
			},
			{
				"name": "bone6",
				"parent": "bone5",
				"pivot": [0, 15.3, 1.27625],
				"rotation": [25, 0, 0]
			},
			{
				"name": "bone7",
				"parent": "bone6",
				"pivot": [0, 15.3, 1.27625],
				"rotation": [0, -45, 0]
			},
			{
				"name": "bone8",
				"parent": "s_skirt",
				"pivot": [0, 15.3, -0.9],
				"rotation": [0, -72, 0]
			},
			{
				"name": "bone113",
				"parent": "bone8",
				"pivot": [0, 15.3, 1.27625],
				"rotation": [25, 0, 0]
			},
			{
				"name": "bone114",
				"parent": "bone113",
				"pivot": [0, 15.3, 1.27625],
				"rotation": [0, -45, 0]
			},
			{
				"name": "bone115",
				"parent": "s_skirt",
				"pivot": [0, 15.3, -0.9],
				"rotation": [0, -108, 0]
			},
			{
				"name": "bone116",
				"parent": "bone115",
				"pivot": [0, 15.3, 1.27625],
				"rotation": [25, 0, 0]
			},
			{
				"name": "bone117",
				"parent": "bone116",
				"pivot": [0, 15.3, 1.27625],
				"rotation": [0, -45, 0]
			},
			{
				"name": "bone118",
				"parent": "s_skirt",
				"pivot": [0, 15.3, -0.9],
				"rotation": [0, -144, 0]
			},
			{
				"name": "bone119",
				"parent": "bone118",
				"pivot": [0, 15.3, 1.27625],
				"rotation": [25, 0, 0]
			},
			{
				"name": "bone120",
				"parent": "bone119",
				"pivot": [0, 15.3, 1.27625],
				"rotation": [0, -45, 0],
				"cubes": [
					{"origin": [-0.5, 15.1, 0.77625], "size": [1, 2.9, 1], "uv": [83, 74]}
				]
			},
			{
				"name": "bone121",
				"parent": "s_skirt",
				"pivot": [0, 15.3, -0.9],
				"rotation": [0, -180, 0]
			},
			{
				"name": "bone122",
				"parent": "bone121",
				"pivot": [0, 15.3, 1.27625],
				"rotation": [25, 0, 0]
			},
			{
				"name": "bone123",
				"parent": "bone122",
				"pivot": [0, 15.3, 1.17625],
				"rotation": [-1, -45, 0],
				"cubes": [
					{"origin": [-0.5, 15, 0.67625], "size": [1, 3, 1], "uv": [83, 73]}
				]
			},
			{
				"name": "bone124",
				"parent": "s_skirt",
				"pivot": [0, 15.3, -0.9],
				"rotation": [0, -216, 0]
			},
			{
				"name": "bone125",
				"parent": "bone124",
				"pivot": [0, 15.3, 1.27625],
				"rotation": [25, 0, 0]
			},
			{
				"name": "bone126",
				"parent": "bone125",
				"pivot": [0, 15.3, 1.27625],
				"rotation": [0, -45, 0],
				"cubes": [
					{"origin": [-0.5, 15.1, 0.77625], "size": [1, 2.9, 1], "uv": [83, 74]}
				]
			},
			{
				"name": "bone127",
				"parent": "s_skirt",
				"pivot": [0, 15.3, -0.9],
				"rotation": [0, -252, 0]
			},
			{
				"name": "bone128",
				"parent": "bone127",
				"pivot": [0, 15.3, 1.27625],
				"rotation": [25, 0, 0]
			},
			{
				"name": "bone129",
				"parent": "bone128",
				"pivot": [0, 15.3, 1.27625],
				"rotation": [0, -45, 0]
			},
			{
				"name": "bone130",
				"parent": "s_skirt",
				"pivot": [0, 15.3, -0.9],
				"rotation": [0, -288, 0]
			},
			{
				"name": "bone131",
				"parent": "bone130",
				"pivot": [0, 15.3, 1.27625],
				"rotation": [25, 0, 0]
			},
			{
				"name": "bone132",
				"parent": "bone131",
				"pivot": [0, 15.3, 1.27625],
				"rotation": [0, -45, 0]
			},
			{
				"name": "bone133",
				"parent": "s_skirt",
				"pivot": [0, 15.3, -0.9],
				"rotation": [0, -324, 0]
			},
			{
				"name": "bone134",
				"parent": "bone133",
				"pivot": [0, 15.3, 1.27625],
				"rotation": [25, 0, 0]
			},
			{
				"name": "bone135",
				"parent": "bone134",
				"pivot": [0, 15.3, 1.27625],
				"rotation": [0, -45, 0]
			},
			{
				"name": "legLeft",
				"pivot": [2, 9, 0],
				"cubes": [
					{"origin": [0.5, 0, -1.5], "size": [3, 9, 3], "uv": [0, 0]},
					{"origin": [0.4, -0.1, -1.6], "size": [3.2, 2.9, 3.2], "uv": [0, 21], "mirror": true}
				]
			},
			{
				"name": "legRight",
				"pivot": [-2, 9, 0],
				"cubes": [
					{"origin": [-3.5, 0, -1.5], "size": [3, 9, 3], "uv": [0, 0]},
					{"origin": [-3.6, -0.1, -1.6], "size": [3.2, 2.9, 3.2], "uv": [0, 21]}
				]
			}
		]
	}
}