{
	"format_version": "1.10.0",
	"geometry.model": {
		"texturewidth": 128,
		"textureheight": 128,
		"visible_bounds_width": 7,
		"visible_bounds_height": 5,
		"visible_bounds_offset": [0, 1.5, 0],
		"bones": [
			{
				"name": "head",
				"pivot": [0, 18, 0]
			},
			{
				"name": "blink",
				"parent": "head",
				"pivot": [0, 18, 0],
				"cubes": [
					{"origin": [-4, 18, -4.001], "size": [8, 8, 0], "uv": [90, 55]}
				]
			},
			{
				"name": "face",
				"parent": "head",
				"pivot": [0, 18, 0],
				"cubes": [
					{"origin": [-4, 18, -4], "size": [8, 8, 8], "uv": [64, 0]},
					{"origin": [-5, 22, -1.5], "size": [10, 5, 3], "uv": [22, 86], "inflate": -0.9}
				]
			},
			{
				"name": "bone65",
				"parent": "face",
				"pivot": [-4, 18, 0],
				"rotation": [0, 0, 11],
				"cubes": [
					{"origin": [-5, 18, -3.5], "size": [1, 5, 7], "uv": [0, 32]}
				]
			},
			{
				"name": "bone66",
				"parent": "bone65",
				"pivot": [-5, 18, 0],
				"rotation": [0, 0, 14],
				"cubes": [
					{"origin": [-6, 18, -3], "size": [1, 4, 6], "uv": [63, 89]}
				]
			},
			{
				"name": "bone9",
				"parent": "face",
				"pivot": [0, 18, 3.1],
				"rotation": [0, 90, 1],
				"cubes": [
					{"origin": [-0.8, 18, -0.4], "size": [1, 5, 7], "uv": [0, 32]}
				]
			},
			{
				"name": "bone10",
				"parent": "bone9",
				"pivot": [-1, 18, 3.1],
				"rotation": [0, 0, 14],
				"cubes": [
					{"origin": [-2, 18, 0.1], "size": [1, 4.5, 6], "uv": [63, 89]}
				]
			},
			{
				"name": "bone67",
				"parent": "face",
				"pivot": [4, 18, 0],
				"rotation": [0, 0, -11],
				"cubes": [
					{"origin": [4, 18, -3.5], "size": [1, 5, 7], "uv": [0, 32]}
				]
			},
			{
				"name": "bone68",
				"parent": "bone67",
				"pivot": [5, 18, 0],
				"rotation": [0, 0, -14],
				"cubes": [
					{"origin": [5, 18, -3], "size": [1, 4, 6], "uv": [63, 89]}
				]
			},
			{
				"name": "leaf1",
				"parent": "head",
				"pivot": [-3, 26, -2],
				"rotation": [-75, 0, 0],
				"cubes": [
					{"origin": [-11.5, 18.5, -8.7], "size": [17, 17, 13], "uv": [50, 19], "inflate": -6.5}
				]
			},
			{
				"name": "leaf2",
				"parent": "head",
				"pivot": [-2, 26, -1],
				"rotation": [-75, 45, 0],
				"cubes": [
					{"origin": [-9.75, 19.25, -7.5], "size": [15.5, 15.5, 13], "uv": [47, 51], "inflate": -6.5}
				]
			},
			{
				"name": "armRight",
				"pivot": [-3, 17.5, 0],
				"rotation": [0, 0, 25],
				"cubes": [
					{"origin": [-5, 8.5, -1], "size": [2, 8, 2], "uv": [34, 94]}
				]
			},
			{
				"name": "bone57",
				"parent": "armRight",
				"pivot": [0, 0, 0],
				"cubes": [
					{"origin": [-5, 10.5, -1], "size": [2, 4, 2], "uv": [49, 50], "inflate": 0.1},
					{"origin": [-5.25, 14.5, -1.25], "size": [2.5, 3, 2.5], "uv": [0, 50]},
					{"origin": [-5.5, 9.05, -1.5], "size": [3, 1.75, 3], "uv": [16, 46], "inflate": -0.35}
				]
			},
			{
				"name": "bone58",
				"parent": "bone57",
				"pivot": [-3, 17.5, -0.5],
				"rotation": [0, 0, -40],
				"cubes": [
					{"origin": [-7.17078, 16.00958, -0.5], "size": [1, 2, 1], "uv": [9, 32], "inflate": -0.3, "mirror": true}
				]
			},
			{
				"name": "bone59",
				"parent": "bone57",
				"pivot": [-3, 17.5, -0.5],
				"cubes": [
					{"origin": [-6.3999, 14.87246, -0.5], "size": [1, 2, 1], "uv": [9, 32], "inflate": -0.3, "mirror": true}
				]
			},
			{
				"name": "bone60",
				"parent": "bone57",
				"pivot": [-3, 17.5, -0.5],
				"rotation": [0, 0, 50],
				"cubes": [
					{"origin": [-4.58204, 14.22913, -0.5], "size": [1, 1, 1], "uv": [3, 34], "inflate": -0.3, "mirror": true},
					{"origin": [-4.58204, 14.62913, -0.5], "size": [1, 1, 1], "uv": [3, 34], "inflate": -0.3, "mirror": true}
				]
			},
			{
				"name": "armLeft",
				"pivot": [3, 17.5, 0],
				"rotation": [0, 0, -25],
				"cubes": [
					{"origin": [3, 8.5, -1], "size": [2, 8, 2], "uv": [34, 94]}
				]
			},
			{
				"name": "bone61",
				"parent": "armLeft",
				"pivot": [0, 0, 0],
				"cubes": [
					{"origin": [3, 10.5, -1], "size": [2, 4, 2], "uv": [49, 50], "inflate": 0.1},
					{"origin": [2.75, 14.5, -1.25], "size": [2.5, 3, 2.5], "uv": [1, 50]},
					{"origin": [2.5, 9.05, -1.5], "size": [3, 1.75, 3], "uv": [16, 46], "inflate": -0.35}
				]
			},
			{
				"name": "bone62",
				"parent": "bone61",
				"pivot": [3, 17.5, -0.5],
				"rotation": [0, 0, 40],
				"cubes": [
					{"origin": [6.17078, 16.00958, -0.5], "size": [1, 2, 1], "uv": [9, 32], "inflate": -0.3}
				]
			},
			{
				"name": "bone63",
				"parent": "bone61",
				"pivot": [3, 17.5, -0.5],
				"cubes": [
					{"origin": [5.3999, 14.87246, -0.5], "size": [1, 2, 1], "uv": [9, 32], "inflate": -0.3}
				]
			},
			{
				"name": "bone64",
				"parent": "bone61",
				"pivot": [3, 17.5, -0.5],
				"rotation": [0, 0, -50],
				"cubes": [
					{"origin": [3.58204, 14.22913, -0.5], "size": [1, 1, 1], "uv": [3, 34], "inflate": -0.3},
					{"origin": [3.58204, 14.62913, -0.5], "size": [1, 1, 1], "uv": [3, 34], "inflate": -0.3}
				]
			},
			{
				"name": "legLeft",
				"pivot": [2, 9, 0],
				"cubes": [
					{"origin": [0.5, 0, -1.5], "size": [3, 9, 3], "uv": [77, 93]}
				]
			},
			{
				"name": "legRight",
				"pivot": [-2, 9, 0],
				"cubes": [
					{"origin": [-3.5, 0, -1.5], "size": [3, 9, 3], "uv": [77, 93]}
				]
			},
			{
				"name": "body",
				"pivot": [0, 10.5, 0],
				"cubes": [
					{"origin": [-3.25, 8.999, -3.25], "size": [6.6, 3, 4.75], "uv": [36, 43], "inflate": -0.1},
					{"origin": [-3, 9.099, -3], "size": [6, 9, 5], "uv": [34, 58]},
					{"origin": [-3.3, 12.999, -3.8], "size": [1, 5, 5.4], "uv": [43, 84]},
					{"origin": [-3, 8.499, 2.21], "size": [6, 9.5, 0], "uv": [42, 71]},
					{"origin": [2.3, 12.999, -3.8], "size": [1, 5, 5.4], "uv": [3, 84]}
				]
			},
			{
				"name": "bone",
				"parent": "body",
				"pivot": [-1, 11, 0],
				"rotation": [0, 0, 25]
			},
			{
				"name": "bone36",
				"parent": "body",
				"pivot": [1.85858, 11.75505, 0],
				"rotation": [0, 0, -15],
				"cubes": [
					{"origin": [2.68381, 8.12816, -3.76], "size": [1, 4.93542, 5.35], "uv": [3, 79]}
				]
			},
			{
				"name": "bone4",
				"parent": "body",
				"pivot": [-1.85858, 11.75505, 0],
				"rotation": [0, 0, 15],
				"cubes": [
					{"origin": [-3.68381, 8.12816, -3.76], "size": [1, 4.93542, 5.35], "uv": [43, 85], "mirror": true}
				]
			},
			{
				"name": "bone2",
				"parent": "body",
				"pivot": [0.85, 11.749, 0.5],
				"rotation": [0, 0, 10]
			},
			{
				"name": "bone18",
				"parent": "bone2",
				"pivot": [0.17906, 6.44558, 6.75]
			},
			{
				"name": "bone19",
				"parent": "bone2",
				"pivot": [0.17906, 6.44558, 6.75]
			},
			{
				"name": "bone3",
				"parent": "body",
				"pivot": [-0.85, 11.749, 0.5],
				"rotation": [0, 0, -10]
			},
			{
				"name": "bone13",
				"parent": "body",
				"pivot": [0.7, 15.5, 6.75]
			},
			{
				"name": "bone15",
				"parent": "body",
				"pivot": [0.7, 13.95, 6.75]
			},
			{
				"name": "bone16",
				"parent": "body",
				"pivot": [0.7, 12.3, 6.75]
			},
			{
				"name": "bone14",
				"parent": "body",
				"pivot": [0.7, 11, 6.75]
			},
			{
				"name": "bone17",
				"parent": "body",
				"pivot": [0.7, 9.4, 6.75]
			},
			{
				"name": "sittingRotationSkirt",
				"parent": "body",
				"pivot": [0, 10.5, 0]
			},
			{
				"name": "bone7",
				"parent": "sittingRotationSkirt",
				"pivot": [0, 4, 0]
			},
			{
				"name": "bone22",
				"parent": "bone7",
				"pivot": [0, 4, 0],
				"rotation": [0, -90, 0]
			},
			{
				"name": "bone26",
				"parent": "bone7",
				"pivot": [0, 4, 0],
				"rotation": [0, -180, 0]
			},
			{
				"name": "bone27",
				"parent": "bone26",
				"pivot": [0, 4, 4.47051],
				"rotation": [10, 0, 0],
				"cubes": [
					{"origin": [-2.5, 5.65782, 4.37051], "size": [5, 5, 0.1], "uv": [34, 45]}
				]
			},
			{
				"name": "bone28",
				"parent": "bone27",
				"pivot": [-2.5, 3.65782, 4.47051],
				"rotation": [0, 0, 9.85108],
				"cubes": [
					{"origin": [-4.5, 5.65782, 4.36951], "size": [2, 5, 0.1], "uv": [35, 45]}
				]
			},
			{
				"name": "bone29",
				"parent": "bone27",
				"pivot": [2.5, 3.65782, 4.47051],
				"rotation": [0, 0, -9.85108],
				"cubes": [
					{"origin": [2.5, 5.65782, 4.37151], "size": [2, 5, 0.1], "uv": [38, 45]}
				]
			},
			{
				"name": "bone5",
				"parent": "sittingRotationSkirt",
				"pivot": [1.85858, 11.75505, 0],
				"rotation": [0, 0, -15],
				"cubes": [
					{"origin": [2.7, 3.06358, -3.77], "size": [1, 7.06458, 5.35], "uv": [3, 77]}
				]
			},
			{
				"name": "bone6",
				"parent": "sittingRotationSkirt",
				"pivot": [-1.85858, 11.75505, 0],
				"rotation": [0, 0, 15],
				"cubes": [
					{"origin": [-3.7, 3.06358, -3.77], "size": [1, 7.06458, 5.35], "uv": [43, 82], "mirror": true}
				]
			},
			{
				"name": "bone8",
				"parent": "sittingRotationSkirt",
				"pivot": [0, 10.03473, 1.19696],
				"rotation": [10, 0, 0],
				"cubes": [
					{"origin": [-4, 3.26312, 1.00935], "size": [8, 7.43473, 1], "uv": [0, 76]}
				]
			},
			{
				"name": "chestRight",
				"parent": "body",
				"pivot": [0, 17.5, -3],
				"rotation": [-30, 0, 5],
				"cubes": [
					{"origin": [-2.55, 14.5, -3.2], "size": [2.8, 3, 2.2], "uv": [1, 89], "inflate": -0.25}
				]
			},
			{
				"name": "tie",
				"parent": "body",
				"pivot": [-0.79991, 17.69249, -3.35084],
				"rotation": [-30.09257, -0.34069, -0.57839],
				"cubes": [
					{"origin": [-1.04991, 14.69249, -3.35084], "size": [2, 3, 1], "uv": [24, 87], "inflate": -0.25}
				]
			},
			{
				"name": "tie2",
				"parent": "body",
				"pivot": [-0.80417, 18.22113, -3.53258],
				"rotation": [-7.59257, -0.34069, -0.57839],
				"cubes": [
					{"origin": [-1.05417, 17.02113, -3.43258], "size": [2, 2.2, 1], "uv": [25, 60], "inflate": -0.25}
				]
			},
			{
				"name": "tie3",
				"parent": "body",
				"pivot": [-0.76922, 15.45247, -4.70871],
				"rotation": [-7.59257, -0.34069, -0.57839],
				"cubes": [
					{"origin": [-1.01922, 13.75247, -4.70871], "size": [2, 1.7, 1], "uv": [26, 70], "inflate": -0.25}
				]
			},
			{
				"name": "chestLeft",
				"parent": "body",
				"pivot": [0, 17.5, -3],
				"rotation": [-30, 0, -5],
				"cubes": [
					{"origin": [-0.25, 14.5, -3.2], "size": [2.8, 3, 2.2], "uv": [0, 89], "inflate": -0.25}
				]
			}
		]
	}
}