{
	"format_version": "1.10.0",
	"geometry.model": {
		"texturewidth": 128,
		"textureheight": 128,
		"visible_bounds_width": 3,
		"visible_bounds_height": 4,
		"visible_bounds_offset": [0, 1, 0],
		"bones": [
			{
				"name": "head",
				"pivot": [0, 18, 0],
				"cubes": [
					{"origin": [-4, 18, -4], "size": [8, 8, 8], "uv": [0, 23]}
				]
			},
			{
				"name": "blink",
				"parent": "head",
				"pivot": [0, 18, 0],
				"cubes": [
					{"origin": [-4, 18, -4.001], "size": [8, 8, 0], "uv": [33, 47]}
				]
			},
			{
				"name": "hat",
				"parent": "head",
				"pivot": [0, 23.97825, 0],
				"rotation": [0, 0, -2],
				"cubes": [
					{"origin": [-4.5, 23.151, -4.5], "size": [9, 3, 9], "uv": [0, 11]},
					{"origin": [-4, 24.151, -4], "size": [8, 3, 8], "uv": [27, 3]},
					{"origin": [-3, 24.901, -3], "size": [6, 3, 6], "uv": [30, 17]},
					{"origin": [-5.5, 23.149, -5.5], "size": [11, 0, 11], "uv": [0, 0]},
					{"origin": [-2.5, 23.15, -5.5], "size": [2, 1, 1], "uv": [47, 14]},
					{"origin": [3.5, 23.15, -5.5], "size": [2, 1, 2], "uv": [30, 26]},
					{"origin": [4.5, 23.15, 0.5], "size": [1, 1, 2], "uv": [0, 42]},
					{"origin": [4.5, 23.15, -2.5], "size": [1, 1, 2], "uv": [0, 39]},
					{"origin": [0.5, 23.15, 4.5], "size": [2, 1, 1], "uv": [47, 0]},
					{"origin": [3.5, 23.15, 3.5], "size": [2, 1, 2], "uv": [27, 15]},
					{"origin": [-2.5, 23.15, 4.5], "size": [2, 1, 1], "uv": [44, 26]},
					{"origin": [-5.5, 23.15, 0.5], "size": [1, 1, 2], "uv": [32, 35]},
					{"origin": [-5.5, 23.15, -2.5], "size": [1, 1, 2], "uv": [32, 32]},
					{"origin": [-5.5, 23.15, -5.5], "size": [2, 1, 2], "uv": [24, 27]},
					{"origin": [-5.5, 23.15, 3.5], "size": [2, 1, 2], "uv": [0, 27]},
					{"origin": [0.5, 23.15, -5.5], "size": [2, 1, 1], "uv": [18, 42]}
				]
			},
			{
				"name": "armRight",
				"pivot": [-3, 17.5, 0],
				"rotation": [0, 0, 25],
				"cubes": [
					{"origin": [-5, 8.5, -1], "size": [2, 8, 2], "uv": [47, 60]},
					{"origin": [-5.5, 9.5, -1.5], "size": [3, 8, 3], "uv": [50, 26], "inflate": -0.2}
				]
			},
			{
				"name": "armLeft",
				"pivot": [3, 17.5, 0],
				"rotation": [0, 0, -25],
				"cubes": [
					{"origin": [2.5, 9.5, -1.5], "size": [3, 8, 3], "uv": [49, 49], "inflate": -0.2},
					{"origin": [3, 8.5, -1], "size": [2, 8, 2], "uv": [59, 0]}
				]
			},
			{
				"name": "body",
				"pivot": [0, 10.5, 0],
				"cubes": [
					{"origin": [-3, 8.999, -3], "size": [6, 9, 6], "uv": [32, 32]},
					{"origin": [-3, 11.249, -3], "size": [6, 1, 6], "uv": [0, 39], "inflate": 0.1}
				]
			},
			{
				"name": "Skirt3",
				"parent": "body",
				"pivot": [0, 15.5, 0]
			},
			{
				"name": "skirt",
				"parent": "Skirt3",
				"pivot": [0, 15.5, 0],
				"rotation": [0, -15, 0]
			},
			{
				"name": "bone",
				"parent": "skirt",
				"pivot": [0, 5, 0]
			},
			{
				"name": "bone2",
				"parent": "bone",
				"pivot": [0, 5, 5.27792],
				"rotation": [23, 0, 0]
			},
			{
				"name": "bone3",
				"parent": "bone2",
				"pivot": [0, 5, 5.27792],
				"rotation": [0, -45, 0],
				"cubes": [
					{"origin": [-1, 5, 4.27792], "size": [2, 8, 2], "uv": [59, 59]}
				]
			},
			{
				"name": "bone4",
				"parent": "skirt",
				"pivot": [0, 5, 0],
				"rotation": [0, -30, 0]
			},
			{
				"name": "bone5",
				"parent": "bone4",
				"pivot": [0, 5, 5.27792],
				"rotation": [23, 0, 0]
			},
			{
				"name": "bone6",
				"parent": "bone5",
				"pivot": [0, 5, 5.27792],
				"rotation": [0, -45, 0],
				"cubes": [
					{"origin": [-1, 5, 4.27792], "size": [2, 8, 2], "uv": [0, 58]}
				]
			},
			{
				"name": "bone7",
				"parent": "skirt",
				"pivot": [0, 5, 0],
				"rotation": [0, -60, 0]
			},
			{
				"name": "bone8",
				"parent": "bone7",
				"pivot": [0, 5, 5.27792],
				"rotation": [23, 0, 0]
			},
			{
				"name": "bone9",
				"parent": "bone8",
				"pivot": [0, 5, 5.27792],
				"rotation": [0, -45, 0],
				"cubes": [
					{"origin": [-1, 5, 4.27792], "size": [2, 8, 2], "uv": [56, 37]}
				]
			},
			{
				"name": "bone10",
				"parent": "skirt",
				"pivot": [0, 5, 0],
				"rotation": [0, -90, 0]
			},
			{
				"name": "bone11",
				"parent": "bone10",
				"pivot": [0, 5, 5.27792],
				"rotation": [23, 0, 0]
			},
			{
				"name": "bone12",
				"parent": "bone11",
				"pivot": [0, 5, 5.27792],
				"rotation": [0, -45, 0],
				"cubes": [
					{"origin": [-1, 5, 4.27792], "size": [2, 8, 2], "uv": [18, 56]}
				]
			},
			{
				"name": "bone13",
				"parent": "skirt",
				"pivot": [0, 5, 0],
				"rotation": [0, -120, 0]
			},
			{
				"name": "bone14",
				"parent": "bone13",
				"pivot": [0, 5, 5.27792],
				"rotation": [23, 0, 0]
			},
			{
				"name": "bone15",
				"parent": "bone14",
				"pivot": [0, 5, 5.27792],
				"rotation": [0, -45, 0],
				"cubes": [
					{"origin": [-1, 5, 4.27792], "size": [2, 8, 2], "uv": [10, 56]}
				]
			},
			{
				"name": "bone16",
				"parent": "skirt",
				"pivot": [0, 5, 0],
				"rotation": [0, -150, 0]
			},
			{
				"name": "bone17",
				"parent": "bone16",
				"pivot": [0, 5, 5.27792],
				"rotation": [23, 0, 0]
			},
			{
				"name": "bone18",
				"parent": "bone17",
				"pivot": [0, 5, 5.27792],
				"rotation": [0, -45, 0],
				"cubes": [
					{"origin": [-1, 5, 4.27792], "size": [2, 8, 2], "uv": [39, 55]}
				]
			},
			{
				"name": "bone19",
				"parent": "skirt",
				"pivot": [0, 5, 0],
				"rotation": [0, -180, 0]
			},
			{
				"name": "bone20",
				"parent": "bone19",
				"pivot": [0, 5, 5.27792],
				"rotation": [23, 0, 0]
			},
			{
				"name": "bone21",
				"parent": "bone20",
				"pivot": [0, 5, 5.27792],
				"rotation": [0, -45, 0],
				"cubes": [
					{"origin": [-1, 5, 4.27792], "size": [2, 8, 2], "uv": [31, 55]}
				]
			},
			{
				"name": "bone22",
				"parent": "skirt",
				"pivot": [0, 5, 0],
				"rotation": [0, -210, 0]
			},
			{
				"name": "bone23",
				"parent": "bone22",
				"pivot": [0, 5, 5.27792],
				"rotation": [23, 0, 0]
			},
			{
				"name": "bone24",
				"parent": "bone23",
				"pivot": [0, 5, 5.27792],
				"rotation": [0, -45, 0],
				"cubes": [
					{"origin": [-1, 5, 4.27792], "size": [2, 8, 2], "uv": [54, 14]}
				]
			},
			{
				"name": "bone25",
				"parent": "skirt",
				"pivot": [0, 5, 0],
				"rotation": [0, -240, 0]
			},
			{
				"name": "bone26",
				"parent": "bone25",
				"pivot": [0, 5, 5.27792],
				"rotation": [23, 0, 0]
			},
			{
				"name": "bone27",
				"parent": "bone26",
				"pivot": [0, 5, 5.27792],
				"rotation": [0, -45, 0],
				"cubes": [
					{"origin": [-1, 5, 4.27792], "size": [2, 8, 2], "uv": [51, 0]}
				]
			},
			{
				"name": "bone28",
				"parent": "skirt",
				"pivot": [0, 5, 0],
				"rotation": [0, -270, 0]
			},
			{
				"name": "bone29",
				"parent": "bone28",
				"pivot": [0, 5, 5.27792],
				"rotation": [23, 0, 0]
			},
			{
				"name": "bone30",
				"parent": "bone29",
				"pivot": [0, 5, 5.27792],
				"rotation": [0, -45, 0],
				"cubes": [
					{"origin": [-1, 5, 4.27792], "size": [2, 8, 2], "uv": [12, 46]}
				]
			},
			{
				"name": "bone31",
				"parent": "skirt",
				"pivot": [0, 5, 0],
				"rotation": [0, -300, 0]
			},
			{
				"name": "bone32",
				"parent": "bone31",
				"pivot": [0, 5, 5.27792],
				"rotation": [23, 0, 0]
			},
			{
				"name": "bone33",
				"parent": "bone32",
				"pivot": [0, 5, 5.27792],
				"rotation": [0, -45, 0],
				"cubes": [
					{"origin": [-1, 5, 4.27792], "size": [2, 8, 2], "uv": [0, 10]}
				]
			},
			{
				"name": "bone34",
				"parent": "skirt",
				"pivot": [0, 5, 0],
				"rotation": [0, -330, 0]
			},
			{
				"name": "bone35",
				"parent": "bone34",
				"pivot": [0, 5, 5.27792],
				"rotation": [23, 0, 0]
			},
			{
				"name": "bone36",
				"parent": "bone35",
				"pivot": [0, 5, 5.27792],
				"rotation": [0, -45, 0],
				"cubes": [
					{"origin": [-1, 5, 4.27792], "size": [2, 8, 2], "uv": [0, 0]}
				]
			},
			{
				"name": "skirt2",
				"parent": "Skirt3",
				"pivot": [0, 14.75, 0],
				"rotation": [0, -15, 0]
			},
			{
				"name": "bone37",
				"parent": "skirt2",
				"pivot": [0, 4.25, 0]
			},
			{
				"name": "bone38",
				"parent": "bone37",
				"pivot": [0, 4.25, 5.27792],
				"rotation": [23, 0, 0]
			},
			{
				"name": "bone39",
				"parent": "bone38",
				"pivot": [0, 4.25, 5.27792],
				"rotation": [0, -45, 0],
				"cubes": [
					{"origin": [-1, 4.25, 4.27792], "size": [2, 1, 2], "uv": [59, 24]}
				]
			},
			{
				"name": "bone40",
				"parent": "skirt2",
				"pivot": [0, 4.25, 0],
				"rotation": [0, -30, 0]
			},
			{
				"name": "bone41",
				"parent": "bone40",
				"pivot": [0, 4.25, 5.27792],
				"rotation": [23, 0, 0]
			},
			{
				"name": "bone42",
				"parent": "bone41",
				"pivot": [0, 4.25, 5.27792],
				"rotation": [0, -45, 0],
				"cubes": [
					{"origin": [-1, 4.25, 4.27792], "size": [2, 1, 2], "uv": [59, 10]}
				]
			},
			{
				"name": "bone43",
				"parent": "skirt2",
				"pivot": [0, 4.25, 0],
				"rotation": [0, -60, 0]
			},
			{
				"name": "bone44",
				"parent": "bone43",
				"pivot": [0, 4.25, 5.27792],
				"rotation": [23, 0, 0]
			},
			{
				"name": "bone45",
				"parent": "bone44",
				"pivot": [0, 4.25, 5.27792],
				"rotation": [0, -45, 0],
				"cubes": [
					{"origin": [-1, 4.25, 4.27792], "size": [2, 1, 2], "uv": [58, 47]}
				]
			},
			{
				"name": "bone46",
				"parent": "skirt2",
				"pivot": [0, 4.25, 0],
				"rotation": [0, -90, 0]
			},
			{
				"name": "bone47",
				"parent": "bone46",
				"pivot": [0, 4.25, 5.27792],
				"rotation": [23, 0, 0]
			},
			{
				"name": "bone48",
				"parent": "bone47",
				"pivot": [0, 4.25, 5.27792],
				"rotation": [0, -45, 0],
				"cubes": [
					{"origin": [-1, 4.25, 4.27792], "size": [2, 1, 2], "uv": [41, 14]}
				]
			},
			{
				"name": "bone49",
				"parent": "skirt2",
				"pivot": [0, 4.25, 0],
				"rotation": [0, -120, 0]
			},
			{
				"name": "bone50",
				"parent": "bone49",
				"pivot": [0, 4.25, 5.27792],
				"rotation": [23, 0, 0]
			},
			{
				"name": "bone51",
				"parent": "bone50",
				"pivot": [0, 4.25, 5.27792],
				"rotation": [0, -45, 0],
				"cubes": [
					{"origin": [-1, 4.25, 4.27792], "size": [2, 1, 2], "uv": [41, 0]}
				]
			},
			{
				"name": "bone52",
				"parent": "skirt2",
				"pivot": [0, 4.25, 0],
				"rotation": [0, -150, 0]
			},
			{
				"name": "bone53",
				"parent": "bone52",
				"pivot": [0, 4.25, 5.27792],
				"rotation": [23, 0, 0]
			},
			{
				"name": "bone54",
				"parent": "bone53",
				"pivot": [0, 4.25, 5.27792],
				"rotation": [0, -45, 0],
				"cubes": [
					{"origin": [-1, 4.25, 4.27792], "size": [2, 1, 2], "uv": [40, 29]}
				]
			},
			{
				"name": "bone55",
				"parent": "skirt2",
				"pivot": [0, 4.25, 0],
				"rotation": [0, -180, 0]
			},
			{
				"name": "bone56",
				"parent": "bone55",
				"pivot": [0, 4.25, 5.27792],
				"rotation": [23, 0, 0]
			},
			{
				"name": "bone57",
				"parent": "bone56",
				"pivot": [0, 4.25, 5.27792],
				"rotation": [0, -45, 0],
				"cubes": [
					{"origin": [-1, 4.25, 4.27792], "size": [2, 1, 2], "uv": [24, 40]}
				]
			},
			{
				"name": "bone58",
				"parent": "skirt2",
				"pivot": [0, 4.25, 0],
				"rotation": [0, -210, 0]
			},
			{
				"name": "bone59",
				"parent": "bone58",
				"pivot": [0, 4.25, 5.27792],
				"rotation": [23, 0, 0]
			},
			{
				"name": "bone60",
				"parent": "bone59",
				"pivot": [0, 4.25, 5.27792],
				"rotation": [0, -45, 0],
				"cubes": [
					{"origin": [-1, 4.25, 4.27792], "size": [2, 1, 2], "uv": [18, 39]}
				]
			},
			{
				"name": "bone61",
				"parent": "skirt2",
				"pivot": [0, 4.25, 0],
				"rotation": [0, -240, 0]
			},
			{
				"name": "bone62",
				"parent": "bone61",
				"pivot": [0, 4.25, 5.27792],
				"rotation": [23, 0, 0]
			},
			{
				"name": "bone63",
				"parent": "bone62",
				"pivot": [0, 4.25, 5.27792],
				"rotation": [0, -45, 0],
				"cubes": [
					{"origin": [-1, 4.25, 4.27792], "size": [2, 1, 2], "uv": [38, 26]}
				]
			},
			{
				"name": "bone64",
				"parent": "skirt2",
				"pivot": [0, 4.25, 0],
				"rotation": [0, -270, 0]
			},
			{
				"name": "bone65",
				"parent": "bone64",
				"pivot": [0, 4.25, 5.27792],
				"rotation": [23, 0, 0]
			},
			{
				"name": "bone66",
				"parent": "bone65",
				"pivot": [0, 4.25, 5.27792],
				"rotation": [0, -45, 0],
				"cubes": [
					{"origin": [-1, 4.25, 4.27792], "size": [2, 1, 2], "uv": [33, 14]}
				]
			},
			{
				"name": "bone67",
				"parent": "skirt2",
				"pivot": [0, 4.25, 0],
				"rotation": [0, -300, 0]
			},
			{
				"name": "bone68",
				"parent": "bone67",
				"pivot": [0, 4.25, 5.27792],
				"rotation": [23, 0, 0]
			},
			{
				"name": "bone69",
				"parent": "bone68",
				"pivot": [0, 4.25, 5.27792],
				"rotation": [0, -45, 0],
				"cubes": [
					{"origin": [-1, 4.25, 4.27792], "size": [2, 1, 2], "uv": [33, 0]}
				]
			},
			{
				"name": "bone70",
				"parent": "skirt2",
				"pivot": [0, 4.25, 0],
				"rotation": [0, -330, 0]
			},
			{
				"name": "bone71",
				"parent": "bone70",
				"pivot": [0, 4.25, 5.27792],
				"rotation": [23, 0, 0]
			},
			{
				"name": "bone72",
				"parent": "bone71",
				"pivot": [0, 4.25, 5.27792],
				"rotation": [0, -45, 0],
				"cubes": [
					{"origin": [-1, 4.25, 4.27792], "size": [2, 1, 2], "uv": [32, 29]}
				]
			},
			{
				"name": "bone73",
				"parent": "body",
				"pivot": [2.55, 11.8, -2.7],
				"rotation": [-20, -70, 0]
			},
			{
				"name": "bone79",
				"parent": "bone73",
				"pivot": [-11.7, 3.8, 11.3]
			},
			{
				"name": "bone77",
				"parent": "bone79",
				"pivot": [2.3, 11.8, -3.2],
				"rotation": [0, 0, 20]
			},
			{
				"name": "bone74",
				"parent": "bone77",
				"pivot": [2.29077, 10.19451, -3.2],
				"rotation": [0, 0, -45],
				"cubes": [
					{"origin": [-0.47342, 11.21943, -3.7], "size": [4, 0, 1], "uv": [26, 14]}
				]
			},
			{
				"name": "bone76",
				"parent": "bone77",
				"pivot": [-0.7, 11.8, -3.2],
				"rotation": [0, 0, 84],
				"cubes": [
					{"origin": [-0.7698, 11.80122, -3.7], "size": [3, 0, 1], "uv": [23, 25]}
				]
			},
			{
				"name": "bone75",
				"parent": "bone77",
				"pivot": [2.3, 11.8, -3.2],
				"cubes": [
					{"origin": [-0.7, 11.8, -3.7], "size": [3, 0, 1], "uv": [26, 18]}
				]
			},
			{
				"name": "bone78",
				"parent": "bone79",
				"pivot": [1.8, 11.55, -2.9],
				"rotation": [-15, 0, 10],
				"cubes": [
					{"origin": [2.05, 7.05, -3.1], "size": [1, 5, 0], "uv": [8, 5]}
				]
			},
			{
				"name": "bone80",
				"parent": "bone73",
				"pivot": [17.05, 3.8, 11.3]
			},
			{
				"name": "bone81",
				"parent": "bone80",
				"pivot": [3.05, 11.8, -3.2],
				"rotation": [0, 0, -20]
			},
			{
				"name": "bone82",
				"parent": "bone81",
				"pivot": [3.05923, 10.19451, -3.2],
				"rotation": [0, 0, 45],
				"cubes": [
					{"origin": [1.82342, 11.21943, -3.7], "size": [4, 0, 1], "uv": [23, 26]}
				]
			},
			{
				"name": "bone83",
				"parent": "bone81",
				"pivot": [6.05, 11.8, -3.2],
				"rotation": [0, 0, -83],
				"cubes": [
					{"origin": [3.05906, 11.81096, -3.7], "size": [3, 0, 1], "uv": [23, 24]}
				]
			},
			{
				"name": "bone84",
				"parent": "bone81",
				"pivot": [3.05, 11.8, -3.2],
				"cubes": [
					{"origin": [3.05, 11.8, -3.7], "size": [3, 0, 1], "uv": [23, 23]}
				]
			},
			{
				"name": "bone85",
				"parent": "bone80",
				"pivot": [3.55, 11.55, -2.9],
				"rotation": [-15, 0, -10],
				"cubes": [
					{"origin": [2.3, 7.05, -3.1], "size": [1, 5, 0], "uv": [8, 0]}
				]
			},
			{
				"name": "bone86",
				"parent": "bone73",
				"pivot": [-11.59393, 3.6, 11.40607],
				"cubes": [
					{"origin": [1.65607, 10.6, -4.09393], "size": [2, 2, 2], "uv": [0, 23], "inflate": -0.3}
				]
			},
			{
				"name": "bone87",
				"parent": "body",
				"pivot": [-0.15, 17.7, -2.7],
				"rotation": [-6.74256, 0.95634, -1.37242]
			},
			{
				"name": "bone88",
				"parent": "bone87",
				"pivot": [-14.4, 9.7, 11.3]
			},
			{
				"name": "bone89",
				"parent": "bone88",
				"pivot": [-0.4, 17.7, -3.2],
				"rotation": [0, 0, 20]
			},
			{
				"name": "bone90",
				"parent": "bone89",
				"pivot": [-0.40923, 16.09451, -3.2],
				"rotation": [0, 0, -45]
			},
			{
				"name": "bone91",
				"parent": "bone89",
				"pivot": [-3.4, 17.7, -3.2],
				"rotation": [0, 0, 84]
			},
			{
				"name": "bone92",
				"parent": "bone89",
				"pivot": [-0.4, 17.7, -3.2]
			},
			{
				"name": "bone93",
				"parent": "bone88",
				"pivot": [-0.9, 17.45, -2.9],
				"rotation": [-15, 0, 10],
				"cubes": [
					{"origin": [-0.65, 13.95, -3.1], "size": [1, 4, 0], "uv": [103, 106]}
				]
			},
			{
				"name": "bone94",
				"parent": "bone87",
				"pivot": [14.35, 9.7, 11.3]
			},
			{
				"name": "bone95",
				"parent": "bone94",
				"pivot": [0.35, 17.7, -3.2],
				"rotation": [0, 0, -20]
			},
			{
				"name": "bone96",
				"parent": "bone95",
				"pivot": [0.35923, 16.09451, -3.2],
				"rotation": [0, 0, 45]
			},
			{
				"name": "bone97",
				"parent": "bone95",
				"pivot": [3.35, 17.7, -3.2],
				"rotation": [0, 0, -83]
			},
			{
				"name": "bone98",
				"parent": "bone95",
				"pivot": [0.35, 17.7, -3.2]
			},
			{
				"name": "bone99",
				"parent": "bone94",
				"pivot": [0.85, 17.45, -2.9],
				"rotation": [-15, 0, -10],
				"cubes": [
					{"origin": [-0.4, 13.95, -3.1], "size": [1, 4, 0], "uv": [103, 101]}
				]
			},
			{
				"name": "bone100",
				"parent": "bone87",
				"pivot": [-14.29393, 9.5, 11.40607],
				"cubes": [
					{"origin": [-1.04393, 16.5, -4.09393], "size": [2, 2, 2], "uv": [95, 124], "inflate": -0.3}
				]
			},
			{
				"name": "bone101",
				"parent": "body",
				"pivot": [-0.15, 11.98333, 2.9],
				"rotation": [0, -2.5, 0]
			},
			{
				"name": "bone102",
				"parent": "bone101",
				"pivot": [-6.4, 6.98333, 9.4],
				"cubes": [
					{"origin": [-0.4, 11.38333, 2.4], "size": [1, 2, 1], "uv": [6, 93], "inflate": 0.1}
				]
			},
			{
				"name": "bone103",
				"parent": "bone101",
				"pivot": [-0.5, 12.35, 2.5]
			},
			{
				"name": "bone104",
				"parent": "bone103",
				"pivot": [-0.65, 11.98333, 2.9],
				"rotation": [0, 0, -15],
				"cubes": [
					{"origin": [-4.29647, 11.3697, 2.399], "size": [4, 2, 1], "uv": [63, 113]}
				]
			},
			{
				"name": "bone105",
				"parent": "bone103",
				"pivot": [-0.65, 11.98333, 2.9],
				"rotation": [0, 0, 15],
				"cubes": [
					{"origin": [-4.50353, 11.3697, 2.4], "size": [4, 2, 1], "uv": [63, 116]}
				]
			},
			{
				"name": "bone106",
				"parent": "bone101",
				"pivot": [0.5, 12.35, 2.5]
			},
			{
				"name": "bone107",
				"parent": "bone106",
				"pivot": [0.65, 11.98333, 2.9],
				"rotation": [0, 0, 15],
				"cubes": [
					{"origin": [0.29647, 11.3697, 2.399], "size": [4, 2, 1], "uv": [63, 98]}
				]
			},
			{
				"name": "bone108",
				"parent": "bone106",
				"pivot": [0.65, 11.98333, 2.9],
				"rotation": [0, 0, -15],
				"cubes": [
					{"origin": [0.50353, 11.3697, 2.4], "size": [4, 2, 1], "uv": [62, 122]}
				]
			},
			{
				"name": "legLeft",
				"pivot": [2, 9, 0],
				"cubes": [
					{"origin": [0.499, 0, -1.5], "size": [3, 9, 3], "uv": [0, 46]}
				]
			},
			{
				"name": "legRight",
				"pivot": [-2, 9, 0],
				"cubes": [
					{"origin": [-3.499, 0, -1.5], "size": [3, 9, 3], "uv": [21, 44]}
				]
			}
		]
	}
}