{
	"format_version": "1.10.0",
	"geometry.model": {
		"texturewidth": 128,
		"textureheight": 128,
		"visible_bounds_width": 4,
		"visible_bounds_height": 3,
		"visible_bounds_offset": [0, 1.5, 0],
		"bones": [
			{
				"name": "head",
				"pivot": [0, 18, 0],
				"cubes": [
					{"origin": [-4, 18, -4], "size": [8, 8, 8], "uv": [36, 0]}
				]
			},
			{
				"name": "hat",
				"parent": "head",
				"pivot": [0, 26, 0],
				"cubes": [
					{"origin": [-2.5, 25.5, -2.5], "size": [5, 1, 5], "uv": [68, 0]},
					{"origin": [-3.5, 26, -2.5], "size": [1, 1, 5], "uv": [88, 0]},
					{"origin": [-2.5, 26, -3.5], "size": [5, 1, 1], "uv": [100, 0]},
					{"origin": [2.5, 26, -2.5], "size": [1, 1, 5], "uv": [112, 0]},
					{"origin": [-2.5, 26, 2.5], "size": [5, 1, 1], "uv": [100, 2]},
					{"origin": [-2.5, 27, -2.5], "size": [5, 1, 5], "uv": [68, 6]},
					{"origin": [-3, 27, -1.5], "size": [1, 1, 3], "uv": [88, 8]},
					{"origin": [2, 27, -1.5], "size": [1, 1, 3], "uv": [96, 8]},
					{"origin": [-1.5, 27, -3], "size": [3, 1, 1], "uv": [88, 6]},
					{"origin": [-1.5, 27, 2], "size": [3, 1, 1], "uv": [96, 6]},
					{"origin": [-2, 28, -2], "size": [4, 1, 4], "uv": [68, 12]},
					{"origin": [-1, 28, -2.5], "size": [2, 1, 1], "uv": [84, 12]},
					{"origin": [-1, 28, 1.5], "size": [2, 1, 1], "uv": [90, 12]},
					{"origin": [-2.5, 28, -1], "size": [1, 1, 2], "uv": [84, 14]},
					{"origin": [1.5, 27.5, -1], "size": [1, 1, 2], "uv": [90, 14]},
					{"origin": [-1.5, 29, -1], "size": [3, 1, 3], "uv": [68, 17]},
					{"origin": [-1, 29, -1.5], "size": [2, 1, 1], "uv": [80, 17]},
					{"origin": [-1, 29, 1.5], "size": [2, 1, 1], "uv": [80, 19]},
					{"origin": [-2, 29, -0.5], "size": [1, 1, 2], "uv": [86, 17]},
					{"origin": [1, 29, -0.5], "size": [1, 1, 2], "uv": [92, 17]},
					{"origin": [-1, 30, -0.25], "size": [2, 1, 2], "uv": [98, 12]},
					{"origin": [-0.75, 31, 0.625], "size": [1, 1, 1], "uv": [102, 19]},
					{"origin": [-4, 25.25, -4], "size": [8, 1, 8], "uv": [68, 21]},
					{"origin": [-4, 25.25, -4.002], "size": [8, 1, 0], "uv": [68, 30]},
					{"origin": [-4, 25.25, 4.001], "size": [8, 1, 0], "uv": [68, 31]},
					{"origin": [4.001, 25.25, -4], "size": [0, 1, 8], "uv": [106, 6]},
					{"origin": [-4.001, 25.25, -4], "size": [0, 1, 8], "uv": [106, 15]},
					{"origin": [0.5, 30, 0.25], "size": [1, 1, 1], "uv": [98, 17]},
					{"origin": [-1.5, 30, 0.25], "size": [1, 1, 1], "uv": [98, 19]},
					{"origin": [-0.5, 30, -0.75], "size": [1, 1, 1], "uv": [102, 15]},
					{"origin": [-0.5, 30, 1.25], "size": [1, 1, 1], "uv": [102, 17]},
					{"origin": [-0.25, 31, 0.625], "size": [1, 1, 1], "uv": [98, 15]},
					{"origin": [-0.75, 31, 0], "size": [1, 1, 1], "uv": [100, 24]},
					{"origin": [-0.25, 31, 0], "size": [1, 1, 1], "uv": [100, 26]},
					{"origin": [-0.5, 31.75, 0.75], "size": [1, 1, 1], "uv": [100, 28]}
				]
			},
			{
				"name": "hatFront",
				"parent": "hat",
				"pivot": [0, 26.25, -4],
				"rotation": [30, 0, 0],
				"cubes": [
					{"origin": [-0.5, 25.25, -4], "size": [1, 1, 1], "uv": [0, 0]}
				]
			},
			{
				"name": "bone3",
				"parent": "hatFront",
				"pivot": [0, 26.25, -4],
				"rotation": [0, 0, 45],
				"cubes": [
					{"origin": [-2, 23.25, -4], "size": [5, 5, 1], "uv": [18, 10]}
				]
			},
			{
				"name": "hatRight",
				"parent": "hat",
				"pivot": [-4, 26, 0],
				"rotation": [29.97274, -0.916, -23.41438],
				"cubes": [
					{"origin": [-4, 24, -3.5], "size": [1, 4, 7], "uv": [106, 24]}
				]
			},
			{
				"name": "hatLeft",
				"parent": "hat",
				"pivot": [4, 26, 0],
				"rotation": [30.08177, 0.91275, 23.41525],
				"cubes": [
					{"origin": [3, 24, -3.5], "size": [1, 4, 7], "uv": [106, 35]}
				]
			},
			{
				"name": "headFront",
				"parent": "head",
				"pivot": [0, 25.25, -4],
				"rotation": [-30, 0, 0],
				"cubes": [
					{"origin": [-4, 24.25, -4], "size": [8, 1, 1], "uv": [84, 30]}
				]
			},
			{
				"name": "bone4",
				"parent": "headFront",
				"pivot": [0, 24.25, -4],
				"rotation": [30, 0, 0],
				"cubes": [
					{"origin": [-4, 22.25, -4], "size": [3, 2, 1], "uv": [68, 32]},
					{"origin": [0, 22.25, -4], "size": [4, 2, 1], "uv": [76, 32]},
					{"origin": [-1, 23.25, -4], "size": [2, 1, 1], "uv": [68, 35]},
					{"origin": [-3.5, 21.25, -4], "size": [1, 1, 1], "uv": [74, 35]},
					{"origin": [2.5, 21.25, -4], "size": [1, 1, 1], "uv": [78, 35]}
				]
			},
			{
				"name": "hairFrontRight",
				"parent": "head",
				"pivot": [-4, 19, -4],
				"rotation": [-10, 0, 0],
				"cubes": [
					{"origin": [-4, 15, -4], "size": [1, 4, 1], "uv": [88, 32]}
				]
			},
			{
				"name": "hairFrontLeft",
				"parent": "head",
				"pivot": [4, 19, -4],
				"rotation": [-10, 0, 0],
				"cubes": [
					{"origin": [3, 15, -4], "size": [1, 4, 1], "uv": [84, 32]}
				]
			},
			{
				"name": "hairBack",
				"parent": "head",
				"pivot": [0, 18, 4],
				"rotation": [10, 0, 0]
			},
			{
				"name": "blink",
				"parent": "head",
				"pivot": [0, 18, 0],
				"cubes": [
					{"origin": [-4, 18, -4.001], "size": [8, 8, 0], "uv": [54, 88]}
				]
			},
			{
				"name": "hair",
				"parent": "head",
				"pivot": [0, 18, 0]
			},
			{
				"name": "bone38",
				"parent": "hair",
				"pivot": [0, 18, -4],
				"rotation": [-5, 0, 0]
			},
			{
				"name": "bone45",
				"parent": "hair",
				"pivot": [-4, 18, 0],
				"rotation": [0, 0, 2.5],
				"cubes": [
					{"origin": [-4, 11, 3], "size": [0, 7, 1], "uv": [126, 51]}
				]
			},
			{
				"name": "bone90",
				"parent": "hair",
				"pivot": [-4, 18, 0],
				"rotation": [0, 0, 5]
			},
			{
				"name": "bone103",
				"parent": "hair",
				"pivot": [4, 18, 0],
				"rotation": [0, 0, -5]
			},
			{
				"name": "bone147",
				"parent": "hair",
				"pivot": [4, 18, 0],
				"rotation": [0, 0, -2.5],
				"cubes": [
					{"origin": [4, 11, 3], "size": [0, 7, 1], "uv": [126, 51]}
				]
			},
			{
				"name": "bone150",
				"parent": "hair",
				"pivot": [0, 18, 4],
				"rotation": [4.5, 0, 0],
				"cubes": [
					{"origin": [3, 10, 4], "size": [1, 8, 0], "uv": [126, 52]},
					{"origin": [1, 9, 4], "size": [1, 9, 0], "uv": [126, 52]},
					{"origin": [-4, 10, 4], "size": [1, 8, 0], "uv": [126, 52]}
				]
			},
			{
				"name": "bone163",
				"parent": "hair",
				"pivot": [0, 18, 4],
				"rotation": [9, 0, 0],
				"cubes": [
					{"origin": [2, 9, 4], "size": [1, 9, 0], "uv": [126, 52]},
					{"origin": [0, 8, 4], "size": [1, 10, 0], "uv": [126, 52]},
					{"origin": [-2, 8, 4], "size": [1, 10, 0], "uv": [126, 52]}
				]
			},
			{
				"name": "bone164",
				"parent": "hair",
				"pivot": [0, 18, 4],
				"rotation": [7.5, 0, 0],
				"cubes": [
					{"origin": [-1, 9, 4], "size": [1, 9, 0], "uv": [126, 52]},
					{"origin": [-3, 9, 4], "size": [1, 9, 0], "uv": [126, 52]}
				]
			},
			{
				"name": "armRight",
				"pivot": [-3, 17.5, 0],
				"rotation": [0, 0, 25],
				"cubes": [
					{"origin": [-4.5, 7.5, -1], "size": [2, 8, 2], "uv": [20, 95]},
					{"origin": [-5, 8.25, -1.5], "size": [3, 7.75, 3], "uv": [36, 16]}
				]
			},
			{
				"name": "armLeft",
				"pivot": [3, 17.5, 0],
				"rotation": [0, 0, -25],
				"cubes": [
					{"origin": [2.5, 7.5, -1], "size": [2, 8, 2], "uv": [12, 95]},
					{"origin": [2, 8.25, -1.5], "size": [3, 7.75, 3], "uv": [48, 16]}
				]
			},
			{
				"name": "body",
				"pivot": [0, 10.5, 0],
				"cubes": [
					{"origin": [-3, 12, -3], "size": [6, 6, 6], "uv": [0, 27]},
					{"origin": [-3.5, 11, -3.5], "size": [7, 2, 7], "uv": [36, 27]},
					{"origin": [-3.7, 9.1, -3.8], "size": [7.4, 1.9, 7.8], "uv": [74, 38]}
				]
			},
			{
				"name": "bodyTie",
				"parent": "body",
				"pivot": [0, 17.75, -3],
				"cubes": [
					{"origin": [-0.5, 16.75, -3.5], "size": [1, 1, 1], "uv": [0, 39]}
				]
			},
			{
				"name": "bodyTieRight",
				"parent": "bodyTie",
				"pivot": [0.5, 17, -3],
				"rotation": [-10, 0, 15],
				"cubes": [
					{"origin": [-0.5, 15, -3.5], "size": [1, 2, 1], "uv": [0, 41]}
				]
			},
			{
				"name": "bodyTieLeft",
				"parent": "bodyTie",
				"pivot": [-0.5, 17, -3],
				"rotation": [-10, 0, -15],
				"cubes": [
					{"origin": [-0.5, 15, -3.5], "size": [1, 2, 1], "uv": [0, 44]}
				]
			},
			{
				"name": "clothLeft",
				"parent": "body",
				"pivot": [3, 18, 0],
				"rotation": [0, 0, 15],
				"cubes": [
					{"origin": [3, 14, -3.001], "size": [3, 4, 6], "uv": [0, 0]},
					{"origin": [3, 14, 3.001], "size": [2, 1, 0], "uv": [18, 8]}
				]
			},
			{
				"name": "clothFrontLeft",
				"parent": "clothLeft",
				"pivot": [3, 14, -4],
				"rotation": [0, 0, 35],
				"cubes": [
					{"origin": [2, 14, -3.001], "size": [1, 1, 0], "uv": [18, 9]},
					{"origin": [2, 14, 3.001], "size": [1, 1, 0], "uv": [24, 9]}
				]
			},
			{
				"name": "clothRight",
				"parent": "body",
				"pivot": [-3, 18, 0],
				"rotation": [0, 0, -15],
				"cubes": [
					{"origin": [-6, 14, -3.001], "size": [3, 4, 6], "uv": [0, 10]},
					{"origin": [-5, 14, 3.001], "size": [2, 1, 0], "uv": [22, 8]}
				]
			},
			{
				"name": "clothFrontRight",
				"parent": "clothRight",
				"pivot": [-3, 14, -3],
				"rotation": [0, 0, -35],
				"cubes": [
					{"origin": [-3, 14, -3.001], "size": [1, 1, 0], "uv": [20, 9]},
					{"origin": [-3, 14, 3.001], "size": [1, 1, 0], "uv": [22, 9]}
				]
			},
			{
				"name": "clothFront",
				"parent": "body",
				"pivot": [0, 14.5, -3],
				"cubes": [
					{"origin": [-1, 12.9, -3], "size": [1, 1, 1], "uv": [0, 0]}
				]
			},
			{
				"name": "bone",
				"parent": "clothFront",
				"pivot": [0, 14.5, -3],
				"rotation": [0, 0, -45],
				"cubes": [
					{"origin": [-1.7883, 12.7117, -3.002], "size": [4, 4, 0], "uv": [18, 0]}
				]
			},
			{
				"name": "clothBack",
				"parent": "body",
				"pivot": [0, 14.5, -3]
			},
			{
				"name": "bone2",
				"parent": "clothBack",
				"pivot": [0, 14.5, -3],
				"rotation": [0, 0, -45],
				"cubes": [
					{"origin": [-1.7883, 12.7117, 3.002], "size": [4, 4, 0], "uv": [18, 4]}
				]
			},
			{
				"name": "skirtRight",
				"parent": "body",
				"pivot": [-3.7, 11, 0],
				"rotation": [0, 0, 37.5],
				"cubes": [
					{"origin": [-3.7, 6, -3], "size": [1, 5, 6], "uv": [56, 117]},
					{"origin": [-3.7, 4, -2.5], "size": [1, 5.5, 5], "uv": [58, 113]}
				]
			},
			{
				"name": "skirtLeft",
				"parent": "body",
				"pivot": [3.7, 11, 0],
				"rotation": [0, 0, -37.5],
				"cubes": [
					{"origin": [2.7, 6, -3], "size": [1, 5, 6], "uv": [56, 117], "mirror": true},
					{"origin": [2.7, 4, -2.5], "size": [1, 5.5, 5], "uv": [58, 113], "mirror": true}
				]
			},
			{
				"name": "legRight",
				"pivot": [-2, 9, 0],
				"cubes": [
					{"origin": [-3.75, 0, -1.75], "size": [3.25, 9, 3.5], "uv": [70, 86]},
					{"origin": [-3.85, -0.1, -1.85], "size": [3.45, 2.9, 3.7], "uv": [70, 107]}
				]
			},
			{
				"name": "legLeft",
				"pivot": [2, 9, 0],
				"cubes": [
					{"origin": [0.5, 0, -1.75], "size": [3.25, 9, 3.5], "uv": [70, 86]},
					{"origin": [0.4, -0.1, -1.85], "size": [3.45, 2.9, 3.7], "uv": [70, 107], "mirror": true}
				]
			},
			{
				"name": "Skirt",
				"pivot": [0, 2.21216, 0]
			},
			{
				"name": "bone5",
				"parent": "Skirt",
				"pivot": [0, 2.21216, 0]
			},
			{
				"name": "bone6",
				"parent": "bone5",
				"pivot": [0, 2.21216, 0]
			},
			{
				"name": "bone7",
				"parent": "bone6",
				"pivot": [0, 2.21216, -10.49378],
				"rotation": [-40.30727, 0, 0]
			},
			{
				"name": "bone8",
				"parent": "bone7",
				"pivot": [0, 1.04748, -10.49378],
				"rotation": [0, 0, -15],
				"cubes": [
					{"origin": [2.85, 1.04748, -10.49378], "size": [1.65, 9, 0], "uv": [70, 119]},
					{"origin": [1.33205, 8.58338, -11.95788], "size": [4.63205, 6.73205, 3.23205], "uv": [73, 88], "inflate": -1.4641}
				]
			},
			{
				"name": "bone9",
				"parent": "bone7",
				"pivot": [0, 1.04748, -10.49378],
				"rotation": [0, 0, 15],
				"cubes": [
					{"origin": [-4.5, 1.04748, -10.49378], "size": [1.65, 9, 0], "uv": [126, 115]},
					{"origin": [-5.9641, 8.58338, -11.95788], "size": [4.63205, 6.73205, 3.23205], "uv": [72, 88], "inflate": -1.4641}
				]
			},
			{
				"name": "bone10",
				"parent": "bone5",
				"pivot": [0, 2.21216, 0],
				"rotation": [0, -45, 0]
			},
			{
				"name": "bone11",
				"parent": "bone10",
				"pivot": [0, 2.21216, -10.49378],
				"rotation": [-40.30727, 0, 0]
			},
			{
				"name": "bone12",
				"parent": "bone11",
				"pivot": [0, 1.04748, -10.49378],
				"rotation": [0, 0, -15],
				"cubes": [
					{"origin": [0, 1.04748, -10.49378], "size": [4.5, 9, 0], "uv": [109, 115]},
					{"origin": [0.73205, 8.58338, -11.95788], "size": [5.23205, 6.73205, 3.23205], "uv": [110, 88], "inflate": -1.4641}
				]
			},
			{
				"name": "bone13",
				"parent": "bone11",
				"pivot": [0, 1.04748, -10.49378],
				"rotation": [0, 0, 15],
				"cubes": [
					{"origin": [-4.5, 1.04748, -10.49378], "size": [4.5, 9, 0], "uv": [109, 115]},
					{"origin": [-5.9641, 8.58338, -11.95788], "size": [5.23205, 6.73205, 3.23205], "uv": [110, 88], "inflate": -1.4641}
				]
			},
			{
				"name": "bone14",
				"parent": "bone5",
				"pivot": [0, 2.21216, 0],
				"rotation": [0, -90, 0]
			},
			{
				"name": "bone15",
				"parent": "bone14",
				"pivot": [0, 2.21216, -10.49378],
				"rotation": [-40.30727, 0, 0]
			},
			{
				"name": "bone16",
				"parent": "bone15",
				"pivot": [0, 1.04748, -10.49378],
				"rotation": [0, 0, -15],
				"cubes": [
					{"origin": [0, 1.04748, -10.49378], "size": [4.5, 9, 0], "uv": [109, 115]},
					{"origin": [0.73205, 8.58338, -11.95788], "size": [5.23205, 6.73205, 3.23205], "uv": [106, 112], "inflate": -1.4641}
				]
			},
			{
				"name": "bone17",
				"parent": "bone15",
				"pivot": [0, 1.04748, -10.49378],
				"rotation": [0, 0, 15],
				"cubes": [
					{"origin": [-4.5, 1.04748, -10.49378], "size": [4.5, 9, 0], "uv": [109, 115]},
					{"origin": [-5.9641, 8.58338, -11.95788], "size": [5.23205, 6.73205, 3.23205], "uv": [106, 112], "inflate": -1.4641}
				]
			},
			{
				"name": "bone18",
				"parent": "bone5",
				"pivot": [0, 2.21216, 0],
				"rotation": [0, -135, 0]
			},
			{
				"name": "bone19",
				"parent": "bone18",
				"pivot": [0, 2.21216, -10.49378],
				"rotation": [-40.30727, 0, 0]
			},
			{
				"name": "bone20",
				"parent": "bone19",
				"pivot": [0, 1.04748, -10.49378],
				"rotation": [0, 0, -15],
				"cubes": [
					{"origin": [0, 1.04748, -10.49378], "size": [4.5, 9, 0], "uv": [109, 115]},
					{"origin": [0.73205, 8.58338, -11.95788], "size": [5.23205, 6.73205, 3.23205], "uv": [110, 88], "inflate": -1.4641}
				]
			},
			{
				"name": "bone21",
				"parent": "bone19",
				"pivot": [0, 1.04748, -10.49378],
				"rotation": [0, 0, 15],
				"cubes": [
					{"origin": [-4.5, 1.04748, -10.49378], "size": [4.5, 9, 0], "uv": [109, 115]},
					{"origin": [-5.9641, 8.58338, -11.95788], "size": [5.23205, 6.73205, 3.23205], "uv": [110, 88], "inflate": -1.4641}
				]
			},
			{
				"name": "bone22",
				"parent": "bone5",
				"pivot": [0, 2.21216, 0],
				"rotation": [0, -180, 0]
			},
			{
				"name": "bone23",
				"parent": "bone22",
				"pivot": [0, 2.21216, -10.49378],
				"rotation": [-40.30727, 0, 0]
			},
			{
				"name": "bone24",
				"parent": "bone23",
				"pivot": [0, 1.04748, -10.49378],
				"rotation": [0, 0, -15],
				"cubes": [
					{"origin": [0, 1.04748, -10.49378], "size": [4.5, 9, 0], "uv": [109, 115]},
					{"origin": [0.73205, 8.58338, -11.95788], "size": [5.23205, 6.73205, 3.23205], "uv": [110, 88], "inflate": -1.4641}
				]
			},
			{
				"name": "bone25",
				"parent": "bone23",
				"pivot": [0, 1.04748, -10.49378],
				"rotation": [0, 0, 15],
				"cubes": [
					{"origin": [-4.5, 1.04748, -10.49378], "size": [4.5, 9, 0], "uv": [109, 115]},
					{"origin": [-5.9641, 8.58338, -11.95788], "size": [5.23205, 6.73205, 3.23205], "uv": [110, 88], "inflate": -1.4641}
				]
			},
			{
				"name": "bone26",
				"parent": "bone5",
				"pivot": [0, 2.21216, 0],
				"rotation": [0, -225, 0]
			},
			{
				"name": "bone27",
				"parent": "bone26",
				"pivot": [0, 2.21216, -10.49378],
				"rotation": [-40.30727, 0, 0]
			},
			{
				"name": "bone28",
				"parent": "bone27",
				"pivot": [0, 1.04748, -10.49378],
				"rotation": [0, 0, -15],
				"cubes": [
					{"origin": [0, 1.04748, -10.49378], "size": [4.5, 9, 0], "uv": [109, 115]},
					{"origin": [0.73205, 8.58338, -11.95788], "size": [5.23205, 6.73205, 3.23205], "uv": [106, 112], "inflate": -1.4641}
				]
			},
			{
				"name": "bone29",
				"parent": "bone27",
				"pivot": [0, 1.04748, -10.49378],
				"rotation": [0, 0, 15],
				"cubes": [
					{"origin": [-4.5, 1.04748, -10.49378], "size": [4.5, 9, 0], "uv": [109, 115]},
					{"origin": [-5.9641, 8.58338, -11.95788], "size": [5.23205, 6.73205, 3.23205], "uv": [110, 88], "inflate": -1.4641}
				]
			},
			{
				"name": "bone30",
				"parent": "bone5",
				"pivot": [0, 2.21216, 0],
				"rotation": [0, -270, 0]
			},
			{
				"name": "bone31",
				"parent": "bone30",
				"pivot": [0, 2.21216, -10.49378],
				"rotation": [-40.30727, 0, 0]
			},
			{
				"name": "bone32",
				"parent": "bone31",
				"pivot": [0, 1.04748, -10.49378],
				"rotation": [0, 0, -15],
				"cubes": [
					{"origin": [0, 1.04748, -10.49378], "size": [4.5, 9, 0], "uv": [109, 115]},
					{"origin": [0.73205, 8.58338, -11.95788], "size": [5.23205, 6.73205, 3.23205], "uv": [106, 112], "inflate": -1.4641}
				]
			},
			{
				"name": "bone33",
				"parent": "bone31",
				"pivot": [0, 1.04748, -10.49378],
				"rotation": [0, 0, 15],
				"cubes": [
					{"origin": [-4.5, 1.04748, -10.49378], "size": [4.5, 9, 0], "uv": [109, 115]},
					{"origin": [-5.9641, 8.58338, -11.95788], "size": [5.23205, 6.73205, 3.23205], "uv": [106, 112], "inflate": -1.4641}
				]
			},
			{
				"name": "bone34",
				"parent": "bone5",
				"pivot": [0, 2.21216, 0],
				"rotation": [0, -315, 0]
			},
			{
				"name": "bone35",
				"parent": "bone34",
				"pivot": [0, 2.21216, -10.49378],
				"rotation": [-40.30727, 0, 0]
			},
			{
				"name": "bone36",
				"parent": "bone35",
				"pivot": [0, 1.04748, -10.49378],
				"rotation": [0, 0, -15],
				"cubes": [
					{"origin": [0, 1.04748, -10.49378], "size": [4.5, 9, 0], "uv": [109, 115]},
					{"origin": [0.73205, 8.58338, -11.95788], "size": [5.23205, 6.73205, 3.23205], "uv": [110, 88], "inflate": -1.4641}
				]
			},
			{
				"name": "bone37",
				"parent": "bone35",
				"pivot": [0, 1.04748, -10.49378],
				"rotation": [0, 0, 15],
				"cubes": [
					{"origin": [-4.5, 1.04748, -10.49378], "size": [4.5, 9, 0], "uv": [109, 115]},
					{"origin": [-5.9641, 8.58338, -11.95788], "size": [5.23205, 6.73205, 3.23205], "uv": [106, 112], "inflate": -1.4641}
				]
			}
		]
	}
}