{
	"format_version": "1.10.0",
	"geometry.model": {
		"texturewidth": 256,
		"textureheight": 256,
		"visible_bounds_width": 3,
		"visible_bounds_height": 3,
		"visible_bounds_offset": [0, 1.5, 0],
		"bones": [
			{
				"name": "bb_main2",
				"pivot": [0, 0, 0],
				"cubes": [
					{"origin": [-5.501, 8.75, -10.101], "size": [16, 16, 16], "uv": [123, 91], "inflate": -6.5}
				]
			},
			{
				"name": "bb_main",
				"pivot": [0, 0, 0],
				"cubes": [
					{"origin": [-2.5, 11, -4], "size": [5, 1, 8], "uv": [78, 32]},
					{"origin": [-4, 11, -2.5], "size": [8, 1, 5], "uv": [80, 35]},
					{"origin": [-3.5, 12, -3.5], "size": [7, 1, 7], "uv": [84, 2]},
					{"origin": [-0.5, 11.9, -3.6], "size": [1, 1.2, 3.1], "uv": [135, 3]},
					{"origin": [-3.01, 15, -3.01], "size": [6.02, 0.2, 6.02], "uv": [134, 3]},
					{"origin": [-3.51, 15.5, -3.51], "size": [7.02, 2.51, 7.02], "uv": [127, 64]},
					{"origin": [-3.01, 15, -3.01], "size": [6.02, 0.2, 6.02], "uv": [134, 3]},
					{"origin": [-3.55, 15.5, -3.55], "size": [2, 0.5, 0.05], "uv": [79, 72]},
					{"origin": [1.55, 15.5, -3.55], "size": [2, 0.5, 0.05], "uv": [79, 72], "mirror": true},
					{"origin": [3.5, 15.5, -3.52], "size": [0.05, 0.5, 7.05], "uv": [73, 63]},
					{"origin": [-3.55, 15.5, -3.52], "size": [0.05, 0.5, 7.05], "uv": [82, 58]},
					{"origin": [-3.55, 15.5, 3.5], "size": [7.1, 0.5, 0.05], "uv": [80, 72]}
				]
			},
			{
				"name": "head",
				"pivot": [0, 18, 0],
				"cubes": [
					{"origin": [-4, 18, -4], "size": [8, 8, 8], "uv": [40, 2]}
				]
			},
			{
				"name": "hair",
				"parent": "head",
				"pivot": [0, 18, 4],
				"rotation": [5, 0, 0]
			},
			{
				"name": "h8",
				"parent": "hair",
				"pivot": [0, 18, 4]
			},
			{
				"name": "h7",
				"parent": "hair",
				"pivot": [0, 18, 4],
				"rotation": [0.5, 0, 0]
			},
			{
				"name": "h6",
				"parent": "hair",
				"pivot": [0, 18, 4],
				"rotation": [1, 0, 0]
			},
			{
				"name": "h5",
				"parent": "hair",
				"pivot": [0, 18, 4],
				"rotation": [3, 0, 0]
			},
			{
				"name": "h4",
				"parent": "hair",
				"pivot": [0, 18, 4],
				"rotation": [1.5, 0, 0]
			},
			{
				"name": "h3",
				"parent": "hair",
				"pivot": [0, 18, 4],
				"rotation": [2, 0, 0]
			},
			{
				"name": "h2",
				"parent": "hair",
				"pivot": [0, 18, 4],
				"rotation": [1, 0, 0]
			},
			{
				"name": "h1",
				"parent": "hair",
				"pivot": [5, 20, 11],
				"rotation": [-87.49998, 85, -89.99998],
				"cubes": [
					{"origin": [18.8, 15, 9], "size": [1, 7, 1], "uv": [64, 32]},
					{"origin": [17.8, 16, 9], "size": [1, 6, 1], "uv": [64, 32]}
				]
			},
			{
				"name": "h10",
				"parent": "hair",
				"pivot": [-5, 20, 11],
				"rotation": [-87.49998, -85, 89.99998],
				"cubes": [
					{"origin": [-19.8, 15, 9], "size": [1, 7, 1], "uv": [66, 36], "mirror": true},
					{"origin": [-18.8, 16, 9], "size": [1, 6, 1], "uv": [66, 36], "mirror": true}
				]
			},
			{
				"name": "headdressLeftTop",
				"parent": "head",
				"pivot": [-1, 24.5, 4.5],
				"rotation": [0, 10, 25],
				"cubes": [
					{"origin": [-6, 25, 2.5], "size": [5, 2, 1], "uv": [24, 64]}
				]
			},
			{
				"name": "headdressLeftMiddle",
				"parent": "head",
				"pivot": [-1, 24.5, 4.5],
				"rotation": [0, 5, 15],
				"cubes": [
					{"origin": [-6, 25, 2.5], "size": [5, 2, 1], "uv": [12, 64]}
				]
			},
			{
				"name": "headdressRightTop",
				"parent": "head",
				"pivot": [1, 24.5, 4.5],
				"rotation": [0, -10, -25],
				"cubes": [
					{"origin": [1, 25, 2.5], "size": [5, 2, 1], "uv": [0, 64]}
				]
			},
			{
				"name": "headdressRightMiddle",
				"parent": "head",
				"pivot": [1, 24.5, 4.5],
				"rotation": [0, -5, -15],
				"cubes": [
					{"origin": [1, 25, 2.5], "size": [5, 2, 1], "uv": [16, 60]}
				]
			},
			{
				"name": "headdressLeftBottom",
				"parent": "head",
				"pivot": [0, 24, 4.5],
				"rotation": [0, -5, 5],
				"cubes": [
					{"origin": [-6, 25, 2.5], "size": [5, 2, 1], "uv": [16, 57]}
				]
			},
			{
				"name": "headdressRightBottom",
				"parent": "head",
				"pivot": [0, 24, 4.5],
				"rotation": [0, 5, -5],
				"cubes": [
					{"origin": [1, 25, 2.5], "size": [5, 2, 1], "uv": [16, 54]}
				]
			},
			{
				"name": "headdressBehide",
				"parent": "head",
				"pivot": [0, 27, 3],
				"rotation": [10, 0, 0],
				"cubes": [
					{"origin": [-1.5, 10, 3], "size": [3, 16, 3], "uv": [60, 26]},
					{"origin": [-1.5, 9.5, 3], "size": [3, 1, 3], "uv": [60, 46]}
				]
			},
			{
				"name": "headdressMiddle",
				"parent": "head",
				"pivot": [0, 25, 4.5],
				"cubes": [
					{"origin": [-1, 24.5, 2], "size": [2, 3, 1], "uv": [48, 64]},
					{"origin": [-1, 24, 3], "size": [2, 4, 1], "uv": [36, 64]},
					{"origin": [-1, 24.5, 3.5], "size": [2, 4, 1], "uv": [42, 64]}
				]
			},
			{
				"name": "hairLeft",
				"parent": "head",
				"pivot": [0, 18, 0],
				"rotation": [0, -25, 0]
			},
			{
				"name": "hairLeftA",
				"parent": "hairLeft",
				"pivot": [1, 25, 4],
				"rotation": [0, 0, 15],
				"cubes": [
					{"origin": [1.61661, 26.2005, 3.07738], "size": [3, 0, 1], "uv": [0, 69]}
				]
			},
			{
				"name": "hairLeftB",
				"parent": "hairLeft",
				"pivot": [1, 25, 4],
				"rotation": [0, 0, 55],
				"cubes": [
					{"origin": [2.99818, 28.24411, 3.07738], "size": [3, 0, 1], "uv": [8, 69]}
				]
			},
			{
				"name": "hairLeftC",
				"parent": "hairLeft",
				"pivot": [1, 25, 4],
				"rotation": [0, 0, 75],
				"cubes": [
					{"origin": [4.58686, 29.75788, 3.07738], "size": [3, 0, 1], "uv": [16, 69]}
				]
			},
			{
				"name": "hairLeftD",
				"parent": "hairLeft",
				"pivot": [1, 25, 4],
				"rotation": [0, 0, 90],
				"cubes": [
					{"origin": [6.13072, 31.30053, 3.07738], "size": [8, 0, 1], "uv": [12, 49]}
				]
			},
			{
				"name": "hairRight",
				"parent": "head",
				"pivot": [0, 18, 0],
				"rotation": [0, -155, 0]
			},
			{
				"name": "hairRightA",
				"parent": "hairRight",
				"pivot": [1, 25, 4],
				"rotation": [0, 0, 15],
				"cubes": [
					{"origin": [1.61661, 26.2005, -4.07738], "size": [3, 0, 1], "uv": [24, 69]}
				]
			},
			{
				"name": "hairRightB",
				"parent": "hairRight",
				"pivot": [1, 25, 4],
				"rotation": [0, 0, 55],
				"cubes": [
					{"origin": [2.99818, 28.24411, -4.07738], "size": [3, 0, 1], "uv": [32, 69]}
				]
			},
			{
				"name": "hairRightC",
				"parent": "hairRight",
				"pivot": [1, 25, 4],
				"rotation": [0, 0, 75],
				"cubes": [
					{"origin": [4.58686, 29.75788, -4.07738], "size": [3, 0, 1], "uv": [40, 69]}
				]
			},
			{
				"name": "hairRightD",
				"parent": "hairRight",
				"pivot": [1, 25, 4],
				"rotation": [0, 0, 90],
				"cubes": [
					{"origin": [6.13072, 31.30053, -4.07738], "size": [8, 0, 1], "uv": [12, 48]}
				]
			},
			{
				"name": "blink",
				"parent": "head",
				"pivot": [0, 18, 0],
				"cubes": [
					{"origin": [-4, 18, -4.01], "size": [8, 8, 0], "uv": [64, 2]}
				]
			},
			{
				"name": "armRight",
				"pivot": [-3, 17.5, 0],
				"rotation": [0, 0, 25],
				"cubes": [
					{"origin": [-5, 9.5, -1], "size": [2, 8, 2], "uv": [108, 27]},
					{"origin": [-5.35, 14.3, -1.35], "size": [2.7, 3.3, 2.7], "uv": [146, 41]},
					{"origin": [-5.125, 13.8, -1.125], "size": [2.25, 3.4, 2.25], "uv": [89, 5]},
					{"origin": [-5.125, 10.4, -1.125], "size": [2.25, 0.5, 2.25], "uv": [132, 8]}
				]
			},
			{
				"name": "armLeft",
				"pivot": [3, 17.5, 0],
				"rotation": [0, 0, -25],
				"cubes": [
					{"origin": [2.875, 10.4, -1.125], "size": [2.25, 0.5, 2.25], "uv": [132, 8]},
					{"origin": [3, 9.5, -1], "size": [2, 8, 2], "uv": [108, 27]},
					{"origin": [2.65, 14.3, -1.35], "size": [2.7, 3.3, 2.7], "uv": [146, 41]},
					{"origin": [2.875, 13.8, -1.125], "size": [2.25, 3.4, 2.25], "uv": [89, 5]}
				]
			},
			{
				"name": "body",
				"pivot": [0, 10.5, 0],
				"cubes": [
					{"origin": [-3, 13, -3], "size": [6, 5, 6], "uv": [32, 18]},
					{"origin": [-3, 10, -3], "size": [6, 3, 6], "uv": [2, 19]},
					{"origin": [-4, 8, -2], "size": [8, 3, 4], "uv": [20, 2]}
				]
			},
			{
				"name": "legLeft",
				"pivot": [2, 9, 0],
				"cubes": [
					{"origin": [0.75, 0, -1.5], "size": [3, 9, 3], "uv": [40, 30]}
				]
			},
			{
				"name": "legRight",
				"pivot": [-2, 9, 0],
				"cubes": [
					{"origin": [-3.75, 0, -1.5], "size": [3, 9, 3], "uv": [0, 42]}
				]
			},
			{
				"name": "bone",
				"pivot": [0, 8, 0]
			},
			{
				"name": "bone2",
				"parent": "bone",
				"pivot": [0, 8, 0]
			},
			{
				"name": "bone3",
				"parent": "bone2",
				"pivot": [0, 8, 4.3525],
				"rotation": [23, 0, 0]
			},
			{
				"name": "bone4",
				"parent": "bone3",
				"pivot": [0, 8, 4.3525],
				"rotation": [0, -45, 0],
				"cubes": [
					{"origin": [-1, 8, 3.3525], "size": [2, 3, 2], "uv": [106, 1]}
				]
			},
			{
				"name": "bone5",
				"parent": "bone",
				"pivot": [0, 8, 0],
				"rotation": [0, -36, 0]
			},
			{
				"name": "bone6",
				"parent": "bone5",
				"pivot": [0, 8, 4.3525],
				"rotation": [23, 0, 0]
			},
			{
				"name": "bone7",
				"parent": "bone6",
				"pivot": [0, 8, 4.3525],
				"rotation": [0, -45, 0],
				"cubes": [
					{"origin": [-1, 8, 3.3525], "size": [2, 3, 2], "uv": [106, 1]}
				]
			},
			{
				"name": "bone8",
				"parent": "bone",
				"pivot": [0, 8, 0],
				"rotation": [0, -72, 0]
			},
			{
				"name": "bone9",
				"parent": "bone8",
				"pivot": [0, 8, 4.3525],
				"rotation": [23, 0, 0]
			},
			{
				"name": "bone10",
				"parent": "bone9",
				"pivot": [0, 8, 4.3525],
				"rotation": [0, -45, 0],
				"cubes": [
					{"origin": [-1, 8, 3.3525], "size": [2, 3, 2], "uv": [106, 1]}
				]
			},
			{
				"name": "bone11",
				"parent": "bone",
				"pivot": [0, 8, 0],
				"rotation": [0, -108, 0]
			},
			{
				"name": "bone12",
				"parent": "bone11",
				"pivot": [0, 8, 4.3525],
				"rotation": [23, 0, 0]
			},
			{
				"name": "bone13",
				"parent": "bone12",
				"pivot": [0, 8, 4.3525],
				"rotation": [0, -45, 0],
				"cubes": [
					{"origin": [-1, 8, 3.3525], "size": [2, 3, 2], "uv": [106, 1]}
				]
			},
			{
				"name": "bone14",
				"parent": "bone",
				"pivot": [0, 8, 0],
				"rotation": [0, -144, 0]
			},
			{
				"name": "bone15",
				"parent": "bone14",
				"pivot": [0, 8, 4.3525],
				"rotation": [23, 0, 0]
			},
			{
				"name": "bone16",
				"parent": "bone15",
				"pivot": [0, 8, 4.3525],
				"rotation": [0, -45, 0],
				"cubes": [
					{"origin": [-1, 8, 3.3525], "size": [2, 3, 2], "uv": [106, 1]}
				]
			},
			{
				"name": "bone17",
				"parent": "bone",
				"pivot": [0, 8, 0],
				"rotation": [0, -180, 0]
			},
			{
				"name": "bone18",
				"parent": "bone17",
				"pivot": [0, 8, 4.3525],
				"rotation": [23, 0, 0]
			},
			{
				"name": "bone19",
				"parent": "bone18",
				"pivot": [0, 8, 4.3525],
				"rotation": [0, -45, 0],
				"cubes": [
					{"origin": [-1, 8, 3.3525], "size": [2, 3, 2], "uv": [106, 1]}
				]
			},
			{
				"name": "bone20",
				"parent": "bone",
				"pivot": [0, 8, 0],
				"rotation": [0, -216, 0]
			},
			{
				"name": "bone21",
				"parent": "bone20",
				"pivot": [0, 8, 4.3525],
				"rotation": [23, 0, 0]
			},
			{
				"name": "bone22",
				"parent": "bone21",
				"pivot": [0, 8, 4.3525],
				"rotation": [0, -45, 0],
				"cubes": [
					{"origin": [-1, 8, 3.3525], "size": [2, 3, 2], "uv": [106, 1]}
				]
			},
			{
				"name": "bone23",
				"parent": "bone",
				"pivot": [0, 8, 0],
				"rotation": [0, -252, 0]
			},
			{
				"name": "bone24",
				"parent": "bone23",
				"pivot": [0, 8, 4.3525],
				"rotation": [23, 0, 0]
			},
			{
				"name": "bone25",
				"parent": "bone24",
				"pivot": [0, 8, 4.3525],
				"rotation": [0, -45, 0],
				"cubes": [
					{"origin": [-1, 8, 3.3525], "size": [2, 3, 2], "uv": [106, 1]}
				]
			},
			{
				"name": "bone26",
				"parent": "bone",
				"pivot": [0, 8, 0],
				"rotation": [0, -288, 0]
			},
			{
				"name": "bone27",
				"parent": "bone26",
				"pivot": [0, 8, 4.3525],
				"rotation": [23, 0, 0]
			},
			{
				"name": "bone28",
				"parent": "bone27",
				"pivot": [0, 8, 4.3525],
				"rotation": [0, -45, 0],
				"cubes": [
					{"origin": [-1, 8, 3.3525], "size": [2, 3, 2], "uv": [106, 1]}
				]
			},
			{
				"name": "bone29",
				"parent": "bone",
				"pivot": [0, 8, 0],
				"rotation": [0, -324, 0]
			},
			{
				"name": "bone30",
				"parent": "bone29",
				"pivot": [0, 8, 4.3525],
				"rotation": [23, 0, 0]
			},
			{
				"name": "bone31",
				"parent": "bone30",
				"pivot": [0, 8, 4.3525],
				"rotation": [0, -45, 0],
				"cubes": [
					{"origin": [-1, 8, 3.3525], "size": [2, 3, 2], "uv": [106, 1]}
				]
			},
			{
				"name": "bone32",
				"pivot": [-1, 16.25, -4],
				"rotation": [0, 0, 90],
				"cubes": [
					{"origin": [-2.75, 15.65, -3.55], "size": [2.5, 0.5, 0.05], "uv": [79, 72]}
				]
			},
			{
				"name": "bone33",
				"pivot": [1, 16.25, -4],
				"rotation": [0, 0, -90],
				"cubes": [
					{"origin": [0.25, 15.65, -3.55], "size": [2.5, 0.5, 0.05], "uv": [79, 72], "mirror": true}
				]
			},
			{
				"name": "bone34",
				"pivot": [1, 18.55, -4],
				"rotation": [0, -90, -90],
				"cubes": [
					{"origin": [1.45, 17.95, -3.5], "size": [1, 0.5, 0.05], "uv": [81, 72], "mirror": true}
				]
			},
			{
				"name": "bone35",
				"pivot": [-1.7, 18.55, -4],
				"rotation": [0, -90, -90],
				"cubes": [
					{"origin": [-1.25, 17.95, -3.5], "size": [1, 0.5, 0.05], "uv": [81, 72], "mirror": true}
				]
			},
			{
				"name": "bone36",
				"pivot": [3, 11.4, -5.2],
				"rotation": [0, -25.5, 0],
				"cubes": [
					{"origin": [3, 11.4, -3.9], "size": [1.7, 2, 0.9], "uv": [90, 7]},
					{"origin": [3.75, 12.4, -4.05], "size": [0.3, 0.5, 0.15], "uv": [136, 8]}
				]
			},
			{
				"name": "bone37",
				"pivot": [0.21673, 1.57245, -0.324]
			},
			{
				"name": "bone38",
				"parent": "bone37",
				"pivot": [-9.61127, 6.57745, -0.324],
				"rotation": [0, 0, 40]
			},
			{
				"name": "bone39",
				"parent": "bone37",
				"pivot": [11.13673, 3.75645, -0.324],
				"rotation": [0, 0, -40]
			},
			{
				"name": "bone40",
				"pivot": [0, -0.7, 0]
			},
			{
				"name": "bone41",
				"parent": "bone40",
				"pivot": [-10.8, 4.8, 0],
				"rotation": [0, 0, 40]
			},
			{
				"name": "bone42",
				"parent": "bone40",
				"pivot": [12, 1.7, 0],
				"rotation": [0, 0, -40]
			}
		]
	}
}