{
	"format_version": "1.10.0",
	"geometry.model": {
		"texturewidth": 128,
		"textureheight": 128,
		"visible_bounds_width": 3,
		"visible_bounds_height": 4,
		"visible_bounds_offset": [0, 1, 0],
		"bones": [
			{
				"name": "head",
				"pivot": [0, 18, 0],
				"cubes": [
					{"origin": [-4, 18, -4], "size": [8, 8, 8], "uv": [0, 14]}
				]
			},
			{
				"name": "hat",
				"parent": "head",
				"pivot": [-0.1, 23.73333, -0.1],
				"rotation": [0, 2, 4],
				"cubes": [
					{"origin": [-4.07201, 27.48414, -4.10591], "size": [8, 0, 8], "uv": [16, 14]},
					{"origin": [-7.1, 23.85, -7.1], "size": [14, 0, 14], "uv": [0, 0]}
				]
			},
			{
				"name": "bone62",
				"parent": "hat",
				"pivot": [-0.1, -2.2, -0.1]
			},
			{
				"name": "bone63",
				"parent": "bone62",
				"pivot": [-0.1, 23.8, -0.1]
			},
			{
				"name": "bone64",
				"parent": "bone63",
				"pivot": [-0.1, 23.8, 4.38481],
				"rotation": [10.15589, 0, 0],
				"cubes": [
					{"origin": [-3.6, 23.62635, 4.39], "size": [7, 4, 0], "uv": [36, 49]}
				]
			},
			{
				"name": "bone65",
				"parent": "bone64",
				"pivot": [-3.6, 23.62635, 4.38481],
				"rotation": [0, 0, 10],
				"cubes": [
					{"origin": [-4.6, 23.62635, 4.38481], "size": [1, 4, 0], "uv": [16, 39]}
				]
			},
			{
				"name": "bone66",
				"parent": "bone64",
				"pivot": [3.4, 23.62635, 4.38481],
				"rotation": [0, 0, -10],
				"cubes": [
					{"origin": [3.4, 23.62635, 4.39], "size": [1, 4, 0], "uv": [14, 39]}
				]
			},
			{
				"name": "bone67",
				"parent": "bone62",
				"pivot": [-0.1, 23.8, -0.1],
				"rotation": [0, -90, 0]
			},
			{
				"name": "bone68",
				"parent": "bone67",
				"pivot": [-0.1, 23.8, 4.38481],
				"rotation": [10.15589, 0, 0],
				"cubes": [
					{"origin": [-3.6, 23.62635, 4.38481], "size": [7, 4, 0], "uv": [48, 41]}
				]
			},
			{
				"name": "bone69",
				"parent": "bone68",
				"pivot": [-3.6, 23.62635, 4.38481],
				"rotation": [0, 0, 10],
				"cubes": [
					{"origin": [-4.6, 23.62635, 4.39], "size": [1, 4, 0], "uv": [4, 39]}
				]
			},
			{
				"name": "bone70",
				"parent": "bone68",
				"pivot": [3.4, 23.62635, 4.38481],
				"rotation": [0, 0, -10],
				"cubes": [
					{"origin": [3.4, 23.62635, 4.39], "size": [1, 4, 0], "uv": [24, 35]}
				]
			},
			{
				"name": "bone71",
				"parent": "bone62",
				"pivot": [-0.1, 23.8, -0.1],
				"rotation": [0, -180, 0]
			},
			{
				"name": "bone72",
				"parent": "bone71",
				"pivot": [-0.1, 23.8, 4.38481],
				"rotation": [10.15589, 0, 0],
				"cubes": [
					{"origin": [-3.6, 23.62635, 4.38481], "size": [7, 4, 0], "uv": [48, 16]}
				]
			},
			{
				"name": "bone73",
				"parent": "bone72",
				"pivot": [-3.6, 23.62635, 4.38481],
				"rotation": [0, 0, 10],
				"cubes": [
					{"origin": [-4.6, 23.62635, 4.39], "size": [1, 4, 0], "uv": [32, 22]}
				]
			},
			{
				"name": "bone74",
				"parent": "bone72",
				"pivot": [3.4, 23.62635, 4.38481],
				"rotation": [0, 0, -10],
				"cubes": [
					{"origin": [3.4, 23.62635, 4.39], "size": [1, 4, 0], "uv": [4, 30]}
				]
			},
			{
				"name": "bone75",
				"parent": "bone62",
				"pivot": [-0.1, 23.8, -0.1],
				"rotation": [0, -270, 0]
			},
			{
				"name": "bone76",
				"parent": "bone75",
				"pivot": [-0.1, 23.8, 4.38481],
				"rotation": [10.15589, 0, 0],
				"cubes": [
					{"origin": [-3.6, 23.62635, 4.38481], "size": [7, 4, 0], "uv": [44, 25]}
				]
			},
			{
				"name": "bone77",
				"parent": "bone76",
				"pivot": [-3.6, 23.62635, 4.38481],
				"rotation": [0, 0, 10],
				"cubes": [
					{"origin": [-4.6, 23.62635, 4.39], "size": [1, 4, 0], "uv": [12, 7]}
				]
			},
			{
				"name": "bone78",
				"parent": "bone76",
				"pivot": [3.4, 23.62635, 4.38481],
				"rotation": [0, 0, -10],
				"cubes": [
					{"origin": [3.4, 23.62635, 4.39], "size": [1, 4, 0], "uv": [12, 3]}
				]
			},
			{
				"name": "bone85",
				"parent": "hat",
				"pivot": [3.65, 25.98333, -4.1],
				"rotation": [0, -40, 0]
			},
			{
				"name": "bone86",
				"parent": "bone85",
				"pivot": [-2.6, 20.98333, 2.4],
				"cubes": [
					{"origin": [3.4, 24.98333, -4.6], "size": [1, 2, 1], "uv": [9, 0], "inflate": 0.1}
				]
			},
			{
				"name": "bone89",
				"parent": "bone85",
				"pivot": [3.3, 26.35, -4.5]
			},
			{
				"name": "bone88",
				"parent": "bone89",
				"pivot": [3.15, 25.98333, -4.1],
				"rotation": [0, 0, -15],
				"cubes": [
					{"origin": [-0.6, 24.98333, -4.601], "size": [4, 2, 1], "uv": [66, 20]}
				]
			},
			{
				"name": "bone87",
				"parent": "bone89",
				"pivot": [3.15, 25.98333, -4.1],
				"rotation": [0, 0, 15],
				"cubes": [
					{"origin": [-0.6, 24.98333, -4.6], "size": [4, 2, 1], "uv": [66, 23]}
				]
			},
			{
				"name": "bone90",
				"parent": "bone85",
				"pivot": [4.3, 26.35, -4.5]
			},
			{
				"name": "bone91",
				"parent": "bone90",
				"pivot": [4.45, 25.98333, -4.1],
				"rotation": [0, 0, 15],
				"cubes": [
					{"origin": [4.2, 24.98333, -4.601], "size": [4, 2, 1], "uv": [66, 5]}
				]
			},
			{
				"name": "bone92",
				"parent": "bone90",
				"pivot": [4.45, 25.98333, -4.1],
				"rotation": [0, 0, -15],
				"cubes": [
					{"origin": [4.2, 24.98333, -4.6], "size": [4, 2, 1], "uv": [65, 29]}
				]
			},
			{
				"name": "blink",
				"parent": "head",
				"pivot": [0, 18, 0],
				"cubes": [
					{"origin": [-4, 18, -4.001], "size": [8, 8, 0], "uv": [42, 0]}
				]
			},
			{
				"name": "bone79",
				"parent": "head",
				"pivot": [3.9, 18.3, -3.9],
				"rotation": [-10, 0, -5],
				"cubes": [
					{"origin": [2.8, 14.2, -3.8], "size": [1, 4, 1], "uv": [0, 30], "inflate": 0.2}
				]
			},
			{
				"name": "bone80",
				"parent": "bone79",
				"pivot": [3.3, 14.2, -3.3],
				"rotation": [0, 0, -5],
				"cubes": [
					{"origin": [2.8, 12.2, -3.8], "size": [1, 2, 1], "uv": [0, 39], "inflate": -0.1}
				]
			},
			{
				"name": "bone81",
				"parent": "bone79",
				"pivot": [0.05519, 18.51654, -0.01166]
			},
			{
				"name": "bone82",
				"parent": "bone81",
				"pivot": [0.05519, 18.51654, -0.01166],
				"cubes": [
					{"origin": [2.85519, 13.58181, -4.60862], "size": [1, 1, 1], "uv": [6, 12]}
				]
			},
			{
				"name": "bone83",
				"parent": "bone81",
				"pivot": [3.35456, 14.10188, -3.50037],
				"rotation": [0, -15, -10],
				"cubes": [
					{"origin": [1.35456, 13.60188, -4.00037], "size": [2, 1, 0], "uv": [28, 30]}
				]
			},
			{
				"name": "bone84",
				"parent": "bone81",
				"pivot": [3.41652, 14.09131, -3.54907],
				"rotation": [0, 15, 5],
				"cubes": [
					{"origin": [3.41652, 13.59131, -4.04907], "size": [2, 1, 0], "uv": [24, 30]}
				]
			},
			{
				"name": "armRight",
				"pivot": [-3, 17.5, 0],
				"rotation": [0, 0, 25],
				"cubes": [
					{"origin": [-5, 8.5, -1], "size": [2, 8, 2], "uv": [64, 53]},
					{"origin": [-5.5, 9.5, -1.5], "size": [3, 8, 3], "uv": [24, 49], "inflate": -0.4}
				]
			},
			{
				"name": "armLeft",
				"pivot": [3, 17.5, 0],
				"rotation": [0, 0, -25],
				"cubes": [
					{"origin": [3, 8.5, -1], "size": [2, 8, 2], "uv": [0, 12]},
					{"origin": [2.5, 9.5, -1.5], "size": [3, 8, 3], "uv": [12, 49], "inflate": -0.4}
				]
			},
			{
				"name": "body",
				"pivot": [0, 10.5, 0],
				"cubes": [
					{"origin": [-3, 8.999, -3], "size": [6, 9, 6], "uv": [26, 26]}
				]
			},
			{
				"name": "bone58",
				"parent": "body",
				"pivot": [-0.7, 18.25, 0],
				"rotation": [0, 0, -30]
			},
			{
				"name": "bone57",
				"parent": "bone58",
				"pivot": [-3.68307, 18.21075, 0],
				"rotation": [0, 0, 10],
				"cubes": [
					{"origin": [-4.68307, 17.71075, -3], "size": [4, 2, 6], "uv": [14, 41], "inflate": 0.1}
				]
			},
			{
				"name": "bone98",
				"parent": "bone57",
				"pivot": [-0.68307, 19.71075, 0],
				"rotation": [0, 0, -15],
				"cubes": [
					{"origin": [-5.11959, 16.85941, -3.001], "size": [4, 2, 6], "uv": [34, 41], "inflate": 0.1}
				]
			},
			{
				"name": "bone147",
				"parent": "bone57",
				"pivot": [-0.68307, 19.71075, 0],
				"rotation": [0, 0, -15],
				"cubes": [
					{"origin": [-5.11959, 16.85941, -3.001], "size": [4, 2, 6], "uv": [34, 41], "inflate": 0.1}
				]
			},
			{
				"name": "bone56",
				"parent": "bone58",
				"pivot": [-1.77781, 17.11075, 0],
				"rotation": [0, 0, 30],
				"cubes": [
					{"origin": [-3.87781, 16.61075, -3.1], "size": [4, 2, 6.2], "uv": [14, 41], "inflate": 0.1}
				]
			},
			{
				"name": "bone60",
				"parent": "bone58",
				"pivot": [-0.91179, 16.61075, 0],
				"rotation": [0, 0, 30]
			},
			{
				"name": "bone59",
				"parent": "body",
				"pivot": [0.7, 18.25, 0],
				"rotation": [0, 0, 30]
			},
			{
				"name": "bone61",
				"parent": "bone59",
				"pivot": [3.68307, 18.21075, 0],
				"rotation": [0, 0, -10],
				"cubes": [
					{"origin": [0.68307, 17.71075, -3], "size": [4, 2, 6], "uv": [0, 39], "inflate": 0.1}
				]
			},
			{
				"name": "Skirt",
				"parent": "body",
				"pivot": [0, 16.5, 0]
			},
			{
				"name": "skirt",
				"parent": "Skirt",
				"pivot": [0, 16.5, 0]
			},
			{
				"name": "bone",
				"parent": "skirt",
				"pivot": [0, 6, 0]
			},
			{
				"name": "bone2",
				"parent": "bone",
				"pivot": [0, 6, 7.10973],
				"rotation": [45, 0, 0]
			},
			{
				"name": "bone3",
				"parent": "bone2",
				"pivot": [0, 6, 7.10973],
				"rotation": [0, -45, 0],
				"cubes": [
					{"origin": [-1, 6, 6.10973], "size": [2, 8, 2], "uv": [64, 64]}
				]
			},
			{
				"name": "bone4",
				"parent": "skirt",
				"pivot": [0, 6, 0],
				"rotation": [0, -22.5, 0]
			},
			{
				"name": "bone5",
				"parent": "bone4",
				"pivot": [0, 6, 7.10973],
				"rotation": [45, 0, 0]
			},
			{
				"name": "bone6",
				"parent": "bone5",
				"pivot": [0, 6, 7.10973],
				"rotation": [0, -45, 0],
				"cubes": [
					{"origin": [-1, 6, 6.10973], "size": [2, 8, 2], "uv": [32, 63]}
				]
			},
			{
				"name": "bone7",
				"parent": "skirt",
				"pivot": [0, 6, 0],
				"rotation": [0, -45, 0]
			},
			{
				"name": "bone8",
				"parent": "bone7",
				"pivot": [0, 6, 7.10973],
				"rotation": [45, 0, 0]
			},
			{
				"name": "bone9",
				"parent": "bone8",
				"pivot": [0, 6, 7.10973],
				"rotation": [0, -45, 0],
				"cubes": [
					{"origin": [-1, 6, 6.10973], "size": [2, 8, 2], "uv": [62, 10]}
				]
			},
			{
				"name": "bone10",
				"parent": "skirt",
				"pivot": [0, 6, 0],
				"rotation": [0, -67.5, 0]
			},
			{
				"name": "bone11",
				"parent": "bone10",
				"pivot": [0, 6, 7.10973],
				"rotation": [45, 0, 0]
			},
			{
				"name": "bone12",
				"parent": "bone11",
				"pivot": [0, 6, 7.10973],
				"rotation": [0, -45, 0],
				"cubes": [
					{"origin": [-1, 6, 6.10973], "size": [2, 8, 2], "uv": [24, 60]}
				]
			},
			{
				"name": "bone13",
				"parent": "skirt",
				"pivot": [0, 6, 0],
				"rotation": [0, -90, 0]
			},
			{
				"name": "bone14",
				"parent": "bone13",
				"pivot": [0, 6, 7.10973],
				"rotation": [45, 0, 0]
			},
			{
				"name": "bone15",
				"parent": "bone14",
				"pivot": [0, 6, 7.10973],
				"rotation": [0, -45, 0],
				"cubes": [
					{"origin": [-1, 6, 6.10973], "size": [2, 8, 2], "uv": [16, 60]}
				]
			},
			{
				"name": "bone16",
				"parent": "skirt",
				"pivot": [0, 6, 0],
				"rotation": [0, -112.5, 0]
			},
			{
				"name": "bone17",
				"parent": "bone16",
				"pivot": [0, 6, 7.10973],
				"rotation": [45, 0, 0]
			},
			{
				"name": "bone18",
				"parent": "bone17",
				"pivot": [0, 6, 7.10973],
				"rotation": [0, -45, 0],
				"cubes": [
					{"origin": [-1, 6, 6.10973], "size": [2, 8, 2], "uv": [8, 60]}
				]
			},
			{
				"name": "bone19",
				"parent": "skirt",
				"pivot": [0, 6, 0],
				"rotation": [0, -135, 0]
			},
			{
				"name": "bone20",
				"parent": "bone19",
				"pivot": [0, 6, 7.10973],
				"rotation": [45, 0, 0]
			},
			{
				"name": "bone21",
				"parent": "bone20",
				"pivot": [0, 6, 7.10973],
				"rotation": [0, -45, 0],
				"cubes": [
					{"origin": [-1, 6, 6.10973], "size": [2, 8, 2], "uv": [0, 59]}
				]
			},
			{
				"name": "bone22",
				"parent": "skirt",
				"pivot": [0, 6, 0],
				"rotation": [0, -157.5, 0]
			},
			{
				"name": "bone23",
				"parent": "bone22",
				"pivot": [0, 6, 7.10973],
				"rotation": [45, 0, 0]
			},
			{
				"name": "bone24",
				"parent": "bone23",
				"pivot": [0, 6, 7.10973],
				"rotation": [0, -45, 0],
				"cubes": [
					{"origin": [-1, 6, 6.10973], "size": [2, 8, 2], "uv": [58, 45]}
				]
			},
			{
				"name": "bone25",
				"parent": "skirt",
				"pivot": [0, 6, 0],
				"rotation": [0, -180, 0]
			},
			{
				"name": "bone26",
				"parent": "bone25",
				"pivot": [0, 6, 7.10973],
				"rotation": [45, 0, 0]
			},
			{
				"name": "bone27",
				"parent": "bone26",
				"pivot": [0, 6, 7.10973],
				"rotation": [0, -45, 0],
				"cubes": [
					{"origin": [-1, 6, 6.10973], "size": [2, 8, 2], "uv": [58, 30]}
				]
			},
			{
				"name": "bone28",
				"parent": "skirt",
				"pivot": [0, 6, 0],
				"rotation": [0, -202.5, 0]
			},
			{
				"name": "bone29",
				"parent": "bone28",
				"pivot": [0, 6, 7.10973],
				"rotation": [45, 0, 0]
			},
			{
				"name": "bone30",
				"parent": "bone29",
				"pivot": [0, 6, 7.10973],
				"rotation": [0, -45, 0],
				"cubes": [
					{"origin": [-1, 6, 6.10973], "size": [2, 8, 2], "uv": [58, 20]}
				]
			},
			{
				"name": "bone31",
				"parent": "skirt",
				"pivot": [0, 6, 0],
				"rotation": [0, -225, 0]
			},
			{
				"name": "bone32",
				"parent": "bone31",
				"pivot": [0, 6, 7.10973],
				"rotation": [45, 0, 0]
			},
			{
				"name": "bone33",
				"parent": "bone32",
				"pivot": [0, 6, 7.10973],
				"rotation": [0, -45, 0],
				"cubes": [
					{"origin": [-1, 6, 6.10973], "size": [2, 8, 2], "uv": [58, 0]}
				]
			},
			{
				"name": "bone34",
				"parent": "skirt",
				"pivot": [0, 6, 0],
				"rotation": [0, -247.5, 0]
			},
			{
				"name": "bone35",
				"parent": "bone34",
				"pivot": [0, 6, 7.10973],
				"rotation": [45, 0, 0]
			},
			{
				"name": "bone36",
				"parent": "bone35",
				"pivot": [0, 6, 7.10973],
				"rotation": [0, -45, 0],
				"cubes": [
					{"origin": [-1, 6, 6.10973], "size": [2, 8, 2], "uv": [56, 58]}
				]
			},
			{
				"name": "bone37",
				"parent": "skirt",
				"pivot": [0, 6, 0],
				"rotation": [0, -270, 0]
			},
			{
				"name": "bone38",
				"parent": "bone37",
				"pivot": [0, 6, 7.10973],
				"rotation": [45, 0, 0]
			},
			{
				"name": "bone39",
				"parent": "bone38",
				"pivot": [0, 6, 7.10973],
				"rotation": [0, -45, 0],
				"cubes": [
					{"origin": [-1, 6, 6.10973], "size": [2, 8, 2], "uv": [44, 58]}
				]
			},
			{
				"name": "bone40",
				"parent": "skirt",
				"pivot": [0, 6, 0],
				"rotation": [0, -292.5, 0]
			},
			{
				"name": "bone41",
				"parent": "bone40",
				"pivot": [0, 6, 7.10973],
				"rotation": [45, 0, 0]
			},
			{
				"name": "bone42",
				"parent": "bone41",
				"pivot": [0, 6, 7.10973],
				"rotation": [0, -45, 0],
				"cubes": [
					{"origin": [-1, 6, 6.10973], "size": [2, 8, 2], "uv": [36, 53]}
				]
			},
			{
				"name": "bone43",
				"parent": "skirt",
				"pivot": [0, 6, 0],
				"rotation": [0, -315, 0]
			},
			{
				"name": "bone44",
				"parent": "bone43",
				"pivot": [0, 6, 7.10973],
				"rotation": [45, 0, 0]
			},
			{
				"name": "bone45",
				"parent": "bone44",
				"pivot": [0, 6, 7.10973],
				"rotation": [0, -45, 0],
				"cubes": [
					{"origin": [-1, 6, 6.10973], "size": [2, 8, 2], "uv": [50, 29]}
				]
			},
			{
				"name": "bone46",
				"parent": "skirt",
				"pivot": [0, 6, 0],
				"rotation": [0, -337.5, 0]
			},
			{
				"name": "bone47",
				"parent": "bone46",
				"pivot": [0, 6, 7.10973],
				"rotation": [45, 0, 0]
			},
			{
				"name": "bone48",
				"parent": "bone47",
				"pivot": [0, 6, 7.10973],
				"rotation": [0, -45, 0],
				"cubes": [
					{"origin": [-1, 6, 6.10973], "size": [2, 8, 2], "uv": [50, 50]}
				]
			},
			{
				"name": "bone55",
				"parent": "body",
				"pivot": [0, 10.7, 0]
			},
			{
				"name": "skirtLeft2",
				"parent": "bone55",
				"pivot": [0, -0.2, 0]
			},
			{
				"name": "bone51",
				"parent": "skirtLeft2",
				"pivot": [-0.3, 13.199, 0],
				"rotation": [0, 0, -15],
				"cubes": [
					{"origin": [-0.9, 10.199, -3], "size": [4, 3, 6], "uv": [0, 30]}
				]
			},
			{
				"name": "bone52",
				"parent": "skirtLeft2",
				"pivot": [-0.2, 12.999, -1.6],
				"rotation": [-10, 0, -15],
				"cubes": [
					{"origin": [-0.1, 9.999, -3], "size": [3.25, 3, 2], "uv": [62, 40]}
				]
			},
			{
				"name": "bone53",
				"parent": "skirtLeft2",
				"pivot": [-0.2, 12.999, 1.6],
				"rotation": [10, 0, -15],
				"cubes": [
					{"origin": [-0.85, 9.999, 1], "size": [4, 3, 2], "uv": [28, 41]}
				]
			},
			{
				"name": "skirtLeft",
				"parent": "bone55",
				"pivot": [0, -0.2, 0]
			},
			{
				"name": "bone49",
				"parent": "skirtLeft",
				"pivot": [0.3, 13.199, 0],
				"rotation": [0, 0, 15],
				"cubes": [
					{"origin": [-3.1, 10.199, -3], "size": [4, 3, 6], "uv": [34, 16]}
				]
			},
			{
				"name": "bone50",
				"parent": "skirtLeft",
				"pivot": [0.2, 12.999, -1.6],
				"rotation": [-10, 0, 15],
				"cubes": [
					{"origin": [-3.15, 9.999, -3], "size": [3.25, 3, 2], "uv": [66, 0]}
				]
			},
			{
				"name": "bone54",
				"parent": "skirtLeft",
				"pivot": [0.2, 12.999, 1.6],
				"rotation": [10, 0, 15],
				"cubes": [
					{"origin": [-3.15, 9.999, 1], "size": [4, 3, 2], "uv": [14, 30]}
				]
			},
			{
				"name": "tie",
				"parent": "body",
				"pivot": [0, 16.55, -2.8],
				"cubes": [
					{"origin": [-0.5, 16.8, -3.4], "size": [1, 1, 1.1], "uv": [10, 12]}
				]
			},
			{
				"name": "tie2",
				"parent": "tie",
				"pivot": [0, 17, -3],
				"rotation": [0, 0, 5],
				"cubes": [
					{"origin": [-0.5, 13.8, -3.4], "size": [1, 4, 1.1], "uv": [20, 35], "inflate": -0.1}
				]
			},
			{
				"name": "tie3",
				"parent": "tie",
				"pivot": [0, 17, -3],
				"rotation": [0, 0, -5],
				"cubes": [
					{"origin": [-0.5, 13.8, -3.4], "size": [1, 4, 1.1], "uv": [20, 35], "inflate": -0.1}
				]
			},
			{
				"name": "bone93",
				"parent": "body",
				"pivot": [4.8, 15.7, 1],
				"rotation": [0, 0, -37.5],
				"cubes": [
					{"origin": [-5.2, 16.7, -3.5], "size": [11, 1, 0.5], "uv": [62, 113]}
				]
			},
			{
				"name": "bone95",
				"parent": "body",
				"pivot": [4.8, 15.7, 8],
				"rotation": [0, 0, -37.5],
				"cubes": [
					{"origin": [-5.2, 16.7, 3], "size": [11, 1, 0.5], "uv": [62, 113]}
				]
			},
			{
				"name": "bone94",
				"parent": "body",
				"pivot": [4, 16, 1],
				"cubes": [
					{"origin": [4, 17, -3.5], "size": [0.95, 0.75, 7.25], "uv": [66, 107]}
				]
			},
			{
				"name": "bone96",
				"parent": "body",
				"pivot": [-4.7, 9.4, 1],
				"cubes": [
					{"origin": [-4.85, 10.4, -3.5], "size": [1.15, 1, 7.25], "uv": [67, 107]}
				]
			},
			{
				"name": "bone97",
				"parent": "body",
				"pivot": [-6.2, 8.5, 1],
				"rotation": [0, 0, 27],
				"cubes": [
					{"origin": [-7.2, 9.2, -3.1], "size": [1.7, 3.3, 6.1], "uv": [64, 106]}
				]
			},
			{
				"name": "bone148",
				"parent": "body",
				"pivot": [0.7, 18.25, 0],
				"rotation": [0, 0, 30]
			},
			{
				"name": "bone149",
				"parent": "bone148",
				"pivot": [0.68307, 19.71075, 0],
				"rotation": [0, 0, 15],
				"cubes": [
					{"origin": [1.11959, 16.85941, -3.002], "size": [4, 2, 6], "uv": [40, 8], "inflate": 0.1}
				]
			},
			{
				"name": "bone150",
				"parent": "bone148",
				"pivot": [3.68307, 18.21075, 0],
				"rotation": [0, 0, -10],
				"cubes": [
					{"origin": [0.68307, 17.71075, -3], "size": [4, 2, 6], "uv": [0, 39], "inflate": 0.1}
				]
			},
			{
				"name": "legLeft",
				"pivot": [2, 9, 0],
				"cubes": [
					{"origin": [0.499, 0, -1.5], "size": [3, 9, 3], "uv": [0, 47]}
				]
			},
			{
				"name": "legRight",
				"pivot": [-2, 9, 0],
				"cubes": [
					{"origin": [-3.499, 0, -1.5], "size": [3, 9, 3], "uv": [0, 0]}
				]
			},
			{
				"name": "hair",
				"pivot": [0, 16.2, -0.8]
			},
			{
				"name": "bone99",
				"parent": "hair",
				"pivot": [4, 16.2, -3.8],
				"rotation": [0, 0, -5]
			},
			{
				"name": "bone100",
				"parent": "bone99",
				"pivot": [0, 16.2, -0.8],
				"rotation": [0, 0, 5]
			},
			{
				"name": "bone101",
				"parent": "bone99",
				"pivot": [0, 16.2, -0.8],
				"rotation": [0, 0, 10]
			},
			{
				"name": "bone102",
				"parent": "hair",
				"pivot": [4, 16.2, -2.8],
				"rotation": [0, 0, -10]
			},
			{
				"name": "bone103",
				"parent": "bone102",
				"pivot": [0, 16.2, 0.2],
				"rotation": [0, 0, 5]
			},
			{
				"name": "bone104",
				"parent": "bone102",
				"pivot": [0, 16.2, 0.2],
				"rotation": [0, 0, 10]
			},
			{
				"name": "bone105",
				"parent": "hair",
				"pivot": [4, 16.2, 2.2],
				"rotation": [0, 0, -10]
			},
			{
				"name": "bone106",
				"parent": "bone105",
				"pivot": [0, 16.2, 5.2],
				"rotation": [0, 0, 5]
			},
			{
				"name": "bone107",
				"parent": "bone105",
				"pivot": [0, 16.2, 5.2],
				"rotation": [0, 0, 10]
			},
			{
				"name": "bone108",
				"parent": "hair",
				"pivot": [4, 16.2, 3.2],
				"rotation": [0, 0, -15]
			},
			{
				"name": "bone109",
				"parent": "bone108",
				"pivot": [0, 16.2, 6.2],
				"rotation": [0, 0, 5]
			},
			{
				"name": "bone110",
				"parent": "bone108",
				"pivot": [0, 16.2, 6.2],
				"rotation": [0, 0, 10]
			},
			{
				"name": "bone111",
				"parent": "hair",
				"pivot": [-4, 16.2, -3.8],
				"rotation": [0, 0, 5]
			},
			{
				"name": "bone112",
				"parent": "bone111",
				"pivot": [0, 16.2, -0.8],
				"rotation": [0, 0, -10]
			},
			{
				"name": "bone113",
				"parent": "bone111",
				"pivot": [0, 16.2, -0.8],
				"rotation": [0, 0, -15]
			},
			{
				"name": "bone114",
				"parent": "hair",
				"pivot": [-4, 16.2, -2.8],
				"rotation": [0, 0, 10]
			},
			{
				"name": "bone115",
				"parent": "bone114",
				"pivot": [0, 16.2, 0.2],
				"rotation": [0, 0, -10]
			},
			{
				"name": "bone116",
				"parent": "bone114",
				"pivot": [0, 16.2, 0.2],
				"rotation": [0, 0, -15],
				"cubes": [
					{"origin": [-5.07329, 9.37918, -3.8], "size": [0, 2, 1], "uv": [71, 103]}
				]
			},
			{
				"name": "bone117",
				"parent": "hair",
				"pivot": [-4, 16.2, 2.2],
				"rotation": [0, 0, 10]
			},
			{
				"name": "bone118",
				"parent": "bone117",
				"pivot": [0, 16.2, 5.2],
				"rotation": [0, 0, -10]
			},
			{
				"name": "bone119",
				"parent": "bone117",
				"pivot": [0, 16.2, 5.2],
				"rotation": [0, 0, -15]
			},
			{
				"name": "bone120",
				"parent": "hair",
				"pivot": [-4, 16.2, 3.2],
				"rotation": [0, 0, 15]
			},
			{
				"name": "bone121",
				"parent": "bone120",
				"pivot": [0, 16.2, 6.2],
				"rotation": [0, 0, -10]
			},
			{
				"name": "bone122",
				"parent": "bone120",
				"pivot": [0, 16.2, 6.2],
				"rotation": [0, 0, -15]
			},
			{
				"name": "bone123",
				"parent": "hair",
				"pivot": [4, 16.2, 3.2],
				"rotation": [25, 0, 0]
			},
			{
				"name": "bone124",
				"parent": "bone123",
				"pivot": [0, 16.2, -0.8],
				"rotation": [-10, 0, 0]
			},
			{
				"name": "bone125",
				"parent": "bone123",
				"pivot": [0, 16.2, -0.8],
				"rotation": [-20, 0, 0]
			},
			{
				"name": "bone126",
				"parent": "hair",
				"pivot": [3, 16.2, 3.2],
				"rotation": [20, 0, 0]
			},
			{
				"name": "bone127",
				"parent": "bone126",
				"pivot": [-1, 16.2, -0.8],
				"rotation": [-10, 0, 0]
			},
			{
				"name": "bone128",
				"parent": "bone126",
				"pivot": [-1, 16.2, -0.8],
				"rotation": [-20, 0, 0]
			},
			{
				"name": "bone129",
				"parent": "hair",
				"pivot": [2, 16.2, 3.2],
				"rotation": [15, 0, 0]
			},
			{
				"name": "bone130",
				"parent": "bone129",
				"pivot": [-2, 16.2, -0.8],
				"rotation": [-10, 0, 0]
			},
			{
				"name": "bone131",
				"parent": "bone129",
				"pivot": [-2, 16.2, -0.8],
				"rotation": [-20, 0, 0]
			},
			{
				"name": "bone132",
				"parent": "hair",
				"pivot": [1, 16.2, 3.2],
				"rotation": [11, 0, 0]
			},
			{
				"name": "bone133",
				"parent": "bone132",
				"pivot": [-3, 16.2, -0.8],
				"rotation": [-10, 0, 0]
			},
			{
				"name": "bone134",
				"parent": "bone132",
				"pivot": [-3, 16.2, -0.8],
				"rotation": [-20, 0, 0]
			},
			{
				"name": "bone135",
				"parent": "hair",
				"pivot": [0, 16.2, 3.2],
				"rotation": [14, 0, 0],
				"cubes": [
					{"origin": [-1, 12.2, 3.2], "size": [2, 4, 0], "uv": [96, 52]}
				]
			},
			{
				"name": "bone136",
				"parent": "bone135",
				"pivot": [-4, 16.2, -0.8],
				"rotation": [-10, 0, 0],
				"cubes": [
					{"origin": [-1, 10.95536, 3.83382], "size": [2, 2, 0], "uv": [123, 67]}
				]
			},
			{
				"name": "bone137",
				"parent": "bone135",
				"pivot": [-4, 16.2, -0.8],
				"rotation": [-20, 0, 0]
			},
			{
				"name": "bone138",
				"parent": "hair",
				"pivot": [-1, 16.2, 3.2],
				"rotation": [18, 0, 0]
			},
			{
				"name": "bone139",
				"parent": "bone138",
				"pivot": [-5, 16.2, -0.8],
				"rotation": [-10, 0, 0]
			},
			{
				"name": "bone140",
				"parent": "bone138",
				"pivot": [-5, 16.2, -0.8],
				"rotation": [-20, 0, 0]
			},
			{
				"name": "bone141",
				"parent": "hair",
				"pivot": [-2, 16.2, 3.2],
				"rotation": [22, 0, 0]
			},
			{
				"name": "bone142",
				"parent": "bone141",
				"pivot": [-6, 16.2, -0.8],
				"rotation": [-10, 0, 0]
			},
			{
				"name": "bone143",
				"parent": "bone141",
				"pivot": [-6, 16.2, -0.8],
				"rotation": [-20, 0, 0]
			},
			{
				"name": "bone144",
				"parent": "hair",
				"pivot": [-3, 16.2, 3.2],
				"rotation": [25, 0, 0],
				"cubes": [
					{"origin": [-4, 12.2, 3.2], "size": [2, 4, 0], "uv": [116, 71]}
				]
			},
			{
				"name": "bone145",
				"parent": "bone144",
				"pivot": [-7, 16.2, -0.8],
				"rotation": [-10, 0, 0],
				"cubes": [
					{"origin": [-4, 10.95536, 3.83382], "size": [2, 2, 0], "uv": [108, 57]}
				]
			},
			{
				"name": "bone146",
				"parent": "bone144",
				"pivot": [-7, 16.2, -0.8],
				"rotation": [-20, 0, 0],
				"cubes": [
					{"origin": [-4, 9.83987, 4.67413], "size": [2, 2, 0], "uv": [115, 56]}
				]
			}
		]
	}
}