{
	"format_version": "1.10.0",
	"geometry.model": {
		"texturewidth": 128,
		"textureheight": 128,
		"visible_bounds_width": 3,
		"visible_bounds_height": 3,
		"visible_bounds_offset": [0, 1.5, 0],
		"bones": [
			{
				"name": "head",
				"pivot": [0, 18, 0],
				"cubes": [
					{"origin": [-4, 18, -4], "size": [8, 8, 8], "uv": [0, 23]}
				]
			},
			{
				"name": "blink",
				"parent": "head",
				"pivot": [0, 18, 0],
				"cubes": [
					{"origin": [-4, 18, -4.001], "size": [8, 8, 0], "uv": [24, 23]}
				]
			},
			{
				"name": "frogBlink",
				"parent": "blink",
				"pivot": [0, 18, 0],
				"rotation": [0, 0, 25],
				"cubes": [
					{"origin": [-2, 24.7, -4.811], "size": [2, 2, 2], "uv": [58, 58], "inflate": -0.8},
					{"origin": [-1, 24.7, -4.811], "size": [2, 2, 2], "uv": [0, 0], "inflate": -0.8}
				]
			},
			{
				"name": "frog",
				"parent": "head",
				"pivot": [0, 18, 0],
				"rotation": [0, 0, 25],
				"cubes": [
					{"origin": [-7, 18.9, -9.01], "size": [13, 13, 10], "uv": [0, 0], "inflate": -5}
				]
			},
			{
				"name": "hairSnake",
				"parent": "head",
				"pivot": [3, 22, -3]
			},
			{
				"name": "hairUpper",
				"parent": "hairSnake",
				"pivot": [3, 22, -3],
				"rotation": [-5, 0, -5],
				"cubes": [
					{"origin": [3, 17, -4], "size": [1, 5, 1], "uv": [0, 39]},
					{"origin": [2, 18, -5], "size": [3, 5, 3], "uv": [50, 40], "inflate": -0.9}
				]
			},
			{
				"name": "hairLower",
				"parent": "hairSnake",
				"pivot": [3, 22, -3],
				"cubes": [
					{"origin": [3.42272, 14.21196, -4.43197], "size": [1, 3, 1], "uv": [21, 39], "inflate": 0.03}
				]
			},
			{
				"name": "snake",
				"parent": "hairLower",
				"pivot": [3, 22, -3]
			},
			{
				"name": "snake1",
				"parent": "snake",
				"pivot": [3, 22, -3],
				"rotation": [0, 0, -15],
				"cubes": [
					{"origin": [1.59339, 16.54339, -4.97576], "size": [2, 1, 1], "uv": [0, 8], "inflate": -0.46},
					{"origin": [1.33634, 15.48688, -4.95197], "size": [2, 1, 1], "uv": [0, 8], "inflate": -0.4},
					{"origin": [1.05767, 14.44688, -4.95197], "size": [2, 1, 1], "uv": [0, 8], "inflate": -0.32}
				]
			},
			{
				"name": "snake2",
				"parent": "snake",
				"pivot": [3, 22, -3],
				"rotation": [-15, 0, 0],
				"cubes": [
					{"origin": [2.89816, 16.26449, -3.55428], "size": [1, 1, 2], "uv": [38, 29], "inflate": -0.46},
					{"origin": [2.89816, 15.22449, -3.27561], "size": [1, 1, 2], "uv": [38, 29], "inflate": -0.38},
					{"origin": [2.89816, 14.18449, -2.99694], "size": [1, 1, 2], "uv": [38, 29], "inflate": -0.3}
				]
			},
			{
				"name": "snake3",
				"parent": "snake",
				"pivot": [3, 22, -3],
				"rotation": [0, 0, 15],
				"cubes": [
					{"origin": [4.30248, 16.48334, -3.90741], "size": [2, 1, 1], "uv": [0, 8], "inflate": -0.44},
					{"origin": [4.58114, 15.44334, -3.90741], "size": [2, 1, 1], "uv": [0, 8], "inflate": -0.36},
					{"origin": [4.85981, 14.40334, -3.90741], "size": [2, 1, 1], "uv": [0, 8], "inflate": -0.3}
				]
			},
			{
				"name": "snake4",
				"parent": "snake",
				"pivot": [3, 22, -3],
				"rotation": [15, 0, 0],
				"cubes": [
					{"origin": [3.94272, 16.22573, -6.38108], "size": [1, 1, 2], "uv": [38, 29], "inflate": -0.42},
					{"origin": [3.94272, 15.18573, -6.65975], "size": [1, 1, 2], "uv": [38, 29], "inflate": -0.34},
					{"origin": [3.94272, 14.14573, -6.93842], "size": [1, 1, 2], "uv": [38, 29], "inflate": -0.3}
				]
			},
			{
				"name": "snakeHead",
				"parent": "hairLower",
				"pivot": [3, 22, -3],
				"cubes": [
					{"origin": [2.94272, 12.46144, -6.25925], "size": [3, 3, 3], "uv": [36, 53], "inflate": -1.26}
				]
			},
			{
				"name": "hairRight",
				"parent": "head",
				"pivot": [-3, 18, -3],
				"rotation": [-10, 0, 10],
				"cubes": [
					{"origin": [-4, 14, -4], "size": [1, 4, 1], "uv": [36, 0]}
				]
			},
			{
				"name": "hairBack",
				"parent": "head",
				"pivot": [0, 18, 0]
			},
			{
				"name": "bone59",
				"parent": "hairBack",
				"pivot": [0, 18, 4],
				"rotation": [5, 0, 0],
				"cubes": [
					{"origin": [3, 10, 4], "size": [1, 8, 0], "uv": [18, 59]},
					{"origin": [-3, 10, 4], "size": [1, 8, 0], "uv": [6, 59]}
				]
			},
			{
				"name": "bone60",
				"parent": "hairBack",
				"pivot": [0, 18, 4],
				"rotation": [10, 0, 0],
				"cubes": [
					{"origin": [2, 10, 4], "size": [1, 8, 0], "uv": [16, 59]},
					{"origin": [-2, 10, 4], "size": [1, 8, 0], "uv": [8, 59]},
					{"origin": [-4, 10, 4], "size": [1, 8, 0], "uv": [4, 59]},
					{"origin": [0, 10, 4], "size": [1, 8, 0], "uv": [12, 59]}
				]
			},
			{
				"name": "bone61",
				"parent": "hairBack",
				"pivot": [0, 18, 4],
				"rotation": [15, 0, 0],
				"cubes": [
					{"origin": [1, 10, 4], "size": [1, 8, 0], "uv": [14, 59]},
					{"origin": [-1, 10, 4], "size": [1, 8, 0], "uv": [10, 59]}
				]
			},
			{
				"name": "bone62",
				"parent": "hairBack",
				"pivot": [-4, 18, 0],
				"rotation": [0, 0, 5],
				"cubes": [
					{"origin": [-4, 10, 3], "size": [0, 8, 1], "uv": [2, 58]}
				]
			},
			{
				"name": "bone63",
				"parent": "hairBack",
				"pivot": [-4, 18, -1],
				"rotation": [0, 0, 10],
				"cubes": [
					{"origin": [-4, 10, 2], "size": [0, 8, 1], "uv": [0, 58]}
				]
			},
			{
				"name": "bone64",
				"parent": "hairBack",
				"pivot": [4, 18, 0],
				"rotation": [0, 0, -5],
				"cubes": [
					{"origin": [4, 10, 3], "size": [0, 8, 1], "uv": [0, 58]}
				]
			},
			{
				"name": "bone65",
				"parent": "hairBack",
				"pivot": [4, 18, 0],
				"rotation": [0, 0, -10],
				"cubes": [
					{"origin": [4, 10, 2], "size": [0, 8, 1], "uv": [48, 42]}
				]
			},
			{
				"name": "ahoge",
				"parent": "head",
				"pivot": [0, 26, 0]
			},
			{
				"name": "bone67",
				"parent": "ahoge",
				"pivot": [0, 26, 0],
				"rotation": [10, 0, 0],
				"cubes": [
					{"origin": [0, 26, -5], "size": [0, 3, 5], "uv": [0, 0]}
				]
			},
			{
				"name": "armLeft",
				"pivot": [3, 17.5, 0],
				"rotation": [0, 0, -25],
				"cubes": [
					{"origin": [2.54685, 9.71131, -1], "size": [1.9, 7.5, 2], "uv": [120, 83]},
					{"origin": [2.22658, 10.69435, -1.25], "size": [2.4, 1.5, 2.5], "uv": [82, 125], "mirror": true}
				]
			},
			{
				"name": "armLeft2",
				"parent": "armLeft",
				"pivot": [3, 17, 0.25],
				"rotation": [-45, 0, 0],
				"cubes": [
					{"origin": [2.54685, 15.36131, -0.85], "size": [2, 2.45, 2.45], "uv": [120, 83]}
				]
			},
			{
				"name": "armLeft3",
				"parent": "armLeft",
				"pivot": [3, 16.65, 0.25],
				"rotation": [-45, 0, 0],
				"cubes": [
					{"origin": [4.548, 15.26131, 0.9], "size": [0.1, 2.05, 0.45], "uv": [122, 102]},
					{"origin": [4.548, 15.26131, -1.1], "size": [0.1, 2.05, 0.45], "uv": [122, 102]},
					{"origin": [4.548, 15.26131, -0.7], "size": [0.1, 0.5, 1.65], "uv": [122, 102]},
					{"origin": [4.548, 17.26131, -1.1], "size": [0.1, 0.5, 2.45], "uv": [120, 100]}
				]
			},
			{
				"name": "armRight",
				"pivot": [-3, 17.5, 0],
				"rotation": [0, 0, 25],
				"cubes": [
					{"origin": [-4.44685, 9.71131, -1], "size": [1.9, 7.5, 2], "uv": [121, 83], "mirror": true},
					{"origin": [-4.62658, 10.69435, -1.25], "size": [2.4, 1.5, 2.5], "uv": [83, 125]}
				]
			},
			{
				"name": "armRight2",
				"parent": "armRight",
				"pivot": [-3, 17, 0.25],
				"rotation": [-45, 0, 0],
				"cubes": [
					{"origin": [-4.54685, 15.36131, -0.85], "size": [2, 2.45, 2.45], "uv": [120, 83], "mirror": true}
				]
			},
			{
				"name": "armRight3",
				"parent": "armRight",
				"pivot": [-3, 16.65, 0.25],
				"rotation": [-45, 0, 0],
				"cubes": [
					{"origin": [-4.647, 15.26131, 0.9], "size": [0.6, 2.05, 0.45], "uv": [118, 106], "mirror": true},
					{"origin": [-4.647, 15.26131, -1.1], "size": [0.1, 2.05, 0.45], "uv": [118, 104], "mirror": true},
					{"origin": [-4.647, 15.26131, -0.7], "size": [0.6, 0.5, 1.6], "uv": [118, 106], "mirror": true},
					{"origin": [-4.647, 17.26131, -1.1], "size": [0.1, 0.4, 2.45], "uv": [115, 104], "mirror": true}
				]
			},
			{
				"name": "body",
				"pivot": [0, 10.5, 0],
				"cubes": [
					{"origin": [-2.5, 12, -2.5], "size": [5, 6, 5], "uv": [41, 18]},
					{"origin": [-2.5, 11, -2.5], "size": [5, 1, 5], "uv": [41, 18]},
					{"origin": [-3.1, 9.501, -3.1], "size": [6.2, 9, 6.2], "uv": [104, 113], "inflate": -0.5},
					{"origin": [-3.75, 8, -2], "size": [7.5, 3, 4], "uv": [106, 93], "inflate": -0.2},
					{"origin": [-3.9, 9, -1.25], "size": [1.65, 2.1, 2.5], "uv": [122, 88], "inflate": -0.2},
					{"origin": [2.25, 9, -1.25], "size": [1.65, 2.1, 2.5], "uv": [122, 88], "inflate": -0.2, "mirror": true}
				]
			},
			{
				"name": "body4",
				"parent": "body",
				"pivot": [0, 9.3, 0],
				"rotation": [45, 0, 0],
				"cubes": [
					{"origin": [-3.9, 8.32929, -1.02071], "size": [1.65, 1.9, 1.9], "uv": [123, 90], "inflate": -0.2}
				]
			},
			{
				"name": "body5",
				"parent": "body",
				"pivot": [0, 9.3, 0],
				"rotation": [45, 0, 0],
				"cubes": [
					{"origin": [2.25, 8.32929, -1.02071], "size": [1.65, 1.9, 1.9], "uv": [123, 90], "inflate": -0.2, "mirror": true}
				]
			},
			{
				"name": "body2",
				"parent": "body",
				"pivot": [2.6, 1.7, 0],
				"rotation": [0, 0, -17.5],
				"cubes": [
					{"origin": [4.9, 9.8, -1.5], "size": [1.5, 1.9, 3], "uv": [114, 88], "inflate": -0.2},
					{"origin": [4.9, 9.8, -1.9], "size": [1.4, 1.8, 3.8], "uv": [120, 102], "inflate": -0.2}
				]
			},
			{
				"name": "body3",
				"parent": "body",
				"pivot": [-2.6, 1.7, 0],
				"rotation": [0, 0, 17.5],
				"cubes": [
					{"origin": [-6.4, 9.8, -1.5], "size": [1.5, 1.9, 3], "uv": [114, 88], "inflate": -0.2, "mirror": true},
					{"origin": [-6.3, 9.8, -1.9], "size": [1.4, 1.8, 3.8], "uv": [120, 106], "inflate": -0.2, "mirror": true}
				]
			},
			{
				"name": "chest",
				"parent": "body",
				"pivot": [0, 10.5, 0]
			},
			{
				"name": "bone",
				"parent": "chest",
				"pivot": [0, 17.2, -3],
				"rotation": [65, 0, 0],
				"cubes": [
					{"origin": [-2.5, 15.2461, -4.96445], "size": [5, 2, 2.7], "uv": [84, 94]}
				]
			},
			{
				"name": "clothRight",
				"parent": "body",
				"pivot": [0.5, 15, -3],
				"rotation": [0, 0, 15]
			},
			{
				"name": "clothLeft",
				"parent": "body",
				"pivot": [-0.5, 15, -3],
				"rotation": [0, 0, -15]
			},
			{
				"name": "bone68",
				"parent": "body",
				"pivot": [0, 17.3, -3],
				"rotation": [-20, 5, 45],
				"cubes": [
					{"origin": [-4, 14.25, -5.001], "size": [6, 5, 4], "uv": [46, 29], "inflate": -2, "mirror": true}
				]
			},
			{
				"name": "bone2",
				"parent": "body",
				"pivot": [0, 17.3, -3],
				"rotation": [-20, -5, -45],
				"cubes": [
					{"origin": [-2, 14.25, -5.001], "size": [6, 5, 4], "uv": [46, 29], "inflate": -2}
				]
			},
			{
				"name": "legLeft",
				"pivot": [2, 9, 0],
				"cubes": [
					{"origin": [0.5, -0.1, -1.5], "size": [3, 9.1, 3], "uv": [82, 81]}
				]
			},
			{
				"name": "legLeft2",
				"parent": "legLeft",
				"pivot": [0, 0, 0],
				"cubes": [
					{"origin": [0.4, 0, -1.6], "size": [3.2, 6, 3.2], "uv": [91, 84]}
				]
			},
			{
				"name": "legLeft3",
				"parent": "legLeft2",
				"pivot": [0, 1, 0],
				"cubes": [
					{"origin": [2.38, 6, -1.6], "size": [1.22, 1, 3.2], "uv": [94, 84]}
				]
			},
			{
				"name": "legLeft6",
				"parent": "legLeft2",
				"pivot": [3.6, 4.85, 0],
				"rotation": [-45, 0, 0],
				"cubes": [
					{"origin": [2.48, 4.28536, -1.13536], "size": [1.22, 1.7, 1.7], "uv": [67, 96]}
				]
			},
			{
				"name": "legLeft4",
				"parent": "legLeft2",
				"pivot": [2.2, 5.8, 0],
				"rotation": [0, 0, -22.5],
				"cubes": [
					{"origin": [0.60761, 5.83827, -1.6], "size": [2.2, 1, 3.2], "uv": [94, 84]}
				]
			},
			{
				"name": "legRight",
				"pivot": [-2, 9, 0],
				"cubes": [
					{"origin": [-3.5, 0, -1.5], "size": [3, 9, 3], "uv": [82, 81]}
				]
			},
			{
				"name": "legLeft5",
				"parent": "legRight",
				"pivot": [-2, 9, 0],
				"cubes": [
					{"origin": [-3.5, 0, -1.5], "size": [3, 9, 3], "uv": [82, 81], "mirror": true}
				]
			},
			{
				"name": "legRight2",
				"parent": "legLeft5",
				"pivot": [0, 0, 0],
				"cubes": [
					{"origin": [-3.6, -0.1, -1.6], "size": [3.2, 6.1, 3.2], "uv": [91, 84], "mirror": true}
				]
			},
			{
				"name": "legRight3",
				"parent": "legRight2",
				"pivot": [0, 1, 0],
				"cubes": [
					{"origin": [-3.6, 6, -1.6], "size": [1.22, 1, 3.2], "uv": [94, 84], "mirror": true}
				]
			},
			{
				"name": "legRight4",
				"parent": "legRight2",
				"pivot": [-2.2, 5.8, 0],
				"rotation": [0, 0, 22.5],
				"cubes": [
					{"origin": [-2.80761, 5.83827, -1.6], "size": [2.2, 1, 3.2], "uv": [94, 84], "mirror": true}
				]
			},
			{
				"name": "legRight6",
				"parent": "legRight",
				"pivot": [-3.6, 4.85, 0],
				"rotation": [-45, 0, 0],
				"cubes": [
					{"origin": [-3.7, 4.28536, -1.13536], "size": [1.22, 1.7, 1.7], "uv": [67, 96], "mirror": true}
				]
			},
			{
				"name": "bone5",
				"pivot": [0, 0, 0]
			},
			{
				"name": "bone3",
				"parent": "bone5",
				"pivot": [-0.4, 14.5, -3.7],
				"rotation": [0, 0, 90],
				"cubes": [
					{"origin": [-1.25, 17.25, -2.7], "size": [0.85, 0.35, 0], "uv": [67, 114]}
				]
			},
			{
				"name": "bone6",
				"parent": "bone5",
				"pivot": [3.7, 14.5, -4.7],
				"rotation": [-90, 0, 90],
				"cubes": [
					{"origin": [2.85, 16.5, -3.7], "size": [0.85, 5.3, 0.1], "uv": [67, 114]}
				]
			},
			{
				"name": "bone7",
				"parent": "bone5",
				"pivot": [4.7, 14.5, 3.61],
				"rotation": [180, 0, 90],
				"cubes": [
					{"origin": [3.85, 16.5, 4.6], "size": [0.85, 2.7, 0.1], "uv": [67, 114]}
				]
			},
			{
				"name": "bone4",
				"parent": "bone5",
				"pivot": [0, 13, -3.7],
				"rotation": [0, 0, 60],
				"cubes": [
					{"origin": [-0.85, 13.05, -2.7], "size": [0.85, 2.95, 0.1], "uv": [67, 114]}
				]
			},
			{
				"name": "bone8",
				"pivot": [0, 0, 0]
			},
			{
				"name": "bone9",
				"parent": "bone8",
				"pivot": [0.4, 14.5, -3.7],
				"rotation": [0, 0, -90],
				"cubes": [
					{"origin": [0.4, 17.25, -2.7], "size": [0.85, 0.35, 0], "uv": [67, 114], "mirror": true}
				]
			},
			{
				"name": "bone10",
				"parent": "bone8",
				"pivot": [-3.7, 14.5, -4.7],
				"rotation": [-90, 0, -90],
				"cubes": [
					{"origin": [-3.7, 16.5, -3.7], "size": [0.85, 5.3, 0.1], "uv": [67, 114], "mirror": true}
				]
			},
			{
				"name": "bone11",
				"parent": "bone8",
				"pivot": [-4.7, 14.5, 3.61],
				"rotation": [180, 0, -90],
				"cubes": [
					{"origin": [-4.7, 16.5, 4.6], "size": [0.85, 2.7, 0.1], "uv": [67, 114], "mirror": true}
				]
			},
			{
				"name": "bone12",
				"parent": "bone8",
				"pivot": [0, 13, -3.7],
				"rotation": [0, 0, -60],
				"cubes": [
					{"origin": [-2.59808, 12.3, -2.7], "size": [0.6, 1.45, 0], "uv": [112, 81], "mirror": true},
					{"origin": [0, 13.05, -2.7], "size": [0.85, 2.95, 0.1], "uv": [67, 114], "mirror": true}
				]
			},
			{
				"name": "bone13",
				"parent": "bone12",
				"pivot": [0, 13, -3.7],
				"rotation": [0, 0, -60],
				"cubes": [
					{"origin": [-2.59808, 12.3, -2.7], "size": [0.6, 1.45, 0], "uv": [112, 75], "mirror": true}
				]
			},
			{
				"name": "bone17",
				"pivot": [0, 0, 0]
			},
			{
				"name": "bone15",
				"parent": "bone17",
				"pivot": [0.56756, 9.52627, -0.9],
				"rotation": [0, 0, -42.5],
				"cubes": [
					{"origin": [-0.43244, 8.52627, -1.9], "size": [2.8, 1.5, 2], "uv": [103, 74], "mirror": true}
				]
			},
			{
				"name": "bone16",
				"parent": "bone17",
				"pivot": [-0.428, 9.16991, -0.9],
				"rotation": [0, 0, -90.5],
				"cubes": [
					{"origin": [-1.428, 8.16991, -1.9], "size": [0.8, 1, 2], "uv": [103, 74], "mirror": true}
				]
			},
			{
				"name": "bone14",
				"parent": "bone17",
				"pivot": [-0.56756, 9.52627, -0.9],
				"rotation": [0, 0, 42.5],
				"cubes": [
					{"origin": [-2.36756, 8.52627, -1.9], "size": [2.8, 1.5, 2], "uv": [103, 74]}
				]
			},
			{
				"name": "bone18",
				"pivot": [0, 0, 0]
			},
			{
				"name": "bone19",
				"parent": "bone18",
				"pivot": [0.56756, 9.52627, 0.9],
				"rotation": [0, 0, -42.5],
				"cubes": [
					{"origin": [-0.43244, 8.52627, -0.1], "size": [2.8, 1.5, 2], "uv": [103, 74], "mirror": true}
				]
			},
			{
				"name": "bone20",
				"parent": "bone18",
				"pivot": [-0.428, 9.16991, 0.9],
				"rotation": [0, 0, -90.5],
				"cubes": [
					{"origin": [-1.428, 8.16991, -0.1], "size": [0.8, 1, 2], "uv": [103, 74], "mirror": true}
				]
			},
			{
				"name": "bone21",
				"parent": "bone18",
				"pivot": [-0.56756, 9.52627, 0.9],
				"rotation": [0, 0, 42.5],
				"cubes": [
					{"origin": [-2.36756, 8.52627, -0.1], "size": [2.8, 1.5, 2], "uv": [103, 74]}
				]
			}
		]
	}
}