{
	"format_version": "1.10.0",
	"geometry.model": {
		"texturewidth": 128,
		"textureheight": 128,
		"visible_bounds_width": 4,
		"visible_bounds_height": 3.5,
		"visible_bounds_offset": [0, 1.25, 0],
		"bones": [
			{
				"name": "head",
				"pivot": [0, 18, 0],
				"cubes": [
					{"origin": [-4, 18, -4], "size": [8, 8, 8], "uv": [0, 18]},
					{"origin": [-4, 18.1, -4], "size": [8, 7.9, 8], "uv": [0, 0], "inflate": 0.1},
					{"origin": [-4, 18.1, -4], "size": [8, 7.9, 8], "uv": [0, 0], "inflate": 0.1},
					{"origin": [3.2, 15, -4], "size": [0.8, 2.9, 0.8], "uv": [28, 14], "inflate": 0.1},
					{"origin": [-4, 15, -4], "size": [0.8, 2.9, 0.8], "uv": [27, 14], "inflate": 0.1},
					{"origin": [3.2, 17.1, 3.15], "size": [0.8, 0.8, 0.8], "uv": [28, 15], "inflate": 0.1, "mirror": true},
					{"origin": [-4, 17.1, 3.15], "size": [0.8, 0.8, 0.8], "uv": [28, 15], "inflate": 0.1},
					{"origin": [-4, 17.1, -3.05], "size": [0.8, 0.8, 0.9], "uv": [27, 29], "inflate": 0.1},
					{"origin": [3.2, 17.1, -3.05], "size": [0.8, 0.8, 0.9], "uv": [27, 29], "inflate": 0.1, "mirror": true},
					{"origin": [-4, 17.1, 2.15], "size": [0.8, 0.8, 0.8], "uv": [27, 28], "inflate": 0.1},
					{"origin": [3.2, 17.1, 2.15], "size": [0.8, 0.8, 0.8], "uv": [27, 28], "inflate": 0.1, "mirror": true}
				]
			},
			{
				"name": "blink",
				"parent": "head",
				"pivot": [0, 18, 0],
				"cubes": [
					{"origin": [-4, 18, -4.001], "size": [8, 8, 0], "uv": [0, 66]}
				]
			},
			{
				"name": "longhair",
				"parent": "head",
				"pivot": [0, 18.3, 3.8],
				"rotation": [15, 0, 0]
			},
			{
				"name": "hair1",
				"parent": "longhair",
				"pivot": [0, 18.3, 3.8],
				"cubes": [
					{"origin": [-1.25, 3.05, 4.05], "size": [2.5, 15, 0], "uv": [24, 51]}
				]
			},
			{
				"name": "hair2",
				"parent": "longhair",
				"pivot": [1.8, 18.3, 3.8],
				"rotation": [0, 0, -5],
				"cubes": [
					{"origin": [0.55, 3.05, 4.05], "size": [2.5, 15, 0], "uv": [20, 51]}
				]
			},
			{
				"name": "hair4",
				"parent": "longhair",
				"pivot": [2.8, 18.3, 3.8],
				"rotation": [0, 0, -12.5],
				"cubes": [
					{"origin": [1.55, 4.05, 4.05], "size": [2.5, 14, 0], "uv": [12, 51]}
				]
			},
			{
				"name": "hair3",
				"parent": "longhair",
				"pivot": [-1.8, 18.3, 3.8],
				"rotation": [0, 0, 5],
				"cubes": [
					{"origin": [-3.05, 3.05, 4.05], "size": [2.5, 15, 0], "uv": [16, 51]}
				]
			},
			{
				"name": "hair5",
				"parent": "longhair",
				"pivot": [-2.8, 18.3, 3.8],
				"rotation": [0, 0, 12.5],
				"cubes": [
					{"origin": [-4.05, 4.05, 4.05], "size": [2.5, 14, 0], "uv": [46, 2]}
				]
			},
			{
				"name": "haircosmetics",
				"parent": "head",
				"pivot": [3, 26, 0]
			},
			{
				"name": "bone5",
				"parent": "haircosmetics",
				"pivot": [4, 26, -1],
				"cubes": [
					{"origin": [4, 25, -2], "size": [1, 1, 1], "uv": [4, 20]},
					{"origin": [4, 25, 1], "size": [1, 1, 1], "uv": [4, 18]}
				]
			},
			{
				"name": "bone10",
				"parent": "haircosmetics",
				"pivot": [4, 26, -1],
				"rotation": [0, 0, -20],
				"cubes": [
					{"origin": [4, 26, -2], "size": [1, 1, 1], "uv": [0, 20]},
					{"origin": [4, 26, 1], "size": [1, 1, 1], "uv": [0, 18]}
				]
			},
			{
				"name": "bone7",
				"parent": "haircosmetics",
				"pivot": [5, 26, 0],
				"rotation": [0, 0, -20],
				"cubes": [
					{"origin": [4, 22, -1], "size": [2, 5, 2], "uv": [0, 0]}
				]
			},
			{
				"name": "armRight",
				"pivot": [-3, 17.5, 0],
				"rotation": [0, 0, 25],
				"cubes": [
					{"origin": [-4, 9, -1], "size": [2, 7, 2], "uv": [52, 32]},
					{"origin": [-4.05, 11, -1.15], "size": [2.2, 6, 2.3], "uv": [48, 120], "mirror": true}
				]
			},
			{
				"name": "bone70",
				"parent": "armRight",
				"pivot": [-3, 14, 0]
			},
			{
				"name": "bone71",
				"parent": "bone70",
				"pivot": [-3, 14, -0.9],
				"rotation": [-10, 0, 0],
				"cubes": [
					{"origin": [-4.5, 10, -1.15], "size": [3, 2, 1.75], "uv": [48, 65]}
				]
			},
			{
				"name": "bone72",
				"parent": "armRight",
				"pivot": [-3, 14, 0.4]
			},
			{
				"name": "bone73",
				"parent": "bone72",
				"pivot": [-3, 14, 0.7],
				"rotation": [10, 0, 0],
				"cubes": [
					{"origin": [-4.475, 10, -0.8], "size": [3, 2, 2], "uv": [118, 65]}
				]
			},
			{
				"name": "legRight",
				"pivot": [-1.75, 9, 0],
				"cubes": [
					{"origin": [-3.25, 0, -1.5], "size": [3, 9, 3], "uv": [0, 44]}
				]
			},
			{
				"name": "armLeft",
				"pivot": [3, 17.5, 0],
				"rotation": [0, 0, -25],
				"cubes": [
					{"origin": [2, 9, -1], "size": [2, 7, 2], "uv": [50, 2]},
					{"origin": [1.85, 11, -1.15], "size": [2.3, 6, 2.3], "uv": [48, 120]}
				]
			},
			{
				"name": "bone6",
				"parent": "armLeft",
				"pivot": [3, 14, 0]
			},
			{
				"name": "bone11",
				"parent": "bone6",
				"pivot": [3, 14, -0.9],
				"rotation": [-10, 0, 0],
				"cubes": [
					{"origin": [1.5, 10, -1.15], "size": [3, 2, 1.75], "uv": [48, 65]}
				]
			},
			{
				"name": "bone12",
				"parent": "armLeft",
				"pivot": [3, 14, 0.4]
			},
			{
				"name": "bone13",
				"parent": "bone12",
				"pivot": [3, 14, 0.7],
				"rotation": [10, 0, 0],
				"cubes": [
					{"origin": [1.475, 10, -0.8], "size": [3, 2, 2], "uv": [118, 65]}
				]
			},
			{
				"name": "legLeft",
				"pivot": [1.75, 9, 0],
				"cubes": [
					{"origin": [0.25, 0, -1.5], "size": [3, 9, 3], "uv": [0, 44]}
				]
			},
			{
				"name": "wingRight",
				"pivot": [-0.75, 15, 4],
				"rotation": [0, -75, 0]
			},
			{
				"name": "body",
				"pivot": [0, 10.5, 0],
				"cubes": [
					{"origin": [-3.25, 8.999, -2.25], "size": [6.6, 3, 4.5], "uv": [60, 77], "inflate": -0.1},
					{"origin": [-3, 11.099, -3], "size": [6, 7, 5], "uv": [104, 92]},
					{"origin": [-3.3, 12.999, -3.8], "size": [1, 5.5, 6.4], "uv": [112, 117]},
					{"origin": [-3, 13.499, 2.21], "size": [6, 5, 0.4], "uv": [111, 97]},
					{"origin": [2.3, 12.999, -3.8], "size": [1, 5.5, 6.4], "uv": [72, 117]}
				]
			},
			{
				"name": "body3",
				"parent": "body",
				"pivot": [0.1, 11, -1],
				"rotation": [0, 0, 12.5],
				"cubes": [
					{"origin": [-4.11644, 11.2253, -4], "size": [8.25, 1.75, 7], "uv": [18, 120], "inflate": -0.1}
				]
			},
			{
				"name": "body4",
				"parent": "body3",
				"pivot": [0.1, 11, -1],
				"cubes": [
					{"origin": [-1.36644, 11.2253, -4.25], "size": [0.75, 1.75, 0.5], "uv": [108, 82], "inflate": -0.1},
					{"origin": [0.63356, 11.2253, -4.25], "size": [0.75, 1.75, 0.5], "uv": [108, 82], "inflate": -0.1},
					{"origin": [1.63356, 11.2253, -4.25], "size": [0.75, 1.75, 0.5], "uv": [86, 82], "inflate": -0.1},
					{"origin": [-0.86644, 12.4753, -4.25], "size": [1.75, 0.5, 0.5], "uv": [108, 82], "inflate": -0.1},
					{"origin": [-0.86644, 11.2253, -4.25], "size": [1.75, 0.5, 0.5], "uv": [108, 82], "inflate": -0.1}
				]
			},
			{
				"name": "body11",
				"parent": "body",
				"pivot": [0.1, 10.5, -1],
				"rotation": [0, 0, -15],
				"cubes": [
					{"origin": [-4.36644, 10.7253, -3.95], "size": [8.6, 1.75, 6.91], "uv": [20, 121], "inflate": -0.1}
				]
			},
			{
				"name": "body12",
				"parent": "body11",
				"pivot": [0.1, 10.5, -1],
				"cubes": [
					{"origin": [-1.61644, 10.7253, -4.15], "size": [0.75, 1.75, 0.4], "uv": [107, 82], "inflate": -0.1},
					{"origin": [-1.11644, 11.9753, -4.15], "size": [0.75, 0.5, 0.4], "uv": [106, 82], "inflate": -0.1},
					{"origin": [-1.11644, 10.7253, -4.15], "size": [1.75, 0.5, 0.4], "uv": [106, 82], "inflate": -0.1},
					{"origin": [0.38356, 10.7253, -4.15], "size": [0.75, 0.55, 0.4], "uv": [107, 82], "inflate": -0.1}
				]
			},
			{
				"name": "body5",
				"parent": "body",
				"pivot": [0, 0, -1],
				"cubes": [
					{"origin": [-3, 14.849, -3.5], "size": [6, 2.25, 0.75], "uv": [110, 99]}
				]
			},
			{
				"name": "body6",
				"parent": "body",
				"pivot": [0, 17, -2.9],
				"rotation": [-45, 0, 0],
				"cubes": [
					{"origin": [-3, 16.66, -3.4], "size": [6, 0.75, 0.75], "uv": [110, 100]}
				]
			},
			{
				"name": "body7",
				"parent": "body",
				"pivot": [0, 14.5, -2.9],
				"rotation": [-45, 0, 0],
				"cubes": [
					{"origin": [-3, 14.33678, -3.57678], "size": [6, 0.75, 0.75], "uv": [110, 99]}
				]
			},
			{
				"name": "body10",
				"parent": "body",
				"pivot": [0, 11.7, -2.9],
				"rotation": [-45, 0, 12.5],
				"cubes": [
					{"origin": [-3.02164, 12.0715, -4.2115], "size": [6, 0.85, 0.75], "uv": [110, 98]}
				]
			},
			{
				"name": "body8",
				"parent": "body",
				"pivot": [0, 0, 0],
				"cubes": [
					{"origin": [-2.3, 15.749, -3.8], "size": [1, 2.75, 2], "uv": [120, 123]}
				]
			},
			{
				"name": "body9",
				"parent": "body",
				"pivot": [0, 0, 0],
				"cubes": [
					{"origin": [1.3, 15.749, -3.8], "size": [1, 2.75, 2], "uv": [120, 123], "mirror": true}
				]
			},
			{
				"name": "body2",
				"parent": "body",
				"pivot": [0, 13.25, 2.5],
				"rotation": [5, 0, 0],
				"cubes": [
					{"origin": [-3, 8.499, 2.21], "size": [6, 5, 0.4], "uv": [111, 98]}
				]
			},
			{
				"name": "bone",
				"parent": "body",
				"pivot": [-1, 11, 0],
				"rotation": [0, 0, 25]
			},
			{
				"name": "bone36",
				"parent": "body",
				"pivot": [1.85858, 11.75505, 0],
				"rotation": [0, 0, -15],
				"cubes": [
					{"origin": [2.68381, 8.12816, -3.76], "size": [1, 4.93542, 6.35], "uv": [72, 112]}
				]
			},
			{
				"name": "bone4",
				"parent": "body",
				"pivot": [-1.85858, 11.75505, 0],
				"rotation": [0, 0, 15],
				"cubes": [
					{"origin": [-3.68381, 8.12816, -3.76], "size": [1, 4.93542, 6.35], "uv": [84, 98], "mirror": true}
				]
			},
			{
				"name": "bone2",
				"parent": "body",
				"pivot": [0.85, 11.749, 0.5],
				"rotation": [0, 0, 10]
			},
			{
				"name": "bone18",
				"parent": "bone2",
				"pivot": [0.17906, 6.44558, 6.75]
			},
			{
				"name": "bone19",
				"parent": "bone2",
				"pivot": [0.17906, 6.44558, 6.75]
			},
			{
				"name": "bone3",
				"parent": "body",
				"pivot": [-0.85, 11.749, 0.5],
				"rotation": [0, 0, -10]
			},
			{
				"name": "bone8",
				"parent": "body",
				"pivot": [0.7, 15.5, 6.75]
			},
			{
				"name": "bone15",
				"parent": "body",
				"pivot": [0.7, 13.95, 6.75]
			},
			{
				"name": "bone16",
				"parent": "body",
				"pivot": [0.7, 12.3, 6.75]
			},
			{
				"name": "bone14",
				"parent": "body",
				"pivot": [0.7, 11, 6.75]
			},
			{
				"name": "bone17",
				"parent": "body",
				"pivot": [0.7, 9.4, 6.75]
			},
			{
				"name": "sittingRotationSkirt",
				"parent": "body",
				"pivot": [0, 10.5, 0]
			},
			{
				"name": "bone9",
				"parent": "sittingRotationSkirt",
				"pivot": [0, 4, 0]
			},
			{
				"name": "bone22",
				"parent": "bone9",
				"pivot": [0, 4, 0],
				"rotation": [0, -90, 0]
			},
			{
				"name": "bone26",
				"parent": "bone9",
				"pivot": [0, 4, 0],
				"rotation": [0, -180, 0]
			},
			{
				"name": "bone27",
				"parent": "bone26",
				"pivot": [0, 4, 4.47051],
				"rotation": [10, 0, 0]
			},
			{
				"name": "bone28",
				"parent": "bone27",
				"pivot": [-1.5, 11.65782, 4.47051],
				"rotation": [-2.46319, 0.42759, 9.84189],
				"cubes": [
					{"origin": [-3.11655, 3.30469, 4.36951], "size": [3, 8.3, 0.1], "uv": [118, 79]}
				]
			},
			{
				"name": "bone29",
				"parent": "bone27",
				"pivot": [1.5, 11.65782, 4.47051],
				"rotation": [-2.46319, -0.42759, -9.84189],
				"cubes": [
					{"origin": [0.11655, 3.30469, 4.37151], "size": [3, 8.3, 0.1], "uv": [119, 79]}
				]
			},
			{
				"name": "bone20",
				"parent": "sittingRotationSkirt",
				"pivot": [1.85858, 11.75505, 0],
				"rotation": [0, 0, -15],
				"cubes": [
					{"origin": [2.7, 3.06358, -3.77], "size": [1, 7.06458, 6.35], "uv": [72, 110]}
				]
			},
			{
				"name": "bone30",
				"parent": "sittingRotationSkirt",
				"pivot": [1.85858, 11.75505, 0],
				"rotation": [10, 0, -15],
				"cubes": [
					{"origin": [2.7, 2.86358, 0.23], "size": [0.9, 7.26458, 2.35], "uv": [76, 107]}
				]
			},
			{
				"name": "bone31",
				"parent": "sittingRotationSkirt",
				"pivot": [-1.85858, 11.75505, 0],
				"rotation": [10, 0, 15],
				"cubes": [
					{"origin": [-3.6, 2.86358, 0.23], "size": [0.9, 7.26458, 2.35], "uv": [76, 107], "mirror": true}
				]
			},
			{
				"name": "bone21",
				"parent": "sittingRotationSkirt",
				"pivot": [-1.85858, 11.75505, 0],
				"rotation": [0, 0, 15],
				"cubes": [
					{"origin": [-3.7, 3.06358, -3.77], "size": [1, 7.06458, 6.35], "uv": [92, 115], "mirror": true}
				]
			},
			{
				"name": "bone23",
				"parent": "sittingRotationSkirt",
				"pivot": [0, 10.03473, 2.19696],
				"rotation": [10, 0, 0],
				"cubes": [
					{"origin": [-2, 3.1763, 2.50175], "size": [4, 7.68473, 0.5], "uv": [74, 109]}
				]
			},
			{
				"name": "bone24",
				"parent": "sittingRotationSkirt",
				"pivot": [1, 10.03473, 2.19696],
				"rotation": [9.6658, 2.57594, -14.78217],
				"cubes": [
					{"origin": [-0.03407, 3.16748, 2.50175], "size": [4, 7.68473, 0.5], "uv": [74, 109]}
				]
			},
			{
				"name": "bone25",
				"parent": "sittingRotationSkirt",
				"pivot": [-1, 10.03473, 2.19696],
				"rotation": [9.6658, -2.57594, 14.78217],
				"cubes": [
					{"origin": [-3.96593, 3.16748, 2.50175], "size": [4, 7.68473, 0.5], "uv": [74, 109], "mirror": true}
				]
			},
			{
				"name": "chestLeft",
				"parent": "body",
				"pivot": [0, 17.5, -3],
				"rotation": [-30, 0, -5]
			},
			{
				"name": "chestRight",
				"parent": "body",
				"pivot": [0, 17.5, -3],
				"rotation": [-30, 0, 5]
			}
		]
	}
}