{
	"format_version": "1.10.0",
	"geometry.model": {
		"texturewidth": 128,
		"textureheight": 128,
		"visible_bounds_width": 3,
		"visible_bounds_height": 3,
		"visible_bounds_offset": [0, 1.5, 0],
		"bones": [
			{
				"name": "head",
				"pivot": [0, 18, 0],
				"cubes": [
					{"origin": [-4, 18, -4], "size": [8, 8, 8], "uv": [40, 0]}
				]
			},
			{
				"name": "blink",
				"parent": "head",
				"pivot": [0, 18, 0],
				"cubes": [
					{"origin": [-4, 18, -4.001], "size": [8, 8, 0], "uv": [0, 45]}
				]
			},
			{
				"name": "ahoge",
				"parent": "head",
				"pivot": [0, 18, 0]
			},
			{
				"name": "hairLeft",
				"parent": "head",
				"pivot": [4, 24, 1]
			},
			{
				"name": "bone6",
				"parent": "hairLeft",
				"pivot": [4, 24, 1],
				"rotation": [-45, 0, 0]
			},
			{
				"name": "bone7",
				"parent": "hairLeft",
				"pivot": [4, 24, 1],
				"rotation": [-30, 0, 0]
			},
			{
				"name": "bone8",
				"parent": "hairLeft",
				"pivot": [4, 24, 1],
				"rotation": [-15, 0, 0]
			},
			{
				"name": "bone5",
				"parent": "hairLeft",
				"pivot": [4, 24, 1]
			},
			{
				"name": "hairRight",
				"parent": "head",
				"pivot": [0, 18, 0],
				"rotation": [-10, 0, 10]
			},
			{
				"name": "hornLeft",
				"parent": "head",
				"pivot": [4, 26, 0],
				"rotation": [0, 0, -30],
				"cubes": [
					{"origin": [3.13447, 24.50087, -1], "size": [4, 2, 2], "uv": [36, 67]}
				]
			},
			{
				"name": "hornFront",
				"parent": "hornLeft",
				"pivot": [7, 26, 0],
				"rotation": [0, 0, -30]
			},
			{
				"name": "bone12",
				"parent": "hornFront",
				"pivot": [6.05025, 28.25126, 0],
				"rotation": [0, 5, -5],
				"cubes": [
					{"origin": [5.9745, 24.62064, -0.13174], "size": [5, 1, 1], "uv": [12, 71]}
				]
			},
			{
				"name": "bone11",
				"parent": "hornFront",
				"pivot": [6.05025, 28.25126, 0],
				"rotation": [0, -5, -5],
				"cubes": [
					{"origin": [5.96331, 24.62064, -0.99621], "size": [5, 1, 1], "uv": [24, 71]}
				]
			},
			{
				"name": "bone10",
				"parent": "hornFront",
				"pivot": [6.05025, 28.25126, 0],
				"rotation": [0, -5, 5],
				"cubes": [
					{"origin": [6.42915, 25.53697, -1.03697], "size": [5, 1, 1], "uv": [36, 71]}
				]
			},
			{
				"name": "bone9",
				"parent": "hornFront",
				"pivot": [6.05025, 28.25126, 0],
				"rotation": [0, 5, 5],
				"cubes": [
					{"origin": [6.44034, 25.53697, -0.09099], "size": [5, 1, 1], "uv": [48, 71]}
				]
			},
			{
				"name": "tip",
				"parent": "hornFront",
				"pivot": [12, 26, 0],
				"rotation": [0, 0, 30],
				"cubes": [
					{"origin": [11.38452, 24.72386, -0.56422], "size": [3, 1, 1], "uv": [36, 82]}
				]
			},
			{
				"name": "hornRight",
				"parent": "head",
				"pivot": [-9, 26, 0],
				"rotation": [0, 180, 30],
				"cubes": [
					{"origin": [-14.19615, 27, -1], "size": [4, 2, 2], "uv": [24, 67]}
				]
			},
			{
				"name": "hornFront2",
				"parent": "hornRight",
				"pivot": [-6, 26, 0],
				"rotation": [0, 0, -30]
			},
			{
				"name": "bone13",
				"parent": "hornFront2",
				"pivot": [-6.94975, 28.25126, 0],
				"rotation": [0, 5, -5],
				"cubes": [
					{"origin": [-9.13145, 29.15176, -0.31599], "size": [5, 1, 1], "uv": [0, 71]}
				]
			},
			{
				"name": "bone14",
				"parent": "hornFront2",
				"pivot": [-6.94975, 28.25126, 0],
				"rotation": [0, -5, -5],
				"cubes": [
					{"origin": [-9.14265, 29.15176, -0.81197], "size": [5, 1, 1], "uv": [60, 67]}
				]
			},
			{
				"name": "bone15",
				"parent": "hornFront2",
				"pivot": [-6.94975, 28.25126, 0],
				"rotation": [0, -5, 5],
				"cubes": [
					{"origin": [-9.42864, 29.63215, -0.78694], "size": [5, 1, 1], "uv": [48, 69]}
				]
			},
			{
				"name": "bone16",
				"parent": "hornFront2",
				"pivot": [-6.94975, 28.25126, 0],
				"rotation": [0, 5, 5],
				"cubes": [
					{"origin": [-9.41744, 29.63215, -0.34101], "size": [5, 1, 1], "uv": [48, 67]}
				]
			},
			{
				"name": "tip2",
				"parent": "hornFront2",
				"pivot": [-1, 26, 0],
				"rotation": [0, 0, 30],
				"cubes": [
					{"origin": [-5.9461, 27.22299, -0.56422], "size": [3, 1, 1], "uv": [28, 88]}
				]
			},
			{
				"name": "decorations",
				"parent": "head",
				"pivot": [0, 0, 0]
			},
			{
				"name": "bow",
				"parent": "decorations",
				"pivot": [0, 0, 0],
				"cubes": [
					{"origin": [-1, 22, 4], "size": [2, 2, 2], "uv": [52, 74]}
				]
			},
			{
				"name": "bone18",
				"parent": "bow",
				"pivot": [0, 23, 4],
				"rotation": [0, 15, 30],
				"cubes": [
					{"origin": [-7.5, 21.13397, 4], "size": [7, 4, 1], "uv": [40, 50]}
				]
			},
			{
				"name": "bone21",
				"parent": "bow",
				"pivot": [0, 23, 4],
				"rotation": [0, -15, 35],
				"cubes": [
					{"origin": [0.5, 22.13397, 4], "size": [4, 2, 1], "uv": [10, 74]}
				]
			},
			{
				"name": "bone24",
				"parent": "bone21",
				"pivot": [-0.64279, -0.23396, 0],
				"rotation": [0, 0, 30],
				"cubes": [
					{"origin": [-8.37297, 21.44068, 4], "size": [4, 2, 1], "uv": [0, 74]}
				]
			},
			{
				"name": "bone19",
				"parent": "bow",
				"pivot": [0, 23, 4],
				"rotation": [0, -15, -30],
				"cubes": [
					{"origin": [0.5, 21.13397, 4], "size": [7, 4, 1], "uv": [40, 45]}
				]
			},
			{
				"name": "bone20",
				"parent": "bow",
				"pivot": [0, 23, 4],
				"rotation": [0, 15, -35],
				"cubes": [
					{"origin": [-4.5, 22.13397, 4], "size": [4, 2, 1], "uv": [70, 71]}
				]
			},
			{
				"name": "bone25",
				"parent": "bone20",
				"pivot": [-0.64279, -0.23396, 0],
				"rotation": [0, 0, -30],
				"cubes": [
					{"origin": [4.20073, 20.7979, 4], "size": [4, 2, 1], "uv": [60, 71]}
				]
			},
			{
				"name": "bone3",
				"parent": "decorations",
				"pivot": [9, 31, 0],
				"rotation": [-45, 0, -30],
				"cubes": [
					{"origin": [7.88452, 30.8937, -1.0642], "size": [2, 3, 1], "uv": [22, 82]},
					{"origin": [7.88452, 30.8937, -3.0642], "size": [2, 1, 2], "uv": [0, 85]}
				]
			},
			{
				"name": "bone17",
				"parent": "decorations",
				"pivot": [-8, 29, 0],
				"rotation": [0, 0, 60]
			},
			{
				"name": "decoration1",
				"parent": "decorations",
				"pivot": [0, 0, 0]
			},
			{
				"name": "hair",
				"parent": "head",
				"pivot": [0, 18, 0]
			},
			{
				"name": "bone49",
				"parent": "hair",
				"pivot": [0, 18, -4],
				"rotation": [-5, 0, 0],
				"cubes": [
					{"origin": [-4, 15, -4], "size": [1, 3.2, 1], "uv": [121, 114]},
					{"origin": [3, 15, -4], "size": [1, 3.2, 1], "uv": [119, 114]}
				]
			},
			{
				"name": "bone50",
				"parent": "hair",
				"pivot": [4, 18, -3],
				"rotation": [0, 0, -5]
			},
			{
				"name": "bone51",
				"parent": "bone50",
				"pivot": [0, 18, 0],
				"rotation": [0, 0, 5]
			},
			{
				"name": "bone52",
				"parent": "bone50",
				"pivot": [0, 18, 0],
				"rotation": [0, 0, 10]
			},
			{
				"name": "bone53",
				"parent": "hair",
				"pivot": [4, 18, -2],
				"rotation": [0, 0, -10]
			},
			{
				"name": "bone54",
				"parent": "bone53",
				"pivot": [0, 18, 1],
				"rotation": [0, 0, 5]
			},
			{
				"name": "bone55",
				"parent": "bone53",
				"pivot": [0, 18, 1],
				"rotation": [0, 0, 10]
			},
			{
				"name": "bone56",
				"parent": "hair",
				"pivot": [4, 18, 3],
				"rotation": [0, 0, -10],
				"cubes": [
					{"origin": [4, 14, 2], "size": [0, 4, 1], "uv": [104, 105]}
				]
			},
			{
				"name": "bone57",
				"parent": "bone56",
				"pivot": [0, 18, 6],
				"rotation": [0, 0, 5],
				"cubes": [
					{"origin": [4.3334, 12.36384, 2], "size": [0, 2, 1], "uv": [82, 124]}
				]
			},
			{
				"name": "bone58",
				"parent": "bone56",
				"pivot": [0, 18, 6],
				"rotation": [0, 0, 10],
				"cubes": [
					{"origin": [4.80814, 10.76289, 2], "size": [0, 2, 1], "uv": [80, 124]}
				]
			},
			{
				"name": "bone59",
				"parent": "hair",
				"pivot": [4, 18, 4],
				"rotation": [0, 0, -15],
				"cubes": [
					{"origin": [4, 14, 3], "size": [0, 4, 1], "uv": [102, 105]}
				]
			},
			{
				"name": "bone60",
				"parent": "bone59",
				"pivot": [0, 18, 7],
				"rotation": [0, 0, 5],
				"cubes": [
					{"origin": [4.3334, 12.36384, 3], "size": [0, 2, 1], "uv": [78, 124]}
				]
			},
			{
				"name": "bone61",
				"parent": "bone59",
				"pivot": [0, 18, 7],
				"rotation": [0, 0, 10],
				"cubes": [
					{"origin": [4.80814, 10.76289, 3], "size": [0, 2, 1], "uv": [80, 124]}
				]
			},
			{
				"name": "bone62",
				"parent": "hair",
				"pivot": [-4, 18, -3],
				"rotation": [0, 0, 5]
			},
			{
				"name": "bone63",
				"parent": "bone62",
				"pivot": [0, 18, 0],
				"rotation": [0, 0, -10]
			},
			{
				"name": "bone64",
				"parent": "bone62",
				"pivot": [0, 18, 0],
				"rotation": [0, 0, -15]
			},
			{
				"name": "bone65",
				"parent": "hair",
				"pivot": [-4, 18, -2],
				"rotation": [0, 0, 10]
			},
			{
				"name": "bone66",
				"parent": "bone65",
				"pivot": [0, 18, 1],
				"rotation": [0, 0, -10]
			},
			{
				"name": "bone67",
				"parent": "bone65",
				"pivot": [0, 18, 1],
				"rotation": [0, 0, -15]
			},
			{
				"name": "bone68",
				"parent": "hair",
				"pivot": [-4, 18, 3],
				"rotation": [0, 0, 10],
				"cubes": [
					{"origin": [-4, 14, 2], "size": [0, 4, 1], "uv": [96, 105]}
				]
			},
			{
				"name": "bone69",
				"parent": "bone68",
				"pivot": [0, 18, 6],
				"rotation": [0, 0, -10],
				"cubes": [
					{"origin": [-4.63382, 12.75536, 2], "size": [0, 2, 1], "uv": [110, 121]}
				]
			},
			{
				"name": "bone70",
				"parent": "bone68",
				"pivot": [0, 18, 6],
				"rotation": [0, 0, -15],
				"cubes": [
					{"origin": [-5.07329, 11.17918, 2], "size": [0, 2, 1], "uv": [108, 121]}
				]
			},
			{
				"name": "bone71",
				"parent": "hair",
				"pivot": [-4, 18, 4],
				"rotation": [0, 0, 15],
				"cubes": [
					{"origin": [-4, 14, 3], "size": [0, 4, 1], "uv": [94, 105]}
				]
			},
			{
				"name": "bone72",
				"parent": "bone71",
				"pivot": [0, 18, 7],
				"rotation": [0, 0, -10],
				"cubes": [
					{"origin": [-4.63382, 12.75536, 3], "size": [0, 2, 1], "uv": [106, 121]}
				]
			},
			{
				"name": "bone73",
				"parent": "bone71",
				"pivot": [0, 18, 7],
				"rotation": [0, 0, -15],
				"cubes": [
					{"origin": [-5.07329, 11.17918, 3], "size": [0, 2, 1], "uv": [104, 121]}
				]
			},
			{
				"name": "bone74",
				"parent": "hair",
				"pivot": [4, 18, 4],
				"rotation": [25, 0, 0],
				"cubes": [
					{"origin": [3, 14, 4], "size": [1, 4, 0], "uv": [118, 115]}
				]
			},
			{
				"name": "bone75",
				"parent": "bone74",
				"pivot": [0, 18, 0],
				"rotation": [-10, 0, 0],
				"cubes": [
					{"origin": [3, 12.75536, 4.63382], "size": [1, 2, 0], "uv": [126, 124]}
				]
			},
			{
				"name": "bone76",
				"parent": "bone74",
				"pivot": [0, 18, 0],
				"rotation": [-20, 0, 0],
				"cubes": [
					{"origin": [3, 11.63987, 5.47413], "size": [1, 2, 0], "uv": [124, 124]}
				]
			},
			{
				"name": "bone77",
				"parent": "hair",
				"pivot": [3, 18, 4],
				"rotation": [20, 0, 0],
				"cubes": [
					{"origin": [2, 14, 4], "size": [1, 4, 0], "uv": [116, 115]}
				]
			},
			{
				"name": "bone78",
				"parent": "bone77",
				"pivot": [-1, 18, 0],
				"rotation": [-10, 0, 0],
				"cubes": [
					{"origin": [2, 12.75536, 4.63382], "size": [1, 2, 0], "uv": [122, 124]}
				]
			},
			{
				"name": "bone79",
				"parent": "bone77",
				"pivot": [-1, 18, 0],
				"rotation": [-20, 0, 0],
				"cubes": [
					{"origin": [2, 11.63987, 5.47413], "size": [1, 2, 0], "uv": [120, 124]}
				]
			},
			{
				"name": "bone80",
				"parent": "hair",
				"pivot": [2, 18, 4],
				"rotation": [15, 0, 0],
				"cubes": [
					{"origin": [1, 14, 4], "size": [1, 4, 0], "uv": [114, 115]}
				]
			},
			{
				"name": "bone81",
				"parent": "bone80",
				"pivot": [-2, 18, 0],
				"rotation": [-10, 0, 0],
				"cubes": [
					{"origin": [1, 12.75536, 4.63382], "size": [1, 2, 0], "uv": [118, 124]}
				]
			},
			{
				"name": "bone82",
				"parent": "bone80",
				"pivot": [-2, 18, 0],
				"rotation": [-20, 0, 0],
				"cubes": [
					{"origin": [1, 11.63987, 5.47413], "size": [1, 2, 0], "uv": [116, 124]}
				]
			},
			{
				"name": "bone83",
				"parent": "hair",
				"pivot": [1, 18, 4],
				"rotation": [11, 0, 0],
				"cubes": [
					{"origin": [0, 14, 4], "size": [1, 4, 0], "uv": [112, 115]}
				]
			},
			{
				"name": "bone84",
				"parent": "bone83",
				"pivot": [-3, 18, 0],
				"rotation": [-10, 0, 0],
				"cubes": [
					{"origin": [0, 12.75536, 4.63382], "size": [1, 2, 0], "uv": [114, 124]}
				]
			},
			{
				"name": "bone85",
				"parent": "bone83",
				"pivot": [-3, 18, 0],
				"rotation": [-20, 0, 0],
				"cubes": [
					{"origin": [0, 11.63987, 5.47413], "size": [1, 2, 0], "uv": [112, 124]}
				]
			},
			{
				"name": "bone86",
				"parent": "hair",
				"pivot": [0, 18, 4],
				"rotation": [14, 0, 0],
				"cubes": [
					{"origin": [-1, 14, 4], "size": [1, 4, 0], "uv": [110, 115]}
				]
			},
			{
				"name": "bone87",
				"parent": "bone86",
				"pivot": [-4, 18, 0],
				"rotation": [-10, 0, 0],
				"cubes": [
					{"origin": [-1, 12.75536, 4.63382], "size": [1, 2, 0], "uv": [110, 124]}
				]
			},
			{
				"name": "bone88",
				"parent": "bone86",
				"pivot": [-4, 18, 0],
				"rotation": [-20, 0, 0],
				"cubes": [
					{"origin": [-1, 11.63987, 5.47413], "size": [1, 2, 0], "uv": [108, 124]}
				]
			},
			{
				"name": "bone89",
				"parent": "hair",
				"pivot": [-1, 18, 4],
				"rotation": [18, 0, 0],
				"cubes": [
					{"origin": [-2, 14, 4], "size": [1, 4, 0], "uv": [108, 115]}
				]
			},
			{
				"name": "bone90",
				"parent": "bone89",
				"pivot": [-5, 18, 0],
				"rotation": [-10, 0, 0],
				"cubes": [
					{"origin": [-2, 12.75536, 4.63382], "size": [1, 2, 0], "uv": [106, 124]}
				]
			},
			{
				"name": "bone91",
				"parent": "bone89",
				"pivot": [-5, 18, 0],
				"rotation": [-20, 0, 0],
				"cubes": [
					{"origin": [-2, 11.63987, 5.47413], "size": [1, 2, 0], "uv": [104, 124]}
				]
			},
			{
				"name": "bone92",
				"parent": "hair",
				"pivot": [-2, 18, 4],
				"rotation": [22, 0, 0],
				"cubes": [
					{"origin": [-3, 14, 4], "size": [1, 4, 0], "uv": [106, 115]}
				]
			},
			{
				"name": "bone93",
				"parent": "bone92",
				"pivot": [-6, 18, 0],
				"rotation": [-10, 0, 0],
				"cubes": [
					{"origin": [-3, 12.75536, 4.63382], "size": [1, 2, 0], "uv": [102, 124]}
				]
			},
			{
				"name": "bone94",
				"parent": "bone92",
				"pivot": [-6, 18, 0],
				"rotation": [-20, 0, 0],
				"cubes": [
					{"origin": [-3, 11.63987, 5.47413], "size": [1, 2, 0], "uv": [100, 124]}
				]
			},
			{
				"name": "bone95",
				"parent": "hair",
				"pivot": [-3, 18, 4],
				"rotation": [25, 0, 0],
				"cubes": [
					{"origin": [-4, 14, 4], "size": [1, 4, 0], "uv": [104, 115]}
				]
			},
			{
				"name": "bone96",
				"parent": "bone95",
				"pivot": [-7, 18, 0],
				"rotation": [-10, 0, 0],
				"cubes": [
					{"origin": [-4, 12.75536, 4.63382], "size": [1, 2, 0], "uv": [98, 124]}
				]
			},
			{
				"name": "bone97",
				"parent": "bone95",
				"pivot": [-7, 18, 0],
				"rotation": [-20, 0, 0],
				"cubes": [
					{"origin": [-4, 11.63987, 5.47413], "size": [1, 2, 0], "uv": [96, 124]}
				]
			},
			{
				"name": "armRight",
				"pivot": [-3, 17.5, 0],
				"rotation": [0, 0, 25],
				"cubes": [
					{"origin": [-5, 9.5, -1], "size": [2, 8, 2], "uv": [48, 57]},
					{"origin": [-5.5, 10.5, -1.5], "size": [3, 1, 3], "uv": [0, 67]}
				]
			},
			{
				"name": "armLeft",
				"pivot": [3, 17.5, 0],
				"rotation": [0, 0, -25],
				"cubes": [
					{"origin": [3, 9.5, -1], "size": [2, 8, 2], "uv": [40, 57]},
					{"origin": [2.5, 10.5, -1.5], "size": [3, 1, 3], "uv": [56, 57]}
				]
			},
			{
				"name": "body",
				"pivot": [0, 10.5, 0],
				"cubes": [
					{"origin": [-3, 14, -3], "size": [6, 4, 6], "uv": [29, 102]},
					{"origin": [-3, 11, -3], "size": [6, 3, 6], "uv": [104, 92]},
					{"origin": [-3.75, 8, -2], "size": [7.5, 3, 4], "uv": [75, 115]}
				]
			},
			{
				"name": "bone28",
				"parent": "body",
				"pivot": [0, 12, 0],
				"rotation": [0, 0, 5],
				"cubes": [
					{"origin": [-3.5, 11.5, -3.5], "size": [7, 1, 7], "uv": [0, 29]}
				]
			},
			{
				"name": "bone",
				"parent": "body",
				"pivot": [0, 16.5, -3],
				"rotation": [0, 0, -30],
				"cubes": [
					{"origin": [-1, 16.86603, -3.5], "size": [3, 1, 1], "uv": [0, 92]}
				]
			},
			{
				"name": "bone2",
				"parent": "body",
				"pivot": [0, 16.5, -3],
				"rotation": [0, 0, 30],
				"cubes": [
					{"origin": [-2, 16.86603, -3.5], "size": [3, 1, 1], "uv": [0, 90]}
				]
			},
			{
				"name": "decoration2",
				"parent": "body",
				"pivot": [0, 0, 0]
			},
			{
				"name": "decoration3",
				"parent": "body",
				"pivot": [0, 0, 0]
			},
			{
				"name": "sittingRotationSkirt",
				"parent": "body",
				"pivot": [0, 10.5, 0],
				"cubes": [
					{"origin": [-4, 8, -3], "size": [8, 3.1, 6], "uv": [98, 66]}
				]
			},
			{
				"name": "legLeft",
				"pivot": [2, 9, 0],
				"cubes": [
					{"origin": [0.5, 0, -1.5], "size": [3, 9, 3], "uv": [28, 45]}
				]
			},
			{
				"name": "legRight",
				"pivot": [-2, 9, 0],
				"cubes": [
					{"origin": [-3.5, 0, -1.5], "size": [3, 9, 3], "uv": [16, 45]}
				]
			}
		]
	}
}