{
	"format_version": "1.10.0",
	"geometry.model": {
		"texturewidth": 128,
		"textureheight": 128,
		"visible_bounds_width": 3,
		"visible_bounds_height": 3,
		"visible_bounds_offset": [0, 1.5, 0],
		"bones": [
			{
				"name": "head",
				"pivot": [0, 18, 0],
				"cubes": [
					{"origin": [-4, 18, -4], "size": [8, 8, 8], "uv": [48, 0]}
				]
			},
			{
				"name": "blink",
				"parent": "head",
				"pivot": [0, 0, 0],
				"cubes": [
					{"origin": [-4, 18, -4.001], "size": [8, 8, 0], "uv": [0, 0]},
					{"origin": [-5, 30, -4.1], "size": [2, 2, 1], "uv": [0, 64], "inflate": -0.01},
					{"origin": [-5, 30.5, -4.43333], "size": [2, 1, 1], "uv": [0, 14], "inflate": -0.33333},
					{"origin": [3, 30.5, -4.43333], "size": [2, 1, 1], "uv": [0, 14], "inflate": -0.33333},
					{"origin": [3, 30, -4.1], "size": [2, 2, 1], "uv": [0, 64], "inflate": -0.01}
				]
			},
			{
				"name": "hairRight",
				"parent": "head",
				"pivot": [-3, 22, -3],
				"rotation": [-5, 0, 5],
				"cubes": [
					{"origin": [-4, 17, -4], "size": [1, 5, 1], "uv": [48, 32]}
				]
			},
			{
				"name": "redLineRight",
				"parent": "hairRight",
				"pivot": [-3, 22.5, -3],
				"cubes": [
					{"origin": [-4.5, 20.5, -4.5], "size": [2, 1, 2], "uv": [8, 45], "inflate": -0.35},
					{"origin": [-4.5, 18.45141, -4.5], "size": [2, 1, 2], "uv": [8, 45], "inflate": -0.35}
				]
			},
			{
				"name": "bone90",
				"parent": "redLineRight",
				"pivot": [-2.1, 19.2, -3],
				"rotation": [0, 0, 62],
				"cubes": [
					{"origin": [-4.93995, 17.83221, -4.5], "size": [3, 1, 2], "uv": [0, 44], "inflate": -0.35}
				]
			},
			{
				"name": "bone91",
				"parent": "redLineRight",
				"pivot": [-2.1, 19.2, -3],
				"rotation": [0, 0, -62],
				"cubes": [
					{"origin": [-3.57457, 20.30446, -4.5], "size": [3, 1, 2], "uv": [0, 44], "inflate": -0.35}
				]
			},
			{
				"name": "hairRight2",
				"parent": "head",
				"pivot": [-3, 22, -3],
				"cubes": [
					{"origin": [-4.42272, 15.21196, -4.43197], "size": [1, 2, 1], "uv": [48, 41]}
				]
			},
			{
				"name": "hairLeft",
				"parent": "head",
				"pivot": [3, 22, -3],
				"rotation": [-5, 0, -5],
				"cubes": [
					{"origin": [3, 17, -4], "size": [1, 5, 1], "uv": [12, 39]}
				]
			},
			{
				"name": "redLineRight2",
				"parent": "hairLeft",
				"pivot": [4, 22, -3],
				"cubes": [
					{"origin": [2.5, 20, -4.5], "size": [2, 1, 2], "uv": [8, 45], "inflate": -0.35},
					{"origin": [2.5, 17.95141, -4.5], "size": [2, 1, 2], "uv": [8, 45], "inflate": -0.35}
				]
			},
			{
				"name": "bone92",
				"parent": "redLineRight2",
				"pivot": [4.9, 18.7, -3],
				"rotation": [0, 0, 62],
				"cubes": [
					{"origin": [2.06005, 17.33221, -4.5], "size": [3, 1, 2], "uv": [0, 44], "inflate": -0.35}
				]
			},
			{
				"name": "bone93",
				"parent": "redLineRight2",
				"pivot": [4.9, 18.7, -3],
				"rotation": [0, 0, -62],
				"cubes": [
					{"origin": [3.42543, 19.80446, -4.5], "size": [3, 1, 2], "uv": [0, 44], "inflate": -0.35}
				]
			},
			{
				"name": "hairLeft2",
				"parent": "head",
				"pivot": [3, 22, -3],
				"cubes": [
					{"origin": [3.42272, 15.21196, -4.43197], "size": [1, 2, 1], "uv": [52, 32]}
				]
			},
			{
				"name": "hat",
				"parent": "head",
				"pivot": [0, 16, 0],
				"cubes": [
					{"origin": [3, 30, -4], "size": [2, 2, 2], "uv": [48, 4]},
					{"origin": [-5, 30, -4], "size": [2, 2, 2], "uv": [48, 0]},
					{"origin": [-5, 30, -4.333], "size": [2, 2, 1], "uv": [21, 64], "inflate": -0.33},
					{"origin": [3, 30, -4.333], "size": [2, 2, 1], "uv": [21, 64], "inflate": -0.33},
					{"origin": [-4, 29.74, -4], "size": [8, 1, 8], "uv": [48, 32], "inflate": -0.2}
				]
			},
			{
				"name": "bone15",
				"parent": "hat",
				"pivot": [0, 24, 0],
				"cubes": [
					{"origin": [-2.5, 23.79712, 4.8205], "size": [5, 1, 5], "uv": [64, 16], "inflate": 0.1795}
				]
			},
			{
				"name": "bone14",
				"parent": "bone15",
				"pivot": [0, 24, 6],
				"rotation": [15, 0, 0]
			},
			{
				"name": "bone11",
				"parent": "bone14",
				"pivot": [0, 16, 0]
			},
			{
				"name": "bone10",
				"parent": "bone11",
				"pivot": [1.6077, 24, 6],
				"rotation": [0, 0, -3.9671],
				"cubes": [
					{"origin": [0.6077, 24, 5], "size": [1, 7, 1], "uv": [10, 8]}
				]
			},
			{
				"name": "bone12",
				"parent": "bone11",
				"pivot": [-1.6077, 24, 6],
				"rotation": [0, 0, 3.9671],
				"cubes": [
					{"origin": [-1.6077, 24, 5], "size": [1, 7, 1], "uv": [10, 8], "mirror": true}
				]
			},
			{
				"name": "bone13",
				"parent": "bone11",
				"pivot": [-1.6077, 24, 6],
				"cubes": [
					{"origin": [-0.5, 24.04092, 4.8909], "size": [1, 6, 1], "uv": [12, 32], "inflate": 0.1101, "mirror": true},
					{"origin": [-0.99999, 29.85983, 4.8766], "size": [2, 1, 1], "uv": [27, 64], "inflate": 0.1234, "mirror": true}
				]
			},
			{
				"name": "bone16",
				"parent": "hat",
				"pivot": [0, 24, 0],
				"rotation": [0, -30, 0],
				"cubes": [
					{"origin": [-2.5, 23.79712, 4.8205], "size": [5, 1, 5], "uv": [64, 16], "inflate": 0.1795}
				]
			},
			{
				"name": "bone17",
				"parent": "bone16",
				"pivot": [0, 24, 6],
				"rotation": [15, 0, 0]
			},
			{
				"name": "bone18",
				"parent": "bone17",
				"pivot": [0, 16, 0]
			},
			{
				"name": "bone19",
				"parent": "bone18",
				"pivot": [1.6077, 24, 6],
				"rotation": [0, 0, -3.9671],
				"cubes": [
					{"origin": [0.6077, 24, 5], "size": [1, 7, 1], "uv": [10, 8]}
				]
			},
			{
				"name": "bone20",
				"parent": "bone18",
				"pivot": [-1.6077, 24, 6],
				"rotation": [0, 0, 3.9671],
				"cubes": [
					{"origin": [-1.6077, 24, 5], "size": [1, 7, 1], "uv": [10, 8], "mirror": true}
				]
			},
			{
				"name": "bone21",
				"parent": "bone18",
				"pivot": [-1.6077, 24, 6],
				"cubes": [
					{"origin": [-0.5, 24.04092, 4.8909], "size": [1, 6, 1], "uv": [12, 32], "inflate": 0.1101, "mirror": true},
					{"origin": [-0.99999, 29.85983, 4.8766], "size": [2, 1, 1], "uv": [27, 64], "inflate": 0.1234, "mirror": true}
				]
			},
			{
				"name": "bone22",
				"parent": "hat",
				"pivot": [0, 24, 0],
				"rotation": [0, -60, 0],
				"cubes": [
					{"origin": [-2.5, 23.79712, 4.8205], "size": [5, 1, 5], "uv": [64, 16], "inflate": 0.1795}
				]
			},
			{
				"name": "bone23",
				"parent": "bone22",
				"pivot": [0, 24, 6],
				"rotation": [15, 0, 0]
			},
			{
				"name": "bone24",
				"parent": "bone23",
				"pivot": [0, 16, 0]
			},
			{
				"name": "bone25",
				"parent": "bone24",
				"pivot": [1.6077, 24, 6],
				"rotation": [0, 0, -3.9671],
				"cubes": [
					{"origin": [0.6077, 24, 5], "size": [1, 7, 1], "uv": [10, 8]}
				]
			},
			{
				"name": "bone26",
				"parent": "bone24",
				"pivot": [-1.6077, 24, 6],
				"rotation": [0, 0, 3.9671],
				"cubes": [
					{"origin": [-1.6077, 24, 5], "size": [1, 7, 1], "uv": [10, 8], "mirror": true}
				]
			},
			{
				"name": "bone27",
				"parent": "bone24",
				"pivot": [-1.6077, 24, 6],
				"cubes": [
					{"origin": [-0.5, 24.04092, 4.8909], "size": [1, 6, 1], "uv": [12, 32], "inflate": 0.1101, "mirror": true},
					{"origin": [-0.99999, 29.85983, 4.8766], "size": [2, 1, 1], "uv": [27, 64], "inflate": 0.1234, "mirror": true}
				]
			},
			{
				"name": "bone28",
				"parent": "hat",
				"pivot": [0, 24, 0],
				"rotation": [0, -90, 0],
				"cubes": [
					{"origin": [-2.5, 23.79712, 4.8205], "size": [5, 1, 5], "uv": [64, 16], "inflate": 0.1795}
				]
			},
			{
				"name": "bone29",
				"parent": "bone28",
				"pivot": [0, 24, 6],
				"rotation": [15, 0, 0]
			},
			{
				"name": "bone30",
				"parent": "bone29",
				"pivot": [0, 16, 0]
			},
			{
				"name": "bone31",
				"parent": "bone30",
				"pivot": [1.6077, 24, 6],
				"rotation": [0, 0, -3.9671],
				"cubes": [
					{"origin": [0.6077, 24, 5], "size": [1, 7, 1], "uv": [10, 8]}
				]
			},
			{
				"name": "bone32",
				"parent": "bone30",
				"pivot": [-1.6077, 24, 6],
				"rotation": [0, 0, 3.9671],
				"cubes": [
					{"origin": [-1.6077, 24, 5], "size": [1, 7, 1], "uv": [10, 8], "mirror": true}
				]
			},
			{
				"name": "bone33",
				"parent": "bone30",
				"pivot": [-1.6077, 24, 6],
				"cubes": [
					{"origin": [-0.5, 24.04092, 4.8909], "size": [1, 6, 1], "uv": [12, 32], "inflate": 0.1101, "mirror": true},
					{"origin": [-0.99999, 29.85983, 4.8766], "size": [2, 1, 1], "uv": [27, 64], "inflate": 0.1234, "mirror": true}
				]
			},
			{
				"name": "bone34",
				"parent": "hat",
				"pivot": [0, 24, 0],
				"rotation": [0, -120, 0],
				"cubes": [
					{"origin": [-2.5, 23.79712, 4.8205], "size": [5, 1, 5], "uv": [64, 16], "inflate": 0.1795}
				]
			},
			{
				"name": "bone35",
				"parent": "bone34",
				"pivot": [0, 24, 6],
				"rotation": [15, 0, 0]
			},
			{
				"name": "bone36",
				"parent": "bone35",
				"pivot": [0, 16, 0]
			},
			{
				"name": "bone37",
				"parent": "bone36",
				"pivot": [1.6077, 24, 6],
				"rotation": [0, 0, -3.9671],
				"cubes": [
					{"origin": [0.6077, 24, 5], "size": [1, 7, 1], "uv": [10, 8]}
				]
			},
			{
				"name": "bone38",
				"parent": "bone36",
				"pivot": [-1.6077, 24, 6],
				"rotation": [0, 0, 3.9671],
				"cubes": [
					{"origin": [-1.6077, 24, 5], "size": [1, 7, 1], "uv": [10, 8], "mirror": true}
				]
			},
			{
				"name": "bone39",
				"parent": "bone36",
				"pivot": [-1.6077, 24, 6],
				"cubes": [
					{"origin": [-0.5, 24.04092, 4.8909], "size": [1, 6, 1], "uv": [12, 32], "inflate": 0.1101, "mirror": true},
					{"origin": [-0.99999, 29.85983, 4.8766], "size": [2, 1, 1], "uv": [27, 64], "inflate": 0.1234, "mirror": true}
				]
			},
			{
				"name": "bone40",
				"parent": "hat",
				"pivot": [0, 24, 0],
				"rotation": [0, -150, 0],
				"cubes": [
					{"origin": [-2.5, 23.79712, 4.8205], "size": [5, 1, 5], "uv": [64, 16], "inflate": 0.1795}
				]
			},
			{
				"name": "bone41",
				"parent": "bone40",
				"pivot": [0, 24, 6],
				"rotation": [15, 0, 0]
			},
			{
				"name": "bone42",
				"parent": "bone41",
				"pivot": [0, 16, 0]
			},
			{
				"name": "bone43",
				"parent": "bone42",
				"pivot": [1.6077, 24, 6],
				"rotation": [0, 0, -3.9671],
				"cubes": [
					{"origin": [0.6077, 24, 5], "size": [1, 7, 1], "uv": [10, 8]}
				]
			},
			{
				"name": "bone44",
				"parent": "bone42",
				"pivot": [-1.6077, 24, 6],
				"rotation": [0, 0, 3.9671],
				"cubes": [
					{"origin": [-1.6077, 24, 5], "size": [1, 7, 1], "uv": [10, 8], "mirror": true}
				]
			},
			{
				"name": "bone45",
				"parent": "bone42",
				"pivot": [-1.6077, 24, 6],
				"cubes": [
					{"origin": [-0.5, 24.04092, 4.8909], "size": [1, 6, 1], "uv": [12, 32], "inflate": 0.1101, "mirror": true},
					{"origin": [-0.99999, 29.85983, 4.8766], "size": [2, 1, 1], "uv": [27, 64], "inflate": 0.1234, "mirror": true}
				]
			},
			{
				"name": "bone46",
				"parent": "hat",
				"pivot": [0, 24, 0],
				"rotation": [0, 180, 0],
				"cubes": [
					{"origin": [-2.5, 23.79712, 4.8205], "size": [5, 1, 5], "uv": [64, 16], "inflate": 0.1795}
				]
			},
			{
				"name": "bone47",
				"parent": "bone46",
				"pivot": [0, 24, 6],
				"rotation": [15, 0, 0]
			},
			{
				"name": "bone48",
				"parent": "bone47",
				"pivot": [0, 16, 0]
			},
			{
				"name": "bone49",
				"parent": "bone48",
				"pivot": [1.6077, 24, 6],
				"rotation": [0, 0, -3.9671],
				"cubes": [
					{"origin": [0.6077, 24, 5], "size": [1, 7, 1], "uv": [10, 8]}
				]
			},
			{
				"name": "bone50",
				"parent": "bone48",
				"pivot": [-1.6077, 24, 6],
				"rotation": [0, 0, 3.9671],
				"cubes": [
					{"origin": [-1.6077, 24, 5], "size": [1, 7, 1], "uv": [10, 8], "mirror": true}
				]
			},
			{
				"name": "bone51",
				"parent": "bone48",
				"pivot": [-1.6077, 24, 6],
				"cubes": [
					{"origin": [-0.5, 24.04092, 4.8909], "size": [1, 6, 1], "uv": [12, 32], "inflate": 0.1101, "mirror": true},
					{"origin": [-0.99999, 29.85983, 4.8766], "size": [2, 1, 1], "uv": [27, 64], "inflate": 0.1234, "mirror": true}
				]
			},
			{
				"name": "bone52",
				"parent": "hat",
				"pivot": [0, 24, 0],
				"rotation": [0, 150, 0],
				"cubes": [
					{"origin": [-2.5, 23.79712, 4.8205], "size": [5, 1, 5], "uv": [64, 16], "inflate": 0.1795}
				]
			},
			{
				"name": "bone53",
				"parent": "bone52",
				"pivot": [0, 24, 6],
				"rotation": [15, 0, 0]
			},
			{
				"name": "bone54",
				"parent": "bone53",
				"pivot": [0, 16, 0]
			},
			{
				"name": "bone55",
				"parent": "bone54",
				"pivot": [1.6077, 24, 6],
				"rotation": [0, 0, -3.9671],
				"cubes": [
					{"origin": [0.6077, 24, 5], "size": [1, 7, 1], "uv": [10, 8]}
				]
			},
			{
				"name": "bone56",
				"parent": "bone54",
				"pivot": [-1.6077, 24, 6],
				"rotation": [0, 0, 3.9671],
				"cubes": [
					{"origin": [-1.6077, 24, 5], "size": [1, 7, 1], "uv": [10, 8], "mirror": true}
				]
			},
			{
				"name": "bone57",
				"parent": "bone54",
				"pivot": [-1.6077, 24, 6],
				"cubes": [
					{"origin": [-0.5, 24.04092, 4.8909], "size": [1, 6, 1], "uv": [12, 32], "inflate": 0.1101, "mirror": true},
					{"origin": [-0.99999, 29.85983, 4.8766], "size": [2, 1, 1], "uv": [27, 64], "inflate": 0.1234, "mirror": true}
				]
			},
			{
				"name": "bone58",
				"parent": "hat",
				"pivot": [0, 24, 0],
				"rotation": [0, 120, 0],
				"cubes": [
					{"origin": [-2.5, 23.79712, 4.8205], "size": [5, 1, 5], "uv": [64, 16], "inflate": 0.1795}
				]
			},
			{
				"name": "bone59",
				"parent": "bone58",
				"pivot": [0, 24, 6],
				"rotation": [15, 0, 0]
			},
			{
				"name": "bone60",
				"parent": "bone59",
				"pivot": [0, 16, 0]
			},
			{
				"name": "bone61",
				"parent": "bone60",
				"pivot": [1.6077, 24, 6],
				"rotation": [0, 0, -3.9671],
				"cubes": [
					{"origin": [0.6077, 24, 5], "size": [1, 7, 1], "uv": [10, 8]}
				]
			},
			{
				"name": "bone62",
				"parent": "bone60",
				"pivot": [-1.6077, 24, 6],
				"rotation": [0, 0, 3.9671],
				"cubes": [
					{"origin": [-1.6077, 24, 5], "size": [1, 7, 1], "uv": [10, 8], "mirror": true}
				]
			},
			{
				"name": "bone63",
				"parent": "bone60",
				"pivot": [-1.6077, 24, 6],
				"cubes": [
					{"origin": [-0.5, 24.04092, 4.8909], "size": [1, 6, 1], "uv": [12, 32], "inflate": 0.1101, "mirror": true},
					{"origin": [-0.99999, 29.85983, 4.8766], "size": [2, 1, 1], "uv": [27, 64], "inflate": 0.1234, "mirror": true}
				]
			},
			{
				"name": "bone64",
				"parent": "hat",
				"pivot": [0, 24, 0],
				"rotation": [0, 90, 0],
				"cubes": [
					{"origin": [-2.5, 23.79712, 4.8205], "size": [5, 1, 5], "uv": [64, 16], "inflate": 0.1795}
				]
			},
			{
				"name": "bone65",
				"parent": "bone64",
				"pivot": [0, 24, 6],
				"rotation": [15, 0, 0]
			},
			{
				"name": "bone66",
				"parent": "bone65",
				"pivot": [0, 16, 0]
			},
			{
				"name": "bone67",
				"parent": "bone66",
				"pivot": [1.6077, 24, 6],
				"rotation": [0, 0, -3.9671],
				"cubes": [
					{"origin": [0.6077, 24, 5], "size": [1, 7, 1], "uv": [10, 8]}
				]
			},
			{
				"name": "bone68",
				"parent": "bone66",
				"pivot": [-1.6077, 24, 6],
				"rotation": [0, 0, 3.9671],
				"cubes": [
					{"origin": [-1.6077, 24, 5], "size": [1, 7, 1], "uv": [10, 8], "mirror": true}
				]
			},
			{
				"name": "bone69",
				"parent": "bone66",
				"pivot": [-1.6077, 24, 6],
				"cubes": [
					{"origin": [-0.5, 24.04092, 4.8909], "size": [1, 6, 1], "uv": [12, 32], "inflate": 0.1101, "mirror": true},
					{"origin": [-0.99999, 29.85983, 4.8766], "size": [2, 1, 1], "uv": [27, 64], "inflate": 0.1234, "mirror": true}
				]
			},
			{
				"name": "bone70",
				"parent": "hat",
				"pivot": [0, 24, 0],
				"rotation": [0, 60, 0],
				"cubes": [
					{"origin": [-2.5, 23.79712, 4.8205], "size": [5, 1, 5], "uv": [64, 16], "inflate": 0.1795}
				]
			},
			{
				"name": "bone71",
				"parent": "bone70",
				"pivot": [0, 24, 6],
				"rotation": [15, 0, 0]
			},
			{
				"name": "bone72",
				"parent": "bone71",
				"pivot": [0, 16, 0]
			},
			{
				"name": "bone73",
				"parent": "bone72",
				"pivot": [1.6077, 24, 6],
				"rotation": [0, 0, -3.9671],
				"cubes": [
					{"origin": [0.6077, 24, 5], "size": [1, 7, 1], "uv": [10, 8]}
				]
			},
			{
				"name": "bone74",
				"parent": "bone72",
				"pivot": [-1.6077, 24, 6],
				"rotation": [0, 0, 3.9671],
				"cubes": [
					{"origin": [-1.6077, 24, 5], "size": [1, 7, 1], "uv": [10, 8], "mirror": true}
				]
			},
			{
				"name": "bone75",
				"parent": "bone72",
				"pivot": [-1.6077, 24, 6],
				"cubes": [
					{"origin": [-0.5, 24.04092, 4.8909], "size": [1, 6, 1], "uv": [12, 32], "inflate": 0.1101, "mirror": true},
					{"origin": [-0.99999, 29.85983, 4.8766], "size": [2, 1, 1], "uv": [27, 64], "inflate": 0.1234, "mirror": true}
				]
			},
			{
				"name": "bone76",
				"parent": "hat",
				"pivot": [0, 24, 0],
				"rotation": [0, 30, 0],
				"cubes": [
					{"origin": [-2.5, 23.79712, 4.8205], "size": [5, 1, 5], "uv": [64, 16], "inflate": 0.1795}
				]
			},
			{
				"name": "bone77",
				"parent": "bone76",
				"pivot": [0, 24, 6],
				"rotation": [15, 0, 0]
			},
			{
				"name": "bone78",
				"parent": "bone77",
				"pivot": [0, 16, 0]
			},
			{
				"name": "bone79",
				"parent": "bone78",
				"pivot": [1.6077, 24, 6],
				"rotation": [0, 0, -3.9671],
				"cubes": [
					{"origin": [0.6077, 24, 5], "size": [1, 7, 1], "uv": [10, 8]}
				]
			},
			{
				"name": "bone80",
				"parent": "bone78",
				"pivot": [-1.6077, 24, 6],
				"rotation": [0, 0, 3.9671],
				"cubes": [
					{"origin": [-1.6077, 24, 5], "size": [1, 7, 1], "uv": [10, 8]}
				]
			},
			{
				"name": "bone81",
				"parent": "bone78",
				"pivot": [-1.6077, 24, 6],
				"cubes": [
					{"origin": [-0.5, 24.04092, 4.8909], "size": [1, 6, 1], "uv": [12, 32], "inflate": 0.1101},
					{"origin": [-0.99999, 29.85983, 4.8766], "size": [2, 1, 1], "uv": [27, 64], "inflate": 0.1234}
				]
			},
			{
				"name": "legLeft",
				"pivot": [2, 9, 0],
				"cubes": [
					{"origin": [0.5, 0, -1.5], "size": [3, 9, 3], "uv": [0, 32]}
				]
			},
			{
				"name": "legRight",
				"pivot": [-2, 9, 0],
				"cubes": [
					{"origin": [-3.5, 0, -1.5], "size": [3, 9, 3], "uv": [0, 32]}
				]
			},
			{
				"name": "body",
				"pivot": [0, 10.5, 0],
				"cubes": [
					{"origin": [-2.5, 11, -2.5], "size": [5, 7, 5], "uv": [108, 116], "inflate": 0.1},
					{"origin": [-2.5, 9, -2.5], "size": [5, 2, 5], "uv": [108, 121], "inflate": 0.1},
					{"origin": [-3.9, 8, -2], "size": [7.8, 2, 4], "uv": [105, 122], "inflate": -0.4}
				]
			},
			{
				"name": "collar",
				"parent": "body",
				"pivot": [0, 11.5, 0]
			},
			{
				"name": "bone5",
				"parent": "collar",
				"pivot": [-2, 18, 0],
				"rotation": [0, 0, 25],
				"cubes": [
					{"origin": [-2.18738, 17.84524, -2.875], "size": [2, 1, 1], "uv": [88, 64]}
				]
			},
			{
				"name": "bone6",
				"parent": "collar",
				"pivot": [2, 18, 0],
				"rotation": [0, 0, -25],
				"cubes": [
					{"origin": [0.18738, 17.84524, -2.875], "size": [2, 1, 1], "uv": [88, 64]}
				]
			},
			{
				"name": "suit",
				"parent": "body",
				"pivot": [0, 10.5, 0],
				"cubes": [
					{"origin": [-3, 13, -3], "size": [6, 5, 6], "uv": [86, 109]}
				]
			},
			{
				"name": "bone7",
				"parent": "suit",
				"pivot": [0, 13, -3],
				"rotation": [0, 0, 15],
				"cubes": [
					{"origin": [-3, 11, -3], "size": [3, 2, 6], "uv": [86, 120], "inflate": 0.01}
				]
			},
			{
				"name": "bone4",
				"parent": "suit",
				"pivot": [0, 13, -3],
				"rotation": [0, 0, -15],
				"cubes": [
					{"origin": [0, 11, -3], "size": [3, 2, 6], "uv": [110, 93], "inflate": 0.01}
				]
			},
			{
				"name": "bone3",
				"parent": "suit",
				"pivot": [0, 14.5, -3],
				"rotation": [0, 0, 25],
				"cubes": [
					{"origin": [0.23976, 14.93993, -3.101], "size": [0.75, 4, 0.1], "uv": [126, 40]}
				]
			},
			{
				"name": "bone2",
				"parent": "suit",
				"pivot": [0, 14.5, -3],
				"rotation": [0, 0, -25],
				"cubes": [
					{"origin": [-0.98976, 14.93993, -3.101], "size": [0.75, 4, 0.1], "uv": [127, 40]}
				]
			},
			{
				"name": "bone144",
				"parent": "suit",
				"pivot": [-0.2, 10.4, -3],
				"cubes": [
					{"origin": [-1.18976, 13.13993, -3.101], "size": [0.75, 1.7, 0.1], "uv": [127, 40]}
				]
			},
			{
				"name": "bone150",
				"parent": "suit",
				"pivot": [0.6, 10.4, 3.1],
				"cubes": [
					{"origin": [-0.88976, 12.93993, 2.999], "size": [1.75, 0.5, 0.1], "uv": [126, 40]}
				]
			},
			{
				"name": "bone84",
				"parent": "suit",
				"pivot": [-3.12588, 12.90341, -2.3],
				"rotation": [0, 90, 15],
				"cubes": [
					{"origin": [-8.51564, 12.64334, -2.401], "size": [6.15, 0.7, 0.1], "uv": [116, 40]}
				]
			},
			{
				"name": "bone87",
				"parent": "suit",
				"pivot": [3.12588, 12.90341, -2.3],
				"rotation": [0, -90, -15],
				"cubes": [
					{"origin": [2.36564, 12.64334, -2.401], "size": [6.15, 0.7, 0.1], "uv": [116, 40], "mirror": true}
				]
			},
			{
				"name": "bone82",
				"parent": "suit",
				"pivot": [-1.4, 8.8, -3.2],
				"rotation": [-2.41492, 0.64686, 14.98637],
				"cubes": [
					{"origin": [-2.38976, 12.03993, -3.301], "size": [0.75, 1.2, 0.1], "uv": [127, 40]}
				]
			},
			{
				"name": "bone146",
				"parent": "suit",
				"pivot": [1.4, 8.8, -3.2],
				"rotation": [-2.41492, -0.64686, -14.98637],
				"cubes": [
					{"origin": [1.63976, 12.03993, -3.301], "size": [0.75, 1.2, 0.1], "uv": [127, 40], "mirror": true}
				]
			},
			{
				"name": "bone83",
				"parent": "suit",
				"pivot": [-1.4, 8.8, -3.2],
				"rotation": [-2.41492, 0.64686, 14.98637],
				"cubes": [
					{"origin": [-4.13976, 12.03993, -3.301], "size": [2.5, 0.7, 0.1], "uv": [124, 40]}
				]
			},
			{
				"name": "bone147",
				"parent": "suit",
				"pivot": [1.4, 8.8, -3.2],
				"rotation": [-2.41492, -0.64686, -14.98637],
				"cubes": [
					{"origin": [1.63976, 12.03993, -3.301], "size": [2.5, 0.7, 0.1], "uv": [124, 40], "mirror": true}
				]
			},
			{
				"name": "bone85",
				"parent": "suit",
				"pivot": [-1.4, 8.8, 3.2],
				"rotation": [2.41492, -0.64686, 14.98637],
				"cubes": [
					{"origin": [-4.13976, 12.03993, 3.201], "size": [2.5, 0.7, 0.1], "uv": [124, 40]}
				]
			},
			{
				"name": "bone86",
				"parent": "suit",
				"pivot": [1.4, 8.8, 3.2],
				"rotation": [2.41492, 0.64686, -14.98637],
				"cubes": [
					{"origin": [1.63976, 12.03993, 3.201], "size": [2.5, 0.7, 0.1], "uv": [124, 40], "mirror": true}
				]
			},
			{
				"name": "bone148",
				"parent": "suit",
				"pivot": [1.4, 8.8, 3.2],
				"rotation": [2.41492, 0.64686, -14.98637],
				"cubes": [
					{"origin": [1.63976, 12.03993, 3.201], "size": [0.5, 1.4, 0.1], "uv": [126, 40], "mirror": true}
				]
			},
			{
				"name": "bone149",
				"parent": "suit",
				"pivot": [-1.4, 8.8, 3.2],
				"rotation": [2.41492, -0.64686, 14.98637],
				"cubes": [
					{"origin": [-2.13976, 12.03993, 3.201], "size": [0.5, 1.4, 0.1], "uv": [126, 40]}
				]
			},
			{
				"name": "bone145",
				"parent": "suit",
				"pivot": [0.2, 10.4, -3],
				"cubes": [
					{"origin": [0.43976, 13.13993, -3.101], "size": [0.75, 1.7, 0.1], "uv": [127, 40], "mirror": true}
				]
			},
			{
				"name": "sittingRotationSkirt",
				"parent": "body",
				"pivot": [0, 10.5, 0]
			},
			{
				"name": "bone",
				"parent": "sittingRotationSkirt",
				"pivot": [0, 5.6, 0]
			},
			{
				"name": "bone8",
				"parent": "bone",
				"pivot": [0, 5.6, 0]
			},
			{
				"name": "bone9",
				"parent": "bone8",
				"pivot": [0, 5.6, 4.35813],
				"rotation": [12, 0, 0],
				"cubes": [
					{"origin": [-2.4, 5.19288, 4.05813], "size": [4.8, 8, 0.1], "uv": [120, 28]}
				]
			},
			{
				"name": "bone88",
				"parent": "bone9",
				"pivot": [-2.4, 5.19288, 4.35813],
				"rotation": [0, 0, 11.74513],
				"cubes": [
					{"origin": [-4.4, 5.19288, 4.05713], "size": [2, 8, 0.1], "uv": [120, 28]}
				]
			},
			{
				"name": "bone89",
				"parent": "bone9",
				"pivot": [2.4, 5.19288, 4.35813],
				"rotation": [0, 0, -11.74513],
				"cubes": [
					{"origin": [2.4, 5.19288, 4.05913], "size": [2, 8, 0.1], "uv": [120, 28]}
				]
			},
			{
				"name": "bone94",
				"parent": "bone",
				"pivot": [0, 5.6, 0],
				"rotation": [0, -90, 0]
			},
			{
				"name": "bone95",
				"parent": "bone94",
				"pivot": [0, 5.6, 4.35813],
				"rotation": [12, 0, 0],
				"cubes": [
					{"origin": [-2.4, 5.19288, 4.25813], "size": [4.8, 8, 0.1], "uv": [120, 28]}
				]
			},
			{
				"name": "bone96",
				"parent": "bone95",
				"pivot": [-2.4, 5.19288, 4.35813],
				"rotation": [0, 0, 11.74513],
				"cubes": [
					{"origin": [-4.2, 5.19288, 4.25713], "size": [1.8, 8, 0.1], "uv": [122, 28]}
				]
			},
			{
				"name": "bone97",
				"parent": "bone95",
				"pivot": [2.4, 5.19288, 4.35813],
				"rotation": [0, 0, -11.74513],
				"cubes": [
					{"origin": [2.4, 5.19288, 4.25913], "size": [1.8, 8, 0.1], "uv": [120, 28]}
				]
			},
			{
				"name": "bone98",
				"parent": "bone",
				"pivot": [0, 5.6, 0],
				"rotation": [0, -180, 0]
			},
			{
				"name": "bone99",
				"parent": "bone98",
				"pivot": [0, 5.6, 4.35813],
				"rotation": [12, 0, 0],
				"cubes": [
					{"origin": [-2.4, 5.19288, 4.05813], "size": [4.8, 8, 0.1], "uv": [120, 28]},
					{"origin": [-1.9, 7.94288, 4.1], "size": [3.8, 6.25, 0.1], "uv": [121, 44]},
					{"origin": [-1.9, 7.44288, 4.12], "size": [3.8, 0.75, 0.1], "uv": [122, 41]},
					{"origin": [-2.45, 7.44288, 4.12], "size": [0.8, 5.75, 0.1], "uv": [127, 39]},
					{"origin": [1.65, 7.44288, 4.12], "size": [0.8, 5.75, 0.1], "uv": [126, 38], "mirror": true}
				]
			},
			{
				"name": "bone100",
				"parent": "bone99",
				"pivot": [-2.4, 5.19288, 4.35813],
				"rotation": [0, 0, 11.74513],
				"cubes": [
					{"origin": [-4.4, 5.19288, 4.05713], "size": [2, 8, 0.1], "uv": [120, 28]}
				]
			},
			{
				"name": "bone101",
				"parent": "bone99",
				"pivot": [2.4, 5.19288, 4.35813],
				"rotation": [0, 0, -11.74513],
				"cubes": [
					{"origin": [2.4, 5.19288, 4.05913], "size": [2, 8, 0.1], "uv": [120, 28]}
				]
			},
			{
				"name": "bone102",
				"parent": "bone",
				"pivot": [0, 5.6, 0],
				"rotation": [0, -270, 0]
			},
			{
				"name": "bone103",
				"parent": "bone102",
				"pivot": [0, 5.6, 4.35813],
				"rotation": [12, 0, 0],
				"cubes": [
					{"origin": [-2.4, 5.19288, 4.25813], "size": [4.8, 8, 0.1], "uv": [120, 28]}
				]
			},
			{
				"name": "bone104",
				"parent": "bone103",
				"pivot": [-2.4, 5.19288, 4.35813],
				"rotation": [0, 0, 11.74513],
				"cubes": [
					{"origin": [-4.3, 5.19288, 4.25713], "size": [1.9, 8, 0.1], "uv": [121, 28]}
				]
			},
			{
				"name": "bone105",
				"parent": "bone103",
				"pivot": [2.4, 5.19288, 4.35813],
				"rotation": [0, 0, -11.74513],
				"cubes": [
					{"origin": [2.4, 5.19288, 4.25913], "size": [1.8, 8, 0.1], "uv": [120, 28]}
				]
			},
			{
				"name": "decoration",
				"pivot": [0, 16.71489, -3.63],
				"rotation": [-7.5, 0, 0]
			},
			{
				"name": "bone138",
				"parent": "decoration",
				"pivot": [0, 18.07489, 1.37],
				"rotation": [0, 0, 53],
				"cubes": [
					{"origin": [-0.79214, 15.26871, -3.31], "size": [0.72, 2.16, 0.12], "uv": [115, 53]},
					{"origin": [-0.07214, 15.26871, -3.31], "size": [0.72, 0.72, 0.12], "uv": [115, 53]}
				]
			},
			{
				"name": "bone139",
				"parent": "decoration",
				"pivot": [0, 18.07489, 1.37],
				"rotation": [0, 0, -53],
				"cubes": [
					{"origin": [0.07214, 15.26871, -3.31], "size": [0.72, 2.16, 0.12], "uv": [115, 53]},
					{"origin": [-0.64786, 15.26871, -3.31], "size": [0.72, 0.72, 0.12], "uv": [115, 53]}
				]
			},
			{
				"name": "bone140",
				"parent": "decoration",
				"pivot": [0, 18.07489, 1.37],
				"rotation": [0, 0, 40],
				"cubes": [
					{"origin": [0, 15.19489, -3.31], "size": [0.72, 2.88, 0.12], "uv": [115, 53]}
				]
			},
			{
				"name": "bone141",
				"parent": "decoration",
				"pivot": [0, 18.07489, 1.37],
				"rotation": [0, 0, -40],
				"cubes": [
					{"origin": [-0.72, 15.19489, -3.31], "size": [0.72, 2.88, 0.12], "uv": [115, 53]}
				]
			},
			{
				"name": "bone142",
				"parent": "decoration",
				"pivot": [0, 18.17489, 1.37],
				"rotation": [3, 0, 5],
				"cubes": [
					{"origin": [-0.72, 14.67489, -3.31], "size": [0.72, 3.6, 0.12], "uv": [115, 53]}
				]
			},
			{
				"name": "bone143",
				"parent": "decoration",
				"pivot": [0, 18.07489, -3.63],
				"rotation": [4, 0, -5],
				"cubes": [
					{"origin": [0, 14.47489, -3.31], "size": [0.72, 3.6, 0.12], "uv": [115, 54]}
				]
			},
			{
				"name": "armLeft",
				"pivot": [3, 17.5, 0],
				"rotation": [0, 0, -25],
				"cubes": [
					{"origin": [3, 11.5, -1], "size": [2, 6, 2], "uv": [91, 27], "inflate": 0.25},
					{"origin": [3, 9.5, -1], "size": [2, 8, 2], "uv": [26, 75]},
					{"origin": [3.1, 11, -0.8], "size": [1.8, 0, 1.7], "uv": [94, 38], "inflate": 0.25, "mirror": true}
				]
			},
			{
				"name": "armRight",
				"pivot": [-3, 17.5, 0],
				"rotation": [0, 0, 25],
				"cubes": [
					{"origin": [-5, 11.5, -1], "size": [2, 6, 2], "uv": [91, 27], "inflate": 0.25},
					{"origin": [-4.9, 11, -0.8], "size": [1.8, 0, 1.7], "uv": [94, 38], "inflate": 0.25},
					{"origin": [-5, 9.5, -1], "size": [2, 8, 2], "uv": [26, 75]}
				]
			}
		]
	}
}