{
	"format_version": "1.10.0",
	"geometry.model": {
		"texturewidth": 256,
		"textureheight": 256,
		"visible_bounds_width": 3,
		"visible_bounds_height": 3,
		"visible_bounds_offset": [0, 1.5, 0],
		"bones": [
			{
				"name": "head",
				"pivot": [0, 18, 0],
				"cubes": [
					{"origin": [-4, 18, -4], "size": [8, 8, 8], "uv": [40, 0]}
				]
			},
			{
				"name": "blink",
				"parent": "head",
				"pivot": [0, 18, 0],
				"cubes": [
					{"origin": [-4, 18, -4.001], "size": [8, 8, 0], "uv": [0, 34]}
				]
			},
			{
				"name": "ahoge",
				"parent": "head",
				"pivot": [0, 18, 0]
			},
			{
				"name": "hair",
				"parent": "head",
				"pivot": [0, 18, 0]
			},
			{
				"name": "bone49",
				"parent": "hair",
				"pivot": [0, 18, -4],
				"rotation": [-5, 0, 0],
				"cubes": [
					{"origin": [-4, 14, -4], "size": [1, 4, 0], "uv": [46, 132]},
					{"origin": [3, 14, -4], "size": [1, 4, 0], "uv": [44, 132]}
				]
			},
			{
				"name": "bone50",
				"parent": "hair",
				"pivot": [4, 18, -3],
				"rotation": [0, 0, -5],
				"cubes": [
					{"origin": [4, 14, -4], "size": [0, 4, 1], "uv": [2, 127]}
				]
			},
			{
				"name": "bone51",
				"parent": "bone50",
				"pivot": [0, 18, 0],
				"rotation": [0, 0, 5],
				"cubes": [
					{"origin": [4.3334, 12.36384, -4], "size": [0, 2, 1], "uv": [14, 141]}
				]
			},
			{
				"name": "bone52",
				"parent": "bone50",
				"pivot": [0, 18, 0],
				"rotation": [0, 0, 10],
				"cubes": [
					{"origin": [4.80814, 10.76289, -4], "size": [0, 2, 1], "uv": [12, 141]}
				]
			},
			{
				"name": "bone53",
				"parent": "hair",
				"pivot": [4, 18, -2],
				"rotation": [0, 0, -10],
				"cubes": [
					{"origin": [4, 14, -3], "size": [0, 4, 1], "uv": [0, 127]}
				]
			},
			{
				"name": "bone54",
				"parent": "bone53",
				"pivot": [0, 18, 1],
				"rotation": [0, 0, 5],
				"cubes": [
					{"origin": [4.3334, 12.36384, -3], "size": [0, 2, 1], "uv": [10, 141]}
				]
			},
			{
				"name": "bone55",
				"parent": "bone53",
				"pivot": [0, 18, 1],
				"rotation": [0, 0, 10],
				"cubes": [
					{"origin": [4.80814, 10.76289, -3], "size": [0, 2, 1], "uv": [8, 141]}
				]
			},
			{
				"name": "bone56",
				"parent": "hair",
				"pivot": [4, 18, 3],
				"rotation": [0, 0, -10],
				"cubes": [
					{"origin": [4, 14, 2], "size": [0, 4, 1], "uv": [28, 122]}
				]
			},
			{
				"name": "bone57",
				"parent": "bone56",
				"pivot": [0, 18, 6],
				"rotation": [0, 0, 5],
				"cubes": [
					{"origin": [4.3334, 12.36384, 2], "size": [0, 2, 1], "uv": [6, 141]}
				]
			},
			{
				"name": "bone58",
				"parent": "bone56",
				"pivot": [0, 18, 6],
				"rotation": [0, 0, 10],
				"cubes": [
					{"origin": [4.80814, 10.76289, 2], "size": [0, 2, 1], "uv": [4, 141]}
				]
			},
			{
				"name": "bone59",
				"parent": "hair",
				"pivot": [4, 18, 4],
				"rotation": [0, 0, -15],
				"cubes": [
					{"origin": [4, 14, 3], "size": [0, 4, 1], "uv": [26, 122]}
				]
			},
			{
				"name": "bone60",
				"parent": "bone59",
				"pivot": [0, 18, 7],
				"rotation": [0, 0, 5],
				"cubes": [
					{"origin": [4.3334, 12.36384, 3], "size": [0, 2, 1], "uv": [2, 141]}
				]
			},
			{
				"name": "bone61",
				"parent": "bone59",
				"pivot": [0, 18, 7],
				"rotation": [0, 0, 10],
				"cubes": [
					{"origin": [4.80814, 10.76289, 3], "size": [0, 2, 1], "uv": [0, 141]}
				]
			},
			{
				"name": "bone62",
				"parent": "hair",
				"pivot": [-4, 18, -3],
				"rotation": [0, 0, 5],
				"cubes": [
					{"origin": [-4, 14, -4], "size": [0, 4, 1], "uv": [24, 122]}
				]
			},
			{
				"name": "bone63",
				"parent": "bone62",
				"pivot": [0, 18, 0],
				"rotation": [0, 0, -10],
				"cubes": [
					{"origin": [-4.63382, 12.75536, -4], "size": [0, 2, 1], "uv": [42, 138]}
				]
			},
			{
				"name": "bone64",
				"parent": "bone62",
				"pivot": [0, 18, 0],
				"rotation": [0, 0, -15],
				"cubes": [
					{"origin": [-5.07329, 11.17918, -4], "size": [0, 2, 1], "uv": [40, 138]}
				]
			},
			{
				"name": "bone65",
				"parent": "hair",
				"pivot": [-4, 18, -2],
				"rotation": [0, 0, 10],
				"cubes": [
					{"origin": [-4, 14, -3], "size": [0, 4, 1], "uv": [22, 122]}
				]
			},
			{
				"name": "bone66",
				"parent": "bone65",
				"pivot": [0, 18, 1],
				"rotation": [0, 0, -10],
				"cubes": [
					{"origin": [-4.63382, 12.75536, -3], "size": [0, 2, 1], "uv": [38, 138]}
				]
			},
			{
				"name": "bone67",
				"parent": "bone65",
				"pivot": [0, 18, 1],
				"rotation": [0, 0, -15],
				"cubes": [
					{"origin": [-5.07329, 11.17918, -3], "size": [0, 2, 1], "uv": [36, 138]}
				]
			},
			{
				"name": "bone68",
				"parent": "hair",
				"pivot": [-4, 18, 3],
				"rotation": [0, 0, 10],
				"cubes": [
					{"origin": [-4, 14, 2], "size": [0, 4, 1], "uv": [20, 122]}
				]
			},
			{
				"name": "bone69",
				"parent": "bone68",
				"pivot": [0, 18, 6],
				"rotation": [0, 0, -10],
				"cubes": [
					{"origin": [-4.63382, 12.75536, 2], "size": [0, 2, 1], "uv": [34, 138]}
				]
			},
			{
				"name": "bone70",
				"parent": "bone68",
				"pivot": [0, 18, 6],
				"rotation": [0, 0, -15],
				"cubes": [
					{"origin": [-5.07329, 11.17918, 2], "size": [0, 2, 1], "uv": [32, 138]}
				]
			},
			{
				"name": "bone71",
				"parent": "hair",
				"pivot": [-4, 18, 4],
				"rotation": [0, 0, 15],
				"cubes": [
					{"origin": [-4, 14, 3], "size": [0, 4, 1], "uv": [18, 122]}
				]
			},
			{
				"name": "bone72",
				"parent": "bone71",
				"pivot": [0, 18, 7],
				"rotation": [0, 0, -10],
				"cubes": [
					{"origin": [-4.63382, 12.75536, 3], "size": [0, 2, 1], "uv": [30, 138]}
				]
			},
			{
				"name": "bone73",
				"parent": "bone71",
				"pivot": [0, 18, 7],
				"rotation": [0, 0, -15],
				"cubes": [
					{"origin": [-5.07329, 11.17918, 3], "size": [0, 2, 1], "uv": [28, 138]}
				]
			},
			{
				"name": "bone74",
				"parent": "hair",
				"pivot": [4, 18, 4],
				"rotation": [25, 0, 0],
				"cubes": [
					{"origin": [3, 14, 4], "size": [1, 4, 0], "uv": [42, 132]}
				]
			},
			{
				"name": "bone75",
				"parent": "bone74",
				"pivot": [0, 18, 0],
				"rotation": [-10, 0, 0],
				"cubes": [
					{"origin": [3, 12.75536, 4.63382], "size": [1, 2, 0], "uv": [50, 141]}
				]
			},
			{
				"name": "bone76",
				"parent": "bone74",
				"pivot": [0, 18, 0],
				"rotation": [-20, 0, 0],
				"cubes": [
					{"origin": [3, 11.63987, 5.47413], "size": [1, 2, 0], "uv": [48, 141]}
				]
			},
			{
				"name": "bone77",
				"parent": "hair",
				"pivot": [3, 18, 4],
				"rotation": [20, 0, 0],
				"cubes": [
					{"origin": [2, 14, 4], "size": [1, 4, 0], "uv": [40, 132]}
				]
			},
			{
				"name": "bone78",
				"parent": "bone77",
				"pivot": [-1, 18, 0],
				"rotation": [-10, 0, 0],
				"cubes": [
					{"origin": [2, 12.75536, 4.63382], "size": [1, 2, 0], "uv": [46, 141]}
				]
			},
			{
				"name": "bone79",
				"parent": "bone77",
				"pivot": [-1, 18, 0],
				"rotation": [-20, 0, 0],
				"cubes": [
					{"origin": [2, 11.63987, 5.47413], "size": [1, 2, 0], "uv": [44, 141]}
				]
			},
			{
				"name": "bone80",
				"parent": "hair",
				"pivot": [2, 18, 4],
				"rotation": [15, 0, 0],
				"cubes": [
					{"origin": [1, 14, 4], "size": [1, 4, 0], "uv": [38, 132]}
				]
			},
			{
				"name": "bone81",
				"parent": "bone80",
				"pivot": [-2, 18, 0],
				"rotation": [-10, 0, 0],
				"cubes": [
					{"origin": [1, 12.75536, 4.63382], "size": [1, 2, 0], "uv": [42, 141]}
				]
			},
			{
				"name": "bone82",
				"parent": "bone80",
				"pivot": [-2, 18, 0],
				"rotation": [-20, 0, 0],
				"cubes": [
					{"origin": [1, 11.63987, 5.47413], "size": [1, 2, 0], "uv": [40, 141]}
				]
			},
			{
				"name": "bone83",
				"parent": "hair",
				"pivot": [1, 18, 4],
				"rotation": [11, 0, 0],
				"cubes": [
					{"origin": [0, 14, 4], "size": [1, 4, 0], "uv": [36, 132]}
				]
			},
			{
				"name": "bone84",
				"parent": "bone83",
				"pivot": [-3, 18, 0],
				"rotation": [-10, 0, 0],
				"cubes": [
					{"origin": [0, 12.75536, 4.63382], "size": [1, 2, 0], "uv": [38, 141]}
				]
			},
			{
				"name": "bone85",
				"parent": "bone83",
				"pivot": [-3, 18, 0],
				"rotation": [-20, 0, 0],
				"cubes": [
					{"origin": [0, 11.63987, 5.47413], "size": [1, 2, 0], "uv": [36, 141]}
				]
			},
			{
				"name": "bone86",
				"parent": "hair",
				"pivot": [0, 18, 4],
				"rotation": [14, 0, 0],
				"cubes": [
					{"origin": [-1, 14, 4], "size": [1, 4, 0], "uv": [34, 132]}
				]
			},
			{
				"name": "bone87",
				"parent": "bone86",
				"pivot": [-4, 18, 0],
				"rotation": [-10, 0, 0],
				"cubes": [
					{"origin": [-1, 12.75536, 4.63382], "size": [1, 2, 0], "uv": [34, 141]}
				]
			},
			{
				"name": "bone88",
				"parent": "bone86",
				"pivot": [-4, 18, 0],
				"rotation": [-20, 0, 0],
				"cubes": [
					{"origin": [-1, 11.63987, 5.47413], "size": [1, 2, 0], "uv": [32, 141]}
				]
			},
			{
				"name": "bone89",
				"parent": "hair",
				"pivot": [-1, 18, 4],
				"rotation": [18, 0, 0],
				"cubes": [
					{"origin": [-2, 14, 4], "size": [1, 4, 0], "uv": [32, 132]}
				]
			},
			{
				"name": "bone90",
				"parent": "bone89",
				"pivot": [-5, 18, 0],
				"rotation": [-10, 0, 0],
				"cubes": [
					{"origin": [-2, 12.75536, 4.63382], "size": [1, 2, 0], "uv": [30, 141]}
				]
			},
			{
				"name": "bone91",
				"parent": "bone89",
				"pivot": [-5, 18, 0],
				"rotation": [-20, 0, 0],
				"cubes": [
					{"origin": [-2, 11.63987, 5.47413], "size": [1, 2, 0], "uv": [28, 141]}
				]
			},
			{
				"name": "bone92",
				"parent": "hair",
				"pivot": [-2, 18, 4],
				"rotation": [22, 0, 0],
				"cubes": [
					{"origin": [-3, 14, 4], "size": [1, 4, 0], "uv": [30, 132]}
				]
			},
			{
				"name": "bone93",
				"parent": "bone92",
				"pivot": [-6, 18, 0],
				"rotation": [-10, 0, 0],
				"cubes": [
					{"origin": [-3, 12.75536, 4.63382], "size": [1, 2, 0], "uv": [26, 141]}
				]
			},
			{
				"name": "bone94",
				"parent": "bone92",
				"pivot": [-6, 18, 0],
				"rotation": [-20, 0, 0],
				"cubes": [
					{"origin": [-3, 11.63987, 5.47413], "size": [1, 2, 0], "uv": [24, 141]}
				]
			},
			{
				"name": "bone95",
				"parent": "hair",
				"pivot": [-3, 18, 4],
				"rotation": [25, 0, 0],
				"cubes": [
					{"origin": [-4, 14, 4], "size": [1, 4, 0], "uv": [28, 132]}
				]
			},
			{
				"name": "bone96",
				"parent": "bone95",
				"pivot": [-7, 18, 0],
				"rotation": [-10, 0, 0],
				"cubes": [
					{"origin": [-4, 12.75536, 4.63382], "size": [1, 2, 0], "uv": [22, 141]}
				]
			},
			{
				"name": "bone97",
				"parent": "bone95",
				"pivot": [-7, 18, 0],
				"rotation": [-20, 0, 0],
				"cubes": [
					{"origin": [-4, 11.63987, 5.47413], "size": [1, 2, 0], "uv": [20, 141]}
				]
			},
			{
				"name": "hat",
				"parent": "head",
				"pivot": [0, 23, 0],
				"rotation": [-10, 0, 0]
			},
			{
				"name": "layer1",
				"parent": "hat",
				"pivot": [0, 23, 0]
			},
			{
				"name": "section1",
				"parent": "layer1",
				"pivot": [0, 23, 0],
				"cubes": [
					{"origin": [-2, 23, -10], "size": [4, 1, 4], "uv": [72, 53]},
					{"origin": [2, 23, -10], "size": [1, 1, 5], "uv": [24, 66]},
					{"origin": [3, 23, -9], "size": [1, 1, 4], "uv": [20, 86]},
					{"origin": [4, 23, -9], "size": [1, 1, 5], "uv": [12, 66]},
					{"origin": [5, 23, -8], "size": [1, 1, 6], "uv": [58, 53]},
					{"origin": [6, 23, -8], "size": [1, 1, 6], "uv": [44, 53]},
					{"origin": [7, 23, -7], "size": [1, 1, 5], "uv": [0, 66]},
					{"origin": [8, 23, -5], "size": [1, 1, 3], "uv": [16, 98]},
					{"origin": [9, 23, -3], "size": [1, 1, 1], "uv": [40, 129]}
				]
			},
			{
				"name": "section2",
				"parent": "layer1",
				"pivot": [0, 23, 0],
				"rotation": [0, -90, 0],
				"cubes": [
					{"origin": [-2, 23, -10], "size": [4, 1, 4], "uv": [28, 53]},
					{"origin": [2, 23, -10], "size": [1, 1, 5], "uv": [84, 60]},
					{"origin": [3, 23, -9], "size": [1, 1, 4], "uv": [10, 86]},
					{"origin": [4, 23, -9], "size": [1, 1, 5], "uv": [72, 60]},
					{"origin": [5, 23, -8], "size": [1, 1, 6], "uv": [14, 53]},
					{"origin": [6, 23, -8], "size": [1, 1, 6], "uv": [0, 53]},
					{"origin": [7, 23, -7], "size": [1, 1, 5], "uv": [60, 60]},
					{"origin": [8, 23, -5], "size": [1, 1, 3], "uv": [8, 98]},
					{"origin": [9, 23, -3], "size": [1, 1, 1], "uv": [40, 127]}
				]
			},
			{
				"name": "section3",
				"parent": "layer1",
				"pivot": [0, 23, 0],
				"rotation": [0, 180, 0],
				"cubes": [
					{"origin": [-2, 23, -10], "size": [4, 1, 4], "uv": [90, 46]},
					{"origin": [2, 23, -10], "size": [1, 1, 5], "uv": [48, 60]},
					{"origin": [3, 23, -9], "size": [1, 1, 4], "uv": [0, 86]},
					{"origin": [4, 23, -9], "size": [1, 1, 5], "uv": [36, 60]},
					{"origin": [5, 23, -8], "size": [1, 1, 6], "uv": [76, 46]},
					{"origin": [6, 23, -8], "size": [1, 1, 6], "uv": [62, 46]},
					{"origin": [7, 23, -7], "size": [1, 1, 5], "uv": [24, 60]},
					{"origin": [8, 23, -5], "size": [1, 1, 3], "uv": [0, 98]},
					{"origin": [9, 23, -3], "size": [1, 1, 1], "uv": [36, 129]}
				]
			},
			{
				"name": "section4",
				"parent": "layer1",
				"pivot": [0, 23, 0],
				"rotation": [0, 90, 0],
				"cubes": [
					{"origin": [-2, 23, -10], "size": [4, 1, 4], "uv": [46, 46]},
					{"origin": [2, 23, -10], "size": [1, 1, 5], "uv": [12, 60]},
					{"origin": [3, 23, -9], "size": [1, 1, 4], "uv": [36, 80]},
					{"origin": [4, 23, -9], "size": [1, 1, 5], "uv": [0, 60]},
					{"origin": [5, 23, -8], "size": [1, 1, 6], "uv": [32, 46]},
					{"origin": [6, 23, -8], "size": [1, 1, 6], "uv": [18, 46]},
					{"origin": [7, 23, -7], "size": [1, 1, 5], "uv": [88, 53]},
					{"origin": [8, 23, -5], "size": [1, 1, 3], "uv": [88, 94]},
					{"origin": [9, 23, -3], "size": [1, 1, 1], "uv": [36, 127]}
				]
			},
			{
				"name": "layer2_1",
				"parent": "hat",
				"pivot": [0, 24, 0]
			},
			{
				"name": "section5",
				"parent": "layer2_1",
				"pivot": [0, 24, 0],
				"cubes": [
					{"origin": [-2, 24, -6], "size": [4, 1, 1], "uv": [34, 104]},
					{"origin": [2.001, 24, -5], "size": [2, 1, 1], "uv": [48, 118]},
					{"origin": [4, 24, -4], "size": [1, 1, 2], "uv": [42, 115]}
				]
			},
			{
				"name": "section6",
				"parent": "layer2_1",
				"pivot": [0, 24, 0],
				"rotation": [0, -90, 0],
				"cubes": [
					{"origin": [-2, 24, -6], "size": [4, 1, 1], "uv": [34, 102]},
					{"origin": [2, 24, -5], "size": [2, 1, 1], "uv": [42, 118]},
					{"origin": [4, 24, -4], "size": [1, 1, 2], "uv": [36, 115]}
				]
			},
			{
				"name": "section7",
				"parent": "layer2_1",
				"pivot": [0, 24, 0],
				"rotation": [0, 180, 0],
				"cubes": [
					{"origin": [-2, 24, -6], "size": [4, 1, 1], "uv": [24, 104]},
					{"origin": [2, 24, -5], "size": [2, 1, 1], "uv": [36, 118]},
					{"origin": [4, 24, -4], "size": [1, 1, 2], "uv": [30, 115]}
				]
			},
			{
				"name": "section8",
				"parent": "layer2_1",
				"pivot": [0, 24, 0],
				"rotation": [0, 90, 0],
				"cubes": [
					{"origin": [-2, 24, -6], "size": [4, 1, 1], "uv": [24, 102]},
					{"origin": [2, 24, -5], "size": [2, 1, 1], "uv": [30, 118]},
					{"origin": [4, 24, -4.001], "size": [1, 1, 2], "uv": [24, 115]}
				]
			},
			{
				"name": "layer2_2",
				"parent": "hat",
				"pivot": [0, 25, 0]
			},
			{
				"name": "section17",
				"parent": "layer2_2",
				"pivot": [0, 25, 0],
				"cubes": [
					{"origin": [-1, 25, -6], "size": [2, 1, 1], "uv": [24, 118]},
					{"origin": [1.001, 25, -5], "size": [3, 1, 1], "uv": [54, 109]},
					{"origin": [4, 25, -4], "size": [1, 1, 3], "uv": [68, 98]}
				]
			},
			{
				"name": "section18",
				"parent": "layer2_2",
				"pivot": [0, 25, 0],
				"rotation": [0, -90, 0],
				"cubes": [
					{"origin": [-1, 25, -6], "size": [2, 1, 1], "uv": [18, 118]},
					{"origin": [1, 25, -5], "size": [3, 1, 1], "uv": [54, 107]},
					{"origin": [4, 25, -4], "size": [1, 1, 3], "uv": [60, 98]}
				]
			},
			{
				"name": "section19",
				"parent": "layer2_2",
				"pivot": [0, 25, 0],
				"rotation": [0, 180, 0],
				"cubes": [
					{"origin": [-1, 25, -6], "size": [2, 1, 1], "uv": [12, 118]},
					{"origin": [1, 25, -5], "size": [3, 1, 1], "uv": [46, 109]},
					{"origin": [4, 25, -4], "size": [1, 1, 3], "uv": [52, 98]}
				]
			},
			{
				"name": "section20",
				"parent": "layer2_2",
				"pivot": [0, 25, 0],
				"rotation": [0, 90, 0],
				"cubes": [
					{"origin": [-1, 25, -6], "size": [2, 1, 1], "uv": [6, 118]},
					{"origin": [1, 25, -5], "size": [3, 1, 1], "uv": [46, 107]},
					{"origin": [4, 25, -4.001], "size": [1, 1, 3], "uv": [44, 98]}
				]
			},
			{
				"name": "layer3_1",
				"parent": "hat",
				"pivot": [0, 26, 0]
			},
			{
				"name": "section9",
				"parent": "layer3_1",
				"pivot": [0, 23, 0],
				"cubes": [
					{"origin": [-3, 26, -5], "size": [6, 1, 1], "uv": [36, 78]},
					{"origin": [3, 26, -4], "size": [1, 1, 1], "uv": [12, 132]}
				]
			},
			{
				"name": "section10",
				"parent": "layer3_1",
				"pivot": [0, 23, 0],
				"rotation": [0, -90, 0],
				"cubes": [
					{"origin": [-3, 26, -5], "size": [6, 1, 1], "uv": [36, 76]},
					{"origin": [3, 26, -4.001], "size": [1, 1, 1], "uv": [8, 134]}
				]
			},
			{
				"name": "section11",
				"parent": "layer3_1",
				"pivot": [0, 23, 0],
				"rotation": [0, 180, 0],
				"cubes": [
					{"origin": [-3, 26, -5], "size": [6, 1, 1], "uv": [22, 83]},
					{"origin": [3.001, 26, -4], "size": [1, 1, 1], "uv": [8, 132]}
				]
			},
			{
				"name": "section12",
				"parent": "layer3_1",
				"pivot": [0, 23, 0],
				"rotation": [0, 90, 0],
				"cubes": [
					{"origin": [-3, 26, -5], "size": [6, 1, 1], "uv": [22, 81]},
					{"origin": [3, 26, -4], "size": [1, 1, 1], "uv": [4, 134]}
				]
			},
			{
				"name": "layer3_2",
				"parent": "hat",
				"pivot": [0, 27, 0]
			},
			{
				"name": "section21",
				"parent": "layer3_2",
				"pivot": [0, 24, 0],
				"cubes": [
					{"origin": [-2, 27, -5], "size": [4, 1, 1], "uv": [34, 100]},
					{"origin": [2, 27, -4], "size": [2, 1, 2], "uv": [32, 107]}
				]
			},
			{
				"name": "section22",
				"parent": "layer3_2",
				"pivot": [0, 24, 0],
				"rotation": [0, -90, 0],
				"cubes": [
					{"origin": [-2, 27, -5], "size": [4, 1, 1], "uv": [34, 98]},
					{"origin": [2, 27, -4.001], "size": [2, 1, 2], "uv": [24, 107]}
				]
			},
			{
				"name": "section23",
				"parent": "layer3_2",
				"pivot": [0, 24, 0],
				"rotation": [0, 180, 0],
				"cubes": [
					{"origin": [-2, 27, -5], "size": [4, 1, 1], "uv": [24, 100]},
					{"origin": [2.001, 27, -4], "size": [2, 1, 2], "uv": [16, 107]}
				]
			},
			{
				"name": "section24",
				"parent": "layer3_2",
				"pivot": [0, 24, 0],
				"rotation": [0, 90, 0],
				"cubes": [
					{"origin": [-2, 27, -5], "size": [4, 1, 1], "uv": [24, 98]},
					{"origin": [2, 27, -4], "size": [2, 1, 2], "uv": [8, 107]}
				]
			},
			{
				"name": "layer4",
				"parent": "hat",
				"pivot": [0, 28, 0]
			},
			{
				"name": "section13",
				"parent": "layer4",
				"pivot": [0, 28, 0],
				"cubes": [
					{"origin": [2, 28, -3], "size": [1, 1, 1], "uv": [4, 132]},
					{"origin": [1, 28, -4], "size": [1, 1, 3], "uv": [16, 102]},
					{"origin": [-2, 28, -4], "size": [3, 1, 2], "uv": [54, 94]}
				]
			},
			{
				"name": "section14",
				"parent": "layer4",
				"pivot": [0, 28, 0],
				"rotation": [0, -90, 0],
				"cubes": [
					{"origin": [2, 28, -3], "size": [1, 1, 1], "uv": [0, 134]},
					{"origin": [1, 28, -4], "size": [1, 1, 3], "uv": [8, 102]},
					{"origin": [-2, 28, -4], "size": [3, 1, 2], "uv": [44, 94]}
				]
			},
			{
				"name": "section15",
				"parent": "layer4",
				"pivot": [0, 28, 0],
				"rotation": [0, 180, 0],
				"cubes": [
					{"origin": [2, 28, -3], "size": [1, 1, 1], "uv": [0, 132]},
					{"origin": [1, 28, -4], "size": [1, 1, 3], "uv": [0, 102]},
					{"origin": [-2, 28, -4], "size": [3, 1, 2], "uv": [34, 94]}
				]
			},
			{
				"name": "section16",
				"parent": "layer4",
				"pivot": [0, 28, 0],
				"rotation": [0, 90, 0],
				"cubes": [
					{"origin": [2, 28, -3], "size": [1, 1, 1], "uv": [44, 127]},
					{"origin": [1, 28, -4], "size": [1, 1, 3], "uv": [76, 98]},
					{"origin": [-2, 28, -4], "size": [3, 1, 2], "uv": [24, 94]}
				]
			},
			{
				"name": "layer5",
				"parent": "hat",
				"pivot": [0, 29, 0],
				"cubes": [
					{"origin": [-1, 29, -2], "size": [2, 1, 4], "uv": [22, 76]},
					{"origin": [1, 29, -1], "size": [1, 1, 2], "uv": [18, 115]},
					{"origin": [-2, 29, -1], "size": [1, 1, 2], "uv": [12, 115]}
				]
			},
			{
				"name": "peach",
				"parent": "hat",
				"pivot": [0, 24, 0],
				"rotation": [0, 90, 0]
			},
			{
				"name": "fruit",
				"parent": "peach",
				"pivot": [2, 33, -3],
				"cubes": [
					{"origin": [0.41444, 24.3, -8.50097], "size": [1, 1, 2], "uv": [6, 115]},
					{"origin": [-2.1211, 25.00711, -8.50097], "size": [1, 1, 2], "uv": [72, 112]},
					{"origin": [-1.41399, 24.3, -8.50097], "size": [1, 1, 2], "uv": [78, 112]},
					{"origin": [1.12154, 25.00711, -8.50097], "size": [1, 1, 2], "uv": [66, 112]}
				]
			},
			{
				"name": "bone100",
				"parent": "fruit",
				"pivot": [2, 32, -3],
				"rotation": [0, 0, 45],
				"cubes": [
					{"origin": [3.73777, 24.84833, -8.50097], "size": [2, 1, 2], "uv": [0, 107]},
					{"origin": [4.03067, 24.14122, -8.50097], "size": [1, 1, 2], "uv": [90, 112]},
					{"origin": [3.32356, 24.84833, -8.50097], "size": [1, 3, 2], "uv": [72, 102]},
					{"origin": [6.03067, 26.14122, -8.50097], "size": [1, 1, 2], "uv": [84, 112]},
					{"origin": [4.32356, 25.84833, -8.50097], "size": [2, 2, 2], "uv": [80, 94]},
					{"origin": [5.32356, 25.43412, -8.50097], "size": [1, 1, 2], "uv": [0, 115]}
				]
			},
			{
				"name": "leaf",
				"parent": "peach",
				"pivot": [0, 25, -7],
				"rotation": [-75, 0, -120],
				"cubes": [
					{"origin": [0.23062, 25.51512, -4.46275], "size": [1, 0, 1], "uv": [24, 139]},
					{"origin": [-1.70123, 25.51712, -4.46275], "size": [2, 0, 1], "uv": [6, 126]}
				]
			},
			{
				"name": "bone103",
				"parent": "leaf",
				"pivot": [-8.36603, 20, 5.49038],
				"rotation": [0, -30, 0],
				"cubes": [
					{"origin": [-5.27283, 25.51712, -6.09566], "size": [1, 0, 1], "uv": [20, 140]},
					{"origin": [-7.82953, 25.51712, -8.42761], "size": [2, 0, 1], "uv": [6, 124]}
				]
			},
			{
				"name": "bone104",
				"parent": "leaf",
				"pivot": [-8.36603, 20, 5.49038],
				"rotation": [0, -15, 0],
				"cubes": [
					{"origin": [-2.41362, 25.51612, -5.64148], "size": [1, 0, 1], "uv": [20, 139]},
					{"origin": [-4.50439, 25.51712, -6.84859], "size": [2, 0, 1], "uv": [6, 125]}
				]
			},
			{
				"name": "bone102",
				"parent": "leaf",
				"pivot": [-8.36603, 20, 5.49038],
				"rotation": [0, -45, 0],
				"cubes": [
					{"origin": [-8.15217, 25.51812, -5.79435], "size": [1, 0, 1], "uv": [24, 138]},
					{"origin": [-11.45005, 25.51712, -9.09222], "size": [1, 0, 1], "uv": [16, 139]}
				]
			},
			{
				"name": "bone101",
				"parent": "leaf",
				"pivot": [-8.36603, 20, 5.49038],
				"rotation": [0, -60, 0],
				"cubes": [
					{"origin": [-11.82134, 25.51812, -6.49925], "size": [1, 0, 2], "uv": [0, 118]},
					{"origin": [-14.15329, 25.51512, -8.05595], "size": [1, 0, 1], "uv": [16, 140]}
				]
			},
			{
				"name": "bone105",
				"parent": "leaf",
				"pivot": [-8.36603, 20, 5.49038],
				"rotation": [0, -75, 0],
				"cubes": [
					{"origin": [-15.28911, 25.51712, -5.26456], "size": [1, 0, 2], "uv": [96, 115]},
					{"origin": [-16.49622, 25.51512, -6.35533], "size": [1, 0, 1], "uv": [20, 138]}
				]
			},
			{
				"name": "leaf2",
				"parent": "peach",
				"pivot": [0, 25, -7],
				"rotation": [-75, 0, 120],
				"cubes": [
					{"origin": [0.701, 25.51522, -4.46313], "size": [1, 0, 1], "uv": [16, 138]},
					{"origin": [-1.23085, 25.51722, -4.46313], "size": [2, 0, 1], "uv": [6, 123]}
				]
			},
			{
				"name": "bone99",
				"parent": "leaf2",
				"pivot": [-8.36603, 20, 5.49038],
				"rotation": [0, -30, 0],
				"cubes": [
					{"origin": [-4.86566, 25.51722, -6.33117], "size": [1, 0, 1], "uv": [12, 140]},
					{"origin": [-7.42236, 25.51722, -8.66313], "size": [2, 0, 1], "uv": [6, 122]}
				]
			},
			{
				"name": "bone106",
				"parent": "leaf2",
				"pivot": [-8.36603, 20, 5.49038],
				"rotation": [0, -15, 0],
				"cubes": [
					{"origin": [-1.95936, 25.51622, -5.76358], "size": [1, 0, 1], "uv": [12, 139]},
					{"origin": [-4.05013, 25.51722, -6.97069], "size": [2, 0, 1], "uv": [0, 126]}
				]
			},
			{
				"name": "bone107",
				"parent": "leaf2",
				"pivot": [-8.36603, 20, 5.49038],
				"rotation": [0, -45, 0],
				"cubes": [
					{"origin": [-7.81983, 25.51822, -6.12722], "size": [1, 0, 1], "uv": [12, 138]},
					{"origin": [-11.11771, 25.51722, -9.4251], "size": [1, 0, 1], "uv": [8, 140]}
				]
			},
			{
				"name": "bone108",
				"parent": "leaf2",
				"pivot": [-8.36603, 20, 5.49038],
				"rotation": [0, -60, 0],
				"cubes": [
					{"origin": [-11.58648, 25.51822, -6.9068], "size": [1, 0, 2], "uv": [90, 115]},
					{"origin": [-13.91843, 25.51522, -8.4635], "size": [1, 0, 1], "uv": [8, 139]}
				]
			},
			{
				"name": "bone109",
				"parent": "leaf2",
				"pivot": [-8.36603, 20, 5.49038],
				"rotation": [0, -75, 0],
				"cubes": [
					{"origin": [-15.16773, 25.51722, -5.71901], "size": [1, 0, 2], "uv": [84, 115]},
					{"origin": [-16.37484, 25.51522, -6.80978], "size": [1, 0, 1], "uv": [8, 138]}
				]
			},
			{
				"name": "peach2",
				"parent": "hat",
				"pivot": [0, 24, 0],
				"rotation": [0, -45, 0]
			},
			{
				"name": "fruit2",
				"parent": "peach2",
				"pivot": [0, 24, 0],
				"rotation": [-3, 0, 22],
				"cubes": [
					{"origin": [0.41444, 24.3, -8.50097], "size": [1, 1, 2], "uv": [42, 112]},
					{"origin": [-2.1211, 25.00711, -8.50097], "size": [1, 1, 2], "uv": [36, 112]},
					{"origin": [-1.41399, 24.3, -8.50097], "size": [1, 1, 2], "uv": [30, 112]},
					{"origin": [1.12154, 25.00711, -8.50097], "size": [1, 1, 2], "uv": [24, 112]}
				]
			},
			{
				"name": "bone110",
				"parent": "fruit2",
				"pivot": [2, 32, -3],
				"rotation": [0, 0, 45],
				"cubes": [
					{"origin": [3.73777, 24.84833, -8.50097], "size": [2, 1, 2], "uv": [64, 102]},
					{"origin": [4.03067, 24.14122, -8.50097], "size": [1, 1, 2], "uv": [60, 112]},
					{"origin": [3.32356, 24.84833, -8.50097], "size": [1, 3, 2], "uv": [58, 102]},
					{"origin": [6.03067, 26.14122, -8.50097], "size": [1, 1, 2], "uv": [54, 112]},
					{"origin": [4.32356, 25.84833, -8.50097], "size": [2, 2, 2], "uv": [72, 94]},
					{"origin": [5.32356, 25.43412, -8.50097], "size": [1, 1, 2], "uv": [48, 112]}
				]
			},
			{
				"name": "fruit3",
				"parent": "peach2",
				"pivot": [0, 24, -1],
				"rotation": [16, -45, -22],
				"cubes": [
					{"origin": [0.41444, 24.3, -9.50097], "size": [1, 1, 2], "uv": [0, 112]},
					{"origin": [-2.1211, 25.00711, -9.50097], "size": [1, 1, 2], "uv": [80, 107]},
					{"origin": [-1.41399, 24.3, -9.50097], "size": [1, 1, 2], "uv": [74, 107]},
					{"origin": [1.12154, 25.00711, -9.50097], "size": [1, 1, 2], "uv": [68, 107]}
				]
			},
			{
				"name": "bone116",
				"parent": "fruit3",
				"pivot": [2, 32, -4],
				"rotation": [0, 0, 45],
				"cubes": [
					{"origin": [3.73777, 24.84833, -9.50097], "size": [2, 1, 2], "uv": [50, 102]},
					{"origin": [4.03067, 24.14122, -9.50097], "size": [1, 1, 2], "uv": [18, 112]},
					{"origin": [3.32356, 24.84833, -9.50097], "size": [1, 3, 2], "uv": [44, 102]},
					{"origin": [6.03067, 26.14122, -9.50097], "size": [1, 1, 2], "uv": [12, 112]},
					{"origin": [4.32356, 25.84833, -9.50097], "size": [2, 2, 2], "uv": [64, 94]},
					{"origin": [5.32356, 25.43412, -9.50097], "size": [1, 1, 2], "uv": [6, 112]}
				]
			},
			{
				"name": "leaf3",
				"parent": "peach2",
				"pivot": [5, 26, -5],
				"rotation": [-25, -10, -90],
				"cubes": [
					{"origin": [5.46593, 25.997, -2.46094], "size": [1, 0, 1], "uv": [4, 140]},
					{"origin": [3.53407, 25.999, -2.46094], "size": [2, 0, 1], "uv": [0, 125]}
				]
			},
			{
				"name": "bone111",
				"parent": "leaf3",
				"pivot": [2.63397, 15.80644, 6.89561],
				"rotation": [0, -30, 0],
				"cubes": [
					{"origin": [1.03309, 25.999, -1.29143], "size": [1, 0, 1], "uv": [4, 139]},
					{"origin": [-1.52361, 25.999, -3.62338], "size": [2, 0, 1], "uv": [0, 124]}
				]
			},
			{
				"name": "bone112",
				"parent": "leaf3",
				"pivot": [2.63397, 15.80644, 6.89561],
				"rotation": [0, -15, 0],
				"cubes": [
					{"origin": [3.17252, 25.998, -2.16798], "size": [1, 0, 1], "uv": [4, 138]},
					{"origin": [1.08175, 25.999, -3.37509], "size": [2, 0, 1], "uv": [0, 123]}
				]
			},
			{
				"name": "bone113",
				"parent": "leaf3",
				"pivot": [2.63397, 15.80644, 6.89561],
				"rotation": [0, -45, 0],
				"cubes": [
					{"origin": [-0.80658, 26, 0.10899], "size": [1, 0, 1], "uv": [0, 140]},
					{"origin": [-4.10446, 25.999, -3.18889], "size": [1, 0, 1], "uv": [0, 139]}
				]
			},
			{
				"name": "bone114",
				"parent": "leaf3",
				"pivot": [2.63397, 15.80644, 6.89561],
				"rotation": [0, -60, 0],
				"cubes": [
					{"origin": [-3.18703, 26, 0.19664], "size": [1, 0, 2], "uv": [78, 115]},
					{"origin": [-5.51898, 25.997, -1.36005], "size": [1, 0, 1], "uv": [0, 138]}
				]
			},
			{
				"name": "bone115",
				"parent": "leaf3",
				"pivot": [2.63397, 15.80644, 6.89561],
				"rotation": [0, -75, 0],
				"cubes": [
					{"origin": [-5.20487, 25.999, 1.86334], "size": [1, 0, 2], "uv": [72, 115]},
					{"origin": [-6.41198, 25.997, 0.77257], "size": [1, 0, 1], "uv": [72, 136]}
				]
			},
			{
				"name": "leaf4",
				"parent": "peach2",
				"pivot": [5, 26, -5],
				"rotation": [-15, 15, -90],
				"cubes": [
					{"origin": [5.46593, 25.997, -2.46094], "size": [1, 0, 1], "uv": [68, 137]},
					{"origin": [3.53407, 25.999, -2.46094], "size": [2, 0, 1], "uv": [0, 122]}
				]
			},
			{
				"name": "bone117",
				"parent": "leaf4",
				"pivot": [2.63397, 15.80644, 6.89561],
				"rotation": [0, -30, 0],
				"cubes": [
					{"origin": [1.03309, 25.999, -1.29143], "size": [1, 0, 1], "uv": [68, 136]},
					{"origin": [-1.52361, 25.999, -3.62338], "size": [2, 0, 1], "uv": [90, 120]}
				]
			},
			{
				"name": "bone118",
				"parent": "leaf4",
				"pivot": [2.63397, 15.80644, 6.89561],
				"rotation": [0, -15, 0],
				"cubes": [
					{"origin": [3.17252, 25.998, -2.16798], "size": [1, 0, 1], "uv": [64, 137]},
					{"origin": [1.08175, 25.999, -3.37509], "size": [2, 0, 1], "uv": [84, 121]}
				]
			},
			{
				"name": "bone119",
				"parent": "leaf4",
				"pivot": [2.63397, 15.80644, 6.89561],
				"rotation": [0, -45, 0],
				"cubes": [
					{"origin": [-0.80658, 26, 0.10899], "size": [1, 0, 1], "uv": [64, 136]},
					{"origin": [-4.10446, 25.999, -3.18889], "size": [1, 0, 1], "uv": [60, 137]}
				]
			},
			{
				"name": "bone120",
				"parent": "leaf4",
				"pivot": [2.63397, 15.80644, 6.89561],
				"rotation": [0, -60, 0],
				"cubes": [
					{"origin": [-3.18703, 26, 0.19664], "size": [1, 0, 2], "uv": [66, 115]},
					{"origin": [-5.51898, 25.997, -1.36005], "size": [1, 0, 1], "uv": [60, 136]}
				]
			},
			{
				"name": "bone121",
				"parent": "leaf4",
				"pivot": [2.63397, 15.80644, 6.89561],
				"rotation": [0, -75, 0],
				"cubes": [
					{"origin": [-5.20487, 25.999, 1.86334], "size": [1, 0, 2], "uv": [60, 115]},
					{"origin": [-6.41198, 25.997, 0.77257], "size": [1, 0, 1], "uv": [56, 137]}
				]
			},
			{
				"name": "leaf5",
				"parent": "peach2",
				"pivot": [5, 26, -5],
				"rotation": [-5, 35, -90],
				"cubes": [
					{"origin": [5.46593, 25.997, -2.46094], "size": [1, 0, 1], "uv": [56, 136]},
					{"origin": [3.53407, 25.999, -2.46094], "size": [2, 0, 1], "uv": [84, 120]}
				]
			},
			{
				"name": "bone122",
				"parent": "leaf5",
				"pivot": [2.63397, 15.80644, 6.89561],
				"rotation": [0, -30, 0],
				"cubes": [
					{"origin": [1.03309, 25.999, -1.29143], "size": [1, 0, 1], "uv": [52, 137]},
					{"origin": [-1.52361, 25.999, -3.62338], "size": [2, 0, 1], "uv": [78, 121]}
				]
			},
			{
				"name": "bone123",
				"parent": "leaf5",
				"pivot": [2.63397, 15.80644, 6.89561],
				"rotation": [0, -15, 0],
				"cubes": [
					{"origin": [3.17252, 25.998, -2.16798], "size": [1, 0, 1], "uv": [52, 136]},
					{"origin": [1.08175, 25.999, -3.37509], "size": [2, 0, 1], "uv": [78, 120]}
				]
			},
			{
				"name": "bone124",
				"parent": "leaf5",
				"pivot": [2.63397, 15.80644, 6.89561],
				"rotation": [0, -45, 0],
				"cubes": [
					{"origin": [-0.80658, 26, 0.10899], "size": [1, 0, 1], "uv": [48, 137]},
					{"origin": [-4.10446, 25.999, -3.18889], "size": [1, 0, 1], "uv": [48, 136]}
				]
			},
			{
				"name": "bone125",
				"parent": "leaf5",
				"pivot": [2.63397, 15.80644, 6.89561],
				"rotation": [0, -60, 0],
				"cubes": [
					{"origin": [-3.18703, 26, 0.19664], "size": [1, 0, 2], "uv": [54, 115]},
					{"origin": [-5.51898, 25.997, -1.36005], "size": [1, 0, 1], "uv": [44, 137]}
				]
			},
			{
				"name": "bone126",
				"parent": "leaf5",
				"pivot": [2.63397, 15.80644, 6.89561],
				"rotation": [0, -75, 0],
				"cubes": [
					{"origin": [-5.20487, 25.999, 1.86334], "size": [1, 0, 2], "uv": [48, 115]},
					{"origin": [-6.41198, 25.997, 0.77257], "size": [1, 0, 1], "uv": [44, 136]}
				]
			},
			{
				"name": "armRight",
				"pivot": [-2.25, 17.5, 0],
				"rotation": [0, 0, 25],
				"cubes": [
					{"origin": [-4.35, 9.5, -1.1], "size": [2.2, 4.5, 2.2], "uv": [183, 234], "mirror": true},
					{"origin": [-4.25, 8.5, -1], "size": [2, 8, 2], "uv": [64, 66]}
				]
			},
			{
				"name": "armRight2",
				"parent": "armRight",
				"pivot": [0.75, 0.3, 0],
				"cubes": [
					{"origin": [-4.45, 13.55, -1.2], "size": [2.4, 0.75, 2.4], "uv": [147, 251], "mirror": true}
				]
			},
			{
				"name": "armRight3",
				"parent": "armRight2",
				"pivot": [-4.25, 13.3, -0.5],
				"rotation": [-22.5, 0, 0],
				"cubes": [
					{"origin": [-4.45, 12.9, -1.8], "size": [0.65, 0.75, 0.65], "uv": [151, 253], "mirror": true}
				]
			},
			{
				"name": "armRight4",
				"parent": "armRight2",
				"pivot": [-4.75, 13.3, -1],
				"rotation": [0, 0, 25],
				"cubes": [
					{"origin": [-5.05, 13.3, -1.2], "size": [0.65, 0.75, 0.65], "uv": [151, 253], "mirror": true}
				]
			},
			{
				"name": "armLeft",
				"pivot": [2.25, 17.5, 0],
				"rotation": [0, 0, -25],
				"cubes": [
					{"origin": [2.25, 8.5, -1], "size": [2, 8, 2], "uv": [14, 76]},
					{"origin": [2.15, 9.5, -1.1], "size": [2.2, 4.5, 2.2], "uv": [179, 231]}
				]
			},
			{
				"name": "armLeft2",
				"parent": "armLeft",
				"pivot": [-0.75, 0.3, 0],
				"cubes": [
					{"origin": [2.05, 13.55, -1.2], "size": [2.4, 0.75, 2.4], "uv": [147, 251]}
				]
			},
			{
				"name": "armLeft3",
				"parent": "armLeft2",
				"pivot": [4.25, 13.3, -0.5],
				"rotation": [-22.5, 0, 0],
				"cubes": [
					{"origin": [3.8, 12.9, -1.8], "size": [0.65, 0.75, 0.65], "uv": [151, 253]}
				]
			},
			{
				"name": "armLeft4",
				"parent": "armLeft2",
				"pivot": [4.75, 13.3, -1],
				"rotation": [0, 0, -25],
				"cubes": [
					{"origin": [4.4, 13.3, -1.2], "size": [0.65, 0.75, 0.65], "uv": [151, 253]}
				]
			},
			{
				"name": "body",
				"pivot": [0, 10.5, 0],
				"cubes": [
					{"origin": [-3, 11.3, -3], "size": [6, 6.7, 5.75], "uv": [61, 17]},
					{"origin": [-2.5, 12, -2.5], "size": [5, 6, 5], "uv": [84, 16]},
					{"origin": [-2.5, 10, -2.5], "size": [5, 2, 5], "uv": [84, 16]},
					{"origin": [-3.6, 8, -2], "size": [7.2, 3, 4], "uv": [97, 248]}
				]
			},
			{
				"name": "body2",
				"parent": "body",
				"pivot": [0, 12.2, 0],
				"rotation": [0, 0, -7.5],
				"cubes": [
					{"origin": [-4, 11.5, -4], "size": [7.8, 1, 0.75], "uv": [137, 234]},
					{"origin": [3, 11.5, -4], "size": [0.8, 1, 7.75], "uv": [137, 227]},
					{"origin": [-4, 11.5, 3], "size": [7.8, 1, 0.75], "uv": [137, 234]},
					{"origin": [-4, 11.5, -4], "size": [0.8, 1, 7.75], "uv": [130, 227]}
				]
			},
			{
				"name": "middle",
				"parent": "body",
				"pivot": [0, 0, 0],
				"cubes": [
					{"origin": [-1.5, 13, -3.2], "size": [3, 5, 0], "uv": [40, 107]},
					{"origin": [-1.5, 17, -3.4], "size": [1, 1, 1], "uv": [24, 132]},
					{"origin": [-1.5, 15, -3.4], "size": [1, 1, 1], "uv": [20, 132]},
					{"origin": [-1.5, 13, -3.4], "size": [1, 1, 1], "uv": [16, 132]},
					{"origin": [0.5, 17, -3.4], "size": [1, 1, 1], "uv": [20, 134]},
					{"origin": [0.5, 15, -3.4], "size": [1, 1, 1], "uv": [16, 134]},
					{"origin": [0.5, 13, -3.4], "size": [1, 1, 1], "uv": [12, 134]}
				]
			},
			{
				"name": "decoration",
				"parent": "body",
				"pivot": [0, 10.5, 0],
				"cubes": [
					{"origin": [-0.5, 16.8, -3.75], "size": [1, 1, 1], "uv": [40, 136]}
				]
			},
			{
				"name": "bone7",
				"parent": "decoration",
				"pivot": [0, 17.5, -3],
				"rotation": [0, -15, -20],
				"cubes": [
					{"origin": [-2, 17, -3.5], "size": [2, 1, 1], "uv": [72, 120]}
				]
			},
			{
				"name": "bone8",
				"parent": "decoration",
				"pivot": [0, 17.5, -3],
				"rotation": [0, 15, 20],
				"cubes": [
					{"origin": [0, 17, -3.5], "size": [2, 1, 1], "uv": [66, 120]}
				]
			},
			{
				"name": "bone9",
				"parent": "decoration",
				"pivot": [0, 17.5, -3],
				"rotation": [-15, 0, -15],
				"cubes": [
					{"origin": [-0.5, 14.5, -3.25], "size": [1, 3, 0], "uv": [18, 141]}
				]
			},
			{
				"name": "bone10",
				"parent": "decoration",
				"pivot": [0, 17.5, -3],
				"rotation": [-15, 0, 15],
				"cubes": [
					{"origin": [-0.5, 14.5, -3.25], "size": [1, 3, 0], "uv": [16, 141]}
				]
			},
			{
				"name": "sittingRotationSkirt",
				"parent": "body",
				"pivot": [0, 10.5, 0]
			},
			{
				"name": "skirt",
				"parent": "sittingRotationSkirt",
				"pivot": [0, 0, 0]
			},
			{
				"name": "bone",
				"parent": "skirt",
				"pivot": [0, 2.98026, 0],
				"cubes": [
					{"origin": [-0.5, 12.55, -3.5], "size": [1, 0.7, 0.5], "uv": [165, 255]}
				]
			},
			{
				"name": "bone2",
				"parent": "bone",
				"pivot": [0, 2.98026, 0]
			},
			{
				"name": "bone3",
				"parent": "bone2",
				"pivot": [0, 2.98026, -6.83983],
				"rotation": [-19.4601, 0, 0]
			},
			{
				"name": "bone4",
				"parent": "bone3",
				"pivot": [0, 2.58929, -6.83983],
				"rotation": [0, 0, -7.85693],
				"cubes": [
					{"origin": [0.3, 1.38929, -8.03983], "size": [3.76, 12.96, 2.51], "uv": [224, 242], "inflate": -1.2},
					{"origin": [-0.46224, 11.33449, -8.65464], "size": [5.13704, 8.43704, 5.13704], "uv": [236, 239], "inflate": -1.8148}
				]
			},
			{
				"name": "bone5",
				"parent": "bone3",
				"pivot": [0, 2.58929, -6.83983],
				"rotation": [0, 0, 7.85693],
				"cubes": [
					{"origin": [-4.06, 1.38929, -8.03983], "size": [3.76, 12.96, 2.41], "uv": [222, 242], "inflate": -1.2},
					{"origin": [-4.6748, 11.33449, -8.65464], "size": [5.13704, 8.43704, 5.13704], "uv": [236, 239], "inflate": -1.8148}
				]
			},
			{
				"name": "bone6",
				"parent": "bone",
				"pivot": [0, 2.98026, 0],
				"rotation": [0, -45, 0]
			},
			{
				"name": "bone11",
				"parent": "bone6",
				"pivot": [0, 2.98026, -6.83983],
				"rotation": [-19.4601, 0, 0]
			},
			{
				"name": "bone12",
				"parent": "bone11",
				"pivot": [0, 2.58929, -6.83983],
				"rotation": [0, 0, -7.85693],
				"cubes": [
					{"origin": [-1.2, 1.38929, -8.03983], "size": [5.26, 12.96, 5.26], "uv": [236, 239], "inflate": -1.2},
					{"origin": [-0.46224, 11.33449, -8.65464], "size": [5.13704, 8.43704, 5.13704], "uv": [236, 239], "inflate": -1.8148}
				]
			},
			{
				"name": "bone13",
				"parent": "bone11",
				"pivot": [0, 2.58929, -6.83983],
				"rotation": [0, 0, 7.85693],
				"cubes": [
					{"origin": [-4.06, 1.38929, -8.03983], "size": [5.26, 12.96, 5.26], "uv": [236, 239], "inflate": -1.2},
					{"origin": [-4.6748, 11.33449, -8.65464], "size": [5.13704, 8.43704, 5.13704], "uv": [236, 239], "inflate": -1.8148}
				]
			},
			{
				"name": "bone14",
				"parent": "bone",
				"pivot": [0, 2.98026, 0],
				"rotation": [0, -90, 0]
			},
			{
				"name": "bone15",
				"parent": "bone14",
				"pivot": [0, 2.98026, -6.83983],
				"rotation": [-19.4601, 0, 0]
			},
			{
				"name": "bone16",
				"parent": "bone15",
				"pivot": [0, 2.58929, -6.83983],
				"rotation": [0, 0, -7.85693],
				"cubes": [
					{"origin": [-1.2, 1.38929, -8.03983], "size": [5.26, 12.96, 5.26], "uv": [236, 239], "inflate": -1.2},
					{"origin": [-0.46224, 11.33449, -8.65464], "size": [5.13704, 8.43704, 5.13704], "uv": [236, 239], "inflate": -1.8148}
				]
			},
			{
				"name": "bone17",
				"parent": "bone15",
				"pivot": [0, 2.58929, -6.83983],
				"rotation": [0, 0, 7.85693],
				"cubes": [
					{"origin": [-4.06, 1.38929, -8.03983], "size": [5.26, 12.96, 5.26], "uv": [236, 239], "inflate": -1.2},
					{"origin": [-4.6748, 11.33449, -8.65464], "size": [5.13704, 8.43704, 5.13704], "uv": [236, 239], "inflate": -1.8148}
				]
			},
			{
				"name": "bone18",
				"parent": "bone",
				"pivot": [0, 2.98026, 0],
				"rotation": [0, -135, 0]
			},
			{
				"name": "bone19",
				"parent": "bone18",
				"pivot": [0, 2.98026, -6.83983],
				"rotation": [-19.4601, 0, 0]
			},
			{
				"name": "bone20",
				"parent": "bone19",
				"pivot": [0, 2.58929, -6.83983],
				"rotation": [0, 0, -7.85693],
				"cubes": [
					{"origin": [-1.2, 1.38929, -8.03983], "size": [5.26, 12.96, 5.26], "uv": [236, 239], "inflate": -1.2},
					{"origin": [-0.46224, 11.33449, -8.65464], "size": [5.13704, 8.43704, 5.13704], "uv": [236, 239], "inflate": -1.8148}
				]
			},
			{
				"name": "bone21",
				"parent": "bone19",
				"pivot": [0, 2.58929, -6.83983],
				"rotation": [0, 0, 7.85693],
				"cubes": [
					{"origin": [-4.06, 1.38929, -8.03983], "size": [5.26, 12.96, 5.26], "uv": [236, 239], "inflate": -1.2},
					{"origin": [-4.6748, 11.33449, -8.65464], "size": [5.13704, 8.43704, 5.13704], "uv": [236, 239], "inflate": -1.8148}
				]
			},
			{
				"name": "bone22",
				"parent": "bone",
				"pivot": [0, 2.98026, 0],
				"rotation": [0, -180, 0]
			},
			{
				"name": "bone23",
				"parent": "bone22",
				"pivot": [0, 2.98026, -6.83983],
				"rotation": [-19.4601, 0, 0]
			},
			{
				"name": "bone24",
				"parent": "bone23",
				"pivot": [0, 2.58929, -6.83983],
				"rotation": [0, 0, -7.85693],
				"cubes": [
					{"origin": [-1.2, 1.38929, -8.03983], "size": [5.26, 12.96, 5.26], "uv": [236, 239], "inflate": -1.2},
					{"origin": [-0.46224, 11.33449, -8.65464], "size": [5.13704, 8.43704, 5.13704], "uv": [236, 239], "inflate": -1.8148}
				]
			},
			{
				"name": "bone25",
				"parent": "bone23",
				"pivot": [0, 2.58929, -6.83983],
				"rotation": [0, 0, 7.85693],
				"cubes": [
					{"origin": [-4.06, 1.38929, -8.03983], "size": [5.26, 12.96, 5.26], "uv": [236, 239], "inflate": -1.2},
					{"origin": [-4.6748, 11.33449, -8.65464], "size": [5.13704, 8.43704, 5.13704], "uv": [236, 239], "inflate": -1.8148}
				]
			},
			{
				"name": "bone26",
				"parent": "bone",
				"pivot": [0, 2.98026, 0],
				"rotation": [0, -225, 0]
			},
			{
				"name": "bone27",
				"parent": "bone26",
				"pivot": [0, 2.98026, -6.83983],
				"rotation": [-19.4601, 0, 0]
			},
			{
				"name": "bone28",
				"parent": "bone27",
				"pivot": [0, 2.58929, -6.83983],
				"rotation": [0, 0, -7.85693],
				"cubes": [
					{"origin": [-1.2, 1.38929, -8.03983], "size": [5.26, 12.96, 5.26], "uv": [236, 239], "inflate": -1.2},
					{"origin": [-0.46224, 11.33449, -8.65464], "size": [5.13704, 8.43704, 5.13704], "uv": [236, 239], "inflate": -1.8148}
				]
			},
			{
				"name": "bone29",
				"parent": "bone27",
				"pivot": [0, 2.58929, -6.83983],
				"rotation": [0, 0, 7.85693],
				"cubes": [
					{"origin": [-4.06, 1.38929, -8.03983], "size": [5.26, 12.96, 5.26], "uv": [236, 239], "inflate": -1.2},
					{"origin": [-4.6748, 11.33449, -8.65464], "size": [5.13704, 8.43704, 5.13704], "uv": [236, 239], "inflate": -1.8148}
				]
			},
			{
				"name": "bone30",
				"parent": "bone",
				"pivot": [0, 2.98026, 0],
				"rotation": [0, -270, 0]
			},
			{
				"name": "bone31",
				"parent": "bone30",
				"pivot": [0, 2.98026, -6.83983],
				"rotation": [-19.4601, 0, 0]
			},
			{
				"name": "bone32",
				"parent": "bone31",
				"pivot": [0, 2.58929, -6.83983],
				"rotation": [0, 0, -7.85693],
				"cubes": [
					{"origin": [-1.2, 1.38929, -8.03983], "size": [5.26, 12.96, 5.26], "uv": [236, 239], "inflate": -1.2},
					{"origin": [-0.46224, 11.33449, -8.65464], "size": [5.13704, 8.43704, 5.13704], "uv": [236, 239], "inflate": -1.8148}
				]
			},
			{
				"name": "bone33",
				"parent": "bone31",
				"pivot": [0, 2.58929, -6.83983],
				"rotation": [0, 0, 7.85693],
				"cubes": [
					{"origin": [-4.06, 1.38929, -8.03983], "size": [5.26, 12.96, 5.26], "uv": [236, 239], "inflate": -1.2},
					{"origin": [-4.6748, 11.33449, -8.65464], "size": [5.13704, 8.43704, 5.13704], "uv": [236, 239], "inflate": -1.8148}
				]
			},
			{
				"name": "bone34",
				"parent": "bone",
				"pivot": [0, 2.98026, 0],
				"rotation": [0, -315, 0]
			},
			{
				"name": "bone35",
				"parent": "bone34",
				"pivot": [0, 2.98026, -6.83983],
				"rotation": [-19.4601, 0, 0]
			},
			{
				"name": "bone36",
				"parent": "bone35",
				"pivot": [0, 2.58929, -6.83983],
				"rotation": [0, 0, -7.85693],
				"cubes": [
					{"origin": [-1.2, 1.38929, -8.03983], "size": [5.26, 12.96, 5.26], "uv": [236, 239], "inflate": -1.2},
					{"origin": [-0.46224, 11.33449, -8.65464], "size": [5.13704, 8.43704, 5.13704], "uv": [236, 239], "inflate": -1.8148}
				]
			},
			{
				"name": "bone37",
				"parent": "bone35",
				"pivot": [0, 2.58929, -6.83983],
				"rotation": [0, 0, 7.85693],
				"cubes": [
					{"origin": [-4.06, 1.38929, -8.03983], "size": [5.26, 12.96, 5.26], "uv": [236, 239], "inflate": -1.2},
					{"origin": [-4.6748, 11.33449, -8.65464], "size": [5.13704, 8.43704, 5.13704], "uv": [236, 239], "inflate": -1.8148}
				]
			},
			{
				"name": "bone38",
				"parent": "skirt",
				"pivot": [0, 9.27567, 0]
			},
			{
				"name": "bone39",
				"parent": "bone38",
				"pivot": [0, 9.27567, 0]
			},
			{
				"name": "bone40",
				"parent": "bone39",
				"pivot": [0, 9.27567, 2.1702],
				"rotation": [16, 0, 0],
				"cubes": [
					{"origin": [-1.092, 7.10259, 3.75889], "size": [2.184, 5.276, 0], "uv": [132, 205]}
				]
			},
			{
				"name": "bone41",
				"parent": "bone40",
				"pivot": [-1.092, 9.10259, 2.1702],
				"rotation": [0, 0, 9.11983],
				"cubes": [
					{"origin": [-2.184, 7.10259, 3.75834], "size": [1.092, 5.276, 0], "uv": [132, 205]}
				]
			},
			{
				"name": "bone42",
				"parent": "bone40",
				"pivot": [1.092, 9.10259, 2.1702],
				"rotation": [0, 0, -9.11983],
				"cubes": [
					{"origin": [1.092, 7.10259, 3.75944], "size": [1.092, 5.276, 0], "uv": [132, 205]}
				]
			},
			{
				"name": "bone43",
				"parent": "bone38",
				"pivot": [0, 9.27567, 0],
				"rotation": [0, -60, 0]
			},
			{
				"name": "bone44",
				"parent": "bone43",
				"pivot": [0, 9.27567, 2.1702],
				"rotation": [16, 0, 0],
				"cubes": [
					{"origin": [-1.092, 7.10259, 3.75889], "size": [2.184, 5.276, 0], "uv": [132, 205]}
				]
			},
			{
				"name": "bone45",
				"parent": "bone44",
				"pivot": [-1.092, 9.10259, 2.1702],
				"rotation": [0, 0, 9.11983],
				"cubes": [
					{"origin": [-2.184, 7.10259, 3.75834], "size": [1.092, 5.276, 0], "uv": [132, 205]}
				]
			},
			{
				"name": "bone46",
				"parent": "bone44",
				"pivot": [1.092, 9.10259, 2.1702],
				"rotation": [0, 0, -9.11983],
				"cubes": [
					{"origin": [1.092, 7.10259, 3.75944], "size": [1.092, 5.276, 0], "uv": [132, 205]}
				]
			},
			{
				"name": "bone47",
				"parent": "bone38",
				"pivot": [0, 9.27567, 0],
				"rotation": [0, -120, 0]
			},
			{
				"name": "bone48",
				"parent": "bone47",
				"pivot": [0, 9.27567, 2.1702],
				"rotation": [16, 0, 0],
				"cubes": [
					{"origin": [-1.092, 7.10259, 3.75889], "size": [2.184, 5.276, 0], "uv": [132, 205]}
				]
			},
			{
				"name": "bone98",
				"parent": "bone48",
				"pivot": [-1.092, 9.10259, 2.1702],
				"rotation": [0, 0, 9.11983],
				"cubes": [
					{"origin": [-2.184, 7.10259, 3.75834], "size": [1.092, 5.276, 0], "uv": [132, 205]}
				]
			},
			{
				"name": "bone127",
				"parent": "bone48",
				"pivot": [1.092, 9.10259, 2.1702],
				"rotation": [0, 0, -9.11983],
				"cubes": [
					{"origin": [1.092, 7.10259, 3.75944], "size": [1.092, 5.276, 0], "uv": [132, 205]}
				]
			},
			{
				"name": "bone128",
				"parent": "bone38",
				"pivot": [0, 9.27567, 0],
				"rotation": [0, -180, 0]
			},
			{
				"name": "bone129",
				"parent": "bone128",
				"pivot": [0, 9.27567, 2.1702],
				"rotation": [16, 0, 0],
				"cubes": [
					{"origin": [-1.092, 7.10259, 3.75889], "size": [2.184, 5.276, 0], "uv": [132, 205]}
				]
			},
			{
				"name": "bone130",
				"parent": "bone129",
				"pivot": [-1.092, 9.10259, 2.1702],
				"rotation": [0, 0, 9.11983],
				"cubes": [
					{"origin": [-2.184, 7.10259, 3.75834], "size": [1.092, 5.276, 0], "uv": [132, 205]}
				]
			},
			{
				"name": "bone131",
				"parent": "bone129",
				"pivot": [1.092, 9.10259, 2.1702],
				"rotation": [0, 0, -9.11983],
				"cubes": [
					{"origin": [1.092, 7.10259, 3.75944], "size": [1.092, 5.276, 0], "uv": [132, 205]}
				]
			},
			{
				"name": "bone132",
				"parent": "bone38",
				"pivot": [0, 9.27567, 0],
				"rotation": [0, -240, 0]
			},
			{
				"name": "bone133",
				"parent": "bone132",
				"pivot": [0, 9.27567, 2.1702],
				"rotation": [16, 0, 0],
				"cubes": [
					{"origin": [-1.092, 7.10259, 3.75889], "size": [2.184, 5.276, 0], "uv": [132, 205]}
				]
			},
			{
				"name": "bone134",
				"parent": "bone133",
				"pivot": [-1.092, 9.10259, 2.1702],
				"rotation": [0, 0, 9.11983],
				"cubes": [
					{"origin": [-2.184, 7.10259, 3.75834], "size": [1.092, 5.276, 0], "uv": [132, 205]}
				]
			},
			{
				"name": "bone135",
				"parent": "bone133",
				"pivot": [1.092, 9.10259, 2.1702],
				"rotation": [0, 0, -9.11983],
				"cubes": [
					{"origin": [1.092, 7.10259, 3.75944], "size": [1.092, 5.276, 0], "uv": [132, 205]}
				]
			},
			{
				"name": "bone136",
				"parent": "bone38",
				"pivot": [0, 9.27567, 0],
				"rotation": [0, -300, 0]
			},
			{
				"name": "bone137",
				"parent": "bone136",
				"pivot": [0, 9.27567, 2.1702],
				"rotation": [16, 0, 0],
				"cubes": [
					{"origin": [-1.092, 7.10259, 3.75889], "size": [2.184, 5.276, 0], "uv": [132, 205]}
				]
			},
			{
				"name": "bone138",
				"parent": "bone137",
				"pivot": [-1.092, 9.10259, 2.1702],
				"rotation": [0, 0, 9.11983],
				"cubes": [
					{"origin": [-2.184, 7.10259, 3.75834], "size": [1.092, 5.276, 0], "uv": [132, 205]}
				]
			},
			{
				"name": "bone139",
				"parent": "bone137",
				"pivot": [1.092, 9.10259, 2.1702],
				"rotation": [0, 0, -9.11983],
				"cubes": [
					{"origin": [1.092, 7.10259, 3.75944], "size": [1.092, 5.276, 0], "uv": [132, 205]}
				]
			},
			{
				"name": "body3",
				"parent": "sittingRotationSkirt",
				"pivot": [0, 10.6, 0],
				"rotation": [0, 0, 15],
				"cubes": [
					{"origin": [-4, 9.9, -4.5], "size": [8.9, 1, 0.95], "uv": [139, 236]},
					{"origin": [4, 9.9, -4.5], "size": [0.9, 1, 8.95], "uv": [138, 227]},
					{"origin": [-4, 9.9, 3.5], "size": [8.9, 1, 0.95], "uv": [138, 235]},
					{"origin": [-4, 9.9, -4.5], "size": [0.9, 1, 8.95], "uv": [130, 227]}
				]
			},
			{
				"name": "bone140",
				"parent": "body",
				"pivot": [0, 14, 3],
				"cubes": [
					{"origin": [-3.25, 10, 1.8], "size": [6.5, 5.5, 1.2], "uv": [194, 218]}
				]
			},
			{
				"name": "bone141",
				"parent": "bone140",
				"pivot": [4, 13.5, 0],
				"rotation": [90, 80, 90],
				"cubes": [
					{"origin": [1.65, 9.6, -1], "size": [4.4, 5.5, 0.3], "uv": [197, 220]}
				]
			},
			{
				"name": "bone142",
				"parent": "bone140",
				"pivot": [-4, 13.5, 0],
				"rotation": [90, -80, -90],
				"cubes": [
					{"origin": [-6.05, 9.6, -1], "size": [4.4, 5.5, 0.3], "uv": [197, 220], "mirror": true}
				]
			},
			{
				"name": "legLeft",
				"pivot": [2, 9, 0],
				"cubes": [
					{"origin": [0.4, -0.1, -1.6], "size": [3.2, 3.6, 3.2], "uv": [79, 250], "mirror": true},
					{"origin": [0.5, 0, -1.5], "size": [3, 9, 3], "uv": [28, 34]}
				]
			},
			{
				"name": "legRight",
				"pivot": [-2, 9, 0],
				"cubes": [
					{"origin": [-3.5, 0, -1.5], "size": [3, 9, 3], "uv": [16, 34]},
					{"origin": [-3.6, -0.1, -1.6], "size": [3.2, 3.6, 3.2], "uv": [79, 250]}
				]
			}
		]
	}
}