{
	"format_version": "1.10.0",
	"geometry.model": {
		"texturewidth": 128,
		"textureheight": 128,
		"visible_bounds_width": 3,
		"visible_bounds_height": 3,
		"visible_bounds_offset": [0, 1.5, 0],
		"bones": [
			{
				"name": "head",
				"pivot": [0, 18, 0],
				"cubes": [
					{"origin": [-4, 18, -4], "size": [8, 8, 8], "uv": [40, 0]}
				]
			},
			{
				"name": "blink",
				"parent": "head",
				"pivot": [0, 18, 0],
				"cubes": [
					{"origin": [-4, 18, -4.001], "size": [8, 8, 0], "uv": [0, 45]}
				]
			},
			{
				"name": "ahoge",
				"parent": "head",
				"pivot": [0, 18, 0]
			},
			{
				"name": "hairLeft",
				"parent": "head",
				"pivot": [4, 24, 1]
			},
			{
				"name": "bone6",
				"parent": "hairLeft",
				"pivot": [4, 24, 1],
				"rotation": [-45, 0, 0]
			},
			{
				"name": "bone7",
				"parent": "hairLeft",
				"pivot": [4, 24, 1],
				"rotation": [-30, 0, 0]
			},
			{
				"name": "bone8",
				"parent": "hairLeft",
				"pivot": [4, 24, 1],
				"rotation": [-15, 0, 0]
			},
			{
				"name": "bone5",
				"parent": "hairLeft",
				"pivot": [4, 24, 1]
			},
			{
				"name": "hairRight",
				"parent": "head",
				"pivot": [0, 18, 0],
				"rotation": [-10, 0, 10]
			},
			{
				"name": "horn",
				"parent": "head",
				"pivot": [0, 25.25, -3],
				"rotation": [35, 0, 0]
			},
			{
				"name": "bone3",
				"parent": "horn",
				"pivot": [0, 32.25, -3],
				"rotation": [-5, 0, 0],
				"cubes": [
					{"origin": [-0.5, 25.25, -3.5], "size": [1, 7, 1], "uv": [124, 19]}
				]
			},
			{
				"name": "bone4",
				"parent": "horn",
				"pivot": [0, 32.25, -3],
				"rotation": [5, 0, 0],
				"cubes": [
					{"origin": [-0.5, 25.25, -3.5], "size": [1, 7, 1], "uv": [122, 0]}
				]
			},
			{
				"name": "bone9",
				"parent": "horn",
				"pivot": [0, 32.25, -3],
				"rotation": [0, 0, 5],
				"cubes": [
					{"origin": [-0.5, 25.25, -3.5], "size": [1, 7, 1], "uv": [96, 12]}
				]
			},
			{
				"name": "bone10",
				"parent": "horn",
				"pivot": [0, 32.25, -3],
				"rotation": [0, 0, -5],
				"cubes": [
					{"origin": [-0.5, 25.25, -3.5], "size": [1, 7, 1], "uv": [92, 12]}
				]
			},
			{
				"name": "hair",
				"parent": "head",
				"pivot": [0, 18.6, 4],
				"rotation": [10, 0, 0]
			},
			{
				"name": "bone11",
				"parent": "hair",
				"pivot": [3.1, 18.6, 3.5],
				"rotation": [15, 0, -10],
				"cubes": [
					{"origin": [2.6, 12.6, 3], "size": [1, 6, 1], "uv": [118, 56]}
				]
			},
			{
				"name": "bone12",
				"parent": "hair",
				"pivot": [1.85, 18.6, 3.5],
				"rotation": [20, 0, -5],
				"cubes": [
					{"origin": [1.35, 12.6, 3], "size": [1, 6, 1], "uv": [112, 48]}
				]
			},
			{
				"name": "bone15",
				"parent": "hair",
				"pivot": [1.85, 18.6, 3.5],
				"rotation": [17, 0, -5],
				"cubes": [
					{"origin": [2.35, 12.6, 3], "size": [1, 6, 1], "uv": [98, 54]}
				]
			},
			{
				"name": "bone13",
				"parent": "hair",
				"pivot": [0.6, 18.6, 3.5],
				"rotation": [15, 0, 0],
				"cubes": [
					{"origin": [0.1, 12.6, 3], "size": [1, 6, 1], "uv": [114, 54]}
				]
			},
			{
				"name": "bone17",
				"parent": "hair",
				"pivot": [0.6, 18.6, 3.5],
				"rotation": [18, 0, 0],
				"cubes": [
					{"origin": [-0.9, 12.6, 3], "size": [1, 6, 1], "uv": [119, 51]}
				]
			},
			{
				"name": "bone16",
				"parent": "hair",
				"pivot": [0.6, 18.6, 3.5],
				"rotation": [17, 0, 0],
				"cubes": [
					{"origin": [1.1, 12.6, 3], "size": [1, 6, 1], "uv": [97, 54]}
				]
			},
			{
				"name": "bone14",
				"parent": "hair",
				"pivot": [-0.65, 18.6, 3.5],
				"rotation": [20, 0, 5],
				"cubes": [
					{"origin": [-1.15, 12.6, 3], "size": [1, 6, 1], "uv": [110, 54]}
				]
			},
			{
				"name": "bone18",
				"parent": "hair",
				"pivot": [-1.9, 18.6, 3.5],
				"rotation": [15, 0, 5],
				"cubes": [
					{"origin": [-2.4, 12.6, 3], "size": [1, 6, 1], "uv": [106, 54]}
				]
			},
			{
				"name": "bone19",
				"parent": "hair",
				"pivot": [-1.9, 18.6, 3.5],
				"rotation": [18, 0, 7],
				"cubes": [
					{"origin": [-1.4, 12.6, 3], "size": [1, 6, 1], "uv": [114, 49]}
				]
			},
			{
				"name": "bone20",
				"parent": "hair",
				"pivot": [-3.15, 18.6, 3.5],
				"rotation": [15, 0, 10],
				"cubes": [
					{"origin": [-3.65, 12.6, 3], "size": [1, 6, 1], "uv": [102, 54]}
				]
			},
			{
				"name": "bone21",
				"parent": "hair",
				"pivot": [-3.15, 18.6, 3.5],
				"rotation": [20, 0, 11],
				"cubes": [
					{"origin": [-2.65, 12.6, 3], "size": [1, 6, 1], "uv": [118, 46]}
				]
			},
			{
				"name": "armRight",
				"pivot": [-3, 17.5, 0],
				"rotation": [0, 0, 25],
				"cubes": [
					{"origin": [-5, 9.5, -1], "size": [2, 8, 2], "uv": [48, 57]},
					{"origin": [-5.5, 10.5, -1.5], "size": [3, 1, 3], "uv": [0, 67]}
				]
			},
			{
				"name": "armLeft",
				"pivot": [3, 17.5, 0],
				"rotation": [0, 0, -25],
				"cubes": [
					{"origin": [3, 9.5, -1], "size": [2, 8, 2], "uv": [40, 57]},
					{"origin": [2.5, 10.5, -1.5], "size": [3, 1, 3], "uv": [56, 57]}
				]
			},
			{
				"name": "body",
				"pivot": [0, 10.5, 0],
				"cubes": [
					{"origin": [-3.25, 14, -3.1], "size": [6.5, 4, 6.2], "uv": [29, 102]},
					{"origin": [-3.2, 11, -3], "size": [6.3, 3, 6], "uv": [104, 92]},
					{"origin": [-3.75, 8, -2], "size": [7.5, 3, 4], "uv": [75, 115]}
				]
			},
			{
				"name": "bone28",
				"parent": "body",
				"pivot": [0, 12, 0],
				"rotation": [0, 0, 5],
				"cubes": [
					{"origin": [-3.5, 11.5, -3.5], "size": [7, 1, 7], "uv": [0, 29]}
				]
			},
			{
				"name": "bone",
				"parent": "body",
				"pivot": [0, 16.5, -3],
				"rotation": [0, 0, -30]
			},
			{
				"name": "bone2",
				"parent": "body",
				"pivot": [0, 16.5, -3],
				"rotation": [0, 0, 30]
			},
			{
				"name": "decoration2",
				"parent": "body",
				"pivot": [0, 0, 0]
			},
			{
				"name": "decoration3",
				"parent": "body",
				"pivot": [0, 0, 0]
			},
			{
				"name": "sittingRotationSkirt",
				"parent": "body",
				"pivot": [0, 10.5, 0],
				"cubes": [
					{"origin": [-4, 8, -3], "size": [8, 3.1, 6], "uv": [98, 66]}
				]
			},
			{
				"name": "chestLeft",
				"parent": "body",
				"pivot": [0, 17.5, -3],
				"rotation": [-30, 0, -5],
				"cubes": [
					{"origin": [-0.25, 14.5, -3.2], "size": [3, 3, 2.2], "uv": [40, 106], "inflate": -0.25}
				]
			},
			{
				"name": "chestRight",
				"parent": "body",
				"pivot": [0, 17.5, -3],
				"rotation": [-30, 0, 5],
				"cubes": [
					{"origin": [-2.75, 14.5, -3.2], "size": [3, 3, 2.2], "uv": [41, 107], "inflate": -0.25}
				]
			},
			{
				"name": "legLeft",
				"pivot": [2, 9, 0],
				"cubes": [
					{"origin": [0.5, 0, -1.5], "size": [3, 9, 3], "uv": [28, 45]}
				]
			},
			{
				"name": "legRight",
				"pivot": [-2, 9, 0],
				"cubes": [
					{"origin": [-3.5, 0, -1.5], "size": [3, 9, 3], "uv": [16, 45]}
				]
			}
		]
	}
}