{
	"format_version": "1.10.0",
	"geometry.model": {
		"texturewidth": 64,
		"textureheight": 64,
		"visible_bounds_width": 3,
		"visible_bounds_height": 3,
		"visible_bounds_offset": [0, 1.5, 0],
		"bones": [
			{
				"name": "head",
				"pivot": [0, 18, 0],
				"cubes": [
					{"origin": [-4, 18, -4], "size": [8, 8, 8], "uv": [0, 0]},
					{"origin": [-4, 17, -4], "size": [8, 1, 8], "uv": [32, 16]}
				]
			},
			{
				"name": "blink",
				"parent": "head",
				"pivot": [0, 18, 0],
				"cubes": [
					{"origin": [-4, 18, -4.001], "size": [8, 8, 0], "uv": [0, 43]}
				]
			},
			{
				"name": "ahoge",
				"parent": "head",
				"pivot": [0, 26, 0],
				"cubes": [
					{"origin": [-2, 26, 0], "size": [4, 4, 0], "uv": [0, 60]}
				]
			},
			{
				"name": "armLeft",
				"pivot": [3, 17.5, 0],
				"rotation": [0, 0, -25],
				"cubes": [
					{"origin": [3, 8.5, -1], "size": [2, 8, 2], "uv": [28, 44]},
					{"origin": [2.75, 9.4, -1.25], "size": [2.5, 4.85, 2.5], "uv": [56, 57]},
					{"origin": [2.5, 14.5, -1.5], "size": [3, 3, 3], "uv": [52, 58]},
					{"origin": [2.65, 9.4, -1.35], "size": [2.7, 2.05, 2.7], "uv": [56, 57]}
				]
			},
			{
				"name": "armRight",
				"pivot": [-3, 17.5, 0],
				"rotation": [0, 0, 25],
				"cubes": [
					{"origin": [-5, 8.5, -1], "size": [2, 8, 2], "uv": [28, 44]},
					{"origin": [-5.5, 14.5, -1.5], "size": [3, 3, 3], "uv": [52, 58]},
					{"origin": [-5.25, 9.6, -1.25], "size": [2.5, 4.65, 2.5], "uv": [56, 57], "mirror": true},
					{"origin": [-5.35, 9.4, -1.35], "size": [2.7, 2.05, 2.7], "uv": [56, 57], "mirror": true}
				]
			},
			{
				"name": "body",
				"pivot": [0, 10.5, 0],
				"cubes": [
					{"origin": [-3, 14, -3.002], "size": [6, 4, 6], "uv": [30, 21]},
					{"origin": [-2.5, 11.5, -2.5], "size": [5, 7, 5], "uv": [27, 32]},
					{"origin": [-2.5, 9.5, -2.5], "size": [5, 2, 5], "uv": [27, 37]},
					{"origin": [-3.5, 8, -3], "size": [7, 2, 6], "uv": [-2, 35], "inflate": -0.1},
					{"origin": [-1, 10.5, 0], "size": [1, 1, 1], "uv": [3, 19]}
				]
			},
			{
				"name": "bone3",
				"parent": "body",
				"pivot": [0, 17, 0],
				"rotation": [0, 0, -65],
				"cubes": [
					{"origin": [-1, 17, -3.501], "size": [1, 3, 1], "uv": [0, 16], "mirror": true}
				]
			},
			{
				"name": "bone4",
				"parent": "body",
				"pivot": [0, 17, 0],
				"rotation": [0, 0, 65],
				"cubes": [
					{"origin": [0, 17, -3.501], "size": [1, 3, 1], "uv": [0, 16]}
				]
			},
			{
				"name": "bone60",
				"parent": "body",
				"pivot": [-1.5, 15.5, 0]
			},
			{
				"name": "bone6",
				"parent": "bone60",
				"pivot": [-1.5, 15.5, 0]
			},
			{
				"name": "bone5",
				"parent": "bone6",
				"pivot": [-1.5, 15.5, 0],
				"rotation": [0, 0, 65],
				"cubes": [
					{"origin": [-1.25, 15.4, -3.001], "size": [0.5, 3.1, 0.5], "uv": [62, 60]}
				]
			},
			{
				"name": "bone7",
				"parent": "bone6",
				"pivot": [1.5, 15.5, 0],
				"rotation": [0, 0, -65],
				"cubes": [
					{"origin": [0.75, 15.4, -3.001], "size": [0.5, 3.1, 0.5], "uv": [62, 60], "mirror": true}
				]
			},
			{
				"name": "bone61",
				"parent": "bone60",
				"pivot": [-1.5, 15.5, 0]
			},
			{
				"name": "bone62",
				"parent": "bone61",
				"pivot": [-1.5, 15.5, 0],
				"rotation": [0, 0, 65],
				"cubes": [
					{"origin": [-1.25, 15.4, -3.001], "size": [0.5, 3.1, 0.5], "uv": [62, 60]}
				]
			},
			{
				"name": "bone63",
				"parent": "bone61",
				"pivot": [1.5, 15.5, 0],
				"rotation": [0, 0, -65],
				"cubes": [
					{"origin": [0.75, 15.4, -3.001], "size": [0.5, 3.1, 0.5], "uv": [62, 60], "mirror": true}
				]
			},
			{
				"name": "bone64",
				"parent": "bone60",
				"pivot": [-1.5, 14.2, 0]
			},
			{
				"name": "bone65",
				"parent": "bone64",
				"pivot": [-1.5, 14.2, 0],
				"rotation": [0, 0, 65],
				"cubes": [
					{"origin": [-1.25, 14.1, -3.001], "size": [0.5, 3.1, 0.5], "uv": [62, 60]}
				]
			},
			{
				"name": "bone66",
				"parent": "bone64",
				"pivot": [1.5, 14.2, 0],
				"rotation": [0, 0, -65],
				"cubes": [
					{"origin": [0.75, 14.1, -3.001], "size": [0.5, 3.1, 0.5], "uv": [62, 60], "mirror": true}
				]
			},
			{
				"name": "bone67",
				"parent": "bone60",
				"pivot": [-1.5, 12.8, 0]
			},
			{
				"name": "bone68",
				"parent": "bone67",
				"pivot": [-1.5, 12.8, 0],
				"rotation": [0, 0, 65],
				"cubes": [
					{"origin": [-1.25, 12.6, -3.001], "size": [0.5, 3.2, 0.5], "uv": [62, 60]}
				]
			},
			{
				"name": "bone69",
				"parent": "bone67",
				"pivot": [1.5, 12.8, 0],
				"rotation": [0, 0, -65],
				"cubes": [
					{"origin": [0.75, 12.5, -3.001], "size": [0.5, 3.3, 0.5], "uv": [62, 60], "mirror": true}
				]
			},
			{
				"name": "bone",
				"parent": "body",
				"pivot": [0, 14, 0],
				"rotation": [0, 0, 10],
				"cubes": [
					{"origin": [-3, 11.75, -3.001], "size": [3, 2.25, 6], "uv": [41, 41], "mirror": true}
				]
			},
			{
				"name": "bone2",
				"parent": "body",
				"pivot": [0, 14, 0],
				"rotation": [0, 0, -10],
				"cubes": [
					{"origin": [0, 11.75, -3.001], "size": [3, 2.25, 6], "uv": [41, 41]}
				]
			},
			{
				"name": "chestPlate",
				"parent": "body",
				"pivot": [3, 10, 3],
				"rotation": [-4, 0, -65],
				"cubes": [
					{"origin": [2.75377, 4.60088, 3.40509], "size": [1, 3, 1], "uv": [0, 0]},
					{"origin": [2.75377, 18.60088, 3.40509], "size": [1, 3, 1], "uv": [0, 0]},
					{"origin": [2.04666, 21.30799, 3.40509], "size": [1, 1, 1], "uv": [0, 6]},
					{"origin": [1.33956, 20.60088, 3.40509], "size": [1, 1, 1], "uv": [0, 6]}
				]
			},
			{
				"name": "bone17",
				"parent": "chestPlate",
				"pivot": [4.21041, 8.60399, 2.47382],
				"rotation": [0, 0, -45],
				"cubes": [
					{"origin": [12.07771, 18.11708, 3.40509], "size": [1, 1, 1], "uv": [0, 6]},
					{"origin": [11.3706, 18.82418, 3.40509], "size": [1, 1, 1], "uv": [0, 6]}
				]
			},
			{
				"name": "bone8",
				"parent": "chestPlate",
				"pivot": [3.71041, 11.60399, 2.97382],
				"rotation": [5, 0, 0],
				"cubes": [
					{"origin": [2.75377, 7.53495, 3.05265], "size": [1, 11, 1], "uv": [36, 44]}
				]
			},
			{
				"name": "bone9",
				"parent": "chestPlate",
				"pivot": [3.71041, 11.60399, 2.97382],
				"rotation": [5, -40, 0],
				"cubes": [
					{"origin": [3.45921, 7.52836, 3.12801], "size": [1, 11, 1], "uv": [36, 44]}
				]
			},
			{
				"name": "bone10",
				"parent": "chestPlate",
				"pivot": [3.71041, 11.60399, 2.97382],
				"rotation": [5, -80, 0],
				"cubes": [
					{"origin": [4.04824, 7.56283, 2.73402], "size": [1, 11, 1], "uv": [36, 44]}
				]
			},
			{
				"name": "bone11",
				"parent": "chestPlate",
				"pivot": [3.71041, 11.60399, 2.97382],
				"rotation": [5, -120, 0],
				"cubes": [
					{"origin": [4.24524, 7.62223, 2.05502], "size": [1, 11, 1], "uv": [36, 44]}
				]
			},
			{
				"name": "bone12",
				"parent": "chestPlate",
				"pivot": [3.71041, 11.60399, 2.97382],
				"rotation": [5, -160, 0],
				"cubes": [
					{"origin": [3.95803, 7.67877, 1.40874], "size": [1, 11, 1], "uv": [36, 44]}
				]
			},
			{
				"name": "bone13",
				"parent": "chestPlate",
				"pivot": [3.71041, 11.60399, 2.97382],
				"rotation": [5, 160, 0],
				"cubes": [
					{"origin": [3.32101, 7.706, 1.09756], "size": [1, 11, 1], "uv": [36, 44]}
				]
			},
			{
				"name": "bone14",
				"parent": "chestPlate",
				"pivot": [3.71041, 11.60399, 2.97382],
				"rotation": [5, 120, 0],
				"cubes": [
					{"origin": [2.63223, 7.69116, 1.2671], "size": [1, 11, 1], "uv": [36, 44]}
				]
			},
			{
				"name": "bone15",
				"parent": "chestPlate",
				"pivot": [3.71041, 11.60399, 2.97382],
				"rotation": [5, 80, 0],
				"cubes": [
					{"origin": [2.214, 7.64121, 1.83803], "size": [1, 11, 1], "uv": [36, 44]}
				]
			},
			{
				"name": "bone16",
				"parent": "chestPlate",
				"pivot": [3.71041, 11.60399, 2.97382],
				"rotation": [5, 40, 0],
				"cubes": [
					{"origin": [2.262, 7.57952, 2.54319], "size": [1, 11, 1], "uv": [36, 44]}
				]
			},
			{
				"name": "sittingRotationSkirt",
				"parent": "body",
				"pivot": [0, 10.70453, 0]
			},
			{
				"name": "bone18",
				"parent": "sittingRotationSkirt",
				"pivot": [0, 2.51453, 0]
			},
			{
				"name": "bone19",
				"parent": "bone18",
				"pivot": [0, 2.51453, 0]
			},
			{
				"name": "bone20",
				"parent": "bone19",
				"pivot": [0, 2.51453, 5.75293],
				"rotation": [16, 0, 0],
				"cubes": [
					{"origin": [-3.15, 1.79707, 5.65293], "size": [6.3, 9, 0.1], "uv": [50, 54]}
				]
			},
			{
				"name": "bone21",
				"parent": "bone20",
				"pivot": [-3.15, 1.79707, 5.75293],
				"rotation": [0, 0, 15.4102],
				"cubes": [
					{"origin": [-5.85, 1.79707, 5.65203], "size": [2.7, 9, 0.1], "uv": [50, 54]}
				]
			},
			{
				"name": "bone22",
				"parent": "bone20",
				"pivot": [3.15, 1.79707, 5.75293],
				"rotation": [0, 0, -15.4102],
				"cubes": [
					{"origin": [3.15, 1.79707, 5.65383], "size": [2.7, 9, 0.1], "uv": [50, 54]}
				]
			},
			{
				"name": "bone23",
				"parent": "bone18",
				"pivot": [0, 2.51453, 0],
				"rotation": [0, -90, 0]
			},
			{
				"name": "bone24",
				"parent": "bone23",
				"pivot": [0, 2.51453, 5.75293],
				"rotation": [16, 0, 0],
				"cubes": [
					{"origin": [-3.15, 1.79707, 5.65293], "size": [6.3, 9, 0.1], "uv": [50, 54]}
				]
			},
			{
				"name": "bone25",
				"parent": "bone24",
				"pivot": [-3.15, 1.79707, 5.75293],
				"rotation": [0, 0, 15.4102],
				"cubes": [
					{"origin": [-5.85, 1.79707, 5.65203], "size": [2.7, 9, 0.1], "uv": [50, 54]}
				]
			},
			{
				"name": "bone26",
				"parent": "bone24",
				"pivot": [3.15, 1.79707, 5.75293],
				"rotation": [0, 0, -15.4102],
				"cubes": [
					{"origin": [3.15, 1.79707, 5.65383], "size": [2.7, 9, 0.1], "uv": [50, 54]}
				]
			},
			{
				"name": "bone27",
				"parent": "bone18",
				"pivot": [0, 2.51453, 0],
				"rotation": [0, -180, 0]
			},
			{
				"name": "bone28",
				"parent": "bone27",
				"pivot": [0, 2.51453, 5.75293],
				"rotation": [16, 0, 0],
				"cubes": [
					{"origin": [-3.15, 1.79707, 5.65293], "size": [6.3, 9, 0.1], "uv": [50, 54]}
				]
			},
			{
				"name": "bone29",
				"parent": "bone28",
				"pivot": [-3.15, 1.79707, 5.75293],
				"rotation": [0, 0, 15.4102],
				"cubes": [
					{"origin": [-5.85, 1.79707, 5.65203], "size": [2.7, 9, 0.1], "uv": [50, 54]}
				]
			},
			{
				"name": "bone30",
				"parent": "bone28",
				"pivot": [3.15, 1.79707, 5.75293],
				"rotation": [0, 0, -15.4102],
				"cubes": [
					{"origin": [3.15, 1.79707, 5.65383], "size": [2.7, 9, 0.1], "uv": [50, 54]}
				]
			},
			{
				"name": "bone31",
				"parent": "bone18",
				"pivot": [0, 2.51453, 0],
				"rotation": [0, -270, 0]
			},
			{
				"name": "bone32",
				"parent": "bone31",
				"pivot": [0, 2.51453, 5.75293],
				"rotation": [16, 0, 0],
				"cubes": [
					{"origin": [-3.15, 1.79707, 5.65293], "size": [6.3, 9, 0.1], "uv": [50, 54]}
				]
			},
			{
				"name": "bone33",
				"parent": "bone32",
				"pivot": [-3.15, 1.79707, 5.75293],
				"rotation": [0, 0, 15.4102],
				"cubes": [
					{"origin": [-5.85, 1.79707, 5.65203], "size": [2.7, 9, 0.1], "uv": [50, 54]}
				]
			},
			{
				"name": "bone34",
				"parent": "bone32",
				"pivot": [3.15, 1.79707, 5.75293],
				"rotation": [0, 0, -15.4102],
				"cubes": [
					{"origin": [3.15, 1.79707, 5.65383], "size": [2.7, 9, 0.1], "uv": [50, 54]}
				]
			},
			{
				"name": "lace",
				"parent": "body",
				"pivot": [0, 5.35708, 0]
			},
			{
				"name": "lace4",
				"parent": "lace",
				"pivot": [0, 15.08708, 0],
				"rotation": [0, 90, 0]
			},
			{
				"name": "lacePart4",
				"parent": "lace4",
				"pivot": [0, 1.88208, 0],
				"rotation": [0, 0, 25],
				"cubes": [
					{"origin": [-3.94279, -1.3178, -4.17], "size": [0, 1.48, 8.73], "uv": [19, 49]},
					{"origin": [-5.33279, -1.3178, 3.48], "size": [1.39, 1.48, 1.29], "uv": [37, 62]},
					{"origin": [-5.33279, -1.3178, 1.28], "size": [1.39, 1.48, 1.19], "uv": [23, 61]},
					{"origin": [-5.33279, -1.3178, -0.9], "size": [1.39, 1.48, 1.09], "uv": [21, 59]},
					{"origin": [-5.33279, -1.3178, -3.08], "size": [1.39, 1.48, 1.09], "uv": [23, 61]},
					{"origin": [-5.33279, -1.3178, -5.56], "size": [1.39, 1.48, 1.39], "uv": [21, 59]}
				]
			},
			{
				"name": "lace3",
				"parent": "lace",
				"pivot": [0, 15.08708, 0],
				"rotation": [0, 180, 0]
			},
			{
				"name": "lacePart3",
				"parent": "lace3",
				"pivot": [0, 1.88208, 0],
				"rotation": [0, 0, 25],
				"cubes": [
					{"origin": [-3.94279, -1.3178, -4.17], "size": [0, 1.48, 8.73], "uv": [19, 49]},
					{"origin": [-5.33279, -1.3178, 3.48], "size": [1.39, 1.48, 1.39], "uv": [21, 59]},
					{"origin": [-5.33279, -1.3178, 1.3], "size": [1.39, 1.48, 1.09], "uv": [23, 61]},
					{"origin": [-5.33279, -1.3178, -0.98], "size": [1.39, 1.48, 1.19], "uv": [23, 61]},
					{"origin": [-5.33279, -1.3178, -3.08], "size": [1.39, 1.48, 1.19], "uv": [23, 61]},
					{"origin": [-5.33279, -1.3178, -5.56], "size": [1.39, 1.48, 1.39], "uv": [21, 59]}
				]
			},
			{
				"name": "lace2",
				"parent": "lace",
				"pivot": [0, 15.08708, 0],
				"rotation": [0, -90, 0]
			},
			{
				"name": "lacePart2",
				"parent": "lace2",
				"pivot": [0, 1.88208, 0],
				"rotation": [0, 0, 25],
				"cubes": [
					{"origin": [-3.94279, -1.3178, -4.17], "size": [0, 1.48, 8.73], "uv": [19, 49]},
					{"origin": [-5.33279, -1.3178, 1.23], "size": [1.39, 1.48, 1.19], "uv": [23, 61]},
					{"origin": [-5.33279, -1.3178, 3.48], "size": [1.39, 1.48, 1.39], "uv": [21, 59]},
					{"origin": [-5.33279, -1.3178, -0.9], "size": [1.39, 1.48, 1.09], "uv": [23, 61]},
					{"origin": [-5.33279, -1.3178, -3.08], "size": [1.39, 1.48, 1.09], "uv": [23, 61]},
					{"origin": [-5.33279, -1.3178, -5.56], "size": [1.39, 1.48, 1.39], "uv": [21, 59]}
				]
			},
			{
				"name": "lace1",
				"parent": "lace",
				"pivot": [0, 15.08708, 0]
			},
			{
				"name": "lacePart1",
				"parent": "lace1",
				"pivot": [0, 1.88208, 0],
				"rotation": [0, 0, 25],
				"cubes": [
					{"origin": [-3.94279, -1.3178, -4.17], "size": [0, 1.48, 8.73], "uv": [19, 49]},
					{"origin": [-5.33279, -1.3178, 3.48], "size": [1.39, 1.48, 1.29], "uv": [23, 61]},
					{"origin": [-5.33279, -1.3178, 1.3], "size": [1.39, 1.48, 1.09], "uv": [23, 61]},
					{"origin": [-5.33279, -1.3178, -0.88], "size": [1.39, 1.48, 1.09], "uv": [23, 61]},
					{"origin": [-5.33279, -1.3178, -3.06], "size": [1.39, 1.48, 1.09], "uv": [23, 61]},
					{"origin": [-5.33279, -1.3178, -5.36], "size": [1.39, 1.48, 1.19], "uv": [37, 57]}
				]
			},
			{
				"name": "decoration",
				"parent": "body",
				"pivot": [0, 15.21489, -3.63],
				"rotation": [-7.5, 0, 0]
			},
			{
				"name": "bone138",
				"parent": "decoration",
				"pivot": [0, 16.57489, 1.37],
				"rotation": [0, 0, 70.5],
				"cubes": [
					{"origin": [-0.79214, 14.76871, -3.31], "size": [0.72, 1.16, 0.12], "uv": [17, 60]},
					{"origin": [-0.07214, 14.76871, -3.31], "size": [0.72, 0.72, 0.12], "uv": [17, 60]}
				]
			},
			{
				"name": "bone139",
				"parent": "decoration",
				"pivot": [0, 16.57489, 1.37],
				"rotation": [0, 0, -70.5],
				"cubes": [
					{"origin": [0.07214, 14.76871, -3.31], "size": [0.72, 1.16, 0.12], "uv": [17, 60]},
					{"origin": [-0.64786, 14.76871, -3.31], "size": [0.72, 0.72, 0.12], "uv": [17, 60]}
				]
			},
			{
				"name": "bone140",
				"parent": "decoration",
				"pivot": [0, 16.57489, 1.37],
				"rotation": [0, 0, 57.5],
				"cubes": [
					{"origin": [0, 14.69489, -3.31], "size": [0.72, 1.88, 0.12], "uv": [17, 60]}
				]
			},
			{
				"name": "bone141",
				"parent": "decoration",
				"pivot": [0, 16.57489, 1.37],
				"rotation": [0, 0, -57.5],
				"cubes": [
					{"origin": [-0.72, 14.69489, -3.31], "size": [0.72, 1.88, 0.12], "uv": [17, 60]}
				]
			},
			{
				"name": "bone142",
				"parent": "decoration",
				"pivot": [0, 16.67489, 1.37],
				"rotation": [2.9545, -0.52071, 14.98657],
				"cubes": [
					{"origin": [-0.47, 14.42489, -3.31], "size": [0.72, 2.35, 0.12], "uv": [17, 60]}
				]
			},
			{
				"name": "bone143",
				"parent": "decoration",
				"pivot": [0, 16.57489, -3.63],
				"rotation": [3.93942, 0.69405, -14.97613],
				"cubes": [
					{"origin": [-0.25, 14.22489, -3.31], "size": [0.72, 2.35, 0.12], "uv": [17, 61]}
				]
			},
			{
				"name": "legLeft",
				"pivot": [1.65, 9, 0],
				"cubes": [
					{"origin": [0.149, -0.001, -1.5], "size": [3, 9, 3], "uv": [16, 43]}
				]
			},
			{
				"name": "legRight",
				"pivot": [-1.65, 9, 0],
				"cubes": [
					{"origin": [-3.149, 0, -1.5], "size": [3, 9, 3], "uv": [16, 43]}
				]
			},
			{
				"name": "bone35",
				"pivot": [0, 8.9, 0]
			},
			{
				"name": "bone36",
				"parent": "bone35",
				"pivot": [0, 8.9, 0]
			},
			{
				"name": "bone37",
				"parent": "bone36",
				"pivot": [0, 8.9, 3.41421],
				"rotation": [23, 0, 0]
			},
			{
				"name": "bone38",
				"parent": "bone37",
				"pivot": [0, 8.9, 3.41421],
				"rotation": [0, -45, 0],
				"cubes": [
					{"origin": [-1.13018, 10.27815, 2.28403], "size": [2, 1.7, 2], "uv": [39, 39]}
				]
			},
			{
				"name": "bone39",
				"parent": "bone35",
				"pivot": [0, 8.9, 0],
				"rotation": [0, -45, 0]
			},
			{
				"name": "bone40",
				"parent": "bone39",
				"pivot": [0, 8.9, 3.41421],
				"rotation": [23, 0, 0]
			},
			{
				"name": "bone41",
				"parent": "bone40",
				"pivot": [0, 8.9, 3.41421],
				"rotation": [0, -45, 0],
				"cubes": [
					{"origin": [-1.2, 9.95, 2.21421], "size": [2.45, 1.95, 2.45], "uv": [39, 39]}
				]
			},
			{
				"name": "bone42",
				"parent": "bone35",
				"pivot": [0, 8.9, 0],
				"rotation": [0, -90, 0]
			},
			{
				"name": "bone43",
				"parent": "bone42",
				"pivot": [0, 8.9, 3.41421],
				"rotation": [23, 0, 0]
			},
			{
				"name": "bone44",
				"parent": "bone43",
				"pivot": [0, 8.9, 3.41421],
				"rotation": [0, -45, 0],
				"cubes": [
					{"origin": [-1.13018, 10.27815, 2.28403], "size": [2, 1.6, 2], "uv": [39, 39]}
				]
			},
			{
				"name": "bone45",
				"parent": "bone35",
				"pivot": [0, 8.9, 0],
				"rotation": [0, -135, 0]
			},
			{
				"name": "bone46",
				"parent": "bone45",
				"pivot": [0, 8.9, 3.41421],
				"rotation": [23, 0, 0]
			},
			{
				"name": "bone47",
				"parent": "bone46",
				"pivot": [0, 8.9, 3.41421],
				"rotation": [0, -45, 0],
				"cubes": [
					{"origin": [-1.2, 9.95, 2.21421], "size": [2.45, 1.95, 2.45], "uv": [39, 39]}
				]
			},
			{
				"name": "bone48",
				"parent": "bone35",
				"pivot": [0, 8.9, 0],
				"rotation": [0, -180, 0]
			},
			{
				"name": "bone49",
				"parent": "bone48",
				"pivot": [0, 8.9, 3.41421],
				"rotation": [23, 0, 0]
			},
			{
				"name": "bone50",
				"parent": "bone49",
				"pivot": [0, 8.9, 3.41421],
				"rotation": [0, -45, 0],
				"cubes": [
					{"origin": [-1.13018, 10.27815, 2.28403], "size": [2, 1.6, 2], "uv": [39, 39]}
				]
			},
			{
				"name": "bone51",
				"parent": "bone35",
				"pivot": [0, 8.9, 0],
				"rotation": [0, -225, 0]
			},
			{
				"name": "bone52",
				"parent": "bone51",
				"pivot": [0, 8.9, 3.41421],
				"rotation": [23, 0, 0]
			},
			{
				"name": "bone53",
				"parent": "bone52",
				"pivot": [0, 8.9, 3.41421],
				"rotation": [0, -45, 0],
				"cubes": [
					{"origin": [-1.2, 9.95, 2.21421], "size": [2.45, 1.95, 2.45], "uv": [39, 39]}
				]
			},
			{
				"name": "bone54",
				"parent": "bone35",
				"pivot": [0, 8.9, 0],
				"rotation": [0, -270, 0]
			},
			{
				"name": "bone55",
				"parent": "bone54",
				"pivot": [0, 8.9, 3.41421],
				"rotation": [23, 0, 0]
			},
			{
				"name": "bone56",
				"parent": "bone55",
				"pivot": [0, 8.9, 3.41421],
				"rotation": [0, -45, 0],
				"cubes": [
					{"origin": [-1.13018, 10.27815, 2.28403], "size": [2, 1.6, 2], "uv": [39, 39]}
				]
			},
			{
				"name": "bone57",
				"parent": "bone35",
				"pivot": [0, 8.9, 0],
				"rotation": [0, -315, 0]
			},
			{
				"name": "bone58",
				"parent": "bone57",
				"pivot": [0, 8.9, 3.41421],
				"rotation": [23, 0, 0]
			},
			{
				"name": "bone59",
				"parent": "bone58",
				"pivot": [0, 8.9, 3.41421],
				"rotation": [0, -45, 0],
				"cubes": [
					{"origin": [-1.2, 9.95, 2.21421], "size": [2.45, 1.95, 2.45], "uv": [39, 39]}
				]
			}
		]
	}
}