{
	"format_version": "1.10.0",
	"geometry.model": {
		"texturewidth": 128,
		"textureheight": 128,
		"visible_bounds_width": 5,
		"visible_bounds_height": 3,
		"visible_bounds_offset": [0, 1.5, 0],
		"bones": [
			{
				"name": "head",
				"pivot": [0, 18, 0],
				"cubes": [
					{"origin": [-4, 18, -4], "size": [8, 8, 8], "uv": [40, 0]}
				]
			},
			{
				"name": "bone22",
				"parent": "head",
				"pivot": [0, 0, 0],
				"rotation": [0, 0, -15]
			},
			{
				"name": "bone23",
				"parent": "head",
				"pivot": [0, 0, 0],
				"rotation": [0, 0, 15]
			},
			{
				"name": "blink",
				"parent": "head",
				"pivot": [0, 18, 0],
				"cubes": [
					{"origin": [-4, 18, -4.001], "size": [8, 8, 0], "uv": [34, 60]}
				]
			},
			{
				"name": "ahoge",
				"parent": "head",
				"pivot": [0, 18, 0]
			},
			{
				"name": "bb_main",
				"parent": "head",
				"pivot": [0, 0, 0],
				"cubes": [
					{"origin": [-0.8, 26, -0.5], "size": [0.6, 0.6, 0], "uv": [65, 12]},
					{"origin": [-1.4, 26.6, -0.5], "size": [0.6, 0.6, 0], "uv": [65, 12]},
					{"origin": [-0.8, 27.2, -0.5], "size": [0.6, 0.6, 0], "uv": [65, 12]},
					{"origin": [-0.2, 27.2, -0.5], "size": [0.6, 0.6, 0], "uv": [65, 12]},
					{"origin": [0.4, 26.6, -0.5], "size": [0.6, 0.6, 0], "uv": [65, 12]}
				]
			},
			{
				"name": "body",
				"pivot": [0, 10.5, 0],
				"cubes": [
					{"origin": [-3, 12, -3], "size": [6, 6, 6], "uv": [104, 82]},
					{"origin": [-3, 9, -3], "size": [6, 3, 6], "uv": [24, 32]},
					{"origin": [-3.7, 7, -2], "size": [7.5, 2.7, 4], "uv": [64, 46]},
					{"origin": [-3.1, 9.499, -3.2], "size": [6.2, 4, 6.3], "uv": [76, 71], "inflate": 0.12}
				]
			},
			{
				"name": "bone2",
				"parent": "body",
				"pivot": [0, 16.5, -3],
				"rotation": [0, 0, 15]
			},
			{
				"name": "sittingRotationSkirt",
				"parent": "body",
				"pivot": [0, 10.5, 0]
			},
			{
				"name": "skirt",
				"parent": "sittingRotationSkirt",
				"pivot": [0, 19.5, 0]
			},
			{
				"name": "bone26",
				"parent": "skirt",
				"pivot": [0, 9, 0]
			},
			{
				"name": "bone27",
				"parent": "bone26",
				"pivot": [0, 9, 3.98481],
				"rotation": [10.15589, 0, 0],
				"cubes": [
					{"origin": [-3, 2.82635, 3.985], "size": [6, 10, 0.1], "uv": [74, 118]}
				]
			},
			{
				"name": "bone28",
				"parent": "bone27",
				"pivot": [-3, 8.82635, 3.98481],
				"rotation": [0, 0, 10],
				"cubes": [
					{"origin": [-4, 2.82635, 3.88481], "size": [2, 10, 0.1], "uv": [75, 118]}
				]
			},
			{
				"name": "bone29",
				"parent": "bone27",
				"pivot": [3, 8.82635, 3.98481],
				"rotation": [0, 0, -10],
				"cubes": [
					{"origin": [2, 2.82635, 3.88481], "size": [2, 10, 0.1], "uv": [74, 118]}
				]
			},
			{
				"name": "bone30",
				"parent": "skirt",
				"pivot": [0, 9, 0],
				"rotation": [0, -90, 0]
			},
			{
				"name": "bone31",
				"parent": "bone30",
				"pivot": [0, 9, 3.98481],
				"rotation": [10.15589, 0, 0],
				"cubes": [
					{"origin": [-3, 2.82635, 3.985], "size": [6, 10, 0.1], "uv": [75, 118]}
				]
			},
			{
				"name": "bone32",
				"parent": "bone31",
				"pivot": [-3, 8.82635, 3.98481],
				"rotation": [0, 0, 10],
				"cubes": [
					{"origin": [-4, 2.82635, 3.88481], "size": [2, 10, 0.1], "uv": [75, 118]}
				]
			},
			{
				"name": "bone33",
				"parent": "bone31",
				"pivot": [3, 8.82635, 3.98481],
				"rotation": [0, 0, -10],
				"cubes": [
					{"origin": [2, 2.82635, 3.88481], "size": [2, 10, 0.1], "uv": [74, 118]}
				]
			},
			{
				"name": "bone34",
				"parent": "skirt",
				"pivot": [0, 9, 0],
				"rotation": [0, -180, 0]
			},
			{
				"name": "bone35",
				"parent": "bone34",
				"pivot": [0, 9, 3.98481],
				"rotation": [10.15589, 0, 0],
				"cubes": [
					{"origin": [-3, 2.82635, 3.985], "size": [6, 10, 0.1], "uv": [74, 118]}
				]
			},
			{
				"name": "bone36",
				"parent": "bone35",
				"pivot": [-3, 8.82635, 3.98481],
				"rotation": [0, 0, 10],
				"cubes": [
					{"origin": [-4, 2.82635, 3.88481], "size": [2, 10, 0.1], "uv": [79, 118]}
				]
			},
			{
				"name": "bone37",
				"parent": "bone35",
				"pivot": [3, 8.82635, 3.98481],
				"rotation": [0, 0, -10],
				"cubes": [
					{"origin": [2, 2.82635, 3.88481], "size": [2, 10, 0.1], "uv": [78, 118]}
				]
			},
			{
				"name": "bone40",
				"parent": "skirt",
				"pivot": [0, 9, 0],
				"rotation": [0, -270, 0]
			},
			{
				"name": "bone41",
				"parent": "bone40",
				"pivot": [0, 9, 3.98481],
				"rotation": [10.15589, 0, 0],
				"cubes": [
					{"origin": [-3, 2.82635, 3.985], "size": [6, 10, 0.1], "uv": [74, 118]}
				]
			},
			{
				"name": "bone42",
				"parent": "bone41",
				"pivot": [-3, 8.82635, 3.98481],
				"rotation": [0, 0, 10],
				"cubes": [
					{"origin": [-4, 2.82635, 3.88481], "size": [2, 10, 0.1], "uv": [74, 118]}
				]
			},
			{
				"name": "bone43",
				"parent": "bone41",
				"pivot": [3, 8.82635, 3.98481],
				"rotation": [0, 0, -10],
				"cubes": [
					{"origin": [2, 2.82635, 3.88481], "size": [2, 10, 0.1], "uv": [74, 118]}
				]
			},
			{
				"name": "shangyi",
				"parent": "body",
				"pivot": [0.3, 10.5, 0]
			},
			{
				"name": "bone17",
				"parent": "shangyi",
				"pivot": [0.3, 16, -3.1],
				"rotation": [0, 0, 35],
				"cubes": [
					{"origin": [-0.6, 12.5, -3.07], "size": [1, 6, 1], "uv": [94, 85]}
				]
			},
			{
				"name": "bone18",
				"parent": "shangyi",
				"pivot": [0, 16.8, -3.1],
				"rotation": [0, 0, -37.5],
				"cubes": [
					{"origin": [-0.8, 16.2, -3.02], "size": [1, 3, 1], "uv": [95, 87]}
				]
			},
			{
				"name": "bangdai",
				"parent": "body",
				"pivot": [-1.5, 13.1, -2.3],
				"rotation": [-15, 5, 8]
			},
			{
				"name": "bone5",
				"parent": "bangdai",
				"pivot": [-2, 12.6, 15.7],
				"cubes": [
					{"origin": [-2.07071, 11.48234, -3.99802], "size": [1, 2, 1], "uv": [112, 102], "inflate": 0.1, "mirror": true}
				]
			},
			{
				"name": "bone45",
				"parent": "bangdai",
				"pivot": [-1.5, 12.85, -2.8],
				"rotation": [0, 10, -5]
			},
			{
				"name": "bone6",
				"parent": "bone45",
				"pivot": [-1.4, 12.6, -2.8],
				"rotation": [0, 0, -5],
				"cubes": [
					{"origin": [-1.40263, 12.38876, -3.90446], "size": [2, 1, 1], "uv": [103, 121], "mirror": true}
				]
			},
			{
				"name": "bone44",
				"parent": "bone45",
				"pivot": [-1.4, 13.6, -2.8],
				"rotation": [0, 0, 5],
				"cubes": [
					{"origin": [-1.33952, 12.08991, -3.90446], "size": [2, 1, 1], "uv": [102, 104], "mirror": true}
				]
			},
			{
				"name": "bone48",
				"parent": "bangdai",
				"pivot": [-1.5, 12.85, -2.8],
				"rotation": [0, -10, 5]
			},
			{
				"name": "bone49",
				"parent": "bone48",
				"pivot": [-1.6, 12.6, -2.8],
				"rotation": [0, 0, 25],
				"cubes": [
					{"origin": [-3.73451, 12.36439, -3.87999], "size": [2, 1, 1], "uv": [104, 102], "mirror": true}
				]
			},
			{
				"name": "bone50",
				"parent": "bone48",
				"pivot": [-1.6, 13.6, -2.8],
				"rotation": [0, 0, -5],
				"cubes": [
					{"origin": [-3.79977, 12.08972, -3.87999], "size": [2, 1, 1], "uv": [96, 120], "mirror": true}
				]
			},
			{
				"name": "bone46",
				"parent": "bangdai",
				"pivot": [-1.5, 12.2, -2.8],
				"rotation": [-1, 0, -5],
				"cubes": [
					{"origin": [-2.08941, 5.47893, -3.39425], "size": [1, 7, 0.1], "uv": [84, 99], "mirror": true}
				]
			},
			{
				"name": "bone47",
				"parent": "bangdai",
				"pivot": [-1.5, 12.2, -2.8],
				"rotation": [1, 0, 5],
				"cubes": [
					{"origin": [-2.05147, 7.48748, -3.40182], "size": [1, 5, 0.1], "uv": [78, 99], "mirror": true}
				]
			},
			{
				"name": "legLeft",
				"pivot": [2, 9, 0],
				"cubes": [
					{"origin": [0.5, 0, -1.5], "size": [3, 9, 3], "uv": [62, 60]}
				]
			},
			{
				"name": "legRight",
				"pivot": [-2, 9, 0],
				"cubes": [
					{"origin": [-3.5, 0, -1.5], "size": [3, 9, 3], "uv": [50, 60]}
				]
			},
			{
				"name": "armRight",
				"pivot": [-3, 17.5, 0],
				"rotation": [-5, 0, 25],
				"cubes": [
					{"origin": [-5, 8.5, -1], "size": [2, 8, 2], "uv": [120, 71]}
				]
			},
			{
				"name": "bone39",
				"parent": "armRight",
				"pivot": [-4, 17.5, 0.5],
				"rotation": [0, -20, 0],
				"cubes": [
					{"origin": [-5.5, 9.5, -1.5], "size": [3, 8, 3], "uv": [116, 109], "inflate": -0.01}
				]
			},
			{
				"name": "bone38",
				"parent": "bone39",
				"pivot": [-6.87853, 19.33215, 5.48279],
				"rotation": [14, 0, 0],
				"cubes": [
					{"origin": [-5.52, 10.7595, -0.83669], "size": [3, 7.7, 2], "uv": [104, 110]}
				]
			},
			{
				"name": "armLeft",
				"pivot": [3, 17.5, 0],
				"rotation": [-5, 0, -25],
				"cubes": [
					{"origin": [3, 8.5, -1], "size": [2, 8, 2], "uv": [120, 71]}
				]
			},
			{
				"name": "bone3",
				"parent": "armLeft",
				"pivot": [4, 17.5, 0.5],
				"rotation": [0, 20, 0],
				"cubes": [
					{"origin": [2.5, 9.5, -1.5], "size": [3, 8, 3], "uv": [116, 109], "inflate": -0.01}
				]
			},
			{
				"name": "bone4",
				"parent": "bone3",
				"pivot": [3.84383, 18.06873, 4.19505],
				"rotation": [14.5, 0, 0],
				"cubes": [
					{"origin": [2.48, 10.4595, -0.53669], "size": [3, 7.7, 2], "uv": [104, 110]}
				]
			}
		]
	}
}