{
	"pack_name": "{maid_pack.aihuo86.name}",
	"model_list": [
		{
			"model_id": "aihuo86:86",
			"is_gecko": true,
			"render_entity_scale": 0.8,
			"animation": [
				"aihuo86:animation/aihuo86.86.main.animation.json",
				"aihuo86:animation/aihuo86.86.arm.animation.json",
				"aihuo86:animation/aihuo86.86.tac.animation.json",
				"aihuo86:animation/aihuo86.86.carryon.animation.json"
			],
			"use_sound_pack_id": "aihuo86",
			"description": ["{model.aihuo86.86.desc}"]
		}
	],
	"version": "1.0.1",
	"author": ["是云小狐呀QAQ"],
	"date": "2024-10-27",
	"icon": "aihuo86:textures/maid_icon.png",
	"description": ["{maid_pack.aihuo86.desc}"]
}