{
	"format_version": "1.12.0",
	"minecraft:geometry": [
		{
			"description": {
				"identifier": "geometry.arip_tacit",
				"texture_width": 32,
				"texture_height": 32,
				"visible_bounds_width": 12,
				"visible_bounds_height": 3,
				"visible_bounds_offset": [0, 0.5, 0]
			},
			"bones": [
				{
					"name": "stk_sp",
					"pivot": [0, 0, 6.4],
					"cubes": [
						{
							"origin": [-1.502, -0.627, -3.002],
							"size": [3.004, 1.254, 2.004],
							"inflate": 0.002,
							"uv": {
								"north": {"uv": [2, 6], "uv_size": [1.5, 0.625]},
								"east": {"uv": [1, 11], "uv_size": [1, 0.625]},
								"south": {"uv": [6, 2], "uv_size": [1.5, 0.625]},
								"west": {"uv": [11, 2], "uv_size": [1, 0.625]}
							}
						},
						{
							"origin": [-0.626, -1.501, -3.001],
							"size": [1.252, 3.002, 2.002],
							"inflate": 0.001,
							"uv": {
								"north": {"uv": [6, 3], "uv_size": [0.625, 1.5]},
								"south": {"uv": [4, 6], "uv_size": [0.625, 1.5]},
								"up": {"uv": [11, 3], "uv_size": [0.625, 1]},
								"down": {"uv": [11, 5], "uv_size": [0.625, -1]}
							}
						},
						{
							"origin": [-0.625, -0.625, -26.75],
							"size": [1.25, 1.25, 23.75],
							"uv": {
								"north": {"uv": [11, 8], "uv_size": [0.625, 0.625]},
								"east": {"uv": [0, 0], "uv_size": [7.75, 0.625]},
								"south": {"uv": [9, 11], "uv_size": [0.625, 0.625]},
								"west": {"uv": [0, 1], "uv_size": [7.75, 0.625]},
								"up": {"uv": [0, 2], "uv_size": [0.625, 7.75]},
								"down": {"uv": [1, 9.75], "uv_size": [0.625, -7.75]}
							}
						},
						{
							"origin": [-0.61772, -1.5016, -2.999],
							"size": [1.23544, 3.0032, 1.998],
							"inflate": -0.001,
							"pivot": [0, 0, -2],
							"rotation": [0, 0, -45],
							"uv": {
								"north": {"uv": [5, 6], "uv_size": [0.625, 1.5]},
								"up": {"uv": [11, 5], "uv_size": [0.625, 1]},
								"down": {"uv": [6, 12], "uv_size": [0.625, -1]}
							}
						},
						{
							"origin": [-0.61772, -1.5016, -2.999],
							"size": [1.23544, 3.0032, 1.998],
							"inflate": -0.001,
							"pivot": [0, 0, -2],
							"rotation": [0, 0, 45],
							"uv": {
								"north": {"uv": [6, 5], "uv_size": [0.625, 1.5]},
								"up": {"uv": [11, 6], "uv_size": [0.625, 1]},
								"down": {"uv": [7, 12], "uv_size": [0.625, -1]}
							}
						},
						{
							"origin": [-0.61872, -1.0625, -2.0625],
							"size": [1.23744, 2.125, 2.125],
							"pivot": [0, 0, -1],
							"rotation": [-45, 0, 45],
							"uv": {
								"east": {"uv": [2, 2], "uv_size": [1.0625, 1.0625]},
								"south": {"uv": [8, 10], "uv_size": [0.625, 1.0625]},
								"west": {"uv": [2, 4], "uv_size": [1.0625, 1.0625]},
								"up": {"uv": [10, 8], "uv_size": [0.625, 1.0625]}
							}
						},
						{
							"origin": [-0.61872, -1.0625, -2.0625],
							"size": [1.23744, 2.125, 2.125],
							"pivot": [0, 0, -1],
							"rotation": [-45, 0, -45],
							"uv": {
								"east": {"uv": [4, 2], "uv_size": [1.0625, 1.0625]},
								"south": {"uv": [10, 10], "uv_size": [0.625, 1.0625]},
								"west": {"uv": [4, 4], "uv_size": [1.0625, 1.0625]},
								"up": {"uv": [0, 11], "uv_size": [0.625, 1.0625]}
							}
						},
						{
							"origin": [-0.61772, -1.5016, -11.249],
							"size": [1.23544, 3.0032, 0.998],
							"inflate": -0.001,
							"pivot": [0, 0, -3.45],
							"rotation": [0, 0, 45],
							"uv": {
								"north": {"uv": [2, 7], "uv_size": [0.625, 1.5]},
								"east": {"uv": [9, 3], "uv_size": [0.5, 1.5]},
								"south": {"uv": [3, 7], "uv_size": [0.625, 1.5]},
								"west": {"uv": [9, 5], "uv_size": [0.5, 1.5]},
								"up": {"uv": [11, 9], "uv_size": [0.625, 0.5]},
								"down": {"uv": [11, 10.5], "uv_size": [0.625, -0.5]}
							}
						},
						{
							"origin": [1.41536, 1, -15.65276],
							"size": [0.5, 0.5, 2.176],
							"pivot": [0, 0, -10.25],
							"rotation": [0, 21.105, 0],
							"uv": {
								"north": {"uv": [25, 21], "uv_size": [0.25, 0.25]},
								"east": {"uv": [16, 5], "uv_size": [1.0625, 0.25]},
								"south": {"uv": [22, 25], "uv_size": [0.25, 0.25]},
								"west": {"uv": [16, 7], "uv_size": [1.0625, 0.25]},
								"up": {"uv": [8, 16], "uv_size": [0.25, 1.0625]},
								"down": {"uv": [16, 9.0625], "uv_size": [0.25, -1.0625]}
							}
						},
						{
							"origin": [-0.61772, -1.5016, -27.749],
							"size": [1.23544, 3.0032, 0.998],
							"inflate": -0.001,
							"pivot": [0, 0, -19.95],
							"rotation": [0, 0, 45],
							"uv": {
								"north": {"uv": [8, 2], "uv_size": [0.625, 1.5]},
								"east": {"uv": [2, 10], "uv_size": [0.5, 1.5]},
								"south": {"uv": [4, 8], "uv_size": [0.625, 1.5]},
								"west": {"uv": [3, 10], "uv_size": [0.5, 1.5]},
								"up": {"uv": [3, 12], "uv_size": [0.625, 0.5]},
								"down": {"uv": [12, 3.5], "uv_size": [0.625, -0.5]}
							}
						},
						{
							"origin": [-0.61772, -1.5016, -27.749],
							"size": [1.23544, 3.0032, 0.998],
							"inflate": -0.001,
							"pivot": [0, 0, -19.95],
							"rotation": [0, 0, -45],
							"uv": {
								"north": {"uv": [8, 4], "uv_size": [0.625, 1.5]},
								"east": {"uv": [10, 3], "uv_size": [0.5, 1.5]},
								"south": {"uv": [5, 8], "uv_size": [0.625, 1.5]},
								"west": {"uv": [4, 10], "uv_size": [0.5, 1.5]},
								"up": {"uv": [4, 12], "uv_size": [0.625, 0.5]},
								"down": {"uv": [12, 4.5], "uv_size": [0.625, -0.5]}
							}
						},
						{
							"origin": [-0.626, -1.501, -27.751],
							"size": [1.252, 3.002, 1.002],
							"inflate": 0.001,
							"uv": {
								"north": {"uv": [8, 6], "uv_size": [0.625, 1.5]},
								"east": {"uv": [5, 10], "uv_size": [0.5, 1.5]},
								"south": {"uv": [8, 8], "uv_size": [0.625, 1.5]},
								"west": {"uv": [10, 5], "uv_size": [0.5, 1.5]},
								"up": {"uv": [5, 12], "uv_size": [0.625, 0.5]},
								"down": {"uv": [12, 5.5], "uv_size": [0.625, -0.5]}
							}
						},
						{
							"origin": [-1.502, -0.627, -27.752],
							"size": [3.004, 1.254, 1.004],
							"inflate": 0.002,
							"uv": {
								"north": {"uv": [2, 9], "uv_size": [1.5, 0.625]},
								"east": {"uv": [6, 12], "uv_size": [0.5, 0.625]},
								"south": {"uv": [9, 2], "uv_size": [1.5, 0.625]},
								"west": {"uv": [12, 6], "uv_size": [0.5, 0.625]},
								"up": {"uv": [10, 1], "uv_size": [1.5, 0.5]},
								"down": {"uv": [10, 7.5], "uv_size": [1.5, -0.5]}
							}
						},
						{
							"origin": [0.97674, 1, -21.93194],
							"size": [0.5, 0.5, 1.5],
							"pivot": [0, 0, -18.5],
							"rotation": [0, 22.5, -22.5],
							"uv": {
								"north": {"uv": [15, 24], "uv_size": [0.25, 0.25]},
								"east": {"uv": [7, 20], "uv_size": [0.75, 0.25]},
								"south": {"uv": [24, 15], "uv_size": [0.25, 0.25]},
								"west": {"uv": [20, 7], "uv_size": [0.75, 0.25]},
								"up": {"uv": [8, 20], "uv_size": [0.25, 0.75]},
								"down": {"uv": [20, 8.75], "uv_size": [0.25, -0.75]}
							}
						},
						{
							"origin": [0.4601, 1, -20.6847],
							"size": [0.5, 0.5, 1.5],
							"pivot": [0, 0, -18.5],
							"rotation": [0, 22.5, 0],
							"uv": {
								"north": {"uv": [16, 24], "uv_size": [0.25, 0.25]},
								"east": {"uv": [9, 20], "uv_size": [0.75, 0.25]},
								"west": {"uv": [20, 9], "uv_size": [0.75, 0.25]},
								"up": {"uv": [10, 20], "uv_size": [0.25, 0.75]},
								"down": {"uv": [20, 10.75], "uv_size": [0.25, -0.75]}
							}
						},
						{
							"origin": [2.06308, 1, -25.11394],
							"size": [0.5, 0.5, 1.5],
							"pivot": [0, 0, -18.5],
							"rotation": [0, 22.5, -67.5],
							"uv": {
								"north": {"uv": [24, 16], "uv_size": [0.25, 0.25]},
								"east": {"uv": [11, 20], "uv_size": [0.75, 0.25]},
								"south": {"uv": [17, 24], "uv_size": [0.25, 0.25]},
								"west": {"uv": [20, 11], "uv_size": [0.75, 0.25]},
								"up": {"uv": [12, 20], "uv_size": [0.25, 0.75]},
								"down": {"uv": [20, 12.75], "uv_size": [0.25, -0.75]}
							}
						},
						{
							"origin": [2.57972, 1, -26.36118],
							"size": [0.5, 0.5, 1.5],
							"pivot": [0, 0, -18.5],
							"rotation": [0, 22.5, -90],
							"uv": {
								"east": {"uv": [13, 20], "uv_size": [0.75, 0.25]},
								"south": {"uv": [24, 17], "uv_size": [0.25, 0.25]},
								"west": {"uv": [20, 13], "uv_size": [0.75, 0.25]},
								"up": {"uv": [14, 20], "uv_size": [0.25, 0.75]},
								"down": {"uv": [20, 14.75], "uv_size": [0.25, -0.75]}
							}
						},
						{
							"origin": [1.41536, 1, -23.90276],
							"size": [0.5, 0.5, 2.176],
							"pivot": [0, 0, -18.5],
							"rotation": [0, 21.105, -45],
							"uv": {
								"north": {"uv": [18, 24], "uv_size": [0.25, 0.25]},
								"east": {"uv": [14, 7], "uv_size": [1.0625, 0.25]},
								"south": {"uv": [24, 18], "uv_size": [0.25, 0.25]},
								"west": {"uv": [8, 14], "uv_size": [1.0625, 0.25]},
								"up": {"uv": [14, 8], "uv_size": [0.25, 1.0625]},
								"down": {"uv": [11, 15.0625], "uv_size": [0.25, -1.0625]}
							}
						},
						{
							"origin": [0.97674, 1, -21.93194],
							"size": [0.5, 0.5, 1.5],
							"pivot": [0, 0, -18.5],
							"rotation": [0, 22.5, -67.5],
							"uv": {
								"north": {"uv": [19, 24], "uv_size": [0.25, 0.25]},
								"east": {"uv": [15, 20], "uv_size": [0.75, 0.25]},
								"south": {"uv": [24, 19], "uv_size": [0.25, 0.25]},
								"west": {"uv": [20, 15], "uv_size": [0.75, 0.25]},
								"up": {"uv": [16, 20], "uv_size": [0.25, 0.75]},
								"down": {"uv": [20, 16.75], "uv_size": [0.25, -0.75]}
							}
						},
						{
							"origin": [0.4601, 1, -20.6847],
							"size": [0.5, 0.5, 1.5],
							"pivot": [0, 0, -18.5],
							"rotation": [0, 22.5, -45],
							"uv": {
								"north": {"uv": [20, 24], "uv_size": [0.25, 0.25]},
								"east": {"uv": [17, 20], "uv_size": [0.75, 0.25]},
								"west": {"uv": [20, 17], "uv_size": [0.75, 0.25]},
								"up": {"uv": [18, 20], "uv_size": [0.25, 0.75]},
								"down": {"uv": [20, 18.75], "uv_size": [0.25, -0.75]}
							}
						},
						{
							"origin": [2.06308, 1, -25.11394],
							"size": [0.5, 0.5, 1.5],
							"pivot": [0, 0, -18.5],
							"rotation": [0, 22.5, -112.5],
							"uv": {
								"north": {"uv": [24, 20], "uv_size": [0.25, 0.25]},
								"east": {"uv": [19, 20], "uv_size": [0.75, 0.25]},
								"south": {"uv": [21, 24], "uv_size": [0.25, 0.25]},
								"west": {"uv": [20, 19], "uv_size": [0.75, 0.25]},
								"up": {"uv": [20, 20], "uv_size": [0.25, 0.75]},
								"down": {"uv": [0, 21.75], "uv_size": [0.25, -0.75]}
							}
						},
						{
							"origin": [2.57972, 1, -26.36118],
							"size": [0.5, 0.5, 1.5],
							"pivot": [0, 0, -18.5],
							"rotation": [0, 22.5, -135],
							"uv": {
								"east": {"uv": [21, 0], "uv_size": [0.75, 0.25]},
								"south": {"uv": [24, 21], "uv_size": [0.25, 0.25]},
								"west": {"uv": [1, 21], "uv_size": [0.75, 0.25]},
								"up": {"uv": [21, 1], "uv_size": [0.25, 0.75]},
								"down": {"uv": [2, 21.75], "uv_size": [0.25, -0.75]}
							}
						},
						{
							"origin": [1.41536, 1, -23.90276],
							"size": [0.5, 0.5, 2.176],
							"pivot": [0, 0, -18.5],
							"rotation": [0, 21.105, -90],
							"uv": {
								"north": {"uv": [22, 24], "uv_size": [0.25, 0.25]},
								"east": {"uv": [14, 10], "uv_size": [1.0625, 0.25]},
								"south": {"uv": [24, 22], "uv_size": [0.25, 0.25]},
								"west": {"uv": [12, 14], "uv_size": [1.0625, 0.25]},
								"up": {"uv": [14, 12], "uv_size": [0.25, 1.0625]},
								"down": {"uv": [14, 15.0625], "uv_size": [0.25, -1.0625]}
							}
						},
						{
							"origin": [0.97674, 1, -21.93194],
							"size": [0.5, 0.5, 1.5],
							"pivot": [0, 0, -18.5],
							"rotation": [0, 22.5, -112.5],
							"uv": {
								"north": {"uv": [23, 24], "uv_size": [0.25, 0.25]},
								"east": {"uv": [21, 2], "uv_size": [0.75, 0.25]},
								"south": {"uv": [24, 23], "uv_size": [0.25, 0.25]},
								"west": {"uv": [3, 21], "uv_size": [0.75, 0.25]},
								"up": {"uv": [21, 3], "uv_size": [0.25, 0.75]},
								"down": {"uv": [4, 21.75], "uv_size": [0.25, -0.75]}
							}
						},
						{
							"origin": [0.4601, 1, -20.6847],
							"size": [0.5, 0.5, 1.5],
							"pivot": [0, 0, -18.5],
							"rotation": [0, 22.5, -90],
							"uv": {
								"north": {"uv": [24, 24], "uv_size": [0.25, 0.25]},
								"east": {"uv": [21, 4], "uv_size": [0.75, 0.25]},
								"west": {"uv": [5, 21], "uv_size": [0.75, 0.25]},
								"up": {"uv": [21, 5], "uv_size": [0.25, 0.75]},
								"down": {"uv": [6, 21.75], "uv_size": [0.25, -0.75]}
							}
						},
						{
							"origin": [2.06308, 1, -25.11394],
							"size": [0.5, 0.5, 1.5],
							"pivot": [0, 0, -18.5],
							"rotation": [0, 22.5, -157.5],
							"uv": {
								"north": {"uv": [0, 25], "uv_size": [0.25, 0.25]},
								"east": {"uv": [21, 6], "uv_size": [0.75, 0.25]},
								"south": {"uv": [25, 0], "uv_size": [0.25, 0.25]},
								"west": {"uv": [7, 21], "uv_size": [0.75, 0.25]},
								"up": {"uv": [21, 7], "uv_size": [0.25, 0.75]},
								"down": {"uv": [8, 21.75], "uv_size": [0.25, -0.75]}
							}
						},
						{
							"origin": [2.57972, 1, -26.36118],
							"size": [0.5, 0.5, 1.5],
							"pivot": [0, 0, -18.5],
							"rotation": [0, 22.5, -180],
							"uv": {
								"east": {"uv": [21, 8], "uv_size": [0.75, 0.25]},
								"south": {"uv": [1, 25], "uv_size": [0.25, 0.25]},
								"west": {"uv": [9, 21], "uv_size": [0.75, 0.25]},
								"up": {"uv": [21, 9], "uv_size": [0.25, 0.75]},
								"down": {"uv": [10, 21.75], "uv_size": [0.25, -0.75]}
							}
						},
						{
							"origin": [1.41536, 1, -23.90276],
							"size": [0.5, 0.5, 2.176],
							"pivot": [0, 0, -18.5],
							"rotation": [0, 21.105, -135],
							"uv": {
								"north": {"uv": [25, 1], "uv_size": [0.25, 0.25]},
								"east": {"uv": [15, 0], "uv_size": [1.0625, 0.25]},
								"south": {"uv": [2, 25], "uv_size": [0.25, 0.25]},
								"west": {"uv": [15, 3], "uv_size": [1.0625, 0.25]},
								"up": {"uv": [0, 15], "uv_size": [0.25, 1.0625]},
								"down": {"uv": [3, 16.0625], "uv_size": [0.25, -1.0625]}
							}
						},
						{
							"origin": [0.97674, 1, -21.93194],
							"size": [0.5, 0.5, 1.5],
							"pivot": [0, 0, -18.5],
							"rotation": [0, 22.5, -157.5],
							"uv": {
								"north": {"uv": [25, 2], "uv_size": [0.25, 0.25]},
								"east": {"uv": [21, 10], "uv_size": [0.75, 0.25]},
								"south": {"uv": [3, 25], "uv_size": [0.25, 0.25]},
								"west": {"uv": [11, 21], "uv_size": [0.75, 0.25]},
								"up": {"uv": [21, 11], "uv_size": [0.25, 0.75]},
								"down": {"uv": [12, 21.75], "uv_size": [0.25, -0.75]}
							}
						},
						{
							"origin": [0.4601, 1, -20.6847],
							"size": [0.5, 0.5, 1.5],
							"pivot": [0, 0, -18.5],
							"rotation": [0, 22.5, -135],
							"uv": {
								"north": {"uv": [25, 3], "uv_size": [0.25, 0.25]},
								"east": {"uv": [21, 12], "uv_size": [0.75, 0.25]},
								"west": {"uv": [13, 21], "uv_size": [0.75, 0.25]},
								"up": {"uv": [21, 13], "uv_size": [0.25, 0.75]},
								"down": {"uv": [14, 21.75], "uv_size": [0.25, -0.75]}
							}
						},
						{
							"origin": [2.06308, 1, -25.11394],
							"size": [0.5, 0.5, 1.5],
							"pivot": [0, 0, -18.5],
							"rotation": [0, 22.5, 157.5],
							"uv": {
								"north": {"uv": [4, 25], "uv_size": [0.25, 0.25]},
								"east": {"uv": [21, 14], "uv_size": [0.75, 0.25]},
								"south": {"uv": [25, 4], "uv_size": [0.25, 0.25]},
								"west": {"uv": [15, 21], "uv_size": [0.75, 0.25]},
								"up": {"uv": [21, 15], "uv_size": [0.25, 0.75]},
								"down": {"uv": [16, 21.75], "uv_size": [0.25, -0.75]}
							}
						},
						{
							"origin": [2.57972, 1, -26.36118],
							"size": [0.5, 0.5, 1.5],
							"pivot": [0, 0, -18.5],
							"rotation": [0, 22.5, 135],
							"uv": {
								"east": {"uv": [21, 16], "uv_size": [0.75, 0.25]},
								"south": {"uv": [5, 25], "uv_size": [0.25, 0.25]},
								"west": {"uv": [17, 21], "uv_size": [0.75, 0.25]},
								"up": {"uv": [21, 17], "uv_size": [0.25, 0.75]},
								"down": {"uv": [18, 21.75], "uv_size": [0.25, -0.75]}
							}
						},
						{
							"origin": [1.41536, 1, -23.90276],
							"size": [0.5, 0.5, 2.176],
							"pivot": [0, 0, -18.5],
							"rotation": [0, 21.105, -180],
							"uv": {
								"north": {"uv": [25, 5], "uv_size": [0.25, 0.25]},
								"east": {"uv": [15, 6], "uv_size": [1.0625, 0.25]},
								"south": {"uv": [6, 25], "uv_size": [0.25, 0.25]},
								"west": {"uv": [8, 15], "uv_size": [1.0625, 0.25]},
								"up": {"uv": [6, 15], "uv_size": [0.25, 1.0625]},
								"down": {"uv": [15, 9.0625], "uv_size": [0.25, -1.0625]}
							}
						},
						{
							"origin": [0.97674, 1, -21.93194],
							"size": [0.5, 0.5, 1.5],
							"pivot": [0, 0, -18.5],
							"rotation": [0, 22.5, 157.5],
							"uv": {
								"north": {"uv": [25, 6], "uv_size": [0.25, 0.25]},
								"east": {"uv": [21, 18], "uv_size": [0.75, 0.25]},
								"south": {"uv": [7, 25], "uv_size": [0.25, 0.25]},
								"west": {"uv": [19, 21], "uv_size": [0.75, 0.25]},
								"up": {"uv": [21, 19], "uv_size": [0.25, 0.75]},
								"down": {"uv": [20, 21.75], "uv_size": [0.25, -0.75]}
							}
						},
						{
							"origin": [0.4601, 1, -20.6847],
							"size": [0.5, 0.5, 1.5],
							"pivot": [0, 0, -18.5],
							"rotation": [0, 22.5, -180],
							"uv": {
								"north": {"uv": [25, 7], "uv_size": [0.25, 0.25]},
								"east": {"uv": [21, 20], "uv_size": [0.75, 0.25]},
								"west": {"uv": [21, 21], "uv_size": [0.75, 0.25]},
								"up": {"uv": [0, 22], "uv_size": [0.25, 0.75]},
								"down": {"uv": [22, 0.75], "uv_size": [0.25, -0.75]}
							}
						},
						{
							"origin": [2.06308, 1, -25.11394],
							"size": [0.5, 0.5, 1.5],
							"pivot": [0, 0, -18.5],
							"rotation": [0, 22.5, 112.5],
							"uv": {
								"north": {"uv": [8, 25], "uv_size": [0.25, 0.25]},
								"east": {"uv": [1, 22], "uv_size": [0.75, 0.25]},
								"south": {"uv": [25, 8], "uv_size": [0.25, 0.25]},
								"west": {"uv": [22, 1], "uv_size": [0.75, 0.25]},
								"up": {"uv": [2, 22], "uv_size": [0.25, 0.75]},
								"down": {"uv": [22, 2.75], "uv_size": [0.25, -0.75]}
							}
						},
						{
							"origin": [2.57972, 1, -26.36118],
							"size": [0.5, 0.5, 1.5],
							"pivot": [0, 0, -18.5],
							"rotation": [0, 22.5, 90],
							"uv": {
								"east": {"uv": [3, 22], "uv_size": [0.75, 0.25]},
								"south": {"uv": [9, 25], "uv_size": [0.25, 0.25]},
								"west": {"uv": [22, 3], "uv_size": [0.75, 0.25]},
								"up": {"uv": [4, 22], "uv_size": [0.25, 0.75]},
								"down": {"uv": [22, 4.75], "uv_size": [0.25, -0.75]}
							}
						},
						{
							"origin": [1.41536, 1, -23.90276],
							"size": [0.5, 0.5, 2.176],
							"pivot": [0, 0, -18.5],
							"rotation": [0, 21.105, 135],
							"uv": {
								"north": {"uv": [25, 9], "uv_size": [0.25, 0.25]},
								"east": {"uv": [15, 11], "uv_size": [1.0625, 0.25]},
								"south": {"uv": [10, 25], "uv_size": [0.25, 0.25]},
								"west": {"uv": [12, 15], "uv_size": [1.0625, 0.25]},
								"up": {"uv": [10, 15], "uv_size": [0.25, 1.0625]},
								"down": {"uv": [15, 13.0625], "uv_size": [0.25, -1.0625]}
							}
						},
						{
							"origin": [0.97674, 1, -21.93194],
							"size": [0.5, 0.5, 1.5],
							"pivot": [0, 0, -18.5],
							"rotation": [0, 22.5, 112.5],
							"uv": {
								"north": {"uv": [25, 10], "uv_size": [0.25, 0.25]},
								"east": {"uv": [5, 22], "uv_size": [0.75, 0.25]},
								"south": {"uv": [11, 25], "uv_size": [0.25, 0.25]},
								"west": {"uv": [22, 5], "uv_size": [0.75, 0.25]},
								"up": {"uv": [6, 22], "uv_size": [0.25, 0.75]},
								"down": {"uv": [22, 6.75], "uv_size": [0.25, -0.75]}
							}
						},
						{
							"origin": [0.4601, 1, -20.6847],
							"size": [0.5, 0.5, 1.5],
							"pivot": [0, 0, -18.5],
							"rotation": [0, 22.5, 135],
							"uv": {
								"north": {"uv": [25, 11], "uv_size": [0.25, 0.25]},
								"east": {"uv": [7, 22], "uv_size": [0.75, 0.25]},
								"west": {"uv": [22, 7], "uv_size": [0.75, 0.25]},
								"up": {"uv": [8, 22], "uv_size": [0.25, 0.75]},
								"down": {"uv": [22, 8.75], "uv_size": [0.25, -0.75]}
							}
						},
						{
							"origin": [2.06308, 1, -25.11394],
							"size": [0.5, 0.5, 1.5],
							"pivot": [0, 0, -18.5],
							"rotation": [0, 22.5, 67.5],
							"uv": {
								"north": {"uv": [12, 25], "uv_size": [0.25, 0.25]},
								"east": {"uv": [9, 22], "uv_size": [0.75, 0.25]},
								"south": {"uv": [25, 12], "uv_size": [0.25, 0.25]},
								"west": {"uv": [22, 9], "uv_size": [0.75, 0.25]},
								"up": {"uv": [10, 22], "uv_size": [0.25, 0.75]},
								"down": {"uv": [22, 10.75], "uv_size": [0.25, -0.75]}
							}
						},
						{
							"origin": [2.57972, 1, -26.36118],
							"size": [0.5, 0.5, 1.5],
							"pivot": [0, 0, -18.5],
							"rotation": [0, 22.5, 45],
							"uv": {
								"east": {"uv": [11, 22], "uv_size": [0.75, 0.25]},
								"south": {"uv": [13, 25], "uv_size": [0.25, 0.25]},
								"west": {"uv": [22, 11], "uv_size": [0.75, 0.25]},
								"up": {"uv": [12, 22], "uv_size": [0.25, 0.75]},
								"down": {"uv": [22, 12.75], "uv_size": [0.25, -0.75]}
							}
						},
						{
							"origin": [1.41536, 1, -23.90276],
							"size": [0.5, 0.5, 2.176],
							"pivot": [0, 0, -18.5],
							"rotation": [0, 21.105, 90],
							"uv": {
								"north": {"uv": [25, 13], "uv_size": [0.25, 0.25]},
								"east": {"uv": [15, 14], "uv_size": [1.0625, 0.25]},
								"south": {"uv": [14, 25], "uv_size": [0.25, 0.25]},
								"west": {"uv": [15, 15], "uv_size": [1.0625, 0.25]},
								"up": {"uv": [1, 16], "uv_size": [0.25, 1.0625]},
								"down": {"uv": [16, 2.0625], "uv_size": [0.25, -1.0625]}
							}
						},
						{
							"origin": [0.97674, 1, -21.93194],
							"size": [0.5, 0.5, 1.5],
							"pivot": [0, 0, -18.5],
							"rotation": [0, 22.5, 67.5],
							"uv": {
								"north": {"uv": [25, 14], "uv_size": [0.25, 0.25]},
								"east": {"uv": [13, 22], "uv_size": [0.75, 0.25]},
								"south": {"uv": [15, 25], "uv_size": [0.25, 0.25]},
								"west": {"uv": [22, 13], "uv_size": [0.75, 0.25]},
								"up": {"uv": [14, 22], "uv_size": [0.25, 0.75]},
								"down": {"uv": [22, 14.75], "uv_size": [0.25, -0.75]}
							}
						},
						{
							"origin": [0.4601, 1, -20.6847],
							"size": [0.5, 0.5, 1.5],
							"pivot": [0, 0, -18.5],
							"rotation": [0, 22.5, 90],
							"uv": {
								"north": {"uv": [25, 15], "uv_size": [0.25, 0.25]},
								"east": {"uv": [15, 22], "uv_size": [0.75, 0.25]},
								"west": {"uv": [22, 15], "uv_size": [0.75, 0.25]},
								"up": {"uv": [16, 22], "uv_size": [0.25, 0.75]},
								"down": {"uv": [22, 16.75], "uv_size": [0.25, -0.75]}
							}
						},
						{
							"origin": [2.06308, 1, -25.11394],
							"size": [0.5, 0.5, 1.5],
							"pivot": [0, 0, -18.5],
							"rotation": [0, 22.5, 22.5],
							"uv": {
								"north": {"uv": [16, 25], "uv_size": [0.25, 0.25]},
								"east": {"uv": [17, 22], "uv_size": [0.75, 0.25]},
								"south": {"uv": [25, 16], "uv_size": [0.25, 0.25]},
								"west": {"uv": [22, 17], "uv_size": [0.75, 0.25]},
								"up": {"uv": [18, 22], "uv_size": [0.25, 0.75]},
								"down": {"uv": [22, 18.75], "uv_size": [0.25, -0.75]}
							}
						},
						{
							"origin": [2.57972, 1, -26.36118],
							"size": [0.5, 0.5, 1.5],
							"pivot": [0, 0, -18.5],
							"rotation": [0, 22.5, 0],
							"uv": {
								"east": {"uv": [19, 22], "uv_size": [0.75, 0.25]},
								"south": {"uv": [17, 25], "uv_size": [0.25, 0.25]},
								"west": {"uv": [22, 19], "uv_size": [0.75, 0.25]},
								"up": {"uv": [20, 22], "uv_size": [0.25, 0.75]},
								"down": {"uv": [22, 20.75], "uv_size": [0.25, -0.75]}
							}
						},
						{
							"origin": [1.41536, 1, -23.90276],
							"size": [0.5, 0.5, 2.176],
							"pivot": [0, 0, -18.5],
							"rotation": [0, 21.105, 45],
							"uv": {
								"north": {"uv": [25, 17], "uv_size": [0.25, 0.25]},
								"east": {"uv": [4, 16], "uv_size": [1.0625, 0.25]},
								"south": {"uv": [18, 25], "uv_size": [0.25, 0.25]},
								"west": {"uv": [16, 4], "uv_size": [1.0625, 0.25]},
								"up": {"uv": [2, 16], "uv_size": [0.25, 1.0625]},
								"down": {"uv": [7, 17.0625], "uv_size": [0.25, -1.0625]}
							}
						},
						{
							"origin": [0.97674, 1, -21.93194],
							"size": [0.5, 0.5, 1.5],
							"pivot": [0, 0, -18.5],
							"rotation": [0, 22.5, 22.5],
							"uv": {
								"north": {"uv": [25, 18], "uv_size": [0.25, 0.25]},
								"east": {"uv": [21, 22], "uv_size": [0.75, 0.25]},
								"south": {"uv": [19, 25], "uv_size": [0.25, 0.25]},
								"west": {"uv": [22, 21], "uv_size": [0.75, 0.25]},
								"up": {"uv": [22, 22], "uv_size": [0.25, 0.75]},
								"down": {"uv": [0, 23.75], "uv_size": [0.25, -0.75]}
							}
						},
						{
							"origin": [0.4601, 1, -20.6847],
							"size": [0.5, 0.5, 1.5],
							"pivot": [0, 0, -18.5],
							"rotation": [0, 22.5, 45],
							"uv": {
								"north": {"uv": [25, 19], "uv_size": [0.25, 0.25]},
								"east": {"uv": [23, 0], "uv_size": [0.75, 0.25]},
								"west": {"uv": [1, 23], "uv_size": [0.75, 0.25]},
								"up": {"uv": [23, 1], "uv_size": [0.25, 0.75]},
								"down": {"uv": [2, 23.75], "uv_size": [0.25, -0.75]}
							}
						},
						{
							"origin": [2.06308, 1, -25.11394],
							"size": [0.5, 0.5, 1.5],
							"pivot": [0, 0, -18.5],
							"rotation": [0, 22.5, -22.5],
							"uv": {
								"north": {"uv": [20, 25], "uv_size": [0.25, 0.25]},
								"east": {"uv": [23, 2], "uv_size": [0.75, 0.25]},
								"south": {"uv": [25, 20], "uv_size": [0.25, 0.25]},
								"west": {"uv": [3, 23], "uv_size": [0.75, 0.25]},
								"up": {"uv": [23, 3], "uv_size": [0.25, 0.75]},
								"down": {"uv": [4, 23.75], "uv_size": [0.25, -0.75]}
							}
						},
						{
							"origin": [2.57972, 1, -26.36118],
							"size": [0.5, 0.5, 1.5],
							"pivot": [0, 0, -18.5],
							"rotation": [0, 22.5, -45],
							"uv": {
								"east": {"uv": [23, 4], "uv_size": [0.75, 0.25]},
								"south": {"uv": [21, 25], "uv_size": [0.25, 0.25]},
								"west": {"uv": [5, 23], "uv_size": [0.75, 0.25]},
								"up": {"uv": [23, 5], "uv_size": [0.25, 0.75]},
								"down": {"uv": [6, 23.75], "uv_size": [0.25, -0.75]}
							}
						},
						{
							"origin": [1.41536, 1, -23.90276],
							"size": [0.5, 0.5, 2.176],
							"pivot": [0, 0, -18.5],
							"rotation": [0, 21.105, 0],
							"uv": {
								"north": {"uv": [25, 21], "uv_size": [0.25, 0.25]},
								"east": {"uv": [16, 5], "uv_size": [1.0625, 0.25]},
								"south": {"uv": [22, 25], "uv_size": [0.25, 0.25]},
								"west": {"uv": [16, 7], "uv_size": [1.0625, 0.25]},
								"up": {"uv": [8, 16], "uv_size": [0.25, 1.0625]},
								"down": {"uv": [16, 9.0625], "uv_size": [0.25, -1.0625]}
							}
						},
						{
							"origin": [2.57972, 1, -18.11118],
							"size": [0.5, 0.5, 1.5],
							"pivot": [0, 0, -10.25],
							"rotation": [0, 22.5, -45],
							"uv": {
								"east": {"uv": [23, 4], "uv_size": [0.75, 0.25]},
								"south": {"uv": [21, 25], "uv_size": [0.25, 0.25]},
								"west": {"uv": [5, 23], "uv_size": [0.75, 0.25]},
								"up": {"uv": [23, 5], "uv_size": [0.25, 0.75]},
								"down": {"uv": [6, 23.75], "uv_size": [0.25, -0.75]}
							}
						},
						{
							"origin": [2.06308, 1, -16.86394],
							"size": [0.5, 0.5, 1.5],
							"pivot": [0, 0, -10.25],
							"rotation": [0, 22.5, -22.5],
							"uv": {
								"north": {"uv": [20, 25], "uv_size": [0.25, 0.25]},
								"east": {"uv": [23, 2], "uv_size": [0.75, 0.25]},
								"south": {"uv": [25, 20], "uv_size": [0.25, 0.25]},
								"west": {"uv": [3, 23], "uv_size": [0.75, 0.25]},
								"up": {"uv": [23, 3], "uv_size": [0.25, 0.75]},
								"down": {"uv": [4, 23.75], "uv_size": [0.25, -0.75]}
							}
						},
						{
							"origin": [0.4601, 1, -12.4347],
							"size": [0.5, 0.5, 1.5],
							"pivot": [0, 0, -10.25],
							"rotation": [0, 22.5, 45],
							"uv": {
								"north": {"uv": [25, 19], "uv_size": [0.25, 0.25]},
								"east": {"uv": [23, 0], "uv_size": [0.75, 0.25]},
								"west": {"uv": [1, 23], "uv_size": [0.75, 0.25]},
								"up": {"uv": [23, 1], "uv_size": [0.25, 0.75]},
								"down": {"uv": [2, 23.75], "uv_size": [0.25, -0.75]}
							}
						},
						{
							"origin": [0.97674, 1, -13.68194],
							"size": [0.5, 0.5, 1.5],
							"pivot": [0, 0, -10.25],
							"rotation": [0, 22.5, 22.5],
							"uv": {
								"north": {"uv": [25, 18], "uv_size": [0.25, 0.25]},
								"east": {"uv": [21, 22], "uv_size": [0.75, 0.25]},
								"south": {"uv": [19, 25], "uv_size": [0.25, 0.25]},
								"west": {"uv": [22, 21], "uv_size": [0.75, 0.25]},
								"up": {"uv": [22, 22], "uv_size": [0.25, 0.75]},
								"down": {"uv": [0, 23.75], "uv_size": [0.25, -0.75]}
							}
						},
						{
							"origin": [1.41536, 1, -15.65276],
							"size": [0.5, 0.5, 2.176],
							"pivot": [0, 0, -10.25],
							"rotation": [0, 21.105, 45],
							"uv": {
								"north": {"uv": [25, 17], "uv_size": [0.25, 0.25]},
								"east": {"uv": [4, 16], "uv_size": [1.0625, 0.25]},
								"south": {"uv": [18, 25], "uv_size": [0.25, 0.25]},
								"west": {"uv": [16, 4], "uv_size": [1.0625, 0.25]},
								"up": {"uv": [2, 16], "uv_size": [0.25, 1.0625]},
								"down": {"uv": [7, 17.0625], "uv_size": [0.25, -1.0625]}
							}
						},
						{
							"origin": [2.57972, 1, -18.11118],
							"size": [0.5, 0.5, 1.5],
							"pivot": [0, 0, -10.25],
							"rotation": [0, 22.5, 0],
							"uv": {
								"east": {"uv": [19, 22], "uv_size": [0.75, 0.25]},
								"south": {"uv": [17, 25], "uv_size": [0.25, 0.25]},
								"west": {"uv": [22, 19], "uv_size": [0.75, 0.25]},
								"up": {"uv": [20, 22], "uv_size": [0.25, 0.75]},
								"down": {"uv": [22, 20.75], "uv_size": [0.25, -0.75]}
							}
						},
						{
							"origin": [2.06308, 1, -16.86394],
							"size": [0.5, 0.5, 1.5],
							"pivot": [0, 0, -10.25],
							"rotation": [0, 22.5, 22.5],
							"uv": {
								"north": {"uv": [16, 25], "uv_size": [0.25, 0.25]},
								"east": {"uv": [17, 22], "uv_size": [0.75, 0.25]},
								"south": {"uv": [25, 16], "uv_size": [0.25, 0.25]},
								"west": {"uv": [22, 17], "uv_size": [0.75, 0.25]},
								"up": {"uv": [18, 22], "uv_size": [0.25, 0.75]},
								"down": {"uv": [22, 18.75], "uv_size": [0.25, -0.75]}
							}
						},
						{
							"origin": [0.4601, 1, -12.4347],
							"size": [0.5, 0.5, 1.5],
							"pivot": [0, 0, -10.25],
							"rotation": [0, 22.5, 90],
							"uv": {
								"north": {"uv": [25, 15], "uv_size": [0.25, 0.25]},
								"east": {"uv": [15, 22], "uv_size": [0.75, 0.25]},
								"west": {"uv": [22, 15], "uv_size": [0.75, 0.25]},
								"up": {"uv": [16, 22], "uv_size": [0.25, 0.75]},
								"down": {"uv": [22, 16.75], "uv_size": [0.25, -0.75]}
							}
						},
						{
							"origin": [0.97674, 1, -13.68194],
							"size": [0.5, 0.5, 1.5],
							"pivot": [0, 0, -10.25],
							"rotation": [0, 22.5, 67.5],
							"uv": {
								"north": {"uv": [25, 14], "uv_size": [0.25, 0.25]},
								"east": {"uv": [13, 22], "uv_size": [0.75, 0.25]},
								"south": {"uv": [15, 25], "uv_size": [0.25, 0.25]},
								"west": {"uv": [22, 13], "uv_size": [0.75, 0.25]},
								"up": {"uv": [14, 22], "uv_size": [0.25, 0.75]},
								"down": {"uv": [22, 14.75], "uv_size": [0.25, -0.75]}
							}
						},
						{
							"origin": [1.41536, 1, -15.65276],
							"size": [0.5, 0.5, 2.176],
							"pivot": [0, 0, -10.25],
							"rotation": [0, 21.105, 90],
							"uv": {
								"north": {"uv": [25, 13], "uv_size": [0.25, 0.25]},
								"east": {"uv": [15, 14], "uv_size": [1.0625, 0.25]},
								"south": {"uv": [14, 25], "uv_size": [0.25, 0.25]},
								"west": {"uv": [15, 15], "uv_size": [1.0625, 0.25]},
								"up": {"uv": [1, 16], "uv_size": [0.25, 1.0625]},
								"down": {"uv": [16, 2.0625], "uv_size": [0.25, -1.0625]}
							}
						},
						{
							"origin": [2.57972, 1, -18.11118],
							"size": [0.5, 0.5, 1.5],
							"pivot": [0, 0, -10.25],
							"rotation": [0, 22.5, 45],
							"uv": {
								"east": {"uv": [11, 22], "uv_size": [0.75, 0.25]},
								"south": {"uv": [13, 25], "uv_size": [0.25, 0.25]},
								"west": {"uv": [22, 11], "uv_size": [0.75, 0.25]},
								"up": {"uv": [12, 22], "uv_size": [0.25, 0.75]},
								"down": {"uv": [22, 12.75], "uv_size": [0.25, -0.75]}
							}
						},
						{
							"origin": [2.06308, 1, -16.86394],
							"size": [0.5, 0.5, 1.5],
							"pivot": [0, 0, -10.25],
							"rotation": [0, 22.5, 67.5],
							"uv": {
								"north": {"uv": [12, 25], "uv_size": [0.25, 0.25]},
								"east": {"uv": [9, 22], "uv_size": [0.75, 0.25]},
								"south": {"uv": [25, 12], "uv_size": [0.25, 0.25]},
								"west": {"uv": [22, 9], "uv_size": [0.75, 0.25]},
								"up": {"uv": [10, 22], "uv_size": [0.25, 0.75]},
								"down": {"uv": [22, 10.75], "uv_size": [0.25, -0.75]}
							}
						},
						{
							"origin": [0.4601, 1, -12.4347],
							"size": [0.5, 0.5, 1.5],
							"pivot": [0, 0, -10.25],
							"rotation": [0, 22.5, 135],
							"uv": {
								"north": {"uv": [25, 11], "uv_size": [0.25, 0.25]},
								"east": {"uv": [7, 22], "uv_size": [0.75, 0.25]},
								"west": {"uv": [22, 7], "uv_size": [0.75, 0.25]},
								"up": {"uv": [8, 22], "uv_size": [0.25, 0.75]},
								"down": {"uv": [22, 8.75], "uv_size": [0.25, -0.75]}
							}
						},
						{
							"origin": [0.97674, 1, -13.68194],
							"size": [0.5, 0.5, 1.5],
							"pivot": [0, 0, -10.25],
							"rotation": [0, 22.5, 112.5],
							"uv": {
								"north": {"uv": [25, 10], "uv_size": [0.25, 0.25]},
								"east": {"uv": [5, 22], "uv_size": [0.75, 0.25]},
								"south": {"uv": [11, 25], "uv_size": [0.25, 0.25]},
								"west": {"uv": [22, 5], "uv_size": [0.75, 0.25]},
								"up": {"uv": [6, 22], "uv_size": [0.25, 0.75]},
								"down": {"uv": [22, 6.75], "uv_size": [0.25, -0.75]}
							}
						},
						{
							"origin": [1.41536, 1, -15.65276],
							"size": [0.5, 0.5, 2.176],
							"pivot": [0, 0, -10.25],
							"rotation": [0, 21.105, 135],
							"uv": {
								"north": {"uv": [25, 9], "uv_size": [0.25, 0.25]},
								"east": {"uv": [15, 11], "uv_size": [1.0625, 0.25]},
								"south": {"uv": [10, 25], "uv_size": [0.25, 0.25]},
								"west": {"uv": [12, 15], "uv_size": [1.0625, 0.25]},
								"up": {"uv": [10, 15], "uv_size": [0.25, 1.0625]},
								"down": {"uv": [15, 13.0625], "uv_size": [0.25, -1.0625]}
							}
						},
						{
							"origin": [2.57972, 1, -18.11118],
							"size": [0.5, 0.5, 1.5],
							"pivot": [0, 0, -10.25],
							"rotation": [0, 22.5, 90],
							"uv": {
								"east": {"uv": [3, 22], "uv_size": [0.75, 0.25]},
								"south": {"uv": [9, 25], "uv_size": [0.25, 0.25]},
								"west": {"uv": [22, 3], "uv_size": [0.75, 0.25]},
								"up": {"uv": [4, 22], "uv_size": [0.25, 0.75]},
								"down": {"uv": [22, 4.75], "uv_size": [0.25, -0.75]}
							}
						},
						{
							"origin": [2.06308, 1, -16.86394],
							"size": [0.5, 0.5, 1.5],
							"pivot": [0, 0, -10.25],
							"rotation": [0, 22.5, 112.5],
							"uv": {
								"north": {"uv": [8, 25], "uv_size": [0.25, 0.25]},
								"east": {"uv": [1, 22], "uv_size": [0.75, 0.25]},
								"south": {"uv": [25, 8], "uv_size": [0.25, 0.25]},
								"west": {"uv": [22, 1], "uv_size": [0.75, 0.25]},
								"up": {"uv": [2, 22], "uv_size": [0.25, 0.75]},
								"down": {"uv": [22, 2.75], "uv_size": [0.25, -0.75]}
							}
						},
						{
							"origin": [0.4601, 1, -12.4347],
							"size": [0.5, 0.5, 1.5],
							"pivot": [0, 0, -10.25],
							"rotation": [0, 22.5, -180],
							"uv": {
								"north": {"uv": [25, 7], "uv_size": [0.25, 0.25]},
								"east": {"uv": [21, 20], "uv_size": [0.75, 0.25]},
								"west": {"uv": [21, 21], "uv_size": [0.75, 0.25]},
								"up": {"uv": [0, 22], "uv_size": [0.25, 0.75]},
								"down": {"uv": [22, 0.75], "uv_size": [0.25, -0.75]}
							}
						},
						{
							"origin": [0.97674, 1, -13.68194],
							"size": [0.5, 0.5, 1.5],
							"pivot": [0, 0, -10.25],
							"rotation": [0, 22.5, 157.5],
							"uv": {
								"north": {"uv": [25, 6], "uv_size": [0.25, 0.25]},
								"east": {"uv": [21, 18], "uv_size": [0.75, 0.25]},
								"south": {"uv": [7, 25], "uv_size": [0.25, 0.25]},
								"west": {"uv": [19, 21], "uv_size": [0.75, 0.25]},
								"up": {"uv": [21, 19], "uv_size": [0.25, 0.75]},
								"down": {"uv": [20, 21.75], "uv_size": [0.25, -0.75]}
							}
						},
						{
							"origin": [1.41536, 1, -15.65276],
							"size": [0.5, 0.5, 2.176],
							"pivot": [0, 0, -10.25],
							"rotation": [0, 21.105, -180],
							"uv": {
								"north": {"uv": [25, 5], "uv_size": [0.25, 0.25]},
								"east": {"uv": [15, 6], "uv_size": [1.0625, 0.25]},
								"south": {"uv": [6, 25], "uv_size": [0.25, 0.25]},
								"west": {"uv": [8, 15], "uv_size": [1.0625, 0.25]},
								"up": {"uv": [6, 15], "uv_size": [0.25, 1.0625]},
								"down": {"uv": [15, 9.0625], "uv_size": [0.25, -1.0625]}
							}
						},
						{
							"origin": [2.57972, 1, -18.11118],
							"size": [0.5, 0.5, 1.5],
							"pivot": [0, 0, -10.25],
							"rotation": [0, 22.5, 135],
							"uv": {
								"east": {"uv": [21, 16], "uv_size": [0.75, 0.25]},
								"south": {"uv": [5, 25], "uv_size": [0.25, 0.25]},
								"west": {"uv": [17, 21], "uv_size": [0.75, 0.25]},
								"up": {"uv": [21, 17], "uv_size": [0.25, 0.75]},
								"down": {"uv": [18, 21.75], "uv_size": [0.25, -0.75]}
							}
						},
						{
							"origin": [2.06308, 1, -16.86394],
							"size": [0.5, 0.5, 1.5],
							"pivot": [0, 0, -10.25],
							"rotation": [0, 22.5, 157.5],
							"uv": {
								"north": {"uv": [4, 25], "uv_size": [0.25, 0.25]},
								"east": {"uv": [21, 14], "uv_size": [0.75, 0.25]},
								"south": {"uv": [25, 4], "uv_size": [0.25, 0.25]},
								"west": {"uv": [15, 21], "uv_size": [0.75, 0.25]},
								"up": {"uv": [21, 15], "uv_size": [0.25, 0.75]},
								"down": {"uv": [16, 21.75], "uv_size": [0.25, -0.75]}
							}
						},
						{
							"origin": [0.4601, 1, -12.4347],
							"size": [0.5, 0.5, 1.5],
							"pivot": [0, 0, -10.25],
							"rotation": [0, 22.5, -135],
							"uv": {
								"north": {"uv": [25, 3], "uv_size": [0.25, 0.25]},
								"east": {"uv": [21, 12], "uv_size": [0.75, 0.25]},
								"west": {"uv": [13, 21], "uv_size": [0.75, 0.25]},
								"up": {"uv": [21, 13], "uv_size": [0.25, 0.75]},
								"down": {"uv": [14, 21.75], "uv_size": [0.25, -0.75]}
							}
						},
						{
							"origin": [0.97674, 1, -13.68194],
							"size": [0.5, 0.5, 1.5],
							"pivot": [0, 0, -10.25],
							"rotation": [0, 22.5, -157.5],
							"uv": {
								"north": {"uv": [25, 2], "uv_size": [0.25, 0.25]},
								"east": {"uv": [21, 10], "uv_size": [0.75, 0.25]},
								"south": {"uv": [3, 25], "uv_size": [0.25, 0.25]},
								"west": {"uv": [11, 21], "uv_size": [0.75, 0.25]},
								"up": {"uv": [21, 11], "uv_size": [0.25, 0.75]},
								"down": {"uv": [12, 21.75], "uv_size": [0.25, -0.75]}
							}
						},
						{
							"origin": [1.41536, 1, -15.65276],
							"size": [0.5, 0.5, 2.176],
							"pivot": [0, 0, -10.25],
							"rotation": [0, 21.105, -135],
							"uv": {
								"north": {"uv": [25, 1], "uv_size": [0.25, 0.25]},
								"east": {"uv": [15, 0], "uv_size": [1.0625, 0.25]},
								"south": {"uv": [2, 25], "uv_size": [0.25, 0.25]},
								"west": {"uv": [15, 3], "uv_size": [1.0625, 0.25]},
								"up": {"uv": [0, 15], "uv_size": [0.25, 1.0625]},
								"down": {"uv": [3, 16.0625], "uv_size": [0.25, -1.0625]}
							}
						},
						{
							"origin": [2.57972, 1, -18.11118],
							"size": [0.5, 0.5, 1.5],
							"pivot": [0, 0, -10.25],
							"rotation": [0, 22.5, -180],
							"uv": {
								"east": {"uv": [21, 8], "uv_size": [0.75, 0.25]},
								"south": {"uv": [1, 25], "uv_size": [0.25, 0.25]},
								"west": {"uv": [9, 21], "uv_size": [0.75, 0.25]},
								"up": {"uv": [21, 9], "uv_size": [0.25, 0.75]},
								"down": {"uv": [10, 21.75], "uv_size": [0.25, -0.75]}
							}
						},
						{
							"origin": [2.06308, 1, -16.86394],
							"size": [0.5, 0.5, 1.5],
							"pivot": [0, 0, -10.25],
							"rotation": [0, 22.5, -157.5],
							"uv": {
								"north": {"uv": [0, 25], "uv_size": [0.25, 0.25]},
								"east": {"uv": [21, 6], "uv_size": [0.75, 0.25]},
								"south": {"uv": [25, 0], "uv_size": [0.25, 0.25]},
								"west": {"uv": [7, 21], "uv_size": [0.75, 0.25]},
								"up": {"uv": [21, 7], "uv_size": [0.25, 0.75]},
								"down": {"uv": [8, 21.75], "uv_size": [0.25, -0.75]}
							}
						},
						{
							"origin": [0.4601, 1, -12.4347],
							"size": [0.5, 0.5, 1.5],
							"pivot": [0, 0, -10.25],
							"rotation": [0, 22.5, -90],
							"uv": {
								"north": {"uv": [24, 24], "uv_size": [0.25, 0.25]},
								"east": {"uv": [21, 4], "uv_size": [0.75, 0.25]},
								"west": {"uv": [5, 21], "uv_size": [0.75, 0.25]},
								"up": {"uv": [21, 5], "uv_size": [0.25, 0.75]},
								"down": {"uv": [6, 21.75], "uv_size": [0.25, -0.75]}
							}
						},
						{
							"origin": [0.97674, 1, -13.68194],
							"size": [0.5, 0.5, 1.5],
							"pivot": [0, 0, -10.25],
							"rotation": [0, 22.5, -112.5],
							"uv": {
								"north": {"uv": [23, 24], "uv_size": [0.25, 0.25]},
								"east": {"uv": [21, 2], "uv_size": [0.75, 0.25]},
								"south": {"uv": [24, 23], "uv_size": [0.25, 0.25]},
								"west": {"uv": [3, 21], "uv_size": [0.75, 0.25]},
								"up": {"uv": [21, 3], "uv_size": [0.25, 0.75]},
								"down": {"uv": [4, 21.75], "uv_size": [0.25, -0.75]}
							}
						},
						{
							"origin": [1.41536, 1, -15.65276],
							"size": [0.5, 0.5, 2.176],
							"pivot": [0, 0, -10.25],
							"rotation": [0, 21.105, -90],
							"uv": {
								"north": {"uv": [22, 24], "uv_size": [0.25, 0.25]},
								"east": {"uv": [14, 10], "uv_size": [1.0625, 0.25]},
								"south": {"uv": [24, 22], "uv_size": [0.25, 0.25]},
								"west": {"uv": [12, 14], "uv_size": [1.0625, 0.25]},
								"up": {"uv": [14, 12], "uv_size": [0.25, 1.0625]},
								"down": {"uv": [14, 15.0625], "uv_size": [0.25, -1.0625]}
							}
						},
						{
							"origin": [2.57972, 1, -18.11118],
							"size": [0.5, 0.5, 1.5],
							"pivot": [0, 0, -10.25],
							"rotation": [0, 22.5, -135],
							"uv": {
								"east": {"uv": [21, 0], "uv_size": [0.75, 0.25]},
								"south": {"uv": [24, 21], "uv_size": [0.25, 0.25]},
								"west": {"uv": [1, 21], "uv_size": [0.75, 0.25]},
								"up": {"uv": [21, 1], "uv_size": [0.25, 0.75]},
								"down": {"uv": [2, 21.75], "uv_size": [0.25, -0.75]}
							}
						},
						{
							"origin": [2.06308, 1, -16.86394],
							"size": [0.5, 0.5, 1.5],
							"pivot": [0, 0, -10.25],
							"rotation": [0, 22.5, -112.5],
							"uv": {
								"north": {"uv": [24, 20], "uv_size": [0.25, 0.25]},
								"east": {"uv": [19, 20], "uv_size": [0.75, 0.25]},
								"south": {"uv": [21, 24], "uv_size": [0.25, 0.25]},
								"west": {"uv": [20, 19], "uv_size": [0.75, 0.25]},
								"up": {"uv": [20, 20], "uv_size": [0.25, 0.75]},
								"down": {"uv": [0, 21.75], "uv_size": [0.25, -0.75]}
							}
						},
						{
							"origin": [0.4601, 1, -12.4347],
							"size": [0.5, 0.5, 1.5],
							"pivot": [0, 0, -10.25],
							"rotation": [0, 22.5, -45],
							"uv": {
								"north": {"uv": [20, 24], "uv_size": [0.25, 0.25]},
								"east": {"uv": [17, 20], "uv_size": [0.75, 0.25]},
								"west": {"uv": [20, 17], "uv_size": [0.75, 0.25]},
								"up": {"uv": [18, 20], "uv_size": [0.25, 0.75]},
								"down": {"uv": [20, 18.75], "uv_size": [0.25, -0.75]}
							}
						},
						{
							"origin": [0.97674, 1, -13.68194],
							"size": [0.5, 0.5, 1.5],
							"pivot": [0, 0, -10.25],
							"rotation": [0, 22.5, -67.5],
							"uv": {
								"north": {"uv": [19, 24], "uv_size": [0.25, 0.25]},
								"east": {"uv": [15, 20], "uv_size": [0.75, 0.25]},
								"south": {"uv": [24, 19], "uv_size": [0.25, 0.25]},
								"west": {"uv": [20, 15], "uv_size": [0.75, 0.25]},
								"up": {"uv": [16, 20], "uv_size": [0.25, 0.75]},
								"down": {"uv": [20, 16.75], "uv_size": [0.25, -0.75]}
							}
						},
						{
							"origin": [1.41536, 1, -15.65276],
							"size": [0.5, 0.5, 2.176],
							"pivot": [0, 0, -10.25],
							"rotation": [0, 21.105, -45],
							"uv": {
								"north": {"uv": [18, 24], "uv_size": [0.25, 0.25]},
								"east": {"uv": [14, 7], "uv_size": [1.0625, 0.25]},
								"south": {"uv": [24, 18], "uv_size": [0.25, 0.25]},
								"west": {"uv": [8, 14], "uv_size": [1.0625, 0.25]},
								"up": {"uv": [14, 8], "uv_size": [0.25, 1.0625]},
								"down": {"uv": [11, 15.0625], "uv_size": [0.25, -1.0625]}
							}
						},
						{
							"origin": [2.57972, 1, -18.11118],
							"size": [0.5, 0.5, 1.5],
							"pivot": [0, 0, -10.25],
							"rotation": [0, 22.5, -90],
							"uv": {
								"east": {"uv": [13, 20], "uv_size": [0.75, 0.25]},
								"south": {"uv": [24, 17], "uv_size": [0.25, 0.25]},
								"west": {"uv": [20, 13], "uv_size": [0.75, 0.25]},
								"up": {"uv": [14, 20], "uv_size": [0.25, 0.75]},
								"down": {"uv": [20, 14.75], "uv_size": [0.25, -0.75]}
							}
						},
						{
							"origin": [2.06308, 1, -16.86394],
							"size": [0.5, 0.5, 1.5],
							"pivot": [0, 0, -10.25],
							"rotation": [0, 22.5, -67.5],
							"uv": {
								"north": {"uv": [24, 16], "uv_size": [0.25, 0.25]},
								"east": {"uv": [11, 20], "uv_size": [0.75, 0.25]},
								"south": {"uv": [17, 24], "uv_size": [0.25, 0.25]},
								"west": {"uv": [20, 11], "uv_size": [0.75, 0.25]},
								"up": {"uv": [12, 20], "uv_size": [0.25, 0.75]},
								"down": {"uv": [20, 12.75], "uv_size": [0.25, -0.75]}
							}
						},
						{
							"origin": [0.4601, 1, -12.4347],
							"size": [0.5, 0.5, 1.5],
							"pivot": [0, 0, -10.25],
							"rotation": [0, 22.5, 0],
							"uv": {
								"north": {"uv": [16, 24], "uv_size": [0.25, 0.25]},
								"east": {"uv": [9, 20], "uv_size": [0.75, 0.25]},
								"west": {"uv": [20, 9], "uv_size": [0.75, 0.25]},
								"up": {"uv": [10, 20], "uv_size": [0.25, 0.75]},
								"down": {"uv": [20, 10.75], "uv_size": [0.25, -0.75]}
							}
						},
						{
							"origin": [0.97674, 1, -13.68194],
							"size": [0.5, 0.5, 1.5],
							"pivot": [0, 0, -10.25],
							"rotation": [0, 22.5, -22.5],
							"uv": {
								"north": {"uv": [15, 24], "uv_size": [0.25, 0.25]},
								"east": {"uv": [7, 20], "uv_size": [0.75, 0.25]},
								"south": {"uv": [24, 15], "uv_size": [0.25, 0.25]},
								"west": {"uv": [20, 7], "uv_size": [0.75, 0.25]},
								"up": {"uv": [8, 20], "uv_size": [0.25, 0.75]},
								"down": {"uv": [20, 8.75], "uv_size": [0.25, -0.75]}
							}
						},
						{
							"origin": [-1.502, -0.627, -19.502],
							"size": [3.004, 1.254, 1.004],
							"inflate": 0.002,
							"uv": {
								"north": {"uv": [2, 9], "uv_size": [1.5, 0.625]},
								"east": {"uv": [6, 12], "uv_size": [0.5, 0.625]},
								"south": {"uv": [9, 2], "uv_size": [1.5, 0.625]},
								"west": {"uv": [12, 6], "uv_size": [0.5, 0.625]},
								"up": {"uv": [10, 1], "uv_size": [1.5, 0.5]},
								"down": {"uv": [10, 7.5], "uv_size": [1.5, -0.5]}
							}
						},
						{
							"origin": [-0.626, -1.501, -19.501],
							"size": [1.252, 3.002, 1.002],
							"inflate": 0.001,
							"uv": {
								"north": {"uv": [8, 6], "uv_size": [0.625, 1.5]},
								"east": {"uv": [5, 10], "uv_size": [0.5, 1.5]},
								"south": {"uv": [8, 8], "uv_size": [0.625, 1.5]},
								"west": {"uv": [10, 5], "uv_size": [0.5, 1.5]},
								"up": {"uv": [5, 12], "uv_size": [0.625, 0.5]},
								"down": {"uv": [12, 5.5], "uv_size": [0.625, -0.5]}
							}
						},
						{
							"origin": [-0.61772, -1.5016, -19.499],
							"size": [1.23544, 3.0032, 0.998],
							"inflate": -0.001,
							"pivot": [0, 0, -11.7],
							"rotation": [0, 0, -45],
							"uv": {
								"north": {"uv": [8, 4], "uv_size": [0.625, 1.5]},
								"east": {"uv": [10, 3], "uv_size": [0.5, 1.5]},
								"south": {"uv": [5, 8], "uv_size": [0.625, 1.5]},
								"west": {"uv": [4, 10], "uv_size": [0.5, 1.5]},
								"up": {"uv": [4, 12], "uv_size": [0.625, 0.5]},
								"down": {"uv": [12, 4.5], "uv_size": [0.625, -0.5]}
							}
						},
						{
							"origin": [-0.61772, -1.5016, -19.499],
							"size": [1.23544, 3.0032, 0.998],
							"inflate": -0.001,
							"pivot": [0, 0, -11.7],
							"rotation": [0, 0, 45],
							"uv": {
								"north": {"uv": [8, 2], "uv_size": [0.625, 1.5]},
								"east": {"uv": [2, 10], "uv_size": [0.5, 1.5]},
								"south": {"uv": [4, 8], "uv_size": [0.625, 1.5]},
								"west": {"uv": [3, 10], "uv_size": [0.5, 1.5]},
								"up": {"uv": [3, 12], "uv_size": [0.625, 0.5]},
								"down": {"uv": [12, 3.5], "uv_size": [0.625, -0.5]}
							}
						},
						{
							"origin": [-0.61772, -1.5016, -11.249],
							"size": [1.23544, 3.0032, 0.998],
							"inflate": -0.001,
							"pivot": [0, 0, -3.45],
							"rotation": [0, 0, -45],
							"uv": {
								"north": {"uv": [7, 3], "uv_size": [0.625, 1.5]},
								"east": {"uv": [6, 9], "uv_size": [0.5, 1.5]},
								"south": {"uv": [7, 5], "uv_size": [0.625, 1.5]},
								"west": {"uv": [7, 9], "uv_size": [0.5, 1.5]},
								"up": {"uv": [11, 11], "uv_size": [0.625, 0.5]},
								"down": {"uv": [12, 0.5], "uv_size": [0.625, -0.5]}
							}
						},
						{
							"origin": [-0.626, -1.501, -11.251],
							"size": [1.252, 3.002, 1.002],
							"inflate": 0.001,
							"uv": {
								"north": {"uv": [6, 7], "uv_size": [0.625, 1.5]},
								"east": {"uv": [9, 7], "uv_size": [0.5, 1.5]},
								"south": {"uv": [7, 7], "uv_size": [0.625, 1.5]},
								"west": {"uv": [9, 9], "uv_size": [0.5, 1.5]},
								"up": {"uv": [1, 12], "uv_size": [0.625, 0.5]},
								"down": {"uv": [12, 1.5], "uv_size": [0.625, -0.5]}
							}
						},
						{
							"origin": [-1.502, -0.627, -11.252],
							"size": [3.004, 1.254, 1.004],
							"inflate": 0.002,
							"uv": {
								"north": {"uv": [8, 0], "uv_size": [1.5, 0.625]},
								"east": {"uv": [2, 12], "uv_size": [0.5, 0.625]},
								"south": {"uv": [8, 1], "uv_size": [1.5, 0.625]},
								"west": {"uv": [12, 2], "uv_size": [0.5, 0.625]},
								"up": {"uv": [0, 10], "uv_size": [1.5, 0.5]},
								"down": {"uv": [10, 0.5], "uv_size": [1.5, -0.5]}
							}
						},
						{
							"origin": [1.41536, 1, -7.40276],
							"size": [0.5, 0.5, 2.176],
							"pivot": [0, 0, -2],
							"rotation": [0, 21.105, -45],
							"uv": {
								"north": {"uv": [23, 9], "uv_size": [0.25, 0.25]},
								"east": {"uv": [7, 12], "uv_size": [1.0625, 0.25]},
								"south": {"uv": [10, 23], "uv_size": [0.25, 0.25]},
								"west": {"uv": [12, 7], "uv_size": [1.0625, 0.25]},
								"up": {"uv": [12, 8], "uv_size": [0.25, 1.0625]},
								"down": {"uv": [9, 13.0625], "uv_size": [0.25, -1.0625]}
							}
						},
						{
							"origin": [2.57972, 1, -9.86118],
							"size": [0.5, 0.5, 1.5],
							"pivot": [0, 0, -2],
							"rotation": [0, 22.5, -90],
							"uv": {
								"east": {"uv": [17, 1], "uv_size": [0.75, 0.25]},
								"south": {"uv": [9, 23], "uv_size": [0.25, 0.25]},
								"west": {"uv": [17, 2], "uv_size": [0.75, 0.25]},
								"up": {"uv": [3, 17], "uv_size": [0.25, 0.75]},
								"down": {"uv": [17, 3.75], "uv_size": [0.25, -0.75]}
							}
						},
						{
							"origin": [2.06308, 1, -8.61394],
							"size": [0.5, 0.5, 1.5],
							"pivot": [0, 0, -2],
							"rotation": [0, 22.5, -67.5],
							"uv": {
								"north": {"uv": [8, 23], "uv_size": [0.25, 0.25]},
								"east": {"uv": [15, 16], "uv_size": [0.75, 0.25]},
								"south": {"uv": [23, 8], "uv_size": [0.25, 0.25]},
								"west": {"uv": [16, 16], "uv_size": [0.75, 0.25]},
								"up": {"uv": [0, 17], "uv_size": [0.25, 0.75]},
								"down": {"uv": [17, 0.75], "uv_size": [0.25, -0.75]}
							}
						},
						{
							"origin": [0.4601, 1, -4.1847],
							"size": [0.5, 0.5, 1.5],
							"pivot": [0, 0, -2],
							"rotation": [0, 22.5, 0],
							"uv": {
								"north": {"uv": [23, 7], "uv_size": [0.25, 0.25]},
								"east": {"uv": [16, 12], "uv_size": [0.75, 0.25]},
								"west": {"uv": [13, 16], "uv_size": [0.75, 0.25]},
								"up": {"uv": [16, 13], "uv_size": [0.25, 0.75]},
								"down": {"uv": [14, 16.75], "uv_size": [0.25, -0.75]}
							}
						},
						{
							"origin": [0.97674, 1, -5.43194],
							"size": [0.5, 0.5, 1.5],
							"pivot": [0, 0, -2],
							"rotation": [0, 22.5, -22.5],
							"uv": {
								"north": {"uv": [23, 6], "uv_size": [0.25, 0.25]},
								"east": {"uv": [9, 16], "uv_size": [0.75, 0.25]},
								"south": {"uv": [7, 23], "uv_size": [0.25, 0.25]},
								"west": {"uv": [16, 10], "uv_size": [0.75, 0.25]},
								"up": {"uv": [11, 16], "uv_size": [0.25, 0.75]},
								"down": {"uv": [12, 16.75], "uv_size": [0.25, -0.75]}
							}
						},
						{
							"origin": [1.41536, 1, -7.40276],
							"size": [0.5, 0.5, 2.176],
							"pivot": [0, 0, -2],
							"rotation": [0, 21.105, -90],
							"uv": {
								"north": {"uv": [23, 13], "uv_size": [0.25, 0.25]},
								"east": {"uv": [10, 12], "uv_size": [1.0625, 0.25]},
								"south": {"uv": [14, 23], "uv_size": [0.25, 0.25]},
								"west": {"uv": [12, 10], "uv_size": [1.0625, 0.25]},
								"up": {"uv": [12, 11], "uv_size": [0.25, 1.0625]},
								"down": {"uv": [0, 14.0625], "uv_size": [0.25, -1.0625]}
							}
						},
						{
							"origin": [2.57972, 1, -9.86118],
							"size": [0.5, 0.5, 1.5],
							"pivot": [0, 0, -2],
							"rotation": [0, 22.5, -135],
							"uv": {
								"east": {"uv": [17, 12], "uv_size": [0.75, 0.25]},
								"south": {"uv": [13, 23], "uv_size": [0.25, 0.25]},
								"west": {"uv": [13, 17], "uv_size": [0.75, 0.25]},
								"up": {"uv": [17, 13], "uv_size": [0.25, 0.75]},
								"down": {"uv": [14, 17.75], "uv_size": [0.25, -0.75]}
							}
						},
						{
							"origin": [2.06308, 1, -8.61394],
							"size": [0.5, 0.5, 1.5],
							"pivot": [0, 0, -2],
							"rotation": [0, 22.5, -112.5],
							"uv": {
								"north": {"uv": [12, 23], "uv_size": [0.25, 0.25]},
								"east": {"uv": [17, 10], "uv_size": [0.75, 0.25]},
								"south": {"uv": [23, 12], "uv_size": [0.25, 0.25]},
								"west": {"uv": [11, 17], "uv_size": [0.75, 0.25]},
								"up": {"uv": [17, 11], "uv_size": [0.25, 0.75]},
								"down": {"uv": [12, 17.75], "uv_size": [0.25, -0.75]}
							}
						},
						{
							"origin": [0.4601, 1, -4.1847],
							"size": [0.5, 0.5, 1.5],
							"pivot": [0, 0, -2],
							"rotation": [0, 22.5, -45],
							"uv": {
								"north": {"uv": [23, 11], "uv_size": [0.25, 0.25]},
								"east": {"uv": [17, 8], "uv_size": [0.75, 0.25]},
								"west": {"uv": [9, 17], "uv_size": [0.75, 0.25]},
								"up": {"uv": [17, 9], "uv_size": [0.25, 0.75]},
								"down": {"uv": [10, 17.75], "uv_size": [0.25, -0.75]}
							}
						},
						{
							"origin": [0.97674, 1, -5.43194],
							"size": [0.5, 0.5, 1.5],
							"pivot": [0, 0, -2],
							"rotation": [0, 22.5, -67.5],
							"uv": {
								"north": {"uv": [23, 10], "uv_size": [0.25, 0.25]},
								"east": {"uv": [4, 17], "uv_size": [0.75, 0.25]},
								"south": {"uv": [11, 23], "uv_size": [0.25, 0.25]},
								"west": {"uv": [5, 17], "uv_size": [0.75, 0.25]},
								"up": {"uv": [6, 17], "uv_size": [0.25, 0.75]},
								"down": {"uv": [17, 6.75], "uv_size": [0.25, -0.75]}
							}
						},
						{
							"origin": [1.41536, 1, -7.40276],
							"size": [0.5, 0.5, 2.176],
							"pivot": [0, 0, -2],
							"rotation": [0, 21.105, -135],
							"uv": {
								"north": {"uv": [23, 17], "uv_size": [0.25, 0.25]},
								"east": {"uv": [13, 0], "uv_size": [1.0625, 0.25]},
								"south": {"uv": [18, 23], "uv_size": [0.25, 0.25]},
								"west": {"uv": [1, 13], "uv_size": [1.0625, 0.25]},
								"up": {"uv": [13, 1], "uv_size": [0.25, 1.0625]},
								"down": {"uv": [3, 14.0625], "uv_size": [0.25, -1.0625]}
							}
						},
						{
							"origin": [2.57972, 1, -9.86118],
							"size": [0.5, 0.5, 1.5],
							"pivot": [0, 0, -2],
							"rotation": [0, 22.5, -180],
							"uv": {
								"east": {"uv": [3, 18], "uv_size": [0.75, 0.25]},
								"south": {"uv": [17, 23], "uv_size": [0.25, 0.25]},
								"west": {"uv": [18, 3], "uv_size": [0.75, 0.25]},
								"up": {"uv": [4, 18], "uv_size": [0.25, 0.75]},
								"down": {"uv": [18, 4.75], "uv_size": [0.25, -0.75]}
							}
						},
						{
							"origin": [2.06308, 1, -8.61394],
							"size": [0.5, 0.5, 1.5],
							"pivot": [0, 0, -2],
							"rotation": [0, 22.5, -157.5],
							"uv": {
								"north": {"uv": [16, 23], "uv_size": [0.25, 0.25]},
								"east": {"uv": [1, 18], "uv_size": [0.75, 0.25]},
								"south": {"uv": [23, 16], "uv_size": [0.25, 0.25]},
								"west": {"uv": [18, 1], "uv_size": [0.75, 0.25]},
								"up": {"uv": [2, 18], "uv_size": [0.25, 0.75]},
								"down": {"uv": [18, 2.75], "uv_size": [0.25, -0.75]}
							}
						},
						{
							"origin": [0.4601, 1, -4.1847],
							"size": [0.5, 0.5, 1.5],
							"pivot": [0, 0, -2],
							"rotation": [0, 22.5, -90],
							"uv": {
								"north": {"uv": [23, 15], "uv_size": [0.25, 0.25]},
								"east": {"uv": [17, 16], "uv_size": [0.75, 0.25]},
								"west": {"uv": [17, 17], "uv_size": [0.75, 0.25]},
								"up": {"uv": [0, 18], "uv_size": [0.25, 0.75]},
								"down": {"uv": [18, 0.75], "uv_size": [0.25, -0.75]}
							}
						},
						{
							"origin": [0.97674, 1, -5.43194],
							"size": [0.5, 0.5, 1.5],
							"pivot": [0, 0, -2],
							"rotation": [0, 22.5, -112.5],
							"uv": {
								"north": {"uv": [23, 14], "uv_size": [0.25, 0.25]},
								"east": {"uv": [17, 14], "uv_size": [0.75, 0.25]},
								"south": {"uv": [15, 23], "uv_size": [0.25, 0.25]},
								"west": {"uv": [15, 17], "uv_size": [0.75, 0.25]},
								"up": {"uv": [17, 15], "uv_size": [0.25, 0.75]},
								"down": {"uv": [16, 17.75], "uv_size": [0.25, -0.75]}
							}
						},
						{
							"origin": [1.41536, 1, -7.40276],
							"size": [0.5, 0.5, 2.176],
							"pivot": [0, 0, -2],
							"rotation": [0, 21.105, -180],
							"uv": {
								"north": {"uv": [23, 21], "uv_size": [0.25, 0.25]},
								"east": {"uv": [13, 3], "uv_size": [1.0625, 0.25]},
								"south": {"uv": [22, 23], "uv_size": [0.25, 0.25]},
								"west": {"uv": [4, 13], "uv_size": [1.0625, 0.25]},
								"up": {"uv": [13, 4], "uv_size": [0.25, 1.0625]},
								"down": {"uv": [6, 14.0625], "uv_size": [0.25, -1.0625]}
							}
						},
						{
							"origin": [2.57972, 1, -9.86118],
							"size": [0.5, 0.5, 1.5],
							"pivot": [0, 0, -2],
							"rotation": [0, 22.5, 135],
							"uv": {
								"east": {"uv": [11, 18], "uv_size": [0.75, 0.25]},
								"south": {"uv": [21, 23], "uv_size": [0.25, 0.25]},
								"west": {"uv": [18, 11], "uv_size": [0.75, 0.25]},
								"up": {"uv": [12, 18], "uv_size": [0.25, 0.75]},
								"down": {"uv": [18, 12.75], "uv_size": [0.25, -0.75]}
							}
						},
						{
							"origin": [2.06308, 1, -8.61394],
							"size": [0.5, 0.5, 1.5],
							"pivot": [0, 0, -2],
							"rotation": [0, 22.5, 157.5],
							"uv": {
								"north": {"uv": [20, 23], "uv_size": [0.25, 0.25]},
								"east": {"uv": [9, 18], "uv_size": [0.75, 0.25]},
								"south": {"uv": [23, 20], "uv_size": [0.25, 0.25]},
								"west": {"uv": [18, 9], "uv_size": [0.75, 0.25]},
								"up": {"uv": [10, 18], "uv_size": [0.25, 0.75]},
								"down": {"uv": [18, 10.75], "uv_size": [0.25, -0.75]}
							}
						},
						{
							"origin": [0.4601, 1, -4.1847],
							"size": [0.5, 0.5, 1.5],
							"pivot": [0, 0, -2],
							"rotation": [0, 22.5, -135],
							"uv": {
								"north": {"uv": [23, 19], "uv_size": [0.25, 0.25]},
								"east": {"uv": [7, 18], "uv_size": [0.75, 0.25]},
								"west": {"uv": [18, 7], "uv_size": [0.75, 0.25]},
								"up": {"uv": [8, 18], "uv_size": [0.25, 0.75]},
								"down": {"uv": [18, 8.75], "uv_size": [0.25, -0.75]}
							}
						},
						{
							"origin": [0.97674, 1, -5.43194],
							"size": [0.5, 0.5, 1.5],
							"pivot": [0, 0, -2],
							"rotation": [0, 22.5, -157.5],
							"uv": {
								"north": {"uv": [23, 18], "uv_size": [0.25, 0.25]},
								"east": {"uv": [5, 18], "uv_size": [0.75, 0.25]},
								"south": {"uv": [19, 23], "uv_size": [0.25, 0.25]},
								"west": {"uv": [18, 5], "uv_size": [0.75, 0.25]},
								"up": {"uv": [6, 18], "uv_size": [0.25, 0.75]},
								"down": {"uv": [18, 6.75], "uv_size": [0.25, -0.75]}
							}
						},
						{
							"origin": [1.41536, 1, -7.40276],
							"size": [0.5, 0.5, 2.176],
							"pivot": [0, 0, -2],
							"rotation": [0, 21.105, 135],
							"uv": {
								"north": {"uv": [2, 24], "uv_size": [0.25, 0.25]},
								"east": {"uv": [13, 6], "uv_size": [1.0625, 0.25]},
								"south": {"uv": [24, 2], "uv_size": [0.25, 0.25]},
								"west": {"uv": [7, 13], "uv_size": [1.0625, 0.25]},
								"up": {"uv": [13, 8], "uv_size": [0.25, 1.0625]},
								"down": {"uv": [10, 14.0625], "uv_size": [0.25, -1.0625]}
							}
						},
						{
							"origin": [2.57972, 1, -9.86118],
							"size": [0.5, 0.5, 1.5],
							"pivot": [0, 0, -2],
							"rotation": [0, 22.5, 90],
							"uv": {
								"east": {"uv": [19, 0], "uv_size": [0.75, 0.25]},
								"south": {"uv": [24, 1], "uv_size": [0.25, 0.25]},
								"west": {"uv": [1, 19], "uv_size": [0.75, 0.25]},
								"up": {"uv": [19, 1], "uv_size": [0.25, 0.75]},
								"down": {"uv": [2, 19.75], "uv_size": [0.25, -0.75]}
							}
						},
						{
							"origin": [2.06308, 1, -8.61394],
							"size": [0.5, 0.5, 1.5],
							"pivot": [0, 0, -2],
							"rotation": [0, 22.5, 112.5],
							"uv": {
								"north": {"uv": [24, 0], "uv_size": [0.25, 0.25]},
								"east": {"uv": [17, 18], "uv_size": [0.75, 0.25]},
								"south": {"uv": [1, 24], "uv_size": [0.25, 0.25]},
								"west": {"uv": [18, 17], "uv_size": [0.75, 0.25]},
								"up": {"uv": [18, 18], "uv_size": [0.25, 0.75]},
								"down": {"uv": [0, 19.75], "uv_size": [0.25, -0.75]}
							}
						},
						{
							"origin": [0.4601, 1, -4.1847],
							"size": [0.5, 0.5, 1.5],
							"pivot": [0, 0, -2],
							"rotation": [0, 22.5, -180],
							"uv": {
								"north": {"uv": [0, 24], "uv_size": [0.25, 0.25]},
								"east": {"uv": [15, 18], "uv_size": [0.75, 0.25]},
								"west": {"uv": [18, 15], "uv_size": [0.75, 0.25]},
								"up": {"uv": [16, 18], "uv_size": [0.25, 0.75]},
								"down": {"uv": [18, 16.75], "uv_size": [0.25, -0.75]}
							}
						},
						{
							"origin": [0.97674, 1, -5.43194],
							"size": [0.5, 0.5, 1.5],
							"pivot": [0, 0, -2],
							"rotation": [0, 22.5, 157.5],
							"uv": {
								"north": {"uv": [23, 22], "uv_size": [0.25, 0.25]},
								"east": {"uv": [13, 18], "uv_size": [0.75, 0.25]},
								"south": {"uv": [23, 23], "uv_size": [0.25, 0.25]},
								"west": {"uv": [18, 13], "uv_size": [0.75, 0.25]},
								"up": {"uv": [14, 18], "uv_size": [0.25, 0.75]},
								"down": {"uv": [18, 14.75], "uv_size": [0.25, -0.75]}
							}
						},
						{
							"origin": [1.41536, 1, -7.40276],
							"size": [0.5, 0.5, 2.176],
							"pivot": [0, 0, -2],
							"rotation": [0, 21.105, 90],
							"uv": {
								"north": {"uv": [6, 24], "uv_size": [0.25, 0.25]},
								"east": {"uv": [11, 13], "uv_size": [1.0625, 0.25]},
								"south": {"uv": [24, 6], "uv_size": [0.25, 0.25]},
								"west": {"uv": [13, 11], "uv_size": [1.0625, 0.25]},
								"up": {"uv": [13, 12], "uv_size": [0.25, 1.0625]},
								"down": {"uv": [1, 15.0625], "uv_size": [0.25, -1.0625]}
							}
						},
						{
							"origin": [2.57972, 1, -9.86118],
							"size": [0.5, 0.5, 1.5],
							"pivot": [0, 0, -2],
							"rotation": [0, 22.5, 45],
							"uv": {
								"east": {"uv": [19, 8], "uv_size": [0.75, 0.25]},
								"south": {"uv": [24, 5], "uv_size": [0.25, 0.25]},
								"west": {"uv": [9, 19], "uv_size": [0.75, 0.25]},
								"up": {"uv": [19, 9], "uv_size": [0.25, 0.75]},
								"down": {"uv": [10, 19.75], "uv_size": [0.25, -0.75]}
							}
						},
						{
							"origin": [2.06308, 1, -8.61394],
							"size": [0.5, 0.5, 1.5],
							"pivot": [0, 0, -2],
							"rotation": [0, 22.5, 67.5],
							"uv": {
								"north": {"uv": [24, 4], "uv_size": [0.25, 0.25]},
								"east": {"uv": [19, 6], "uv_size": [0.75, 0.25]},
								"south": {"uv": [5, 24], "uv_size": [0.25, 0.25]},
								"west": {"uv": [7, 19], "uv_size": [0.75, 0.25]},
								"up": {"uv": [19, 7], "uv_size": [0.25, 0.75]},
								"down": {"uv": [8, 19.75], "uv_size": [0.25, -0.75]}
							}
						},
						{
							"origin": [0.4601, 1, -4.1847],
							"size": [0.5, 0.5, 1.5],
							"pivot": [0, 0, -2],
							"rotation": [0, 22.5, 135],
							"uv": {
								"north": {"uv": [4, 24], "uv_size": [0.25, 0.25]},
								"east": {"uv": [19, 4], "uv_size": [0.75, 0.25]},
								"west": {"uv": [5, 19], "uv_size": [0.75, 0.25]},
								"up": {"uv": [19, 5], "uv_size": [0.25, 0.75]},
								"down": {"uv": [6, 19.75], "uv_size": [0.25, -0.75]}
							}
						},
						{
							"origin": [0.97674, 1, -5.43194],
							"size": [0.5, 0.5, 1.5],
							"pivot": [0, 0, -2],
							"rotation": [0, 22.5, 112.5],
							"uv": {
								"north": {"uv": [3, 24], "uv_size": [0.25, 0.25]},
								"east": {"uv": [19, 2], "uv_size": [0.75, 0.25]},
								"south": {"uv": [24, 3], "uv_size": [0.25, 0.25]},
								"west": {"uv": [3, 19], "uv_size": [0.75, 0.25]},
								"up": {"uv": [19, 3], "uv_size": [0.25, 0.75]},
								"down": {"uv": [4, 19.75], "uv_size": [0.25, -0.75]}
							}
						},
						{
							"origin": [1.41536, 1, -7.40276],
							"size": [0.5, 0.5, 2.176],
							"pivot": [0, 0, -2],
							"rotation": [0, 21.105, 45],
							"uv": {
								"north": {"uv": [10, 24], "uv_size": [0.25, 0.25]},
								"east": {"uv": [14, 1], "uv_size": [1.0625, 0.25]},
								"south": {"uv": [24, 10], "uv_size": [0.25, 0.25]},
								"west": {"uv": [14, 2], "uv_size": [1.0625, 0.25]},
								"up": {"uv": [2, 14], "uv_size": [0.25, 1.0625]},
								"down": {"uv": [4, 15.0625], "uv_size": [0.25, -1.0625]}
							}
						},
						{
							"origin": [2.57972, 1, -9.86118],
							"size": [0.5, 0.5, 1.5],
							"pivot": [0, 0, -2],
							"rotation": [0, 22.5, 0],
							"uv": {
								"east": {"uv": [19, 16], "uv_size": [0.75, 0.25]},
								"south": {"uv": [24, 9], "uv_size": [0.25, 0.25]},
								"west": {"uv": [17, 19], "uv_size": [0.75, 0.25]},
								"up": {"uv": [19, 17], "uv_size": [0.25, 0.75]},
								"down": {"uv": [18, 19.75], "uv_size": [0.25, -0.75]}
							}
						},
						{
							"origin": [2.06308, 1, -8.61394],
							"size": [0.5, 0.5, 1.5],
							"pivot": [0, 0, -2],
							"rotation": [0, 22.5, 22.5],
							"uv": {
								"north": {"uv": [24, 8], "uv_size": [0.25, 0.25]},
								"east": {"uv": [19, 14], "uv_size": [0.75, 0.25]},
								"south": {"uv": [9, 24], "uv_size": [0.25, 0.25]},
								"west": {"uv": [15, 19], "uv_size": [0.75, 0.25]},
								"up": {"uv": [19, 15], "uv_size": [0.25, 0.75]},
								"down": {"uv": [16, 19.75], "uv_size": [0.25, -0.75]}
							}
						},
						{
							"origin": [0.4601, 1, -4.1847],
							"size": [0.5, 0.5, 1.5],
							"pivot": [0, 0, -2],
							"rotation": [0, 22.5, 90],
							"uv": {
								"north": {"uv": [8, 24], "uv_size": [0.25, 0.25]},
								"east": {"uv": [19, 12], "uv_size": [0.75, 0.25]},
								"west": {"uv": [13, 19], "uv_size": [0.75, 0.25]},
								"up": {"uv": [19, 13], "uv_size": [0.25, 0.75]},
								"down": {"uv": [14, 19.75], "uv_size": [0.25, -0.75]}
							}
						},
						{
							"origin": [0.97674, 1, -5.43194],
							"size": [0.5, 0.5, 1.5],
							"pivot": [0, 0, -2],
							"rotation": [0, 22.5, 67.5],
							"uv": {
								"north": {"uv": [7, 24], "uv_size": [0.25, 0.25]},
								"east": {"uv": [19, 10], "uv_size": [0.75, 0.25]},
								"south": {"uv": [24, 7], "uv_size": [0.25, 0.25]},
								"west": {"uv": [11, 19], "uv_size": [0.75, 0.25]},
								"up": {"uv": [19, 11], "uv_size": [0.25, 0.75]},
								"down": {"uv": [12, 19.75], "uv_size": [0.25, -0.75]}
							}
						},
						{
							"origin": [1.41536, 1, -7.40276],
							"size": [0.5, 0.5, 2.176],
							"pivot": [0, 0, -2],
							"rotation": [0, 21.105, 0],
							"uv": {
								"north": {"uv": [14, 24], "uv_size": [0.25, 0.25]},
								"east": {"uv": [14, 4], "uv_size": [1.0625, 0.25]},
								"south": {"uv": [24, 14], "uv_size": [0.25, 0.25]},
								"west": {"uv": [14, 5], "uv_size": [1.0625, 0.25]},
								"up": {"uv": [5, 14], "uv_size": [0.25, 1.0625]},
								"down": {"uv": [7, 15.0625], "uv_size": [0.25, -1.0625]}
							}
						},
						{
							"origin": [2.57972, 1, -9.86118],
							"size": [0.5, 0.5, 1.5],
							"pivot": [0, 0, -2],
							"rotation": [0, 22.5, -45],
							"uv": {
								"east": {"uv": [5, 20], "uv_size": [0.75, 0.25]},
								"south": {"uv": [24, 13], "uv_size": [0.25, 0.25]},
								"west": {"uv": [20, 5], "uv_size": [0.75, 0.25]},
								"up": {"uv": [6, 20], "uv_size": [0.25, 0.75]},
								"down": {"uv": [20, 6.75], "uv_size": [0.25, -0.75]}
							}
						},
						{
							"origin": [2.06308, 1, -8.61394],
							"size": [0.5, 0.5, 1.5],
							"pivot": [0, 0, -2],
							"rotation": [0, 22.5, -22.5],
							"uv": {
								"north": {"uv": [24, 12], "uv_size": [0.25, 0.25]},
								"east": {"uv": [3, 20], "uv_size": [0.75, 0.25]},
								"south": {"uv": [13, 24], "uv_size": [0.25, 0.25]},
								"west": {"uv": [20, 3], "uv_size": [0.75, 0.25]},
								"up": {"uv": [4, 20], "uv_size": [0.25, 0.75]},
								"down": {"uv": [20, 4.75], "uv_size": [0.25, -0.75]}
							}
						},
						{
							"origin": [0.4601, 1, -4.1847],
							"size": [0.5, 0.5, 1.5],
							"pivot": [0, 0, -2],
							"rotation": [0, 22.5, 45],
							"uv": {
								"north": {"uv": [12, 24], "uv_size": [0.25, 0.25]},
								"east": {"uv": [1, 20], "uv_size": [0.75, 0.25]},
								"west": {"uv": [20, 1], "uv_size": [0.75, 0.25]},
								"up": {"uv": [2, 20], "uv_size": [0.25, 0.75]},
								"down": {"uv": [20, 2.75], "uv_size": [0.25, -0.75]}
							}
						},
						{
							"origin": [0.97674, 1, -5.43194],
							"size": [0.5, 0.5, 1.5],
							"pivot": [0, 0, -2],
							"rotation": [0, 22.5, 22.5],
							"uv": {
								"north": {"uv": [11, 24], "uv_size": [0.25, 0.25]},
								"east": {"uv": [19, 18], "uv_size": [0.75, 0.25]},
								"south": {"uv": [24, 11], "uv_size": [0.25, 0.25]},
								"west": {"uv": [19, 19], "uv_size": [0.75, 0.25]},
								"up": {"uv": [0, 20], "uv_size": [0.25, 0.75]},
								"down": {"uv": [20, 0.75], "uv_size": [0.25, -0.75]}
							}
						}
					]
				}
			]
		}
	]
}