{
	"format_version": "1.12.0",
	"minecraft:geometry": [
		{
			"description": {
				"identifier": "geometry.unknown",
				"texture_width": 32,
				"texture_height": 32,
				"visible_bounds_width": 2,
				"visible_bounds_height": 1.5,
				"visible_bounds_offset": [0, 0.25, 0]
			},
			"bones": [
				{
					"name": "root",
					"pivot": [0, 0, 0]
				},
				{
					"name": "bullets",
					"parent": "root",
					"pivot": [0, 0, 0]
				},
				{
					"name": "box",
					"parent": "root",
					"pivot": [5.84776, 1.5, 4.76537],
					"cubes": [
						{
							"origin": [4.70711, 0, -1.70711],
							"size": [2, 2, 0.01],
							"pivot": [4, 3, -1],
							"rotation": [0, 45, 0],
							"uv": {
								"north": {"uv": [8, 16], "uv_size": [3, 3]},
								"south": {"uv": [16, 14], "uv_size": [3, 3]}
							}
						},
						{
							"origin": [4.70004, -1.99293, 0.29289],
							"size": [2, 5, 0.01],
							"pivot": [3.99293, 1.00707, 1],
							"rotation": [-90, 0, -45],
							"uv": {
								"north": {"uv": [13, 6], "uv_size": [3, 7.5]},
								"south": {"uv": [16, 14], "uv_size": [3, 3]}
							}
						},
						{
							"origin": [5.11425, 0.42128, 0.29289],
							"size": [0.8, 5, 0.01],
							"pivot": [4.40714, 3.42128, 1],
							"rotation": [-90, 0, 45],
							"uv": {
								"north": {"uv": [8, 16], "uv_size": [3, 3]},
								"south": {"uv": [16, 14], "uv_size": [3, 3]}
							}
						},
						{
							"origin": [-6, 0, -2],
							"size": [10, 2, 5],
							"uv": {
								"north": {"uv": [12, 0], "uv_size": [12, 3]},
								"east": {"uv": [0, 16], "uv_size": [8, 3]},
								"south": {"uv": [12, 3], "uv_size": [12, 3]},
								"west": {"uv": [16, 6], "uv_size": [8, 3]},
								"up": {"uv": [0, 0], "uv_size": [12, 8]},
								"down": {"uv": [0, 16], "uv_size": [12, -8]}
							}
						},
						{
							"origin": [3.84776, 0, 3.76537],
							"size": [2, 2, 0.01],
							"pivot": [5.84776, 1.5, 3.76537],
							"rotation": [0, -22.5, 0],
							"uv": {
								"north": {"uv": [16, 11], "uv_size": [3, 3]},
								"south": {"uv": [16, 17], "uv_size": [3, 3]}
							}
						}
					]
				},
				{
					"name": "bone6",
					"parent": "box",
					"pivot": [0.65801, 0.24578, -3.44025],
					"rotation": [-136.62382, 64.294, -52.22844],
					"cubes": [
						{
							"origin": [0.28301, 0.61434, -3.36783],
							"size": [0.75, 0.8125, 0.125],
							"uv": {
								"north": {"uv": [0, 20.5], "uv_size": [1, 0.5]},
								"east": {"uv": [0, 20.5], "uv_size": [1, 0.5]},
								"south": {"uv": [0, 20.5], "uv_size": [1, 0.5]},
								"west": {"uv": [0, 20.5], "uv_size": [1, 0.5]},
								"up": {"uv": [1, 21], "uv_size": [-1, -0.5]},
								"down": {"uv": [1, 21], "uv_size": [-1, -0.5]}
							}
						},
						{
							"origin": [0.97051, 0.60779, -3.49271],
							"size": [0.0625, 0.8125, 0.125],
							"uv": {
								"north": {"uv": [0, 20.5], "uv_size": [1, 0.5]},
								"east": {"uv": [0, 20.5], "uv_size": [1, 0.5]},
								"south": {"uv": [0, 20.5], "uv_size": [1, 0.5]},
								"west": {"uv": [0, 20.5], "uv_size": [1, 0.5]},
								"up": {"uv": [1, 21], "uv_size": [-1, -0.5]},
								"down": {"uv": [1, 21], "uv_size": [-1, -0.5]}
							}
						},
						{
							"origin": [0.97051, 1.21908, -3.48399],
							"size": [0.0625, 0.5625, 0.125],
							"pivot": [1.37933, 1.06966, -9.1271],
							"rotation": [2, 0, 0],
							"uv": {
								"north": {"uv": [0, 20.5], "uv_size": [1, 0.5]},
								"east": {"uv": [0, 20.5], "uv_size": [1, 0.5]},
								"south": {"uv": [0, 20.5], "uv_size": [1, 0.5]},
								"west": {"uv": [0, 20.5], "uv_size": [1, 0.5]},
								"up": {"uv": [1, 21], "uv_size": [-1, -0.5]},
								"down": {"uv": [1, 21], "uv_size": [-1, -0.5]}
							}
						},
						{
							"origin": [0.28301, 1.21908, -3.48399],
							"size": [0.0625, 0.5625, 0.125],
							"pivot": [1.37933, 1.06966, -9.1271],
							"rotation": [2, 0, 0],
							"uv": {
								"north": {"uv": [0, 20.5], "uv_size": [1, 0.5]},
								"east": {"uv": [0, 20.5], "uv_size": [1, 0.5]},
								"south": {"uv": [0, 20.5], "uv_size": [1, 0.5]},
								"west": {"uv": [0, 20.5], "uv_size": [1, 0.5]},
								"up": {"uv": [1, 21], "uv_size": [-1, -0.5]},
								"down": {"uv": [1, 21], "uv_size": [-1, -0.5]}
							}
						},
						{
							"origin": [0.28301, 1.21908, -3.35899],
							"size": [0.75, 0.5625, 0.125],
							"pivot": [1.37933, 1.06966, -9.1271],
							"rotation": [2, 0, 0],
							"uv": {
								"north": {"uv": [0, 20.5], "uv_size": [1, 0.5]},
								"east": {"uv": [0, 20.5], "uv_size": [1, 0.5]},
								"south": {"uv": [0, 20.5], "uv_size": [1, 0.5]},
								"west": {"uv": [0, 20.5], "uv_size": [1, 0.5]},
								"up": {"uv": [1, 21], "uv_size": [-1, -0.5]},
								"down": {"uv": [1, 21], "uv_size": [-1, -0.5]}
							}
						},
						{
							"origin": [0.28301, -0.38545, -3.31029],
							"size": [0.75, 0.8125, 0.125],
							"pivot": [1.37933, 1.06966, -9.1271],
							"rotation": [-6, 0, 0],
							"uv": {
								"north": {"uv": [0, 20.5], "uv_size": [1, 0.5]},
								"east": {"uv": [0, 20.5], "uv_size": [1, 0.5]},
								"south": {"uv": [0, 20.5], "uv_size": [1, 0.5]},
								"west": {"uv": [0, 20.5], "uv_size": [1, 0.5]},
								"up": {"uv": [1, 21], "uv_size": [-1, -0.5]},
								"down": {"uv": [1, 21], "uv_size": [-1, -0.5]}
							}
						},
						{
							"origin": [0.97051, -0.41154, -3.43346],
							"size": [0.0625, 0.8125, 0.125],
							"pivot": [1.37933, 1.06966, -9.1271],
							"rotation": [-6, 0, 0],
							"uv": {
								"north": {"uv": [0, 20.5], "uv_size": [1, 0.5]},
								"east": {"uv": [0, 20.5], "uv_size": [1, 0.5]},
								"south": {"uv": [0, 20.5], "uv_size": [1, 0.5]},
								"west": {"uv": [0, 20.5], "uv_size": [1, 0.5]},
								"up": {"uv": [1, 21], "uv_size": [-1, -0.5]},
								"down": {"uv": [1, 21], "uv_size": [-1, -0.5]}
							}
						},
						{
							"origin": [0.28301, -0.42501, -3.26317],
							"size": [0.75, 0.25, 0.125],
							"pivot": [1.37933, 1.06966, -9.1271],
							"rotation": [-8, 0, 0],
							"uv": {
								"north": {"uv": [0, 20.5], "uv_size": [1, 0.5]},
								"east": {"uv": [0, 20.5], "uv_size": [1, 0.5]},
								"south": {"uv": [0, 20.5], "uv_size": [1, 0.5]},
								"west": {"uv": [0, 20.5], "uv_size": [1, 0.5]},
								"up": {"uv": [1, 21], "uv_size": [-1, -0.5]},
								"down": {"uv": [1, 21], "uv_size": [-1, -0.5]}
							}
						},
						{
							"origin": [0.97051, -0.42501, -3.38816],
							"size": [0.0625, 0.25, 0.125],
							"pivot": [1.37933, 1.06966, -9.1271],
							"rotation": [-8, 0, 0],
							"uv": {
								"north": {"uv": [0, 20.5], "uv_size": [1, 0.5]},
								"east": {"uv": [0, 20.5], "uv_size": [1, 0.5]},
								"south": {"uv": [0, 20.5], "uv_size": [1, 0.5]},
								"west": {"uv": [0, 20.5], "uv_size": [1, 0.5]},
								"up": {"uv": [1, 21], "uv_size": [-1, -0.5]},
								"down": {"uv": [1, 21], "uv_size": [-1, -0.5]}
							}
						},
						{
							"origin": [0.28301, 0.11369, -3.35215],
							"size": [0.75, 0.8125, 0.125],
							"pivot": [1.37933, 1.06966, -9.1271],
							"rotation": [-3, 0, 0],
							"uv": {
								"north": {"uv": [0, 20.5], "uv_size": [1, 0.5]},
								"east": {"uv": [0, 20.5], "uv_size": [1, 0.5]},
								"south": {"uv": [0, 20.5], "uv_size": [1, 0.5]},
								"west": {"uv": [0, 20.5], "uv_size": [1, 0.5]},
								"up": {"uv": [1, 21], "uv_size": [-1, -0.5]},
								"down": {"uv": [1, 21], "uv_size": [-1, -0.5]}
							}
						},
						{
							"origin": [0.97051, 0.09735, -3.47644],
							"size": [0.0625, 0.8125, 0.125],
							"pivot": [1.37933, 1.06966, -9.1271],
							"rotation": [-3, 0, 0],
							"uv": {
								"north": {"uv": [0, 20.5], "uv_size": [1, 0.5]},
								"east": {"uv": [0, 20.5], "uv_size": [1, 0.5]},
								"south": {"uv": [0, 20.5], "uv_size": [1, 0.5]},
								"west": {"uv": [0, 20.5], "uv_size": [1, 0.5]},
								"up": {"uv": [1, 21], "uv_size": [-1, -0.5]},
								"down": {"uv": [1, 21], "uv_size": [-1, -0.5]}
							}
						},
						{
							"origin": [0.28301, -0.42501, -3.38816],
							"size": [0.0625, 0.25, 0.125],
							"pivot": [1.37933, 1.06966, -9.1271],
							"rotation": [-8, 0, 0],
							"uv": {
								"north": {"uv": [0, 20.5], "uv_size": [1, 0.5]},
								"east": {"uv": [0, 20.5], "uv_size": [1, 0.5]},
								"south": {"uv": [0, 20.5], "uv_size": [1, 0.5]},
								"west": {"uv": [0, 20.5], "uv_size": [1, 0.5]},
								"up": {"uv": [1, 21], "uv_size": [-1, -0.5]},
								"down": {"uv": [1, 21], "uv_size": [-1, -0.5]}
							}
						},
						{
							"origin": [0.28301, -0.41154, -3.43346],
							"size": [0.0625, 0.8125, 0.125],
							"pivot": [1.37933, 1.06966, -9.1271],
							"rotation": [-6, 0, 0],
							"uv": {
								"north": {"uv": [0, 20.5], "uv_size": [1, 0.5]},
								"east": {"uv": [0, 20.5], "uv_size": [1, 0.5]},
								"south": {"uv": [0, 20.5], "uv_size": [1, 0.5]},
								"west": {"uv": [0, 20.5], "uv_size": [1, 0.5]},
								"up": {"uv": [1, 21], "uv_size": [-1, -0.5]},
								"down": {"uv": [1, 21], "uv_size": [-1, -0.5]}
							}
						},
						{
							"origin": [0.28301, 0.09735, -3.47644],
							"size": [0.0625, 0.8125, 0.125],
							"pivot": [1.37933, 1.06966, -9.1271],
							"rotation": [-3, 0, 0],
							"uv": {
								"north": {"uv": [0, 20.5], "uv_size": [1, 0.5]},
								"east": {"uv": [0, 20.5], "uv_size": [1, 0.5]},
								"south": {"uv": [0, 20.5], "uv_size": [1, 0.5]},
								"west": {"uv": [0, 20.5], "uv_size": [1, 0.5]},
								"up": {"uv": [1, 21], "uv_size": [-1, -0.5]},
								"down": {"uv": [1, 21], "uv_size": [-1, -0.5]}
							}
						},
						{
							"origin": [0.28301, 0.60779, -3.49271],
							"size": [0.0625, 0.8125, 0.125],
							"uv": {
								"north": {"uv": [0, 20.5], "uv_size": [1, 0.5]},
								"east": {"uv": [0, 20.5], "uv_size": [1, 0.5]},
								"south": {"uv": [0, 20.5], "uv_size": [1, 0.5]},
								"west": {"uv": [0, 20.5], "uv_size": [1, 0.5]},
								"up": {"uv": [1, 21], "uv_size": [-1, -0.5]},
								"down": {"uv": [1, 21], "uv_size": [-1, -0.5]}
							}
						}
					]
				},
				{
					"name": "bullet6",
					"parent": "box",
					"pivot": [1.97124, 2.052, -2.31703],
					"rotation": [-50.51436, 61.77771, -54.02155],
					"cubes": [
						{
							"origin": [1.69623, 0.29232, -5.22019],
							"size": [0.55, 2.20782, 0.55],
							"pivot": [1.97012, 2.05098, -4.94901],
							"rotation": [-3.54028, -1.42187, 1.24721],
							"uv": {
								"north": {"uv": [3, 21], "uv_size": [1, 2]},
								"east": {"uv": [2, 21], "uv_size": [1, 2]},
								"south": {"uv": [1, 21], "uv_size": [0.5, 2]},
								"west": {"uv": [0, 21], "uv_size": [1, 2]},
								"up": {"uv": [5.5, 24.5], "uv_size": [-0.5, -0.5]},
								"down": {"uv": [5.5, 24.5], "uv_size": [-0.5, -0.5]}
							}
						},
						{
							"origin": [1.77279, 2.55951, -5.14363],
							"size": [0.39688, 0.54843, 0.39688],
							"pivot": [1.97012, 2.05098, -4.94901],
							"rotation": [-3.54028, -1.42187, 1.24721],
							"uv": {
								"north": {"uv": [5, 24], "uv_size": [0.5, 0.5]},
								"east": {"uv": [5, 24], "uv_size": [0.5, 0.5]},
								"south": {"uv": [5, 24], "uv_size": [0.5, 0.5]},
								"west": {"uv": [5, 24], "uv_size": [0.5, 0.5]},
								"up": {"uv": [5.5, 24.5], "uv_size": [-0.5, -0.5]},
								"down": {"uv": [5.5, 24.5], "uv_size": [-0.5, -0.5]}
							}
						},
						{
							"origin": [1.77279, 2.36216, -5.37142],
							"size": [0.39688, 0.24375, 0.12187],
							"pivot": [1.97012, 2.05098, -4.94901],
							"rotation": [-26.04028, -1.42187, 1.24721],
							"uv": {
								"north": {"uv": [1, 24], "uv_size": [0.5, 0.5]},
								"east": {"uv": [5, 24], "uv_size": [0.5, 0.5]},
								"south": {"uv": [6, 17], "uv_size": [0.5, 0.5]},
								"west": {"uv": [6.5, 21], "uv_size": [0.5, 0.5]}
							}
						},
						{
							"origin": [1.80327, 3.10794, -5.11316],
							"size": [0.33593, 0.36563, 0.33593],
							"pivot": [1.97012, 2.05098, -4.94901],
							"rotation": [-3.54028, -1.42187, 1.24721],
							"uv": {
								"north": {"uv": [9, 22.5], "uv_size": [0.5, 0.5]},
								"east": {"uv": [9, 22], "uv_size": [0.5, 0.5]},
								"south": {"uv": [9, 22.5], "uv_size": [0.5, 0.5]},
								"west": {"uv": [10.5, 21], "uv_size": [0.5, 0.5]},
								"up": {"uv": [11, 21.5], "uv_size": [-0.5, -0.5]}
							}
						},
						{
							"origin": [1.77279, 2.35924, -4.64142],
							"size": [0.39688, 0.24375, 0.12187],
							"pivot": [1.97012, 2.05098, -4.94901],
							"rotation": [18.95972, -1.42187, 1.24721],
							"uv": {
								"north": {"uv": [1, 18], "uv_size": [0.5, 0.5]},
								"east": {"uv": [5, 24], "uv_size": [0.5, 0.5]},
								"south": {"uv": [1, 24], "uv_size": [0.5, 0.5]},
								"west": {"uv": [5, 24], "uv_size": [0.5, 0.5]}
							}
						},
						{
							"origin": [1.83374, 3.47357, -5.08269],
							"size": [0.27499, 0.30469, 0.27499],
							"pivot": [1.97012, 2.05098, -4.94901],
							"rotation": [-3.54028, -1.42187, 1.24721],
							"uv": {
								"north": {"uv": [5.5, 22], "uv_size": [0.5, 0.5]},
								"east": {"uv": [9.5, 22], "uv_size": [0.5, 0.5]},
								"south": {"uv": [9.5, 23], "uv_size": [0.5, 0.5]},
								"west": {"uv": [7.5, 22], "uv_size": [0.5, 0.5]},
								"up": {"uv": [11, 21.5], "uv_size": [-0.5, -0.5]}
							}
						},
						{
							"origin": [1.8642, 3.77826, -5.05223],
							"size": [0.21407, 0.1371, 0.21407],
							"pivot": [1.97012, 2.05098, -4.94901],
							"rotation": [-3.54028, -1.42187, 1.24721],
							"uv": {
								"north": {"uv": [10, 23], "uv_size": [0.5, 0.5]},
								"east": {"uv": [10.5, 23], "uv_size": [0.5, 0.5]},
								"south": {"uv": [9.5, 22.5], "uv_size": [0.5, 0.5]},
								"west": {"uv": [5, 23], "uv_size": [0.5, 0.5]},
								"up": {"uv": [13, 18], "uv_size": [0.5, 0.5]}
							}
						},
						{
							"origin": [1.9099, 3.90014, -5.00652],
							"size": [0.12266, 0.0914, 0.12266],
							"pivot": [1.97012, 2.05098, -4.94901],
							"rotation": [-3.54028, -1.42187, 1.24721],
							"uv": {
								"north": {"uv": [12, 23], "uv_size": [0.5, 0.5]},
								"east": {"uv": [14, 18], "uv_size": [0.5, 0.5]},
								"south": {"uv": [10.5, 21], "uv_size": [0.5, 0.5]},
								"west": {"uv": [14.5, 22], "uv_size": [0.5, 0.5]},
								"up": {"uv": [14.5, 22], "uv_size": [0.5, 0.5]}
							}
						},
						{
							"origin": [1.54522, 2.36114, -5.14363],
							"size": [0.12187, 0.24375, 0.39688],
							"pivot": [1.97012, 2.05098, -4.94901],
							"rotation": [-3.81459, 0.04002, 23.70193],
							"uv": {
								"north": {"uv": [5, 24], "uv_size": [0.5, 0.5]},
								"east": {"uv": [5, 24], "uv_size": [0.5, 0.5]},
								"south": {"uv": [5, 24], "uv_size": [0.5, 0.5]},
								"west": {"uv": [5, 24], "uv_size": [0.5, 0.5]},
								"up": {"uv": [5.5, 24.5], "uv_size": [-0.5, -0.5]},
								"down": {"uv": [5.5, 24.5], "uv_size": [-0.5, -0.5]}
							}
						},
						{
							"origin": [2.27522, 2.36028, -5.14363],
							"size": [0.12187, 0.24375, 0.39688],
							"pivot": [1.97012, 2.05098, -4.94901],
							"rotation": [-2.72762, -2.66799, -21.2332],
							"uv": {
								"north": {"uv": [5, 24], "uv_size": [0.5, 0.5]},
								"east": {"uv": [5, 24], "uv_size": [0.5, 0.5]},
								"south": {"uv": [5, 24], "uv_size": [0.5, 0.5]},
								"west": {"uv": [5, 24], "uv_size": [0.5, 0.5]},
								"up": {"uv": [5.5, 24.5], "uv_size": [-0.5, -0.5]},
								"down": {"uv": [5.5, 24.5], "uv_size": [-0.5, -0.5]}
							}
						},
						{
							"origin": [1.69623, 0.10951, -5.22019],
							"size": [0.55, 0.0914, 0.55],
							"pivot": [1.97012, 2.05098, -4.94901],
							"rotation": [-3.54028, -1.42187, 1.24721],
							"uv": {
								"north": {"uv": [3, 19], "uv_size": [0.5, 0.5]},
								"east": {"uv": [4, 19], "uv_size": [0.5, 0.5]},
								"south": {"uv": [7, 23], "uv_size": [0.5, 0.5]},
								"west": {"uv": [5.5, 23], "uv_size": [0.5, 0.5]},
								"up": {"uv": [7, 19], "uv_size": [0.5, 0.5]},
								"down": {"uv": [8, 23.5], "uv_size": [0.5, -0.5]}
							}
						},
						{
							"origin": [1.75716, 0.17044, -5.15925],
							"size": [0.42813, 0.12188, 0.42813],
							"pivot": [1.97012, 2.05098, -4.94901],
							"rotation": [-3.54028, -1.42187, 1.24721],
							"uv": {
								"north": {"uv": [5, 24], "uv_size": [0.5, 0.5]},
								"east": {"uv": [5, 24], "uv_size": [0.5, 0.5]},
								"south": {"uv": [5, 24], "uv_size": [0.5, 0.5]},
								"west": {"uv": [5, 24], "uv_size": [0.5, 0.5]},
								"up": {"uv": [5.5, 24.5], "uv_size": [-0.5, -0.5]},
								"down": {"uv": [5.5, 24.5], "uv_size": [-0.5, -0.5]}
							}
						},
						{
							"origin": [1.75716, 0.17044, -4.53425],
							"size": [0.42813, 0.12188, 0.42813],
							"pivot": [1.97012, 2.05098, -4.32401],
							"rotation": [-2, 0, 0],
							"uv": {
								"north": {"uv": [5, 24], "uv_size": [0.5, 0.5]},
								"east": {"uv": [5, 24], "uv_size": [0.5, 0.5]},
								"south": {"uv": [5, 24], "uv_size": [0.5, 0.5]},
								"west": {"uv": [5, 24], "uv_size": [0.5, 0.5]},
								"up": {"uv": [5.5, 24.5], "uv_size": [-0.5, -0.5]},
								"down": {"uv": [5.5, 24.5], "uv_size": [-0.5, -0.5]}
							}
						},
						{
							"origin": [1.69623, 0.29232, -4.59519],
							"size": [0.55, 2.20782, 0.55],
							"pivot": [1.97012, 2.05098, -4.32401],
							"rotation": [-2, 0, 0],
							"uv": {
								"north": {"uv": [3, 21], "uv_size": [1, 2]},
								"east": {"uv": [2, 21], "uv_size": [1, 2]},
								"south": {"uv": [1, 21], "uv_size": [0.5, 2]},
								"west": {"uv": [0, 21], "uv_size": [1, 2]},
								"up": {"uv": [5.5, 24.5], "uv_size": [-0.5, -0.5]},
								"down": {"uv": [5.5, 24.5], "uv_size": [-0.5, -0.5]}
							}
						},
						{
							"origin": [1.77279, 2.55951, -4.51863],
							"size": [0.39688, 0.54843, 0.39688],
							"pivot": [1.97012, 2.05098, -4.32401],
							"rotation": [-2, 0, 0],
							"uv": {
								"north": {"uv": [5, 24], "uv_size": [0.5, 0.5]},
								"east": {"uv": [5, 24], "uv_size": [0.5, 0.5]},
								"south": {"uv": [5, 24], "uv_size": [0.5, 0.5]},
								"west": {"uv": [5, 24], "uv_size": [0.5, 0.5]},
								"up": {"uv": [5.5, 24.5], "uv_size": [-0.5, -0.5]},
								"down": {"uv": [5.5, 24.5], "uv_size": [-0.5, -0.5]}
							}
						},
						{
							"origin": [1.77279, 2.36216, -4.74642],
							"size": [0.39688, 0.24375, 0.12187],
							"pivot": [1.97012, 2.05098, -4.32401],
							"rotation": [-24.5, 0, 0],
							"uv": {
								"north": {"uv": [1, 24], "uv_size": [0.5, 0.5]},
								"east": {"uv": [5, 24], "uv_size": [0.5, 0.5]},
								"south": {"uv": [6, 17], "uv_size": [0.5, 0.5]},
								"west": {"uv": [6.5, 21], "uv_size": [0.5, 0.5]}
							}
						},
						{
							"origin": [1.80327, 3.10794, -4.48816],
							"size": [0.33593, 0.36563, 0.33593],
							"pivot": [1.97012, 2.05098, -4.32401],
							"rotation": [-2, 0, 0],
							"uv": {
								"north": {"uv": [9, 22.5], "uv_size": [0.5, 0.5]},
								"east": {"uv": [9, 22], "uv_size": [0.5, 0.5]},
								"south": {"uv": [9, 22.5], "uv_size": [0.5, 0.5]},
								"west": {"uv": [10.5, 21], "uv_size": [0.5, 0.5]},
								"up": {"uv": [11, 21.5], "uv_size": [-0.5, -0.5]}
							}
						},
						{
							"origin": [1.77279, 2.35924, -4.01642],
							"size": [0.39688, 0.24375, 0.12187],
							"pivot": [1.97012, 2.05098, -4.32401],
							"rotation": [20.5, 0, 0],
							"uv": {
								"north": {"uv": [1, 18], "uv_size": [0.5, 0.5]},
								"east": {"uv": [5, 24], "uv_size": [0.5, 0.5]},
								"south": {"uv": [1, 24], "uv_size": [0.5, 0.5]},
								"west": {"uv": [5, 24], "uv_size": [0.5, 0.5]}
							}
						},
						{
							"origin": [1.83374, 3.47357, -4.45769],
							"size": [0.27499, 0.30469, 0.27499],
							"pivot": [1.97012, 2.05098, -4.32401],
							"rotation": [-2, 0, 0],
							"uv": {
								"north": {"uv": [5.5, 22], "uv_size": [0.5, 0.5]},
								"east": {"uv": [9.5, 22], "uv_size": [0.5, 0.5]},
								"south": {"uv": [9.5, 23], "uv_size": [0.5, 0.5]},
								"west": {"uv": [7.5, 22], "uv_size": [0.5, 0.5]},
								"up": {"uv": [11, 21.5], "uv_size": [-0.5, -0.5]}
							}
						},
						{
							"origin": [1.8642, 3.77826, -4.42723],
							"size": [0.21407, 0.1371, 0.21407],
							"pivot": [1.97012, 2.05098, -4.32401],
							"rotation": [-2, 0, 0],
							"uv": {
								"north": {"uv": [10, 23], "uv_size": [0.5, 0.5]},
								"east": {"uv": [10.5, 23], "uv_size": [0.5, 0.5]},
								"south": {"uv": [9.5, 22.5], "uv_size": [0.5, 0.5]},
								"west": {"uv": [5, 23], "uv_size": [0.5, 0.5]},
								"up": {"uv": [13, 18], "uv_size": [0.5, 0.5]}
							}
						},
						{
							"origin": [1.9099, 3.90014, -4.38152],
							"size": [0.12266, 0.0914, 0.12266],
							"pivot": [1.97012, 2.05098, -4.32401],
							"rotation": [-2, 0, 0],
							"uv": {
								"north": {"uv": [12, 23], "uv_size": [0.5, 0.5]},
								"east": {"uv": [14, 18], "uv_size": [0.5, 0.5]},
								"south": {"uv": [10.5, 21], "uv_size": [0.5, 0.5]},
								"west": {"uv": [14.5, 22], "uv_size": [0.5, 0.5]},
								"up": {"uv": [14.5, 22], "uv_size": [0.5, 0.5]}
							}
						},
						{
							"origin": [1.54522, 2.36114, -4.51863],
							"size": [0.12187, 0.24375, 0.39688],
							"pivot": [1.97012, 2.05098, -4.32401],
							"rotation": [-1.84787, 0.76523, 22.48766],
							"uv": {
								"north": {"uv": [5, 24], "uv_size": [0.5, 0.5]},
								"east": {"uv": [5, 24], "uv_size": [0.5, 0.5]},
								"south": {"uv": [5, 24], "uv_size": [0.5, 0.5]},
								"west": {"uv": [5, 24], "uv_size": [0.5, 0.5]},
								"up": {"uv": [5.5, 24.5], "uv_size": [-0.5, -0.5]},
								"down": {"uv": [5.5, 24.5], "uv_size": [-0.5, -0.5]}
							}
						},
						{
							"origin": [2.27522, 2.36028, -4.51863],
							"size": [0.12187, 0.24375, 0.39688],
							"pivot": [1.97012, 2.05098, -4.32401],
							"rotation": [-1.84787, -0.76523, -22.48766],
							"uv": {
								"north": {"uv": [5, 24], "uv_size": [0.5, 0.5]},
								"east": {"uv": [5, 24], "uv_size": [0.5, 0.5]},
								"south": {"uv": [5, 24], "uv_size": [0.5, 0.5]},
								"west": {"uv": [5, 24], "uv_size": [0.5, 0.5]},
								"up": {"uv": [5.5, 24.5], "uv_size": [-0.5, -0.5]},
								"down": {"uv": [5.5, 24.5], "uv_size": [-0.5, -0.5]}
							}
						},
						{
							"origin": [1.69623, 0.10951, -4.59519],
							"size": [0.55, 0.0914, 0.55],
							"pivot": [1.97012, 2.05098, -4.32401],
							"rotation": [-2, 0, 0],
							"uv": {
								"north": {"uv": [3, 19], "uv_size": [0.5, 0.5]},
								"east": {"uv": [4, 19], "uv_size": [0.5, 0.5]},
								"south": {"uv": [7, 23], "uv_size": [0.5, 0.5]},
								"west": {"uv": [5.5, 23], "uv_size": [0.5, 0.5]},
								"up": {"uv": [7, 19], "uv_size": [0.5, 0.5]},
								"down": {"uv": [8, 23.5], "uv_size": [0.5, -0.5]}
							}
						},
						{
							"origin": [1.69623, 0.29232, -3.97019],
							"size": [0.55, 2.20782, 0.55],
							"uv": {
								"north": {"uv": [3, 21], "uv_size": [1, 2]},
								"east": {"uv": [2, 21], "uv_size": [1, 2]},
								"south": {"uv": [1, 21], "uv_size": [0.5, 2]},
								"west": {"uv": [0, 21], "uv_size": [1, 2]},
								"up": {"uv": [5.5, 24.5], "uv_size": [-0.5, -0.5]},
								"down": {"uv": [5.5, 24.5], "uv_size": [-0.5, -0.5]}
							}
						},
						{
							"origin": [1.77279, 2.55951, -3.89363],
							"size": [0.39688, 0.54843, 0.39688],
							"uv": {
								"north": {"uv": [5, 24], "uv_size": [0.5, 0.5]},
								"east": {"uv": [5, 24], "uv_size": [0.5, 0.5]},
								"south": {"uv": [5, 24], "uv_size": [0.5, 0.5]},
								"west": {"uv": [5, 24], "uv_size": [0.5, 0.5]},
								"up": {"uv": [5.5, 24.5], "uv_size": [-0.5, -0.5]},
								"down": {"uv": [5.5, 24.5], "uv_size": [-0.5, -0.5]}
							}
						},
						{
							"origin": [1.77279, 2.35, -4.1186],
							"size": [0.39688, 0.24375, 0.12187],
							"pivot": [1.97124, 2.052, -3.66703],
							"rotation": [-22.5, 0, 0],
							"uv": {
								"north": {"uv": [1, 24], "uv_size": [0.5, 0.5]},
								"east": {"uv": [5, 24], "uv_size": [0.5, 0.5]},
								"south": {"uv": [6, 17], "uv_size": [0.5, 0.5]},
								"west": {"uv": [6.5, 21], "uv_size": [0.5, 0.5]}
							}
						},
						{
							"origin": [1.80327, 3.10794, -3.86316],
							"size": [0.33593, 0.36563, 0.33593],
							"uv": {
								"north": {"uv": [9, 22.5], "uv_size": [0.5, 0.5]},
								"east": {"uv": [9, 22], "uv_size": [0.5, 0.5]},
								"south": {"uv": [9, 22.5], "uv_size": [0.5, 0.5]},
								"west": {"uv": [10.5, 21], "uv_size": [0.5, 0.5]},
								"up": {"uv": [11, 21.5], "uv_size": [-0.5, -0.5]}
							}
						},
						{
							"origin": [1.77279, 2.37155, -3.38937],
							"size": [0.39688, 0.24375, 0.12187],
							"pivot": [1.97124, 2.052, -3.66703],
							"rotation": [22.5, 0, 0],
							"uv": {
								"north": {"uv": [1, 18], "uv_size": [0.5, 0.5]},
								"east": {"uv": [5, 24], "uv_size": [0.5, 0.5]},
								"south": {"uv": [1, 24], "uv_size": [0.5, 0.5]},
								"west": {"uv": [5, 24], "uv_size": [0.5, 0.5]}
							}
						},
						{
							"origin": [1.83374, 3.47357, -3.83269],
							"size": [0.27499, 0.30469, 0.27499],
							"uv": {
								"north": {"uv": [5.5, 22], "uv_size": [0.5, 0.5]},
								"east": {"uv": [9.5, 22], "uv_size": [0.5, 0.5]},
								"south": {"uv": [9.5, 23], "uv_size": [0.5, 0.5]},
								"west": {"uv": [7.5, 22], "uv_size": [0.5, 0.5]},
								"up": {"uv": [11, 21.5], "uv_size": [-0.5, -0.5]}
							}
						},
						{
							"origin": [1.8642, 3.77826, -3.80223],
							"size": [0.21407, 0.1371, 0.21407],
							"uv": {
								"north": {"uv": [10, 23], "uv_size": [0.5, 0.5]},
								"east": {"uv": [10.5, 23], "uv_size": [0.5, 0.5]},
								"south": {"uv": [9.5, 22.5], "uv_size": [0.5, 0.5]},
								"west": {"uv": [5, 23], "uv_size": [0.5, 0.5]},
								"up": {"uv": [13, 18], "uv_size": [0.5, 0.5]}
							}
						},
						{
							"origin": [1.9099, 3.90014, -3.75652],
							"size": [0.12266, 0.0914, 0.12266],
							"uv": {
								"north": {"uv": [12, 23], "uv_size": [0.5, 0.5]},
								"east": {"uv": [14, 18], "uv_size": [0.5, 0.5]},
								"south": {"uv": [10.5, 21], "uv_size": [0.5, 0.5]},
								"west": {"uv": [14.5, 22], "uv_size": [0.5, 0.5]},
								"up": {"uv": [14.5, 22], "uv_size": [0.5, 0.5]}
							}
						},
						{
							"origin": [1.54569, 2.36079, -3.89363],
							"size": [0.12187, 0.24375, 0.39688],
							"pivot": [1.97124, 2.052, -3.66703],
							"rotation": [0, 0, 22.5],
							"uv": {
								"north": {"uv": [5, 24], "uv_size": [0.5, 0.5]},
								"east": {"uv": [5, 24], "uv_size": [0.5, 0.5]},
								"south": {"uv": [5, 24], "uv_size": [0.5, 0.5]},
								"west": {"uv": [5, 24], "uv_size": [0.5, 0.5]},
								"up": {"uv": [5.5, 24.5], "uv_size": [-0.5, -0.5]},
								"down": {"uv": [5.5, 24.5], "uv_size": [-0.5, -0.5]}
							}
						},
						{
							"origin": [2.27492, 2.36078, -3.89363],
							"size": [0.12187, 0.24375, 0.39688],
							"pivot": [1.97124, 2.052, -3.66703],
							"rotation": [0, 0, -22.5],
							"uv": {
								"north": {"uv": [5, 24], "uv_size": [0.5, 0.5]},
								"east": {"uv": [5, 24], "uv_size": [0.5, 0.5]},
								"south": {"uv": [5, 24], "uv_size": [0.5, 0.5]},
								"west": {"uv": [5, 24], "uv_size": [0.5, 0.5]},
								"up": {"uv": [5.5, 24.5], "uv_size": [-0.5, -0.5]},
								"down": {"uv": [5.5, 24.5], "uv_size": [-0.5, -0.5]}
							}
						},
						{
							"origin": [1.69623, 0.10951, -3.97019],
							"size": [0.55, 0.0914, 0.55],
							"uv": {
								"north": {"uv": [3, 19], "uv_size": [0.5, 0.5]},
								"east": {"uv": [4, 19], "uv_size": [0.5, 0.5]},
								"south": {"uv": [7, 23], "uv_size": [0.5, 0.5]},
								"west": {"uv": [5.5, 23], "uv_size": [0.5, 0.5]},
								"up": {"uv": [7, 19], "uv_size": [0.5, 0.5]},
								"down": {"uv": [8, 23.5], "uv_size": [0.5, -0.5]}
							}
						},
						{
							"origin": [1.75716, 0.17044, -3.90925],
							"size": [0.42813, 0.12188, 0.42813],
							"uv": {
								"north": {"uv": [5, 24], "uv_size": [0.5, 0.5]},
								"east": {"uv": [5, 24], "uv_size": [0.5, 0.5]},
								"south": {"uv": [5, 24], "uv_size": [0.5, 0.5]},
								"west": {"uv": [5, 24], "uv_size": [0.5, 0.5]},
								"up": {"uv": [5.5, 24.5], "uv_size": [-0.5, -0.5]},
								"down": {"uv": [5.5, 24.5], "uv_size": [-0.5, -0.5]}
							}
						},
						{
							"origin": [1.75716, 0.17044, -3.30925],
							"size": [0.42813, 0.12188, 0.42813],
							"uv": {
								"north": {"uv": [5, 24], "uv_size": [0.5, 0.5]},
								"east": {"uv": [5, 24], "uv_size": [0.5, 0.5]},
								"south": {"uv": [5, 24], "uv_size": [0.5, 0.5]},
								"west": {"uv": [5, 24], "uv_size": [0.5, 0.5]},
								"up": {"uv": [5.5, 24.5], "uv_size": [-0.5, -0.5]},
								"down": {"uv": [5.5, 24.5], "uv_size": [-0.5, -0.5]}
							}
						},
						{
							"origin": [1.69623, 0.29232, -3.37019],
							"size": [0.55, 2.20782, 0.55],
							"uv": {
								"north": {"uv": [3, 21], "uv_size": [1, 2]},
								"east": {"uv": [2, 21], "uv_size": [1, 2]},
								"south": {"uv": [1, 21], "uv_size": [0.5, 2]},
								"west": {"uv": [0, 21], "uv_size": [1, 2]},
								"up": {"uv": [5.5, 24.5], "uv_size": [-0.5, -0.5]},
								"down": {"uv": [5.5, 24.5], "uv_size": [-0.5, -0.5]}
							}
						},
						{
							"origin": [1.77279, 2.55951, -3.29363],
							"size": [0.39688, 0.54843, 0.39688],
							"uv": {
								"north": {"uv": [5, 24], "uv_size": [0.5, 0.5]},
								"east": {"uv": [5, 24], "uv_size": [0.5, 0.5]},
								"south": {"uv": [5, 24], "uv_size": [0.5, 0.5]},
								"west": {"uv": [5, 24], "uv_size": [0.5, 0.5]},
								"up": {"uv": [5.5, 24.5], "uv_size": [-0.5, -0.5]},
								"down": {"uv": [5.5, 24.5], "uv_size": [-0.5, -0.5]}
							}
						},
						{
							"origin": [1.77279, 2.35, -3.5186],
							"size": [0.39688, 0.24375, 0.12187],
							"pivot": [1.97124, 2.052, -3.06703],
							"rotation": [-22.5, 0, 0],
							"uv": {
								"north": {"uv": [1, 24], "uv_size": [0.5, 0.5]},
								"east": {"uv": [5, 24], "uv_size": [0.5, 0.5]},
								"south": {"uv": [6, 17], "uv_size": [0.5, 0.5]},
								"west": {"uv": [6.5, 21], "uv_size": [0.5, 0.5]}
							}
						},
						{
							"origin": [1.80327, 3.10794, -3.26316],
							"size": [0.33593, 0.36563, 0.33593],
							"uv": {
								"north": {"uv": [9, 22.5], "uv_size": [0.5, 0.5]},
								"east": {"uv": [9, 22], "uv_size": [0.5, 0.5]},
								"south": {"uv": [9, 22.5], "uv_size": [0.5, 0.5]},
								"west": {"uv": [10.5, 21], "uv_size": [0.5, 0.5]},
								"up": {"uv": [11, 21.5], "uv_size": [-0.5, -0.5]}
							}
						},
						{
							"origin": [1.77279, 2.37155, -2.78937],
							"size": [0.39688, 0.24375, 0.12187],
							"pivot": [1.97124, 2.052, -3.06703],
							"rotation": [22.5, 0, 0],
							"uv": {
								"north": {"uv": [1, 18], "uv_size": [0.5, 0.5]},
								"east": {"uv": [5, 24], "uv_size": [0.5, 0.5]},
								"south": {"uv": [1, 24], "uv_size": [0.5, 0.5]},
								"west": {"uv": [5, 24], "uv_size": [0.5, 0.5]}
							}
						},
						{
							"origin": [1.83374, 3.47357, -3.23269],
							"size": [0.27499, 0.30469, 0.27499],
							"uv": {
								"north": {"uv": [5.5, 22], "uv_size": [0.5, 0.5]},
								"east": {"uv": [9.5, 22], "uv_size": [0.5, 0.5]},
								"south": {"uv": [9.5, 23], "uv_size": [0.5, 0.5]},
								"west": {"uv": [7.5, 22], "uv_size": [0.5, 0.5]},
								"up": {"uv": [11, 21.5], "uv_size": [-0.5, -0.5]}
							}
						},
						{
							"origin": [1.8642, 3.77826, -3.20223],
							"size": [0.21407, 0.1371, 0.21407],
							"uv": {
								"north": {"uv": [10, 23], "uv_size": [0.5, 0.5]},
								"east": {"uv": [10.5, 23], "uv_size": [0.5, 0.5]},
								"south": {"uv": [9.5, 22.5], "uv_size": [0.5, 0.5]},
								"west": {"uv": [5, 23], "uv_size": [0.5, 0.5]},
								"up": {"uv": [13, 18], "uv_size": [0.5, 0.5]}
							}
						},
						{
							"origin": [1.9099, 3.90014, -3.15652],
							"size": [0.12266, 0.0914, 0.12266],
							"uv": {
								"north": {"uv": [12, 23], "uv_size": [0.5, 0.5]},
								"east": {"uv": [14, 18], "uv_size": [0.5, 0.5]},
								"south": {"uv": [10.5, 21], "uv_size": [0.5, 0.5]},
								"west": {"uv": [14.5, 22], "uv_size": [0.5, 0.5]},
								"up": {"uv": [14.5, 22], "uv_size": [0.5, 0.5]}
							}
						},
						{
							"origin": [1.54569, 2.36079, -3.29363],
							"size": [0.12187, 0.24375, 0.39688],
							"pivot": [1.97124, 2.052, -3.06703],
							"rotation": [0, 0, 22.5],
							"uv": {
								"north": {"uv": [5, 24], "uv_size": [0.5, 0.5]},
								"east": {"uv": [5, 24], "uv_size": [0.5, 0.5]},
								"south": {"uv": [5, 24], "uv_size": [0.5, 0.5]},
								"west": {"uv": [5, 24], "uv_size": [0.5, 0.5]},
								"up": {"uv": [5.5, 24.5], "uv_size": [-0.5, -0.5]},
								"down": {"uv": [5.5, 24.5], "uv_size": [-0.5, -0.5]}
							}
						},
						{
							"origin": [2.27492, 2.36078, -3.29363],
							"size": [0.12187, 0.24375, 0.39688],
							"pivot": [1.97124, 2.052, -3.06703],
							"rotation": [0, 0, -22.5],
							"uv": {
								"north": {"uv": [5, 24], "uv_size": [0.5, 0.5]},
								"east": {"uv": [5, 24], "uv_size": [0.5, 0.5]},
								"south": {"uv": [5, 24], "uv_size": [0.5, 0.5]},
								"west": {"uv": [5, 24], "uv_size": [0.5, 0.5]},
								"up": {"uv": [5.5, 24.5], "uv_size": [-0.5, -0.5]},
								"down": {"uv": [5.5, 24.5], "uv_size": [-0.5, -0.5]}
							}
						},
						{
							"origin": [1.69623, 0.10951, -3.37019],
							"size": [0.55, 0.0914, 0.55],
							"uv": {
								"north": {"uv": [3, 19], "uv_size": [0.5, 0.5]},
								"east": {"uv": [4, 19], "uv_size": [0.5, 0.5]},
								"south": {"uv": [7, 23], "uv_size": [0.5, 0.5]},
								"west": {"uv": [5.5, 23], "uv_size": [0.5, 0.5]},
								"up": {"uv": [7, 19], "uv_size": [0.5, 0.5]},
								"down": {"uv": [8, 23.5], "uv_size": [0.5, -0.5]}
							}
						},
						{
							"origin": [1.75716, 0.17044, -2.65925],
							"size": [0.42813, 0.12188, 0.42813],
							"uv": {
								"north": {"uv": [5, 24], "uv_size": [0.5, 0.5]},
								"east": {"uv": [5, 24], "uv_size": [0.5, 0.5]},
								"south": {"uv": [5, 24], "uv_size": [0.5, 0.5]},
								"west": {"uv": [5, 24], "uv_size": [0.5, 0.5]},
								"up": {"uv": [5.5, 24.5], "uv_size": [-0.5, -0.5]},
								"down": {"uv": [5.5, 24.5], "uv_size": [-0.5, -0.5]}
							}
						},
						{
							"origin": [1.69623, 0.29232, -2.72019],
							"size": [0.55, 2.20782, 0.55],
							"uv": {
								"north": {"uv": [3, 21], "uv_size": [1, 2]},
								"east": {"uv": [2, 21], "uv_size": [1, 2]},
								"south": {"uv": [1, 21], "uv_size": [0.5, 2]},
								"west": {"uv": [0, 21], "uv_size": [1, 2]},
								"up": {"uv": [5.5, 24.5], "uv_size": [-0.5, -0.5]},
								"down": {"uv": [5.5, 24.5], "uv_size": [-0.5, -0.5]}
							}
						},
						{
							"origin": [1.77279, 2.55951, -2.64363],
							"size": [0.39688, 0.54843, 0.39688],
							"uv": {
								"north": {"uv": [5, 24], "uv_size": [0.5, 0.5]},
								"east": {"uv": [5, 24], "uv_size": [0.5, 0.5]},
								"south": {"uv": [5, 24], "uv_size": [0.5, 0.5]},
								"west": {"uv": [5, 24], "uv_size": [0.5, 0.5]},
								"up": {"uv": [5.5, 24.5], "uv_size": [-0.5, -0.5]},
								"down": {"uv": [5.5, 24.5], "uv_size": [-0.5, -0.5]}
							}
						},
						{
							"origin": [1.77279, 2.35, -2.8686],
							"size": [0.39688, 0.24375, 0.12187],
							"pivot": [1.97124, 2.052, -2.41703],
							"rotation": [-22.5, 0, 0],
							"uv": {
								"north": {"uv": [1, 24], "uv_size": [0.5, 0.5]},
								"east": {"uv": [5, 24], "uv_size": [0.5, 0.5]},
								"south": {"uv": [6, 17], "uv_size": [0.5, 0.5]},
								"west": {"uv": [6.5, 21], "uv_size": [0.5, 0.5]}
							}
						},
						{
							"origin": [1.80327, 3.10794, -2.61316],
							"size": [0.33593, 0.36563, 0.33593],
							"uv": {
								"north": {"uv": [9, 22.5], "uv_size": [0.5, 0.5]},
								"east": {"uv": [9, 22], "uv_size": [0.5, 0.5]},
								"south": {"uv": [9, 22.5], "uv_size": [0.5, 0.5]},
								"west": {"uv": [10.5, 21], "uv_size": [0.5, 0.5]},
								"up": {"uv": [11, 21.5], "uv_size": [-0.5, -0.5]}
							}
						},
						{
							"origin": [1.77279, 2.37155, -2.13937],
							"size": [0.39688, 0.24375, 0.12187],
							"pivot": [1.97124, 2.052, -2.41703],
							"rotation": [22.5, 0, 0],
							"uv": {
								"north": {"uv": [1, 18], "uv_size": [0.5, 0.5]},
								"east": {"uv": [5, 24], "uv_size": [0.5, 0.5]},
								"south": {"uv": [1, 24], "uv_size": [0.5, 0.5]},
								"west": {"uv": [5, 24], "uv_size": [0.5, 0.5]}
							}
						},
						{
							"origin": [1.83374, 3.47357, -2.58269],
							"size": [0.27499, 0.30469, 0.27499],
							"uv": {
								"north": {"uv": [5.5, 22], "uv_size": [0.5, 0.5]},
								"east": {"uv": [9.5, 22], "uv_size": [0.5, 0.5]},
								"south": {"uv": [9.5, 23], "uv_size": [0.5, 0.5]},
								"west": {"uv": [7.5, 22], "uv_size": [0.5, 0.5]},
								"up": {"uv": [11, 21.5], "uv_size": [-0.5, -0.5]}
							}
						},
						{
							"origin": [1.8642, 3.77826, -2.55223],
							"size": [0.21407, 0.1371, 0.21407],
							"uv": {
								"north": {"uv": [10, 23], "uv_size": [0.5, 0.5]},
								"east": {"uv": [10.5, 23], "uv_size": [0.5, 0.5]},
								"south": {"uv": [9.5, 22.5], "uv_size": [0.5, 0.5]},
								"west": {"uv": [5, 23], "uv_size": [0.5, 0.5]},
								"up": {"uv": [13, 18], "uv_size": [0.5, 0.5]}
							}
						},
						{
							"origin": [1.9099, 3.90014, -2.50652],
							"size": [0.12266, 0.0914, 0.12266],
							"uv": {
								"north": {"uv": [12, 23], "uv_size": [0.5, 0.5]},
								"east": {"uv": [14, 18], "uv_size": [0.5, 0.5]},
								"south": {"uv": [10.5, 21], "uv_size": [0.5, 0.5]},
								"west": {"uv": [14.5, 22], "uv_size": [0.5, 0.5]},
								"up": {"uv": [14.5, 22], "uv_size": [0.5, 0.5]}
							}
						},
						{
							"origin": [1.54569, 2.36079, -2.64363],
							"size": [0.12187, 0.24375, 0.39688],
							"pivot": [1.97124, 2.052, -2.41703],
							"rotation": [0, 0, 22.5],
							"uv": {
								"north": {"uv": [5, 24], "uv_size": [0.5, 0.5]},
								"east": {"uv": [5, 24], "uv_size": [0.5, 0.5]},
								"south": {"uv": [5, 24], "uv_size": [0.5, 0.5]},
								"west": {"uv": [5, 24], "uv_size": [0.5, 0.5]},
								"up": {"uv": [5.5, 24.5], "uv_size": [-0.5, -0.5]},
								"down": {"uv": [5.5, 24.5], "uv_size": [-0.5, -0.5]}
							}
						},
						{
							"origin": [2.27492, 2.36078, -2.64363],
							"size": [0.12187, 0.24375, 0.39688],
							"pivot": [1.97124, 2.052, -2.41703],
							"rotation": [0, 0, -22.5],
							"uv": {
								"north": {"uv": [5, 24], "uv_size": [0.5, 0.5]},
								"east": {"uv": [5, 24], "uv_size": [0.5, 0.5]},
								"south": {"uv": [5, 24], "uv_size": [0.5, 0.5]},
								"west": {"uv": [5, 24], "uv_size": [0.5, 0.5]},
								"up": {"uv": [5.5, 24.5], "uv_size": [-0.5, -0.5]},
								"down": {"uv": [5.5, 24.5], "uv_size": [-0.5, -0.5]}
							}
						},
						{
							"origin": [1.69623, 0.10951, -2.72019],
							"size": [0.55, 0.0914, 0.55],
							"uv": {
								"north": {"uv": [3, 19], "uv_size": [0.5, 0.5]},
								"east": {"uv": [4, 19], "uv_size": [0.5, 0.5]},
								"south": {"uv": [7, 23], "uv_size": [0.5, 0.5]},
								"west": {"uv": [5.5, 23], "uv_size": [0.5, 0.5]},
								"up": {"uv": [7, 19], "uv_size": [0.5, 0.5]},
								"down": {"uv": [8, 23.5], "uv_size": [0.5, -0.5]}
							}
						}
					]
				},
				{
					"name": "rounds",
					"parent": "root",
					"pivot": [1.99239, 0.2771, -6.39203],
					"cubes": [
						{
							"origin": [-3.29682, -1.65709, -3.25358],
							"size": [0.55, 0.0914, 0.55],
							"pivot": [-3.01068, 0.28432, -2.96909],
							"rotation": [-91.00956, 68.68361, 180],
							"uv": {
								"north": {"uv": [3, 19], "uv_size": [0.5, 0.5]},
								"east": {"uv": [4, 19], "uv_size": [0.5, 0.5]},
								"south": {"uv": [7, 23], "uv_size": [0.5, 0.5]},
								"west": {"uv": [5.5, 23], "uv_size": [0.5, 0.5]},
								"up": {"uv": [7, 19], "uv_size": [0.5, 0.5]},
								"down": {"uv": [8, 23.5], "uv_size": [0.5, -0.5]}
							}
						},
						{
							"origin": [-3.23589, -1.59616, -3.19264],
							"size": [0.42813, 0.12188, 0.42813],
							"pivot": [-3.01068, 0.28432, -2.96909],
							"rotation": [-91.00956, 68.68361, 180],
							"uv": {
								"north": {"uv": [5, 24], "uv_size": [0.5, 0.5]},
								"east": {"uv": [5, 24], "uv_size": [0.5, 0.5]},
								"south": {"uv": [5, 24], "uv_size": [0.5, 0.5]},
								"west": {"uv": [5, 24], "uv_size": [0.5, 0.5]},
								"up": {"uv": [5.5, 24.5], "uv_size": [-0.5, -0.5]},
								"down": {"uv": [5.5, 24.5], "uv_size": [-0.5, -0.5]}
							}
						},
						{
							"origin": [-3.29682, -1.47428, -3.25358],
							"size": [0.55, 2.20782, 0.55],
							"pivot": [-3.01068, 0.28432, -2.96909],
							"rotation": [-91.00956, 68.68361, 180],
							"uv": {
								"north": {"uv": [3, 21], "uv_size": [1, 2]},
								"east": {"uv": [2, 21], "uv_size": [1, 2]},
								"south": {"uv": [1, 21], "uv_size": [0.5, 2]},
								"west": {"uv": [0, 21], "uv_size": [1, 2]},
								"up": {"uv": [5.5, 24.5], "uv_size": [-0.5, -0.5]},
								"down": {"uv": [5.5, 24.5], "uv_size": [-0.5, -0.5]}
							}
						},
						{
							"origin": [-2.71687, 0.59836, -3.17702],
							"size": [0.12187, 0.24375, 0.39688],
							"pivot": [-3.01068, 0.28432, -2.96909],
							"rotation": [-91.08345, 46.18727, 180],
							"uv": {
								"north": {"uv": [5, 24], "uv_size": [0.5, 0.5]},
								"east": {"uv": [5, 24], "uv_size": [0.5, 0.5]},
								"south": {"uv": [5, 24], "uv_size": [0.5, 0.5]},
								"west": {"uv": [5, 24], "uv_size": [0.5, 0.5]},
								"up": {"uv": [5.5, 24.5], "uv_size": [-0.5, -0.5]},
								"down": {"uv": [5.5, 24.5], "uv_size": [-0.5, -0.5]}
							}
						},
						{
							"origin": [-3.22026, 0.59046, -3.40382],
							"size": [0.39688, 0.24375, 0.12187],
							"pivot": [-3.01068, 0.28432, -2.96909],
							"rotation": [-113.50956, 68.68361, 180],
							"uv": {
								"north": {"uv": [1, 24], "uv_size": [0.5, 0.5]},
								"east": {"uv": [5, 24], "uv_size": [0.5, 0.5]},
								"south": {"uv": [6, 17], "uv_size": [0.5, 0.5]},
								"west": {"uv": [6.5, 21], "uv_size": [0.5, 0.5]}
							}
						},
						{
							"origin": [-3.44693, 0.58984, -3.17702],
							"size": [0.12187, 0.24375, 0.39688],
							"pivot": [-3.01068, 0.28432, -2.96909],
							"rotation": [88.89785, 88.82011, 0],
							"uv": {
								"north": {"uv": [5, 24], "uv_size": [0.5, 0.5]},
								"east": {"uv": [5, 24], "uv_size": [0.5, 0.5]},
								"south": {"uv": [5, 24], "uv_size": [0.5, 0.5]},
								"west": {"uv": [5, 24], "uv_size": [0.5, 0.5]},
								"up": {"uv": [5.5, 24.5], "uv_size": [-0.5, -0.5]},
								"down": {"uv": [5.5, 24.5], "uv_size": [-0.5, -0.5]}
							}
						},
						{
							"origin": [-3.18978, 1.34134, -3.14655],
							"size": [0.33593, 0.36563, 0.33593],
							"pivot": [-3.01068, 0.28432, -2.96909],
							"rotation": [-91.00956, 68.68361, 180],
							"uv": {
								"north": {"uv": [9, 22.5], "uv_size": [0.5, 0.5]},
								"east": {"uv": [9, 22], "uv_size": [0.5, 0.5]},
								"south": {"uv": [9, 22.5], "uv_size": [0.5, 0.5]},
								"west": {"uv": [10.5, 21], "uv_size": [0.5, 0.5]},
								"up": {"uv": [11, 21.5], "uv_size": [-0.5, -0.5]}
							}
						},
						{
							"origin": [-3.15931, 1.70697, -3.11608],
							"size": [0.27499, 0.30469, 0.27499],
							"pivot": [-3.01068, 0.28432, -2.96909],
							"rotation": [-91.00956, 68.68361, 180],
							"uv": {
								"north": {"uv": [5.5, 22], "uv_size": [0.5, 0.5]},
								"east": {"uv": [9.5, 22], "uv_size": [0.5, 0.5]},
								"south": {"uv": [9.5, 23], "uv_size": [0.5, 0.5]},
								"west": {"uv": [7.5, 22], "uv_size": [0.5, 0.5]},
								"up": {"uv": [11, 21.5], "uv_size": [-0.5, -0.5]}
							}
						},
						{
							"origin": [-3.12885, 2.01166, -3.08562],
							"size": [0.21407, 0.1371, 0.21407],
							"pivot": [-3.01068, 0.28432, -2.96909],
							"rotation": [-91.00956, 68.68361, 180],
							"uv": {
								"north": {"uv": [10, 23], "uv_size": [0.5, 0.5]},
								"east": {"uv": [10.5, 23], "uv_size": [0.5, 0.5]},
								"south": {"uv": [9.5, 22.5], "uv_size": [0.5, 0.5]},
								"west": {"uv": [5, 23], "uv_size": [0.5, 0.5]},
								"up": {"uv": [13, 18], "uv_size": [0.5, 0.5]}
							}
						},
						{
							"origin": [-3.08315, 2.13354, -3.03991],
							"size": [0.12266, 0.0914, 0.12266],
							"pivot": [-3.01068, 0.28432, -2.96909],
							"rotation": [-91.00956, 68.68361, 180],
							"uv": {
								"north": {"uv": [12, 23], "uv_size": [0.5, 0.5]},
								"east": {"uv": [14, 18], "uv_size": [0.5, 0.5]},
								"south": {"uv": [10.5, 21], "uv_size": [0.5, 0.5]},
								"west": {"uv": [14.5, 22], "uv_size": [0.5, 0.5]},
								"up": {"uv": [14.5, 22], "uv_size": [0.5, 0.5]}
							}
						},
						{
							"origin": [-3.22026, 0.79291, -3.17702],
							"size": [0.39688, 0.54843, 0.39688],
							"pivot": [-3.01068, 0.28432, -2.96909],
							"rotation": [-91.00956, 68.68361, 180],
							"uv": {
								"north": {"uv": [5, 24], "uv_size": [0.5, 0.5]},
								"east": {"uv": [5, 24], "uv_size": [0.5, 0.5]},
								"south": {"uv": [5, 24], "uv_size": [0.5, 0.5]},
								"west": {"uv": [5, 24], "uv_size": [0.5, 0.5]},
								"up": {"uv": [5.5, 24.5], "uv_size": [-0.5, -0.5]},
								"down": {"uv": [5.5, 24.5], "uv_size": [-0.5, -0.5]}
							}
						},
						{
							"origin": [-3.22026, 0.59772, -2.67376],
							"size": [0.39688, 0.24375, 0.12187],
							"pivot": [-3.01068, 0.28432, -2.96909],
							"rotation": [-68.50956, 68.68361, 180],
							"uv": {
								"north": {"uv": [1, 18], "uv_size": [0.5, 0.5]},
								"east": {"uv": [5, 24], "uv_size": [0.5, 0.5]},
								"south": {"uv": [1, 24], "uv_size": [0.5, 0.5]},
								"west": {"uv": [5, 24], "uv_size": [0.5, 0.5]}
							}
						}
					]
				},
				{
					"name": "positioning",
					"pivot": [-3.025, -8.95, -11.225]
				},
				{
					"name": "ground",
					"parent": "positioning",
					"pivot": [0, 0, 0]
				},
				{
					"name": "fixed",
					"parent": "positioning",
					"pivot": [0, 0, 0],
					"rotation": [-90, 0, 0]
				},
				{
					"name": "thirdperson_hand",
					"parent": "positioning",
					"pivot": [-0.025, 1.55, -0.225],
					"rotation": [0, -90, 0]
				}
			]
		}
	]
}