{
	"format_version": "1.12.0",
	"minecraft:geometry": [
		{
			"description": {
				"identifier": "geometry.unknown",
				"texture_width": 32,
				"texture_height": 32,
				"visible_bounds_width": 2,
				"visible_bounds_height": 1.5,
				"visible_bounds_offset": [0, 0.25, 0]
			},
			"bones": [
				{
					"name": "root",
					"pivot": [0, 0, 0]
				},
				{
					"name": "bullets",
					"parent": "root",
					"pivot": [0, 0, 0]
				},
				{
					"name": "box",
					"parent": "root",
					"pivot": [5.84776, 1.5, 4.76537],
					"cubes": [
						{
							"origin": [4.70711, 0, -1.70711],
							"size": [2, 2, 0.01],
							"pivot": [4, 3, -1],
							"rotation": [0, 45, 0],
							"uv": {
								"north": {"uv": [8, 16], "uv_size": [3, 3]},
								"south": {"uv": [16, 14], "uv_size": [3, 3]}
							}
						},
						{
							"origin": [4.70004, -1.99293, 0.29289],
							"size": [2, 5, 0.01],
							"pivot": [3.99293, 1.00707, 1],
							"rotation": [-90, 0, -45],
							"uv": {
								"north": {"uv": [12.5, 6], "uv_size": [3.5, 7.5]},
								"south": {"uv": [16, 14], "uv_size": [3, 3]}
							}
						},
						{
							"origin": [5.11425, 0.42128, 0.29289],
							"size": [0.8, 5, 0.01],
							"pivot": [4.40714, 3.42128, 1],
							"rotation": [-90, 0, 45],
							"uv": {
								"north": {"uv": [8, 16], "uv_size": [3, 3]},
								"south": {"uv": [16, 14], "uv_size": [3, 3]}
							}
						},
						{
							"origin": [-4, 0, -2],
							"size": [8, 2, 5],
							"uv": {
								"north": {"uv": [12, 0], "uv_size": [12, 3]},
								"east": {"uv": [0, 16], "uv_size": [8, 3]},
								"south": {"uv": [12, 3], "uv_size": [12, 3]},
								"west": {"uv": [16, 6], "uv_size": [8, 3]},
								"up": {"uv": [0, 0], "uv_size": [12, 8]},
								"down": {"uv": [0, 16], "uv_size": [12, -8]}
							}
						},
						{
							"origin": [3.84776, 0, 3.76537],
							"size": [2, 2, 0.01],
							"pivot": [5.84776, 1.5, 3.76537],
							"rotation": [0, -22.5, 0],
							"uv": {
								"north": {"uv": [16, 11], "uv_size": [3, 3]},
								"south": {"uv": [16, 17], "uv_size": [3, 3]}
							}
						}
					]
				},
				{
					"name": "bone6",
					"parent": "box",
					"pivot": [0.65801, 0.24578, -3.44025],
					"rotation": [-136.62382, 64.294, -52.22844],
					"cubes": [
						{
							"origin": [1.18512, 2.38512, -6.95399],
							"size": [0.75, 0.8125, 0.125],
							"pivot": [0.76913, 0.45492, -4.73983],
							"rotation": [0.88762, 69.58775, -8.69198],
							"uv": {
								"north": {"uv": [0, 20.5], "uv_size": [1, 0.5]},
								"east": {"uv": [0, 20.5], "uv_size": [1, 0.5]},
								"south": {"uv": [0, 20.5], "uv_size": [1, 0.5]},
								"west": {"uv": [0, 20.5], "uv_size": [1, 0.5]},
								"up": {"uv": [1, 21], "uv_size": [-1, -0.5]},
								"down": {"uv": [1, 21], "uv_size": [-1, -0.5]}
							}
						},
						{
							"origin": [1.87262, 2.37857, -7.07887],
							"size": [0.0625, 0.8125, 0.125],
							"pivot": [0.76913, 0.45492, -4.73983],
							"rotation": [0.88762, 69.58775, -8.69198],
							"uv": {
								"north": {"uv": [0, 20.5], "uv_size": [1, 0.5]},
								"east": {"uv": [0, 20.5], "uv_size": [1, 0.5]},
								"south": {"uv": [0, 20.5], "uv_size": [1, 0.5]},
								"west": {"uv": [0, 20.5], "uv_size": [1, 0.5]},
								"up": {"uv": [1, 21], "uv_size": [-1, -0.5]},
								"down": {"uv": [1, 21], "uv_size": [-1, -0.5]}
							}
						},
						{
							"origin": [1.87262, 3.26668, -6.98204],
							"size": [0.0625, 0.5625, 0.125],
							"pivot": [0.76913, 0.45492, -4.73983],
							"rotation": [2.88762, 69.58775, -8.69198],
							"uv": {
								"north": {"uv": [0, 20.5], "uv_size": [1, 0.5]},
								"east": {"uv": [0, 20.5], "uv_size": [1, 0.5]},
								"south": {"uv": [0, 20.5], "uv_size": [1, 0.5]},
								"west": {"uv": [0, 20.5], "uv_size": [1, 0.5]},
								"up": {"uv": [1, 21], "uv_size": [-1, -0.5]},
								"down": {"uv": [1, 21], "uv_size": [-1, -0.5]}
							}
						},
						{
							"origin": [1.18512, 3.26668, -6.98204],
							"size": [0.0625, 0.5625, 0.125],
							"pivot": [0.76913, 0.45492, -4.73983],
							"rotation": [2.88762, 69.58775, -8.69198],
							"uv": {
								"north": {"uv": [0, 20.5], "uv_size": [1, 0.5]},
								"east": {"uv": [0, 20.5], "uv_size": [1, 0.5]},
								"south": {"uv": [0, 20.5], "uv_size": [1, 0.5]},
								"west": {"uv": [0, 20.5], "uv_size": [1, 0.5]},
								"up": {"uv": [1, 21], "uv_size": [-1, -0.5]},
								"down": {"uv": [1, 21], "uv_size": [-1, -0.5]}
							}
						},
						{
							"origin": [1.18512, 3.26668, -6.85704],
							"size": [0.75, 0.5625, 0.125],
							"pivot": [0.76913, 0.45492, -4.73983],
							"rotation": [2.88762, 69.58775, -8.69198],
							"uv": {
								"north": {"uv": [0, 20.5], "uv_size": [1, 0.5]},
								"east": {"uv": [0, 20.5], "uv_size": [1, 0.5]},
								"south": {"uv": [0, 20.5], "uv_size": [1, 0.5]},
								"west": {"uv": [0, 20.5], "uv_size": [1, 0.5]},
								"up": {"uv": [1, 21], "uv_size": [-1, -0.5]},
								"down": {"uv": [1, 21], "uv_size": [-1, -0.5]}
							}
						},
						{
							"origin": [1.18512, 0.53882, -7.10212],
							"size": [0.75, 0.8125, 0.125],
							"pivot": [0.76913, 0.45492, -4.73983],
							"rotation": [-5.11238, 69.58775, -8.69198],
							"uv": {
								"north": {"uv": [0, 20.5], "uv_size": [1, 0.5]},
								"east": {"uv": [0, 20.5], "uv_size": [1, 0.5]},
								"south": {"uv": [0, 20.5], "uv_size": [1, 0.5]},
								"west": {"uv": [0, 20.5], "uv_size": [1, 0.5]},
								"up": {"uv": [1, 21], "uv_size": [-1, -0.5]},
								"down": {"uv": [1, 21], "uv_size": [-1, -0.5]}
							}
						},
						{
							"origin": [1.87262, 0.51273, -7.22529],
							"size": [0.0625, 0.8125, 0.125],
							"pivot": [0.76913, 0.45492, -4.73983],
							"rotation": [-5.11238, 69.58775, -8.69198],
							"uv": {
								"north": {"uv": [0, 20.5], "uv_size": [1, 0.5]},
								"east": {"uv": [0, 20.5], "uv_size": [1, 0.5]},
								"south": {"uv": [0, 20.5], "uv_size": [1, 0.5]},
								"west": {"uv": [0, 20.5], "uv_size": [1, 0.5]},
								"up": {"uv": [1, 21], "uv_size": [-1, -0.5]},
								"down": {"uv": [1, 21], "uv_size": [-1, -0.5]}
							}
						},
						{
							"origin": [1.18512, 0.21287, -7.10373],
							"size": [0.75, 0.25, 0.125],
							"pivot": [0.76913, 0.45492, -4.73983],
							"rotation": [-7.11238, 69.58775, -8.69198],
							"uv": {
								"north": {"uv": [0, 20.5], "uv_size": [1, 0.5]},
								"east": {"uv": [0, 20.5], "uv_size": [1, 0.5]},
								"south": {"uv": [0, 20.5], "uv_size": [1, 0.5]},
								"west": {"uv": [0, 20.5], "uv_size": [1, 0.5]},
								"up": {"uv": [1, 21], "uv_size": [-1, -0.5]},
								"down": {"uv": [1, 21], "uv_size": [-1, -0.5]}
							}
						},
						{
							"origin": [1.87262, 0.21287, -7.22872],
							"size": [0.0625, 0.25, 0.125],
							"pivot": [0.76913, 0.45492, -4.73983],
							"rotation": [-7.11238, 69.58775, -8.69198],
							"uv": {
								"north": {"uv": [0, 20.5], "uv_size": [1, 0.5]},
								"east": {"uv": [0, 20.5], "uv_size": [1, 0.5]},
								"south": {"uv": [0, 20.5], "uv_size": [1, 0.5]},
								"west": {"uv": [0, 20.5], "uv_size": [1, 0.5]},
								"up": {"uv": [1, 21], "uv_size": [-1, -0.5]},
								"down": {"uv": [1, 21], "uv_size": [-1, -0.5]}
							}
						},
						{
							"origin": [1.18512, 1.46391, -7.05223],
							"size": [0.75, 0.8125, 0.125],
							"pivot": [0.76913, 0.45492, -4.73983],
							"rotation": [-2.11238, 69.58775, -8.69198],
							"uv": {
								"north": {"uv": [0, 20.5], "uv_size": [1, 0.5]},
								"east": {"uv": [0, 20.5], "uv_size": [1, 0.5]},
								"south": {"uv": [0, 20.5], "uv_size": [1, 0.5]},
								"west": {"uv": [0, 20.5], "uv_size": [1, 0.5]},
								"up": {"uv": [1, 21], "uv_size": [-1, -0.5]},
								"down": {"uv": [1, 21], "uv_size": [-1, -0.5]}
							}
						},
						{
							"origin": [1.87262, 1.44757, -7.17652],
							"size": [0.0625, 0.8125, 0.125],
							"pivot": [0.76913, 0.45492, -4.73983],
							"rotation": [-2.11238, 69.58775, -8.69198],
							"uv": {
								"north": {"uv": [0, 20.5], "uv_size": [1, 0.5]},
								"east": {"uv": [0, 20.5], "uv_size": [1, 0.5]},
								"south": {"uv": [0, 20.5], "uv_size": [1, 0.5]},
								"west": {"uv": [0, 20.5], "uv_size": [1, 0.5]},
								"up": {"uv": [1, 21], "uv_size": [-1, -0.5]},
								"down": {"uv": [1, 21], "uv_size": [-1, -0.5]}
							}
						},
						{
							"origin": [1.18512, 0.21287, -7.22872],
							"size": [0.0625, 0.25, 0.125],
							"pivot": [0.76913, 0.45492, -4.73983],
							"rotation": [-7.11238, 69.58775, -8.69198],
							"uv": {
								"north": {"uv": [0, 20.5], "uv_size": [1, 0.5]},
								"east": {"uv": [0, 20.5], "uv_size": [1, 0.5]},
								"south": {"uv": [0, 20.5], "uv_size": [1, 0.5]},
								"west": {"uv": [0, 20.5], "uv_size": [1, 0.5]},
								"up": {"uv": [1, 21], "uv_size": [-1, -0.5]},
								"down": {"uv": [1, 21], "uv_size": [-1, -0.5]}
							}
						},
						{
							"origin": [1.18512, 0.51273, -7.22529],
							"size": [0.0625, 0.8125, 0.125],
							"pivot": [0.76913, 0.45492, -4.73983],
							"rotation": [-5.11238, 69.58775, -8.69198],
							"uv": {
								"north": {"uv": [0, 20.5], "uv_size": [1, 0.5]},
								"east": {"uv": [0, 20.5], "uv_size": [1, 0.5]},
								"south": {"uv": [0, 20.5], "uv_size": [1, 0.5]},
								"west": {"uv": [0, 20.5], "uv_size": [1, 0.5]},
								"up": {"uv": [1, 21], "uv_size": [-1, -0.5]},
								"down": {"uv": [1, 21], "uv_size": [-1, -0.5]}
							}
						},
						{
							"origin": [1.18512, 1.44757, -7.17652],
							"size": [0.0625, 0.8125, 0.125],
							"pivot": [0.76913, 0.45492, -4.73983],
							"rotation": [-2.11238, 69.58775, -8.69198],
							"uv": {
								"north": {"uv": [0, 20.5], "uv_size": [1, 0.5]},
								"east": {"uv": [0, 20.5], "uv_size": [1, 0.5]},
								"south": {"uv": [0, 20.5], "uv_size": [1, 0.5]},
								"west": {"uv": [0, 20.5], "uv_size": [1, 0.5]},
								"up": {"uv": [1, 21], "uv_size": [-1, -0.5]},
								"down": {"uv": [1, 21], "uv_size": [-1, -0.5]}
							}
						},
						{
							"origin": [1.18512, 2.37857, -7.07887],
							"size": [0.0625, 0.8125, 0.125],
							"pivot": [0.76913, 0.45492, -4.73983],
							"rotation": [0.88762, 69.58775, -8.69198],
							"uv": {
								"north": {"uv": [0, 20.5], "uv_size": [1, 0.5]},
								"east": {"uv": [0, 20.5], "uv_size": [1, 0.5]},
								"south": {"uv": [0, 20.5], "uv_size": [1, 0.5]},
								"west": {"uv": [0, 20.5], "uv_size": [1, 0.5]},
								"up": {"uv": [1, 21], "uv_size": [-1, -0.5]},
								"down": {"uv": [1, 21], "uv_size": [-1, -0.5]}
							}
						}
					]
				},
				{
					"name": "bullet6",
					"parent": "box",
					"pivot": [1.97124, 2.052, -2.31703],
					"rotation": [-50.51436, 61.77771, -54.02155],
					"cubes": [
						{
							"origin": [2.69931, 3.94032, -3.89754],
							"size": [0.55, 1.20782, 0.55],
							"pivot": [2.0744, 1.42536, -3.7527],
							"rotation": [3.07944, -2.77718, -68.84351],
							"uv": {
								"north": {"uv": [3, 21], "uv_size": [1, 2]},
								"east": {"uv": [2, 21], "uv_size": [1, 2]},
								"south": {"uv": [1, 21], "uv_size": [0.5, 2]},
								"west": {"uv": [0, 21], "uv_size": [1, 2]},
								"up": {"uv": [5.5, 24.5], "uv_size": [-0.5, -0.5]},
								"down": {"uv": [5.5, 24.5], "uv_size": [-0.5, -0.5]}
							}
						},
						{
							"origin": [2.79576, 5.20499, -3.83462],
							"size": [0.39688, 0.54843, 0.39688],
							"pivot": [2.0744, 1.42536, -3.7527],
							"rotation": [3.07944, -2.77718, -68.84351],
							"uv": {
								"north": {"uv": [5, 24], "uv_size": [0.5, 0.5]},
								"east": {"uv": [5, 24], "uv_size": [0.5, 0.5]},
								"south": {"uv": [5, 24], "uv_size": [0.5, 0.5]},
								"west": {"uv": [5, 24], "uv_size": [0.5, 0.5]},
								"up": {"uv": [5.5, 24.5], "uv_size": [-0.5, -0.5]},
								"down": {"uv": [5.5, 24.5], "uv_size": [-0.5, -0.5]}
							}
						},
						{
							"origin": [2.79576, 4.80177, -5.32278],
							"size": [0.39688, 0.24375, 0.12187],
							"pivot": [2.0744, 1.42536, -3.7527],
							"rotation": [-19.42056, -2.77718, -68.84351],
							"uv": {
								"north": {"uv": [1, 24], "uv_size": [0.5, 0.5]},
								"east": {"uv": [5, 24], "uv_size": [0.5, 0.5]},
								"south": {"uv": [6, 17], "uv_size": [0.5, 0.5]},
								"west": {"uv": [6.5, 21], "uv_size": [0.5, 0.5]}
							}
						},
						{
							"origin": [2.82624, 5.75342, -3.80415],
							"size": [0.33593, 0.36563, 0.33593],
							"pivot": [2.0744, 1.42536, -3.7527],
							"rotation": [3.07944, -2.77718, -68.84351],
							"uv": {
								"north": {"uv": [9, 22.5], "uv_size": [0.5, 0.5]},
								"east": {"uv": [9, 22], "uv_size": [0.5, 0.5]},
								"south": {"uv": [9, 22.5], "uv_size": [0.5, 0.5]},
								"west": {"uv": [10.5, 21], "uv_size": [0.5, 0.5]},
								"up": {"uv": [11, 21.5], "uv_size": [-0.5, -0.5]}
							}
						},
						{
							"origin": [2.79576, 4.71259, -2.08918],
							"size": [0.39688, 0.24375, 0.12187],
							"pivot": [2.0744, 1.42536, -3.7527],
							"rotation": [25.57944, -2.77718, -68.84351],
							"uv": {
								"north": {"uv": [1, 18], "uv_size": [0.5, 0.5]},
								"east": {"uv": [5, 24], "uv_size": [0.5, 0.5]},
								"south": {"uv": [1, 24], "uv_size": [0.5, 0.5]},
								"west": {"uv": [5, 24], "uv_size": [0.5, 0.5]}
							}
						},
						{
							"origin": [2.85671, 6.11905, -3.77368],
							"size": [0.27499, 0.30469, 0.27499],
							"pivot": [2.0744, 1.42536, -3.7527],
							"rotation": [3.07944, -2.77718, -68.84351],
							"uv": {
								"north": {"uv": [5.5, 22], "uv_size": [0.5, 0.5]},
								"east": {"uv": [9.5, 22], "uv_size": [0.5, 0.5]},
								"south": {"uv": [9.5, 23], "uv_size": [0.5, 0.5]},
								"west": {"uv": [7.5, 22], "uv_size": [0.5, 0.5]},
								"up": {"uv": [11, 21.5], "uv_size": [-0.5, -0.5]}
							}
						},
						{
							"origin": [2.88717, 6.42374, -3.74322],
							"size": [0.21407, 0.1371, 0.21407],
							"pivot": [2.0744, 1.42536, -3.7527],
							"rotation": [3.07944, -2.77718, -68.84351],
							"uv": {
								"north": {"uv": [10, 23], "uv_size": [0.5, 0.5]},
								"east": {"uv": [10.5, 23], "uv_size": [0.5, 0.5]},
								"south": {"uv": [9.5, 22.5], "uv_size": [0.5, 0.5]},
								"west": {"uv": [5, 23], "uv_size": [0.5, 0.5]},
								"up": {"uv": [13, 18], "uv_size": [0.5, 0.5]}
							}
						},
						{
							"origin": [2.93287, 6.54562, -3.69751],
							"size": [0.12266, 0.0914, 0.12266],
							"pivot": [2.0744, 1.42536, -3.7527],
							"rotation": [3.07944, -2.77718, -68.84351],
							"uv": {
								"north": {"uv": [12, 23], "uv_size": [0.5, 0.5]},
								"east": {"uv": [14, 18], "uv_size": [0.5, 0.5]},
								"south": {"uv": [10.5, 21], "uv_size": [0.5, 0.5]},
								"west": {"uv": [14.5, 22], "uv_size": [0.5, 0.5]},
								"up": {"uv": [14.5, 22], "uv_size": [0.5, 0.5]}
							}
						},
						{
							"origin": [1.24646, 5.10919, -3.83462],
							"size": [0.12187, 0.24375, 0.39688],
							"pivot": [2.0744, 1.42536, -3.7527],
							"rotation": [1.78205, -3.74394, -46.3271],
							"uv": {
								"north": {"uv": [5, 24], "uv_size": [0.5, 0.5]},
								"east": {"uv": [5, 24], "uv_size": [0.5, 0.5]},
								"south": {"uv": [5, 24], "uv_size": [0.5, 0.5]},
								"west": {"uv": [5, 24], "uv_size": [0.5, 0.5]},
								"up": {"uv": [5.5, 24.5], "uv_size": [-0.5, -0.5]},
								"down": {"uv": [5.5, 24.5], "uv_size": [-0.5, -0.5]}
							}
						},
						{
							"origin": [4.48006, 4.40519, -3.83462],
							"size": [0.12187, 0.24375, 0.39688],
							"pivot": [2.0744, 1.42536, -3.7527],
							"rotation": [3.90686, -1.38841, -91.3162],
							"uv": {
								"north": {"uv": [5, 24], "uv_size": [0.5, 0.5]},
								"east": {"uv": [5, 24], "uv_size": [0.5, 0.5]},
								"south": {"uv": [5, 24], "uv_size": [0.5, 0.5]},
								"west": {"uv": [5, 24], "uv_size": [0.5, 0.5]},
								"up": {"uv": [5.5, 24.5], "uv_size": [-0.5, -0.5]},
								"down": {"uv": [5.5, 24.5], "uv_size": [-0.5, -0.5]}
							}
						},
						{
							"origin": [2.69931, 3.75751, -3.89754],
							"size": [0.55, 0.0914, 0.55],
							"pivot": [2.0744, 1.42536, -3.7527],
							"rotation": [3.07944, -2.77718, -68.84351],
							"uv": {
								"north": {"uv": [3, 19], "uv_size": [0.5, 0.5]},
								"east": {"uv": [4, 19], "uv_size": [0.5, 0.5]},
								"south": {"uv": [7, 23], "uv_size": [0.5, 0.5]},
								"west": {"uv": [5.5, 23], "uv_size": [0.5, 0.5]},
								"up": {"uv": [7, 19], "uv_size": [0.5, 0.5]},
								"down": {"uv": [8, 23.5], "uv_size": [0.5, -0.5]}
							}
						},
						{
							"origin": [2.76024, 3.81844, -3.8366],
							"size": [0.42813, 0.12188, 0.42813],
							"pivot": [2.0744, 1.42536, -3.7527],
							"rotation": [3.07944, -2.77718, -68.84351],
							"uv": {
								"north": {"uv": [5, 24], "uv_size": [0.5, 0.5]},
								"east": {"uv": [5, 24], "uv_size": [0.5, 0.5]},
								"south": {"uv": [5, 24], "uv_size": [0.5, 0.5]},
								"west": {"uv": [5, 24], "uv_size": [0.5, 0.5]},
								"up": {"uv": [5.5, 24.5], "uv_size": [-0.5, -0.5]},
								"down": {"uv": [5.5, 24.5], "uv_size": [-0.5, -0.5]}
							}
						},
						{
							"origin": [2.84274, 3.81574, -3.07427],
							"size": [0.42813, 0.12188, 0.42813],
							"pivot": [2.0744, 1.42536, -3.7527],
							"rotation": [4.64175, -1.22082, -69.91876],
							"uv": {
								"north": {"uv": [5, 24], "uv_size": [0.5, 0.5]},
								"east": {"uv": [5, 24], "uv_size": [0.5, 0.5]},
								"south": {"uv": [5, 24], "uv_size": [0.5, 0.5]},
								"west": {"uv": [5, 24], "uv_size": [0.5, 0.5]},
								"up": {"uv": [5.5, 24.5], "uv_size": [-0.5, -0.5]},
								"down": {"uv": [5.5, 24.5], "uv_size": [-0.5, -0.5]}
							}
						},
						{
							"origin": [2.78181, 3.93762, -3.13521],
							"size": [0.55, 1.20782, 0.55],
							"pivot": [2.0744, 1.42536, -3.7527],
							"rotation": [4.64175, -1.22082, -69.91876],
							"uv": {
								"north": {"uv": [3, 21], "uv_size": [1, 2]},
								"east": {"uv": [2, 21], "uv_size": [1, 2]},
								"south": {"uv": [1, 21], "uv_size": [0.5, 2]},
								"west": {"uv": [0, 21], "uv_size": [1, 2]},
								"up": {"uv": [5.5, 24.5], "uv_size": [-0.5, -0.5]},
								"down": {"uv": [5.5, 24.5], "uv_size": [-0.5, -0.5]}
							}
						},
						{
							"origin": [2.85837, 5.20455, -3.04874],
							"size": [0.39688, 0.54843, 0.39688],
							"pivot": [2.0744, 1.42536, -3.7527],
							"rotation": [4.64175, -1.22082, -69.91876],
							"uv": {
								"north": {"uv": [5, 24], "uv_size": [0.5, 0.5]},
								"east": {"uv": [5, 24], "uv_size": [0.5, 0.5]},
								"south": {"uv": [5, 24], "uv_size": [0.5, 0.5]},
								"west": {"uv": [5, 24], "uv_size": [0.5, 0.5]},
								"up": {"uv": [5.5, 24.5], "uv_size": [-0.5, -0.5]},
								"down": {"uv": [5.5, 24.5], "uv_size": [-0.5, -0.5]}
							}
						},
						{
							"origin": [2.85837, 5.10211, -4.59656],
							"size": [0.39688, 0.24375, 0.12187],
							"pivot": [2.0744, 1.42536, -3.7527],
							"rotation": [-17.85825, -1.22082, -69.91876],
							"uv": {
								"north": {"uv": [1, 24], "uv_size": [0.5, 0.5]},
								"east": {"uv": [5, 24], "uv_size": [0.5, 0.5]},
								"south": {"uv": [6, 17], "uv_size": [0.5, 0.5]},
								"west": {"uv": [6.5, 21], "uv_size": [0.5, 0.5]}
							}
						},
						{
							"origin": [2.88885, 5.75298, -3.01827],
							"size": [0.33593, 0.36563, 0.33593],
							"pivot": [2.0744, 1.42536, -3.7527],
							"rotation": [4.64175, -1.22082, -69.91876],
							"uv": {
								"north": {"uv": [9, 22.5], "uv_size": [0.5, 0.5]},
								"east": {"uv": [9, 22], "uv_size": [0.5, 0.5]},
								"south": {"uv": [9, 22.5], "uv_size": [0.5, 0.5]},
								"west": {"uv": [10.5, 21], "uv_size": [0.5, 0.5]},
								"up": {"uv": [11, 21.5], "uv_size": [-0.5, -0.5]}
							}
						},
						{
							"origin": [2.85837, 4.41144, -1.3633],
							"size": [0.39688, 0.24375, 0.12187],
							"pivot": [2.0744, 1.42536, -3.7527],
							"rotation": [27.14175, -1.22082, -69.91876],
							"uv": {
								"north": {"uv": [1, 18], "uv_size": [0.5, 0.5]},
								"east": {"uv": [5, 24], "uv_size": [0.5, 0.5]},
								"south": {"uv": [1, 24], "uv_size": [0.5, 0.5]},
								"west": {"uv": [5, 24], "uv_size": [0.5, 0.5]}
							}
						},
						{
							"origin": [2.91932, 6.11861, -2.9878],
							"size": [0.27499, 0.30469, 0.27499],
							"pivot": [2.0744, 1.42536, -3.7527],
							"rotation": [4.64175, -1.22082, -69.91876],
							"uv": {
								"north": {"uv": [5.5, 22], "uv_size": [0.5, 0.5]},
								"east": {"uv": [9.5, 22], "uv_size": [0.5, 0.5]},
								"south": {"uv": [9.5, 23], "uv_size": [0.5, 0.5]},
								"west": {"uv": [7.5, 22], "uv_size": [0.5, 0.5]},
								"up": {"uv": [11, 21.5], "uv_size": [-0.5, -0.5]}
							}
						},
						{
							"origin": [2.94978, 6.4233, -2.95734],
							"size": [0.21407, 0.1371, 0.21407],
							"pivot": [2.0744, 1.42536, -3.7527],
							"rotation": [4.64175, -1.22082, -69.91876],
							"uv": {
								"north": {"uv": [10, 23], "uv_size": [0.5, 0.5]},
								"east": {"uv": [10.5, 23], "uv_size": [0.5, 0.5]},
								"south": {"uv": [9.5, 22.5], "uv_size": [0.5, 0.5]},
								"west": {"uv": [5, 23], "uv_size": [0.5, 0.5]},
								"up": {"uv": [13, 18], "uv_size": [0.5, 0.5]}
							}
						},
						{
							"origin": [2.99548, 6.54518, -2.91163],
							"size": [0.12266, 0.0914, 0.12266],
							"pivot": [2.0744, 1.42536, -3.7527],
							"rotation": [4.64175, -1.22082, -69.91876],
							"uv": {
								"north": {"uv": [12, 23], "uv_size": [0.5, 0.5]},
								"east": {"uv": [14, 18], "uv_size": [0.5, 0.5]},
								"south": {"uv": [10.5, 21], "uv_size": [0.5, 0.5]},
								"west": {"uv": [14.5, 22], "uv_size": [0.5, 0.5]},
								"up": {"uv": [14.5, 22], "uv_size": [0.5, 0.5]}
							}
						},
						{
							"origin": [1.30447, 5.13274, -3.04874],
							"size": [0.12187, 0.24375, 0.39688],
							"pivot": [2.0744, 1.42536, -3.7527],
							"rotation": [3.82334, -2.90303, -47.4662],
							"uv": {
								"north": {"uv": [5, 24], "uv_size": [0.5, 0.5]},
								"east": {"uv": [5, 24], "uv_size": [0.5, 0.5]},
								"south": {"uv": [5, 24], "uv_size": [0.5, 0.5]},
								"west": {"uv": [5, 24], "uv_size": [0.5, 0.5]},
								"up": {"uv": [5.5, 24.5], "uv_size": [-0.5, -0.5]},
								"down": {"uv": [5.5, 24.5], "uv_size": [-0.5, -0.5]}
							}
						},
						{
							"origin": [4.53773, 4.38082, -3.04874],
							"size": [0.12187, 0.24375, 0.39688],
							"pivot": [2.0744, 1.42536, -3.7527],
							"rotation": [4.75567, 0.64618, -92.34245],
							"uv": {
								"north": {"uv": [5, 24], "uv_size": [0.5, 0.5]},
								"east": {"uv": [5, 24], "uv_size": [0.5, 0.5]},
								"south": {"uv": [5, 24], "uv_size": [0.5, 0.5]},
								"west": {"uv": [5, 24], "uv_size": [0.5, 0.5]},
								"up": {"uv": [5.5, 24.5], "uv_size": [-0.5, -0.5]},
								"down": {"uv": [5.5, 24.5], "uv_size": [-0.5, -0.5]}
							}
						},
						{
							"origin": [2.78181, 3.75481, -3.13521],
							"size": [0.55, 0.0914, 0.55],
							"pivot": [2.0744, 1.42536, -3.7527],
							"rotation": [4.64175, -1.22082, -69.91876],
							"uv": {
								"north": {"uv": [3, 19], "uv_size": [0.5, 0.5]},
								"east": {"uv": [4, 19], "uv_size": [0.5, 0.5]},
								"south": {"uv": [7, 23], "uv_size": [0.5, 0.5]},
								"west": {"uv": [5.5, 23], "uv_size": [0.5, 0.5]},
								"up": {"uv": [7, 19], "uv_size": [0.5, 0.5]},
								"down": {"uv": [8, 23.5], "uv_size": [0.5, -0.5]}
							}
						},
						{
							"origin": [2.78181, 3.904, -2.3617],
							"size": [0.55, 1.20782, 0.55],
							"pivot": [2.0744, 1.42536, -3.7527],
							"rotation": [6.64175, -1.22082, -69.91876],
							"uv": {
								"north": {"uv": [3, 21], "uv_size": [1, 2]},
								"east": {"uv": [2, 21], "uv_size": [1, 2]},
								"south": {"uv": [1, 21], "uv_size": [0.5, 2]},
								"west": {"uv": [0, 21], "uv_size": [1, 2]},
								"up": {"uv": [5.5, 24.5], "uv_size": [-0.5, -0.5]},
								"down": {"uv": [5.5, 24.5], "uv_size": [-0.5, -0.5]}
							}
						},
						{
							"origin": [2.85837, 5.17119, -2.28514],
							"size": [0.39688, 0.54843, 0.39688],
							"pivot": [2.0744, 1.42536, -3.7527],
							"rotation": [6.64175, -1.22082, -69.91876],
							"uv": {
								"north": {"uv": [5, 24], "uv_size": [0.5, 0.5]},
								"east": {"uv": [5, 24], "uv_size": [0.5, 0.5]},
								"south": {"uv": [5, 24], "uv_size": [0.5, 0.5]},
								"west": {"uv": [5, 24], "uv_size": [0.5, 0.5]},
								"up": {"uv": [5.5, 24.5], "uv_size": [-0.5, -0.5]},
								"down": {"uv": [5.5, 24.5], "uv_size": [-0.5, -0.5]}
							}
						},
						{
							"origin": [2.85837, 5.36351, -3.87832],
							"size": [0.39688, 0.24375, 0.12187],
							"pivot": [2.0744, 1.42536, -3.7527],
							"rotation": [-15.85825, -1.22082, -69.91876],
							"uv": {
								"north": {"uv": [1, 24], "uv_size": [0.5, 0.5]},
								"east": {"uv": [5, 24], "uv_size": [0.5, 0.5]},
								"south": {"uv": [6, 17], "uv_size": [0.5, 0.5]},
								"west": {"uv": [6.5, 21], "uv_size": [0.5, 0.5]}
							}
						},
						{
							"origin": [2.88885, 5.71962, -2.25467],
							"size": [0.33593, 0.36563, 0.33593],
							"pivot": [2.0744, 1.42536, -3.7527],
							"rotation": [6.64175, -1.22082, -69.91876],
							"uv": {
								"north": {"uv": [9, 22.5], "uv_size": [0.5, 0.5]},
								"east": {"uv": [9, 22], "uv_size": [0.5, 0.5]},
								"south": {"uv": [9, 22.5], "uv_size": [0.5, 0.5]},
								"west": {"uv": [10.5, 21], "uv_size": [0.5, 0.5]},
								"up": {"uv": [11, 21.5], "uv_size": [-0.5, -0.5]}
							}
						},
						{
							"origin": [2.85837, 4.08841, -0.67059],
							"size": [0.39688, 0.24375, 0.12187],
							"pivot": [2.0744, 1.42536, -3.7527],
							"rotation": [29.14175, -1.22082, -69.91876],
							"uv": {
								"north": {"uv": [1, 18], "uv_size": [0.5, 0.5]},
								"east": {"uv": [5, 24], "uv_size": [0.5, 0.5]},
								"south": {"uv": [1, 24], "uv_size": [0.5, 0.5]},
								"west": {"uv": [5, 24], "uv_size": [0.5, 0.5]}
							}
						},
						{
							"origin": [2.91932, 6.08525, -2.2242],
							"size": [0.27499, 0.30469, 0.27499],
							"pivot": [2.0744, 1.42536, -3.7527],
							"rotation": [6.64175, -1.22082, -69.91876],
							"uv": {
								"north": {"uv": [5.5, 22], "uv_size": [0.5, 0.5]},
								"east": {"uv": [9.5, 22], "uv_size": [0.5, 0.5]},
								"south": {"uv": [9.5, 23], "uv_size": [0.5, 0.5]},
								"west": {"uv": [7.5, 22], "uv_size": [0.5, 0.5]},
								"up": {"uv": [11, 21.5], "uv_size": [-0.5, -0.5]}
							}
						},
						{
							"origin": [2.94978, 6.38994, -2.19374],
							"size": [0.21407, 0.1371, 0.21407],
							"pivot": [2.0744, 1.42536, -3.7527],
							"rotation": [6.64175, -1.22082, -69.91876],
							"uv": {
								"north": {"uv": [10, 23], "uv_size": [0.5, 0.5]},
								"east": {"uv": [10.5, 23], "uv_size": [0.5, 0.5]},
								"south": {"uv": [9.5, 22.5], "uv_size": [0.5, 0.5]},
								"west": {"uv": [5, 23], "uv_size": [0.5, 0.5]},
								"up": {"uv": [13, 18], "uv_size": [0.5, 0.5]}
							}
						},
						{
							"origin": [2.99548, 6.51182, -2.14803],
							"size": [0.12266, 0.0914, 0.12266],
							"pivot": [2.0744, 1.42536, -3.7527],
							"rotation": [6.64175, -1.22082, -69.91876],
							"uv": {
								"north": {"uv": [12, 23], "uv_size": [0.5, 0.5]},
								"east": {"uv": [14, 18], "uv_size": [0.5, 0.5]},
								"south": {"uv": [10.5, 21], "uv_size": [0.5, 0.5]},
								"west": {"uv": [14.5, 22], "uv_size": [0.5, 0.5]},
								"up": {"uv": [14.5, 22], "uv_size": [0.5, 0.5]}
							}
						},
						{
							"origin": [1.31724, 5.10193, -2.28514],
							"size": [0.12187, 0.24375, 0.39688],
							"pivot": [2.0744, 1.42536, -3.7527],
							"rotation": [5.67476, -3.66573, -47.52967],
							"uv": {
								"north": {"uv": [5, 24], "uv_size": [0.5, 0.5]},
								"east": {"uv": [5, 24], "uv_size": [0.5, 0.5]},
								"south": {"uv": [5, 24], "uv_size": [0.5, 0.5]},
								"west": {"uv": [5, 24], "uv_size": [0.5, 0.5]},
								"up": {"uv": [5.5, 24.5], "uv_size": [-0.5, -0.5]},
								"down": {"uv": [5.5, 24.5], "uv_size": [-0.5, -0.5]}
							}
						},
						{
							"origin": [4.52497, 4.35001, -2.28514],
							"size": [0.12187, 0.24375, 0.39688],
							"pivot": [2.0744, 1.42536, -3.7527],
							"rotation": [6.60481, 1.40776, -92.26668],
							"uv": {
								"north": {"uv": [5, 24], "uv_size": [0.5, 0.5]},
								"east": {"uv": [5, 24], "uv_size": [0.5, 0.5]},
								"south": {"uv": [5, 24], "uv_size": [0.5, 0.5]},
								"west": {"uv": [5, 24], "uv_size": [0.5, 0.5]},
								"up": {"uv": [5.5, 24.5], "uv_size": [-0.5, -0.5]},
								"down": {"uv": [5.5, 24.5], "uv_size": [-0.5, -0.5]}
							}
						},
						{
							"origin": [2.78181, 3.72119, -2.3617],
							"size": [0.55, 0.0914, 0.55],
							"pivot": [2.0744, 1.42536, -3.7527],
							"rotation": [6.64175, -1.22082, -69.91876],
							"uv": {
								"north": {"uv": [3, 19], "uv_size": [0.5, 0.5]},
								"east": {"uv": [4, 19], "uv_size": [0.5, 0.5]},
								"south": {"uv": [7, 23], "uv_size": [0.5, 0.5]},
								"west": {"uv": [5.5, 23], "uv_size": [0.5, 0.5]},
								"up": {"uv": [7, 19], "uv_size": [0.5, 0.5]},
								"down": {"uv": [8, 23.5], "uv_size": [0.5, -0.5]}
							}
						},
						{
							"origin": [2.84274, 3.78212, -2.30076],
							"size": [0.42813, 0.12188, 0.42813],
							"pivot": [2.0744, 1.42536, -3.7527],
							"rotation": [6.64175, -1.22082, -69.91876],
							"uv": {
								"north": {"uv": [5, 24], "uv_size": [0.5, 0.5]},
								"east": {"uv": [5, 24], "uv_size": [0.5, 0.5]},
								"south": {"uv": [5, 24], "uv_size": [0.5, 0.5]},
								"west": {"uv": [5, 24], "uv_size": [0.5, 0.5]},
								"up": {"uv": [5.5, 24.5], "uv_size": [-0.5, -0.5]},
								"down": {"uv": [5.5, 24.5], "uv_size": [-0.5, -0.5]}
							}
						},
						{
							"origin": [2.84274, 3.78212, -1.70076],
							"size": [0.42813, 0.12188, 0.42813],
							"pivot": [2.0744, 1.42536, -3.7527],
							"rotation": [6.64175, -1.22082, -69.91876],
							"uv": {
								"north": {"uv": [5, 24], "uv_size": [0.5, 0.5]},
								"east": {"uv": [5, 24], "uv_size": [0.5, 0.5]},
								"south": {"uv": [5, 24], "uv_size": [0.5, 0.5]},
								"west": {"uv": [5, 24], "uv_size": [0.5, 0.5]},
								"up": {"uv": [5.5, 24.5], "uv_size": [-0.5, -0.5]},
								"down": {"uv": [5.5, 24.5], "uv_size": [-0.5, -0.5]}
							}
						},
						{
							"origin": [2.78181, 3.904, -1.7617],
							"size": [0.55, 1.20782, 0.55],
							"pivot": [2.0744, 1.42536, -3.7527],
							"rotation": [6.64175, -1.22082, -69.91876],
							"uv": {
								"north": {"uv": [3, 21], "uv_size": [1, 2]},
								"east": {"uv": [2, 21], "uv_size": [1, 2]},
								"south": {"uv": [1, 21], "uv_size": [0.5, 2]},
								"west": {"uv": [0, 21], "uv_size": [1, 2]},
								"up": {"uv": [5.5, 24.5], "uv_size": [-0.5, -0.5]},
								"down": {"uv": [5.5, 24.5], "uv_size": [-0.5, -0.5]}
							}
						},
						{
							"origin": [2.85837, 5.17119, -1.68514],
							"size": [0.39688, 0.54843, 0.39688],
							"pivot": [2.0744, 1.42536, -3.7527],
							"rotation": [6.64175, -1.22082, -69.91876],
							"uv": {
								"north": {"uv": [5, 24], "uv_size": [0.5, 0.5]},
								"east": {"uv": [5, 24], "uv_size": [0.5, 0.5]},
								"south": {"uv": [5, 24], "uv_size": [0.5, 0.5]},
								"west": {"uv": [5, 24], "uv_size": [0.5, 0.5]},
								"up": {"uv": [5.5, 24.5], "uv_size": [-0.5, -0.5]},
								"down": {"uv": [5.5, 24.5], "uv_size": [-0.5, -0.5]}
							}
						},
						{
							"origin": [2.85837, 5.59312, -3.324],
							"size": [0.39688, 0.24375, 0.12187],
							"pivot": [2.0744, 1.42536, -3.7527],
							"rotation": [-15.85825, -1.22082, -69.91876],
							"uv": {
								"north": {"uv": [1, 24], "uv_size": [0.5, 0.5]},
								"east": {"uv": [5, 24], "uv_size": [0.5, 0.5]},
								"south": {"uv": [6, 17], "uv_size": [0.5, 0.5]},
								"west": {"uv": [6.5, 21], "uv_size": [0.5, 0.5]}
							}
						},
						{
							"origin": [2.88885, 5.71962, -1.65467],
							"size": [0.33593, 0.36563, 0.33593],
							"pivot": [2.0744, 1.42536, -3.7527],
							"rotation": [6.64175, -1.22082, -69.91876],
							"uv": {
								"north": {"uv": [9, 22.5], "uv_size": [0.5, 0.5]},
								"east": {"uv": [9, 22], "uv_size": [0.5, 0.5]},
								"south": {"uv": [9, 22.5], "uv_size": [0.5, 0.5]},
								"west": {"uv": [10.5, 21], "uv_size": [0.5, 0.5]},
								"up": {"uv": [11, 21.5], "uv_size": [-0.5, -0.5]}
							}
						},
						{
							"origin": [2.85837, 3.8588, -0.11626],
							"size": [0.39688, 0.24375, 0.12187],
							"pivot": [2.0744, 1.42536, -3.7527],
							"rotation": [29.14175, -1.22082, -69.91876],
							"uv": {
								"north": {"uv": [1, 18], "uv_size": [0.5, 0.5]},
								"east": {"uv": [5, 24], "uv_size": [0.5, 0.5]},
								"south": {"uv": [1, 24], "uv_size": [0.5, 0.5]},
								"west": {"uv": [5, 24], "uv_size": [0.5, 0.5]}
							}
						},
						{
							"origin": [2.91932, 6.08525, -1.6242],
							"size": [0.27499, 0.30469, 0.27499],
							"pivot": [2.0744, 1.42536, -3.7527],
							"rotation": [6.64175, -1.22082, -69.91876],
							"uv": {
								"north": {"uv": [5.5, 22], "uv_size": [0.5, 0.5]},
								"east": {"uv": [9.5, 22], "uv_size": [0.5, 0.5]},
								"south": {"uv": [9.5, 23], "uv_size": [0.5, 0.5]},
								"west": {"uv": [7.5, 22], "uv_size": [0.5, 0.5]},
								"up": {"uv": [11, 21.5], "uv_size": [-0.5, -0.5]}
							}
						},
						{
							"origin": [2.94978, 6.38994, -1.59374],
							"size": [0.21407, 0.1371, 0.21407],
							"pivot": [2.0744, 1.42536, -3.7527],
							"rotation": [6.64175, -1.22082, -69.91876],
							"uv": {
								"north": {"uv": [10, 23], "uv_size": [0.5, 0.5]},
								"east": {"uv": [10.5, 23], "uv_size": [0.5, 0.5]},
								"south": {"uv": [9.5, 22.5], "uv_size": [0.5, 0.5]},
								"west": {"uv": [5, 23], "uv_size": [0.5, 0.5]},
								"up": {"uv": [13, 18], "uv_size": [0.5, 0.5]}
							}
						},
						{
							"origin": [2.99548, 6.51182, -1.54803],
							"size": [0.12266, 0.0914, 0.12266],
							"pivot": [2.0744, 1.42536, -3.7527],
							"rotation": [6.64175, -1.22082, -69.91876],
							"uv": {
								"north": {"uv": [12, 23], "uv_size": [0.5, 0.5]},
								"east": {"uv": [14, 18], "uv_size": [0.5, 0.5]},
								"south": {"uv": [10.5, 21], "uv_size": [0.5, 0.5]},
								"west": {"uv": [14.5, 22], "uv_size": [0.5, 0.5]},
								"up": {"uv": [14.5, 22], "uv_size": [0.5, 0.5]}
							}
						},
						{
							"origin": [1.31724, 5.10193, -1.68514],
							"size": [0.12187, 0.24375, 0.39688],
							"pivot": [2.0744, 1.42536, -3.7527],
							"rotation": [5.67476, -3.66573, -47.52967],
							"uv": {
								"north": {"uv": [5, 24], "uv_size": [0.5, 0.5]},
								"east": {"uv": [5, 24], "uv_size": [0.5, 0.5]},
								"south": {"uv": [5, 24], "uv_size": [0.5, 0.5]},
								"west": {"uv": [5, 24], "uv_size": [0.5, 0.5]},
								"up": {"uv": [5.5, 24.5], "uv_size": [-0.5, -0.5]},
								"down": {"uv": [5.5, 24.5], "uv_size": [-0.5, -0.5]}
							}
						},
						{
							"origin": [4.52497, 4.35001, -1.68514],
							"size": [0.12187, 0.24375, 0.39688],
							"pivot": [2.0744, 1.42536, -3.7527],
							"rotation": [6.60481, 1.40776, -92.26668],
							"uv": {
								"north": {"uv": [5, 24], "uv_size": [0.5, 0.5]},
								"east": {"uv": [5, 24], "uv_size": [0.5, 0.5]},
								"south": {"uv": [5, 24], "uv_size": [0.5, 0.5]},
								"west": {"uv": [5, 24], "uv_size": [0.5, 0.5]},
								"up": {"uv": [5.5, 24.5], "uv_size": [-0.5, -0.5]},
								"down": {"uv": [5.5, 24.5], "uv_size": [-0.5, -0.5]}
							}
						},
						{
							"origin": [2.78181, 3.72119, -1.7617],
							"size": [0.55, 0.0914, 0.55],
							"pivot": [2.0744, 1.42536, -3.7527],
							"rotation": [6.64175, -1.22082, -69.91876],
							"uv": {
								"north": {"uv": [3, 19], "uv_size": [0.5, 0.5]},
								"east": {"uv": [4, 19], "uv_size": [0.5, 0.5]},
								"south": {"uv": [7, 23], "uv_size": [0.5, 0.5]},
								"west": {"uv": [5.5, 23], "uv_size": [0.5, 0.5]},
								"up": {"uv": [7, 19], "uv_size": [0.5, 0.5]},
								"down": {"uv": [8, 23.5], "uv_size": [0.5, -0.5]}
							}
						},
						{
							"origin": [2.84274, 3.78212, -1.05076],
							"size": [0.42813, 0.12188, 0.42813],
							"pivot": [2.0744, 1.42536, -3.7527],
							"rotation": [6.64175, -1.22082, -69.91876],
							"uv": {
								"north": {"uv": [5, 24], "uv_size": [0.5, 0.5]},
								"east": {"uv": [5, 24], "uv_size": [0.5, 0.5]},
								"south": {"uv": [5, 24], "uv_size": [0.5, 0.5]},
								"west": {"uv": [5, 24], "uv_size": [0.5, 0.5]},
								"up": {"uv": [5.5, 24.5], "uv_size": [-0.5, -0.5]},
								"down": {"uv": [5.5, 24.5], "uv_size": [-0.5, -0.5]}
							}
						},
						{
							"origin": [2.78181, 3.904, -1.1117],
							"size": [0.55, 1.20782, 0.55],
							"pivot": [2.0744, 1.42536, -3.7527],
							"rotation": [6.64175, -1.22082, -69.91876],
							"uv": {
								"north": {"uv": [3, 21], "uv_size": [1, 2]},
								"east": {"uv": [2, 21], "uv_size": [1, 2]},
								"south": {"uv": [1, 21], "uv_size": [0.5, 2]},
								"west": {"uv": [0, 21], "uv_size": [1, 2]},
								"up": {"uv": [5.5, 24.5], "uv_size": [-0.5, -0.5]},
								"down": {"uv": [5.5, 24.5], "uv_size": [-0.5, -0.5]}
							}
						},
						{
							"origin": [2.85837, 5.17119, -1.03514],
							"size": [0.39688, 0.54843, 0.39688],
							"pivot": [2.0744, 1.42536, -3.7527],
							"rotation": [6.64175, -1.22082, -69.91876],
							"uv": {
								"north": {"uv": [5, 24], "uv_size": [0.5, 0.5]},
								"east": {"uv": [5, 24], "uv_size": [0.5, 0.5]},
								"south": {"uv": [5, 24], "uv_size": [0.5, 0.5]},
								"west": {"uv": [5, 24], "uv_size": [0.5, 0.5]},
								"up": {"uv": [5.5, 24.5], "uv_size": [-0.5, -0.5]},
								"down": {"uv": [5.5, 24.5], "uv_size": [-0.5, -0.5]}
							}
						},
						{
							"origin": [2.85837, 5.84186, -2.72347],
							"size": [0.39688, 0.24375, 0.12187],
							"pivot": [2.0744, 1.42536, -3.7527],
							"rotation": [-15.85825, -1.22082, -69.91876],
							"uv": {
								"north": {"uv": [1, 24], "uv_size": [0.5, 0.5]},
								"east": {"uv": [5, 24], "uv_size": [0.5, 0.5]},
								"south": {"uv": [6, 17], "uv_size": [0.5, 0.5]},
								"west": {"uv": [6.5, 21], "uv_size": [0.5, 0.5]}
							}
						},
						{
							"origin": [2.88885, 5.71962, -1.00467],
							"size": [0.33593, 0.36563, 0.33593],
							"pivot": [2.0744, 1.42536, -3.7527],
							"rotation": [6.64175, -1.22082, -69.91876],
							"uv": {
								"north": {"uv": [9, 22.5], "uv_size": [0.5, 0.5]},
								"east": {"uv": [9, 22], "uv_size": [0.5, 0.5]},
								"south": {"uv": [9, 22.5], "uv_size": [0.5, 0.5]},
								"west": {"uv": [10.5, 21], "uv_size": [0.5, 0.5]},
								"up": {"uv": [11, 21.5], "uv_size": [-0.5, -0.5]}
							}
						},
						{
							"origin": [2.85837, 3.61005, 0.48426],
							"size": [0.39688, 0.24375, 0.12187],
							"pivot": [2.0744, 1.42536, -3.7527],
							"rotation": [29.14175, -1.22082, -69.91876],
							"uv": {
								"north": {"uv": [1, 18], "uv_size": [0.5, 0.5]},
								"east": {"uv": [5, 24], "uv_size": [0.5, 0.5]},
								"south": {"uv": [1, 24], "uv_size": [0.5, 0.5]},
								"west": {"uv": [5, 24], "uv_size": [0.5, 0.5]}
							}
						},
						{
							"origin": [2.91932, 6.08525, -0.9742],
							"size": [0.27499, 0.30469, 0.27499],
							"pivot": [2.0744, 1.42536, -3.7527],
							"rotation": [6.64175, -1.22082, -69.91876],
							"uv": {
								"north": {"uv": [5.5, 22], "uv_size": [0.5, 0.5]},
								"east": {"uv": [9.5, 22], "uv_size": [0.5, 0.5]},
								"south": {"uv": [9.5, 23], "uv_size": [0.5, 0.5]},
								"west": {"uv": [7.5, 22], "uv_size": [0.5, 0.5]},
								"up": {"uv": [11, 21.5], "uv_size": [-0.5, -0.5]}
							}
						},
						{
							"origin": [2.94978, 6.38994, -0.94374],
							"size": [0.21407, 0.1371, 0.21407],
							"pivot": [2.0744, 1.42536, -3.7527],
							"rotation": [6.64175, -1.22082, -69.91876],
							"uv": {
								"north": {"uv": [10, 23], "uv_size": [0.5, 0.5]},
								"east": {"uv": [10.5, 23], "uv_size": [0.5, 0.5]},
								"south": {"uv": [9.5, 22.5], "uv_size": [0.5, 0.5]},
								"west": {"uv": [5, 23], "uv_size": [0.5, 0.5]},
								"up": {"uv": [13, 18], "uv_size": [0.5, 0.5]}
							}
						},
						{
							"origin": [2.99548, 6.51182, -0.89803],
							"size": [0.12266, 0.0914, 0.12266],
							"pivot": [2.0744, 1.42536, -3.7527],
							"rotation": [6.64175, -1.22082, -69.91876],
							"uv": {
								"north": {"uv": [12, 23], "uv_size": [0.5, 0.5]},
								"east": {"uv": [14, 18], "uv_size": [0.5, 0.5]},
								"south": {"uv": [10.5, 21], "uv_size": [0.5, 0.5]},
								"west": {"uv": [14.5, 22], "uv_size": [0.5, 0.5]},
								"up": {"uv": [14.5, 22], "uv_size": [0.5, 0.5]}
							}
						},
						{
							"origin": [1.31724, 5.10193, -1.03514],
							"size": [0.12187, 0.24375, 0.39688],
							"pivot": [2.0744, 1.42536, -3.7527],
							"rotation": [5.67476, -3.66573, -47.52967],
							"uv": {
								"north": {"uv": [5, 24], "uv_size": [0.5, 0.5]},
								"east": {"uv": [5, 24], "uv_size": [0.5, 0.5]},
								"south": {"uv": [5, 24], "uv_size": [0.5, 0.5]},
								"west": {"uv": [5, 24], "uv_size": [0.5, 0.5]},
								"up": {"uv": [5.5, 24.5], "uv_size": [-0.5, -0.5]},
								"down": {"uv": [5.5, 24.5], "uv_size": [-0.5, -0.5]}
							}
						},
						{
							"origin": [4.52497, 4.35001, -1.03514],
							"size": [0.12187, 0.24375, 0.39688],
							"pivot": [2.0744, 1.42536, -3.7527],
							"rotation": [6.60481, 1.40776, -92.26668],
							"uv": {
								"north": {"uv": [5, 24], "uv_size": [0.5, 0.5]},
								"east": {"uv": [5, 24], "uv_size": [0.5, 0.5]},
								"south": {"uv": [5, 24], "uv_size": [0.5, 0.5]},
								"west": {"uv": [5, 24], "uv_size": [0.5, 0.5]},
								"up": {"uv": [5.5, 24.5], "uv_size": [-0.5, -0.5]},
								"down": {"uv": [5.5, 24.5], "uv_size": [-0.5, -0.5]}
							}
						},
						{
							"origin": [2.78181, 3.72119, -1.1117],
							"size": [0.55, 0.0914, 0.55],
							"pivot": [2.0744, 1.42536, -3.7527],
							"rotation": [6.64175, -1.22082, -69.91876],
							"uv": {
								"north": {"uv": [3, 19], "uv_size": [0.5, 0.5]},
								"east": {"uv": [4, 19], "uv_size": [0.5, 0.5]},
								"south": {"uv": [7, 23], "uv_size": [0.5, 0.5]},
								"west": {"uv": [5.5, 23], "uv_size": [0.5, 0.5]},
								"up": {"uv": [7, 19], "uv_size": [0.5, 0.5]},
								"down": {"uv": [8, 23.5], "uv_size": [0.5, -0.5]}
							}
						}
					]
				},
				{
					"name": "rounds",
					"parent": "root",
					"pivot": [3.40543, 0.28574, -3.7293],
					"rotation": [0, -162.5, 0],
					"cubes": [
						{
							"origin": [3.70318, -0.65709, -4.25358],
							"size": [0.55, 0.0914, 0.55],
							"pivot": [3.98932, 0.28432, -3.96909],
							"rotation": [-91.00956, 68.68361, 180],
							"uv": {
								"north": {"uv": [3, 19], "uv_size": [0.5, 0.5]},
								"east": {"uv": [4, 19], "uv_size": [0.5, 0.5]},
								"south": {"uv": [7, 23], "uv_size": [0.5, 0.5]},
								"west": {"uv": [5.5, 23], "uv_size": [0.5, 0.5]},
								"up": {"uv": [7, 19], "uv_size": [0.5, 0.5]},
								"down": {"uv": [8, 23.5], "uv_size": [0.5, -0.5]}
							}
						},
						{
							"origin": [3.76411, -0.59616, -4.19264],
							"size": [0.42813, 0.12188, 0.42813],
							"pivot": [3.98932, 0.28432, -3.96909],
							"rotation": [-91.00956, 68.68361, 180],
							"uv": {
								"north": {"uv": [5, 24], "uv_size": [0.5, 0.5]},
								"east": {"uv": [5, 24], "uv_size": [0.5, 0.5]},
								"south": {"uv": [5, 24], "uv_size": [0.5, 0.5]},
								"west": {"uv": [5, 24], "uv_size": [0.5, 0.5]},
								"up": {"uv": [5.5, 24.5], "uv_size": [-0.5, -0.5]},
								"down": {"uv": [5.5, 24.5], "uv_size": [-0.5, -0.5]}
							}
						},
						{
							"origin": [3.70318, -0.47428, -4.25358],
							"size": [0.55, 1.20782, 0.55],
							"pivot": [3.98932, 0.28432, -3.96909],
							"rotation": [-91.00956, 68.68361, 180],
							"uv": {
								"north": {"uv": [3, 21], "uv_size": [1, 2]},
								"east": {"uv": [2, 21], "uv_size": [1, 2]},
								"south": {"uv": [1, 21], "uv_size": [0.5, 2]},
								"west": {"uv": [0, 21], "uv_size": [1, 2]},
								"up": {"uv": [5.5, 24.5], "uv_size": [-0.5, -0.5]},
								"down": {"uv": [5.5, 24.5], "uv_size": [-0.5, -0.5]}
							}
						},
						{
							"origin": [4.28313, 0.59836, -4.17702],
							"size": [0.12187, 0.24375, 0.39688],
							"pivot": [3.98932, 0.28432, -3.96909],
							"rotation": [-91.08345, 46.18727, 180],
							"uv": {
								"north": {"uv": [5, 24], "uv_size": [0.5, 0.5]},
								"east": {"uv": [5, 24], "uv_size": [0.5, 0.5]},
								"south": {"uv": [5, 24], "uv_size": [0.5, 0.5]},
								"west": {"uv": [5, 24], "uv_size": [0.5, 0.5]},
								"up": {"uv": [5.5, 24.5], "uv_size": [-0.5, -0.5]},
								"down": {"uv": [5.5, 24.5], "uv_size": [-0.5, -0.5]}
							}
						},
						{
							"origin": [3.77974, 0.59046, -4.40382],
							"size": [0.39688, 0.24375, 0.12187],
							"pivot": [3.98932, 0.28432, -3.96909],
							"rotation": [-113.50956, 68.68361, 180],
							"uv": {
								"north": {"uv": [1, 24], "uv_size": [0.5, 0.5]},
								"east": {"uv": [5, 24], "uv_size": [0.5, 0.5]},
								"south": {"uv": [6, 17], "uv_size": [0.5, 0.5]},
								"west": {"uv": [6.5, 21], "uv_size": [0.5, 0.5]}
							}
						},
						{
							"origin": [3.55307, 0.58984, -4.17702],
							"size": [0.12187, 0.24375, 0.39688],
							"pivot": [3.98932, 0.28432, -3.96909],
							"rotation": [88.89785, 88.82011, 0],
							"uv": {
								"north": {"uv": [5, 24], "uv_size": [0.5, 0.5]},
								"east": {"uv": [5, 24], "uv_size": [0.5, 0.5]},
								"south": {"uv": [5, 24], "uv_size": [0.5, 0.5]},
								"west": {"uv": [5, 24], "uv_size": [0.5, 0.5]},
								"up": {"uv": [5.5, 24.5], "uv_size": [-0.5, -0.5]},
								"down": {"uv": [5.5, 24.5], "uv_size": [-0.5, -0.5]}
							}
						},
						{
							"origin": [3.81022, 1.34134, -4.14655],
							"size": [0.33593, 0.36563, 0.33593],
							"pivot": [3.98932, 0.28432, -3.96909],
							"rotation": [-91.00956, 68.68361, 180],
							"uv": {
								"north": {"uv": [9, 22.5], "uv_size": [0.5, 0.5]},
								"east": {"uv": [9, 22], "uv_size": [0.5, 0.5]},
								"south": {"uv": [9, 22.5], "uv_size": [0.5, 0.5]},
								"west": {"uv": [10.5, 21], "uv_size": [0.5, 0.5]},
								"up": {"uv": [11, 21.5], "uv_size": [-0.5, -0.5]}
							}
						},
						{
							"origin": [3.84069, 1.70697, -4.11608],
							"size": [0.27499, 0.30469, 0.27499],
							"pivot": [3.98932, 0.28432, -3.96909],
							"rotation": [-91.00956, 68.68361, 180],
							"uv": {
								"north": {"uv": [5.5, 22], "uv_size": [0.5, 0.5]},
								"east": {"uv": [9.5, 22], "uv_size": [0.5, 0.5]},
								"south": {"uv": [9.5, 23], "uv_size": [0.5, 0.5]},
								"west": {"uv": [7.5, 22], "uv_size": [0.5, 0.5]},
								"up": {"uv": [11, 21.5], "uv_size": [-0.5, -0.5]}
							}
						},
						{
							"origin": [3.87115, 2.01166, -4.08562],
							"size": [0.21407, 0.1371, 0.21407],
							"pivot": [3.98932, 0.28432, -3.96909],
							"rotation": [-91.00956, 68.68361, 180],
							"uv": {
								"north": {"uv": [10, 23], "uv_size": [0.5, 0.5]},
								"east": {"uv": [10.5, 23], "uv_size": [0.5, 0.5]},
								"south": {"uv": [9.5, 22.5], "uv_size": [0.5, 0.5]},
								"west": {"uv": [5, 23], "uv_size": [0.5, 0.5]},
								"up": {"uv": [13, 18], "uv_size": [0.5, 0.5]}
							}
						},
						{
							"origin": [3.91685, 2.13354, -4.03991],
							"size": [0.12266, 0.0914, 0.12266],
							"pivot": [3.98932, 0.28432, -3.96909],
							"rotation": [-91.00956, 68.68361, 180],
							"uv": {
								"north": {"uv": [12, 23], "uv_size": [0.5, 0.5]},
								"east": {"uv": [14, 18], "uv_size": [0.5, 0.5]},
								"south": {"uv": [10.5, 21], "uv_size": [0.5, 0.5]},
								"west": {"uv": [14.5, 22], "uv_size": [0.5, 0.5]},
								"up": {"uv": [14.5, 22], "uv_size": [0.5, 0.5]}
							}
						},
						{
							"origin": [3.77974, 0.79291, -4.17702],
							"size": [0.39688, 0.54843, 0.39688],
							"pivot": [3.98932, 0.28432, -3.96909],
							"rotation": [-91.00956, 68.68361, 180],
							"uv": {
								"north": {"uv": [5, 24], "uv_size": [0.5, 0.5]},
								"east": {"uv": [5, 24], "uv_size": [0.5, 0.5]},
								"south": {"uv": [5, 24], "uv_size": [0.5, 0.5]},
								"west": {"uv": [5, 24], "uv_size": [0.5, 0.5]},
								"up": {"uv": [5.5, 24.5], "uv_size": [-0.5, -0.5]},
								"down": {"uv": [5.5, 24.5], "uv_size": [-0.5, -0.5]}
							}
						},
						{
							"origin": [3.77974, 0.59772, -3.67376],
							"size": [0.39688, 0.24375, 0.12187],
							"pivot": [3.98932, 0.28432, -3.96909],
							"rotation": [-68.50956, 68.68361, 180],
							"uv": {
								"north": {"uv": [1, 18], "uv_size": [0.5, 0.5]},
								"east": {"uv": [5, 24], "uv_size": [0.5, 0.5]},
								"south": {"uv": [1, 24], "uv_size": [0.5, 0.5]},
								"west": {"uv": [5, 24], "uv_size": [0.5, 0.5]}
							}
						}
					]
				},
				{
					"name": "rounds2",
					"parent": "rounds",
					"pivot": [1.70603, 0.28574, -7.05419],
					"rotation": [0, 102.5, 0],
					"cubes": [
						{
							"origin": [2.00378, -0.65709, -7.57847],
							"size": [0.55, 0.0914, 0.55],
							"pivot": [2.28991, 0.28432, -7.29398],
							"rotation": [-91.00956, 68.68361, 180],
							"uv": {
								"north": {"uv": [3, 19], "uv_size": [0.5, 0.5]},
								"east": {"uv": [4, 19], "uv_size": [0.5, 0.5]},
								"south": {"uv": [7, 23], "uv_size": [0.5, 0.5]},
								"west": {"uv": [5.5, 23], "uv_size": [0.5, 0.5]},
								"up": {"uv": [7, 19], "uv_size": [0.5, 0.5]},
								"down": {"uv": [8, 23.5], "uv_size": [0.5, -0.5]}
							}
						},
						{
							"origin": [2.06471, -0.59616, -7.51753],
							"size": [0.42813, 0.12188, 0.42813],
							"pivot": [2.28991, 0.28432, -7.29398],
							"rotation": [-91.00956, 68.68361, 180],
							"uv": {
								"north": {"uv": [5, 24], "uv_size": [0.5, 0.5]},
								"east": {"uv": [5, 24], "uv_size": [0.5, 0.5]},
								"south": {"uv": [5, 24], "uv_size": [0.5, 0.5]},
								"west": {"uv": [5, 24], "uv_size": [0.5, 0.5]},
								"up": {"uv": [5.5, 24.5], "uv_size": [-0.5, -0.5]},
								"down": {"uv": [5.5, 24.5], "uv_size": [-0.5, -0.5]}
							}
						},
						{
							"origin": [2.00378, -0.47428, -7.57847],
							"size": [0.55, 1.20782, 0.55],
							"pivot": [2.28991, 0.28432, -7.29398],
							"rotation": [-91.00956, 68.68361, 180],
							"uv": {
								"north": {"uv": [3, 21], "uv_size": [1, 2]},
								"east": {"uv": [2, 21], "uv_size": [1, 2]},
								"south": {"uv": [1, 21], "uv_size": [0.5, 2]},
								"west": {"uv": [0, 21], "uv_size": [1, 2]},
								"up": {"uv": [5.5, 24.5], "uv_size": [-0.5, -0.5]},
								"down": {"uv": [5.5, 24.5], "uv_size": [-0.5, -0.5]}
							}
						},
						{
							"origin": [2.58372, 0.59836, -7.50191],
							"size": [0.12187, 0.24375, 0.39688],
							"pivot": [2.28991, 0.28432, -7.29398],
							"rotation": [-91.08345, 46.18727, 180],
							"uv": {
								"north": {"uv": [5, 24], "uv_size": [0.5, 0.5]},
								"east": {"uv": [5, 24], "uv_size": [0.5, 0.5]},
								"south": {"uv": [5, 24], "uv_size": [0.5, 0.5]},
								"west": {"uv": [5, 24], "uv_size": [0.5, 0.5]},
								"up": {"uv": [5.5, 24.5], "uv_size": [-0.5, -0.5]},
								"down": {"uv": [5.5, 24.5], "uv_size": [-0.5, -0.5]}
							}
						},
						{
							"origin": [2.08034, 0.59046, -7.72871],
							"size": [0.39688, 0.24375, 0.12187],
							"pivot": [2.28991, 0.28432, -7.29398],
							"rotation": [-113.50956, 68.68361, 180],
							"uv": {
								"north": {"uv": [1, 24], "uv_size": [0.5, 0.5]},
								"east": {"uv": [5, 24], "uv_size": [0.5, 0.5]},
								"south": {"uv": [6, 17], "uv_size": [0.5, 0.5]},
								"west": {"uv": [6.5, 21], "uv_size": [0.5, 0.5]}
							}
						},
						{
							"origin": [1.85367, 0.58984, -7.50191],
							"size": [0.12187, 0.24375, 0.39688],
							"pivot": [2.28991, 0.28432, -7.29398],
							"rotation": [88.89785, 88.82011, 0],
							"uv": {
								"north": {"uv": [5, 24], "uv_size": [0.5, 0.5]},
								"east": {"uv": [5, 24], "uv_size": [0.5, 0.5]},
								"south": {"uv": [5, 24], "uv_size": [0.5, 0.5]},
								"west": {"uv": [5, 24], "uv_size": [0.5, 0.5]},
								"up": {"uv": [5.5, 24.5], "uv_size": [-0.5, -0.5]},
								"down": {"uv": [5.5, 24.5], "uv_size": [-0.5, -0.5]}
							}
						},
						{
							"origin": [2.11082, 1.34134, -7.47144],
							"size": [0.33593, 0.36563, 0.33593],
							"pivot": [2.28991, 0.28432, -7.29398],
							"rotation": [-91.00956, 68.68361, 180],
							"uv": {
								"north": {"uv": [9, 22.5], "uv_size": [0.5, 0.5]},
								"east": {"uv": [9, 22], "uv_size": [0.5, 0.5]},
								"south": {"uv": [9, 22.5], "uv_size": [0.5, 0.5]},
								"west": {"uv": [10.5, 21], "uv_size": [0.5, 0.5]},
								"up": {"uv": [11, 21.5], "uv_size": [-0.5, -0.5]}
							}
						},
						{
							"origin": [2.14129, 1.70697, -7.44097],
							"size": [0.27499, 0.30469, 0.27499],
							"pivot": [2.28991, 0.28432, -7.29398],
							"rotation": [-91.00956, 68.68361, 180],
							"uv": {
								"north": {"uv": [5.5, 22], "uv_size": [0.5, 0.5]},
								"east": {"uv": [9.5, 22], "uv_size": [0.5, 0.5]},
								"south": {"uv": [9.5, 23], "uv_size": [0.5, 0.5]},
								"west": {"uv": [7.5, 22], "uv_size": [0.5, 0.5]},
								"up": {"uv": [11, 21.5], "uv_size": [-0.5, -0.5]}
							}
						},
						{
							"origin": [2.17175, 2.01166, -7.41051],
							"size": [0.21407, 0.1371, 0.21407],
							"pivot": [2.28991, 0.28432, -7.29398],
							"rotation": [-91.00956, 68.68361, 180],
							"uv": {
								"north": {"uv": [10, 23], "uv_size": [0.5, 0.5]},
								"east": {"uv": [10.5, 23], "uv_size": [0.5, 0.5]},
								"south": {"uv": [9.5, 22.5], "uv_size": [0.5, 0.5]},
								"west": {"uv": [5, 23], "uv_size": [0.5, 0.5]},
								"up": {"uv": [13, 18], "uv_size": [0.5, 0.5]}
							}
						},
						{
							"origin": [2.21745, 2.13354, -7.3648],
							"size": [0.12266, 0.0914, 0.12266],
							"pivot": [2.28991, 0.28432, -7.29398],
							"rotation": [-91.00956, 68.68361, 180],
							"uv": {
								"north": {"uv": [12, 23], "uv_size": [0.5, 0.5]},
								"east": {"uv": [14, 18], "uv_size": [0.5, 0.5]},
								"south": {"uv": [10.5, 21], "uv_size": [0.5, 0.5]},
								"west": {"uv": [14.5, 22], "uv_size": [0.5, 0.5]},
								"up": {"uv": [14.5, 22], "uv_size": [0.5, 0.5]}
							}
						},
						{
							"origin": [2.08034, 0.79291, -7.50191],
							"size": [0.39688, 0.54843, 0.39688],
							"pivot": [2.28991, 0.28432, -7.29398],
							"rotation": [-91.00956, 68.68361, 180],
							"uv": {
								"north": {"uv": [5, 24], "uv_size": [0.5, 0.5]},
								"east": {"uv": [5, 24], "uv_size": [0.5, 0.5]},
								"south": {"uv": [5, 24], "uv_size": [0.5, 0.5]},
								"west": {"uv": [5, 24], "uv_size": [0.5, 0.5]},
								"up": {"uv": [5.5, 24.5], "uv_size": [-0.5, -0.5]},
								"down": {"uv": [5.5, 24.5], "uv_size": [-0.5, -0.5]}
							}
						},
						{
							"origin": [2.08034, 0.59772, -6.99865],
							"size": [0.39688, 0.24375, 0.12187],
							"pivot": [2.28991, 0.28432, -7.29398],
							"rotation": [-68.50956, 68.68361, 180],
							"uv": {
								"north": {"uv": [1, 18], "uv_size": [0.5, 0.5]},
								"east": {"uv": [5, 24], "uv_size": [0.5, 0.5]},
								"south": {"uv": [1, 24], "uv_size": [0.5, 0.5]},
								"west": {"uv": [5, 24], "uv_size": [0.5, 0.5]}
							}
						}
					]
				},
				{
					"name": "positioning",
					"pivot": [-3.025, -8.95, -11.225]
				},
				{
					"name": "ground",
					"parent": "positioning",
					"pivot": [0, 0, 0]
				},
				{
					"name": "fixed",
					"parent": "positioning",
					"pivot": [0, 0, 0],
					"rotation": [-90, 0, 0]
				},
				{
					"name": "thirdperson_hand",
					"parent": "positioning",
					"pivot": [-0.025, 1.55, -0.225],
					"rotation": [0, -90, 0]
				}
			]
		}
	]
}