{
	"format_version": "1.8.0",
	"animations": {
		"static_bolt_caught": {
			"loop": true,
			"bones": {
				"416d_bolt": {
					"position": [0, 0, 5]
				},
				"release": {
					"rotation": [0, 0, 17.5]
				}
			}
		},
		"draw": {
			"animation_length": 0.7843,
			"bones": {
				"root": {
					"rotation": {
						"0.0": [30.00673, -2.0705, -27.00752],
						"0.3137": {
							"pre": [1.26636, -2.72255, -1.21189],
							"post": [1.26636, -2.72255, -1.21189],
							"lerp_mode": "catmullrom"
						},
						"0.549": {
							"post": [-0.065, -0.095, 0.79],
							"lerp_mode": "catmullrom"
						},
						"0.6667": {
							"post": [0, -0.03, 0.1],
							"lerp_mode": "catmullrom"
						},
						"0.7843": [0, 0, 0]
					},
					"position": {
						"0.0": [0.0625, -3.14062, 13.32813],
						"0.1961": {
							"pre": [0.275, -1.45, -0.38438],
							"post": [0.275, -1.45, -0.38438],
							"lerp_mode": "catmullrom"
						},
						"0.3529": {
							"post": [0.09, -0.56, -1.2],
							"lerp_mode": "catmullrom"
						},
						"0.4706": {
							"post": [-0.05, -0.075, 0.265],
							"lerp_mode": "catmullrom"
						},
						"0.5882": {
							"post": [0, 0, 0],
							"lerp_mode": "catmullrom"
						},
						"0.7451": {
							"post": [0, 0, 0],
							"lerp_mode": "catmullrom"
						}
					}
				},
				"lefthand": {
					"rotation": {
						"0.0": [92.44585, -22.23047, -119.50882],
						"0.2353": [96.3949, -30.74097, -137.03831]
					},
					"position": {
						"0.0": [15.57, -23.23, -4.95],
						"0.2353": [8.05, -11.75, -5]
					},
					"scale": [1, 1.5, 1]
				},
				"righthand": {
					"rotation": [91.51126, 6.99759, -179.81584],
					"position": [-6.875, -13.825, 6.8],
					"scale": [1, 1.5, 1]
				},
				"camera": {
					"rotation": {
						"0.0": [0, 0, 0],
						"0.2745": {
							"pre": [2.47178, -0.65182, 1.95744],
							"post": [2.47178, -0.65182, 1.95744],
							"lerp_mode": "catmullrom"
						},
						"0.5098": [0, 0, 0]
					}
				}
			},
			"sound_effects": {
				"0.0": {
					"effect": "m4a1_raise_v2"
				}
			}
		},
		"put_away": {
			"animation_length": 0.5333,
			"bones": {
				"root": {
					"rotation": {
						"0.0": {
							"post": [0, 0, 0],
							"lerp_mode": "catmullrom"
						},
						"0.0667": {
							"post": [-0.51171, -0.5301, -4.19401],
							"lerp_mode": "catmullrom"
						},
						"0.1333": {
							"post": [2.46882, -5.40679, -3.99382],
							"lerp_mode": "catmullrom"
						},
						"0.2333": {
							"post": [12.74519, -25.35519, 12.7657],
							"lerp_mode": "catmullrom"
						},
						"0.4": {
							"post": [32.04283, -33.29116, 21.60153],
							"lerp_mode": "catmullrom"
						},
						"0.5": {
							"post": [49.81196, -45.49555, 20.27054],
							"lerp_mode": "catmullrom"
						}
					},
					"position": {
						"0.0": {
							"post": [0, 0, 0],
							"lerp_mode": "catmullrom"
						},
						"0.0667": {
							"post": [-0.075, -0.49, 0.28],
							"lerp_mode": "catmullrom"
						},
						"0.1333": {
							"post": [-0.57, -1.47, 0.34],
							"lerp_mode": "catmullrom"
						},
						"0.2333": {
							"post": [-2.51, -3.42, 0.06],
							"lerp_mode": "catmullrom"
						},
						"0.4": {
							"post": [-2.23, -7.375, -0.335],
							"lerp_mode": "catmullrom"
						},
						"0.5333": {
							"post": [-2.55, -13.425, -0.35],
							"lerp_mode": "catmullrom"
						}
					}
				},
				"lefthand": {
					"rotation": {
						"0.0": [96.3949, -30.74097, -137.03831],
						"0.2": [156.62844, -0.35344, -245.73276]
					},
					"position": {
						"0.0": [8.05, -11.75, -5],
						"0.1": [9.745, -10.635, -4.995],
						"0.2": [8.42, -7.92, -1.745]
					},
					"scale": [1, 1.5, 1]
				},
				"righthand": {
					"rotation": [91.51126, 6.99759, -179.81584],
					"position": [-6.875, -13.825, 6.8],
					"scale": [1, 1.5, 1]
				},
				"camera": {
					"rotation": {
						"0.0": [0, 0, 0],
						"0.2333": {
							"pre": [2, 1, 1],
							"post": [2, 1, 1],
							"lerp_mode": "catmullrom"
						},
						"0.4": [0, 0, 0]
					}
				}
			},
			"sound_effects": {
				"0.1": {
					"effect": "p01_ar_mike4_drop"
				}
			}
		},
		"shoot": {
			"animation_length": 0.6333,
			"bones": {
				"bolt": {
					"position": {
						"0.0": [0, 0, 0],
						"0.0333": [0, 0, 5],
						"0.0667": [0, 0, 0]
					}
				},
				"root": {
					"rotation": {
						"0.0": [0, 0, 0],
						"0.0333": [1.225, 0, 0.725],
						"0.0667": [-0.595, 0, -1.175],
						"0.1": [-0.72, 0, -1.225],
						"0.1667": [0.18, 0, 0.525],
						"0.2667": [0.45, 0, -0.25],
						"0.3667": [0.225, -0.2, 0.25],
						"0.5": [0.055, -0.075, -0.075],
						"0.6333": [0, 0, 0]
					},
					"position": {
						"0.0": [0, 0, 0],
						"0.0333": [0, -0.025, 1.725],
						"0.0667": [0, -0.05, 1.38],
						"0.1333": [0, -0.05, -0.045],
						"0.2667": [0, -0.025, 0.1],
						"0.3667": [0, 0, 0]
					}
				},
				"416d_bolt": {
					"position": {
						"0.0": [0, 0, 0],
						"0.0333": [0, 0, 3],
						"0.0667": [0, 0, 0]
					}
				},
				"handle": {
					"rotation": {
						"0.0667": [0, 0, 0],
						"0.1": [0, 5, 0],
						"0.1333": [0, 5, 0],
						"0.1667": [0, 0, 0],
						"0.2": [0, 1.5, 0],
						"0.2333": [0, 0, 0]
					}
				}
			}
		},
		"reload_tactical": {
			"animation_length": 3.0417,
			"bones": {
				"lefthand": {
					"rotation": [96.3949, -30.74097, -137.03831],
					"position": [8.05, -11.75, -5],
					"scale": [1, 1.5, 1]
				},
				"righthand": {
					"rotation": {
						"0.0": [91.51126, 6.99759, -179.81584],
						"0.2917": [91.51, 7, -179.82],
						"0.3333": [91.51, 7, -179.82],
						"0.4583": [97.59039, 20.81952, -107.26188],
						"2.125": [97.59039, 20.81952, -107.26188],
						"2.25": [109.12256, 17.75813, -165.75552],
						"2.3333": [91.51126, 6.99759, -179.81584]
					},
					"position": {
						"0.0": [-6.875, -13.825, 6.8],
						"0.2917": [-6.87, -13.82, 6.8],
						"0.3333": [-10.87, -13.82, 0.8],
						"0.4583": [-6.87, -8.82, 0.8],
						"2.125": [-6.87, -8.82, 0.8],
						"2.2083": [-9.87, -10.82, 0.8],
						"2.3333": [-6.875, -13.825, 6.8]
					},
					"scale": [1, 1.5, 1]
				},
				"constraint": {
					"rotation": [0.1, 0.1, 0.1],
					"position": [0.1, 0.1, 0.4]
				},
				"root": {
					"rotation": {
						"0.0417": [0, 0, 0],
						"0.2083": [-30.38126, -8.64917, 5.03837],
						"0.25": [-33.38, -8.65, 5.04],
						"0.5833": [-29, -8.17, 5.89],
						"0.625": [-32.81727, -6.83003, 8.00242],
						"0.7083": [-28.58855, -9.61526, 3.22901],
						"0.7917": [-27.13, -8.19, 5.86],
						"0.875": {
							"pre": [-29.09, -8.21, 7.13],
							"post": [-29.09, -8.21, 7.13],
							"lerp_mode": "catmullrom"
						},
						"0.9583": {
							"post": [-29.19, -8.37, 5.55],
							"lerp_mode": "catmullrom"
						},
						"1.125": {
							"post": [-29.05223, -10.83736, 1.01317],
							"lerp_mode": "catmullrom"
						},
						"1.3333": {
							"post": [-37.28, -10.16, 2.25],
							"lerp_mode": "catmullrom"
						},
						"1.4583": {
							"post": [-36.19, -8.37, 2.55],
							"lerp_mode": "catmullrom"
						},
						"1.5417": {
							"post": [-36.2, -8.39, 2.52],
							"lerp_mode": "catmullrom"
						},
						"1.625": {
							"post": [-35.69, -8.4, 2.49],
							"lerp_mode": "catmullrom"
						},
						"1.8333": {
							"post": [-36.08, -8.42, 2.45],
							"lerp_mode": "catmullrom"
						},
						"1.875": {
							"post": [-41.2, -8.43, 2.43],
							"lerp_mode": "catmullrom"
						},
						"1.9583": {
							"post": [-37.055, -8.45, 2.4],
							"lerp_mode": "catmullrom"
						},
						"2.0833": {
							"post": [-28.79, -6.555, 3.64],
							"lerp_mode": "catmullrom"
						},
						"2.25": [-34.38, -8.65, 5.04],
						"2.4167": [-12.23, -3.71, 2.16],
						"2.5417": [0, 0, 0]
					},
					"position": {
						"0.0417": [0, 0, 0],
						"0.2083": {
							"pre": [-2, 0, 0.5],
							"post": [-2, 0, 0.5],
							"lerp_mode": "catmullrom"
						},
						"0.2917": {
							"post": [-1.65, 0, 0.8],
							"lerp_mode": "catmullrom"
						},
						"0.5417": [-1.65, 0, 0.5],
						"0.6667": [-1.65, 0.2, 0.5],
						"0.75": {
							"pre": [-1.65, -0.21, 0.39],
							"post": [-1.65, -0.21, 0.39],
							"lerp_mode": "catmullrom"
						},
						"1.0": {
							"post": [-1.65, -0.21, 0.39],
							"lerp_mode": "catmullrom"
						},
						"1.2917": {
							"post": [-1.65, -1.12, 0.4],
							"lerp_mode": "catmullrom"
						},
						"1.5": {
							"post": [-1.65, 0.175, 0.43],
							"lerp_mode": "catmullrom"
						},
						"1.7917": [-1.65, 0.1, 0.45],
						"1.875": [-1.65, -1.37, 0.95],
						"2.0417": [-1.65, -0.02, 0.4],
						"2.1667": [-1.65, -0.01, 0.44],
						"2.3333": {
							"pre": [-2, -1, 1.5],
							"post": [-2, -1, 1.5],
							"lerp_mode": "catmullrom"
						},
						"2.5": {
							"post": [0, 0, -1],
							"lerp_mode": "catmullrom"
						},
						"2.625": [0, -0.4, -0.7],
						"2.75": [0, 0, 0]
					}
				},
				"magazine_and_hand": {
					"rotation": {
						"0.5833": [0, 0, 0],
						"0.7917": [12.79362, -12.19908, -2.74715],
						"1.0": [-22.21, -12.2, -2.75],
						"1.2917": {
							"pre": [-22.21, -12.2, -2.75],
							"post": [-22.21, -12.2, -2.75],
							"lerp_mode": "catmullrom"
						},
						"1.4583": {
							"post": [20.29, -12.2, -2.75],
							"lerp_mode": "catmullrom"
						},
						"1.7083": [12.79, -12.2, -2.75],
						"1.7917": [12.79, -12.2, -2.75],
						"1.875": [0, 0, 0]
					},
					"position": {
						"0.5833": [0, 0, 0],
						"0.7083": [0, 1.24, 0],
						"0.7917": [-3, -1.6, 3],
						"0.875": [-6, -7.1, 6],
						"1.125": [-6, -9.1, 19],
						"1.25": {
							"pre": [-6, -9.1, 19],
							"post": [-6, -9.1, 19],
							"lerp_mode": "catmullrom"
						},
						"1.4583": {
							"post": [0, 1.9, 2],
							"lerp_mode": "catmullrom"
						},
						"1.5417": [0, 0.23, 1.3],
						"1.625": [0, 0.23, 1.3],
						"1.75": [0, 0, 0]
					}
				},
				"r": {
					"rotation": {
						"0.5417": [0, 0, 0],
						"0.5833": [0, -30, 0],
						"0.625": [0, 0, 0],
						"1.875": [0, 0, 0],
						"1.9167": [0, -30, 0],
						"1.9583": [0, 0, 0]
					}
				},
				"l": {
					"rotation": {
						"0.5417": [0, 0, 0],
						"0.5833": [0, 30, 0],
						"0.625": [0, 0, 0],
						"1.875": [0, 0, 0],
						"1.9167": [0, 30, 0],
						"1.9583": [0, 0, 0]
					}
				},
				"camera": {
					"rotation": {
						"0.0": {
							"post": [0, 0, 0],
							"lerp_mode": "catmullrom"
						},
						"0.0417": {
							"post": [-0.32, 0, 0.39],
							"lerp_mode": "catmullrom"
						},
						"0.125": {
							"post": [1.25, 0.25, 0.22],
							"lerp_mode": "catmullrom"
						},
						"0.2083": {
							"post": [2.3, 0.59, -0.06],
							"lerp_mode": "catmullrom"
						},
						"0.2917": {
							"post": [3.185, 0.82, -0.24],
							"lerp_mode": "catmullrom"
						},
						"0.375": {
							"post": [3.35, 0.81, -0.07],
							"lerp_mode": "catmullrom"
						},
						"0.5833": {
							"post": [3.01, 0.62, -0.02],
							"lerp_mode": "catmullrom"
						},
						"0.625": {
							"post": [2.94, 0.01, -1.15],
							"lerp_mode": "catmullrom"
						},
						"0.6667": {
							"post": [2.9, 0.27, 0.505],
							"lerp_mode": "catmullrom"
						},
						"0.75": {
							"post": [2.84, 0.49, -0.46],
							"lerp_mode": "catmullrom"
						},
						"0.8333": {
							"post": [3.05, 0.67, 0.21],
							"lerp_mode": "catmullrom"
						},
						"0.9167": {
							"post": [3.12, 0.5, 0.065],
							"lerp_mode": "catmullrom"
						},
						"1.2917": {
							"post": [3.24, 2.08, 1.22],
							"lerp_mode": "catmullrom"
						},
						"1.7083": {
							"post": [3.48, 1.19, 0.62],
							"lerp_mode": "catmullrom"
						},
						"1.75": {
							"post": [3.46, 1.16, 0.71],
							"lerp_mode": "catmullrom"
						},
						"1.7917": {
							"post": [3.45, 1.43, 1.6],
							"lerp_mode": "catmullrom"
						},
						"1.8333": {
							"post": [3.64, 1.51, 1.185],
							"lerp_mode": "catmullrom"
						},
						"1.875": {
							"post": [3.45, 1.43, 0.07],
							"lerp_mode": "catmullrom"
						},
						"1.9583": {
							"post": [2.91, 1.49, 1.025],
							"lerp_mode": "catmullrom"
						},
						"2.0417": {
							"post": [2.39, 1.61, 0.41],
							"lerp_mode": "catmullrom"
						},
						"2.25": {
							"post": [1.65, 1.68, 0.27],
							"lerp_mode": "catmullrom"
						},
						"2.5417": {
							"post": [0.97, -0.21, 0.12],
							"lerp_mode": "catmullrom"
						},
						"2.625": {
							"post": [-0.23, -0.04, -0.19],
							"lerp_mode": "catmullrom"
						},
						"2.6667": {
							"post": [-0.62, 0.015, 0.62],
							"lerp_mode": "catmullrom"
						},
						"2.75": {
							"post": [-0.15, -0.005, -0.385],
							"lerp_mode": "catmullrom"
						},
						"2.8333": {
							"post": [0.18, -0.06, 0.06],
							"lerp_mode": "catmullrom"
						},
						"2.9583": {
							"post": [0, 0, 0],
							"lerp_mode": "catmullrom"
						}
					}
				}
			},
			"sound_effects": {
				"0.0417": {
					"effect": "ccrp:p50/p90_draw"
				},
				"0.4167": {
					"effect": "ccrp:p50/p90_reload_maggrab"
				},
				"0.4583": {
					"effect": "ccrp:p50/p90_reload_magrelease"
				},
				"0.5": {
					"effect": "ccrp:p50/p90_reload_magout"
				},
				"0.75": {
					"effect": "ccrp:p50/p90_inspect_armdown"
				},
				"1.1667": {
					"effect": "ccrp:p50/p90_inspect_armup"
				},
				"1.5833": {
					"effect": "ccrp:p50/p90_reload_magin"
				},
				"2.0": {
					"effect": "ccrp:p50/p90_reload_rattlearm1"
				},
				"2.3333": {
					"effect": "ccrp:p50/p90_inspect_grabgrip"
				},
				"2.5833": {
					"effect": "ccrp:p50/p90_reload_end"
				}
			}
		},
		"inspect": {
			"animation_length": 4.2293,
			"bones": {
				"lefthand": {
					"rotation": {
						"0.25": [96.3949, -30.74097, -137.03831],
						"0.7188": [96.39, -30.74, -137.04],
						"0.9063": [124.2538, -26.50975, -214.85798],
						"3.8125": [124.25, -26.51, -214.86],
						"4.0313": [96.3949, -30.74097, -137.03831]
					},
					"position": {
						"0.25": [8.05, -11.75, -5],
						"0.7188": [8.05, -11.75, -5],
						"0.8125": [9.55, -10.25, -8],
						"0.9063": [7.05, -8.75, -11],
						"1.3125": [7.05, -8.75, -11],
						"1.4375": [7.05, -8.75, -10],
						"3.2188": [7.05, -8.75, -10],
						"3.2813": [7.05, -8.75, -11],
						"3.8125": [7.05, -8.75, -11],
						"3.9063": [9.55, -10.25, -8],
						"4.0313": [8.05, -11.75, -5]
					},
					"scale": [1, 1.5, 1]
				},
				"righthand": {
					"rotation": {
						"0.0": [91.51126, 6.99759, -179.81584],
						"0.875": [91.51, 7, -179.82],
						"1.0": [92.41457, 6.74281, -172.2701],
						"1.7188": [92.41457, 6.74281, -172.2701],
						"1.9063": [85.86, 5.3, -230.08],
						"2.0938": [83.92765, 3.79708, -250.10997],
						"2.2188": [83.92765, 3.79708, -250.10997],
						"2.7188": [83.93, 3.8, -250.11],
						"2.7813": [98.93, 3.8, -250.11],
						"2.9063": [98.93, 3.8, -250.11],
						"3.125": [94.94015, 4.12356, -204.79063],
						"3.1875": [87.79036, 6.81243, -210.04389],
						"3.5": [87.79036, 6.81243, -210.04389],
						"3.625": [89.44, 6.89, -196.61],
						"3.7813": [91.51126, 6.99759, -179.81584]
					},
					"position": {
						"0.0": [-6.875, -13.825, 6.8],
						"0.875": [-6.87, -13.82, 6.8],
						"1.0": [-7.87, -8.82, 3.8],
						"1.7188": [-7.87, -8.82, 3.8],
						"1.9063": [-8.87, -10.82, 3.8],
						"2.0938": [-8.87, -11.82, 0.8],
						"2.2188": [-8.87, -11.82, 0.8],
						"2.3125": [-8.87, -11.82, 2.8],
						"2.7188": [-8.87, -11.82, 2.8],
						"2.7813": [-10.87, -11.82, 2.8],
						"2.9688": [-10.87, -6.82, 2.8],
						"3.0938": [-7.87, -7.82, 2.8],
						"3.1875": [-7.87, -8.82, 3.8],
						"3.5": [-7.87, -8.82, 3.8],
						"3.625": [-11.43, -11.04, 5.13],
						"3.7813": [-6.875, -13.825, 6.8]
					},
					"scale": [1, 1.5, 1]
				},
				"constraint": {
					"rotation": [0.1, 0.1, 0.1],
					"position": [0.1, 0.1, 0.4]
				},
				"root": {
					"rotation": {
						"0.0": [0, 0, 0],
						"0.2813": {
							"pre": [-20.59077, -14.47194, 6.94088],
							"post": [-20.59077, -14.47194, 6.94088],
							"lerp_mode": "catmullrom"
						},
						"0.375": {
							"post": [-22.80267, -16.94061, 6.94387],
							"lerp_mode": "catmullrom"
						},
						"0.5625": {
							"post": [-22.96296, -17.14551, 6.6573],
							"lerp_mode": "catmullrom"
						},
						"0.6563": {
							"post": [-23.05543, -17.07115, 6.70298],
							"lerp_mode": "catmullrom"
						},
						"0.75": {
							"post": [-23.80417, -15.97748, 9.33492],
							"lerp_mode": "catmullrom"
						},
						"0.875": {
							"post": [-23.86361, -16.11956, 10.17728],
							"lerp_mode": "catmullrom"
						},
						"0.9375": {
							"post": [-28.93, -16.14, 10.16],
							"lerp_mode": "catmullrom"
						},
						"1.0938": {
							"post": [-24.13012, -16.14213, 9.84782],
							"lerp_mode": "catmullrom"
						},
						"1.1875": {
							"post": [-24.12, -16.05, 9.77],
							"lerp_mode": "catmullrom"
						},
						"1.2188": {
							"post": [-23.1, -14.99, 8.23],
							"lerp_mode": "catmullrom"
						},
						"1.2813": {
							"post": [-26.16, -16.93, 10.05],
							"lerp_mode": "catmullrom"
						},
						"1.3125": {
							"post": [-25.33, -16.96, 10.09],
							"lerp_mode": "catmullrom"
						},
						"1.5625": {
							"post": [-23.91, -16.29, 8.335],
							"lerp_mode": "catmullrom"
						},
						"1.9063": {
							"post": [-23.71, -17.4, 9.17],
							"lerp_mode": "catmullrom"
						},
						"2.2188": {
							"post": [-23.51, -17.17, 8.87],
							"lerp_mode": "catmullrom"
						},
						"2.3438": {
							"post": [-24.62641, -14.76136, 8.28723],
							"lerp_mode": "catmullrom"
						},
						"2.5": {
							"post": [-23.95, -15.57, 9.035],
							"lerp_mode": "catmullrom"
						},
						"2.7188": {
							"post": [-24.62641, -14.76136, 8.28723],
							"lerp_mode": "catmullrom"
						},
						"2.75": {
							"post": [-22.41, -15.62, 8.63],
							"lerp_mode": "catmullrom"
						},
						"2.7813": {
							"post": [-23.225, -15.54, 8.47],
							"lerp_mode": "catmullrom"
						},
						"2.8125": {
							"post": [-22.95, -15.48, 8.36],
							"lerp_mode": "catmullrom"
						},
						"2.875": {
							"post": [-23.93, -15.45, 8.31],
							"lerp_mode": "catmullrom"
						},
						"3.0938": {
							"post": [-23.035, -15.13, 8.84],
							"lerp_mode": "catmullrom"
						},
						"3.3125": {
							"post": [-23.3, -14.96, 7.26],
							"lerp_mode": "catmullrom"
						},
						"3.3438": {
							"post": [-21.18, -16.21, 7.17],
							"lerp_mode": "catmullrom"
						},
						"3.375": {
							"post": [-20.51, -13.83, 7.11],
							"lerp_mode": "catmullrom"
						},
						"3.4375": {
							"post": [-18.62, -15.625, 7.05],
							"lerp_mode": "catmullrom"
						},
						"3.4688": {
							"post": [-16.145, -14.81, 6.99],
							"lerp_mode": "catmullrom"
						},
						"3.75": {
							"post": [-16.88, -13.97, 5.86],
							"lerp_mode": "catmullrom"
						},
						"3.8438": {
							"post": [2.3, -9.875, 2.95],
							"lerp_mode": "catmullrom"
						},
						"3.9375": {
							"post": [4.275, -4.925, 1.975],
							"lerp_mode": "catmullrom"
						},
						"4.0": {
							"post": [2.675, 0, 0],
							"lerp_mode": "catmullrom"
						},
						"4.0313": {
							"post": [-0.21209, 0.36471, 1.10002],
							"lerp_mode": "catmullrom"
						},
						"4.125": [0, 0, -0.5],
						"4.2188": [0, 0, 0]
					},
					"position": {
						"0.0": [0, 0, 0],
						"0.2188": {
							"pre": [-1.45, 0.06, 1.52],
							"post": [-1.45, 0.06, 1.52],
							"lerp_mode": "catmullrom"
						},
						"0.3125": {
							"post": [-1.21, -0.16, 1.58],
							"lerp_mode": "catmullrom"
						},
						"0.4375": {
							"post": [-1.09, 0.01, 1.65],
							"lerp_mode": "catmullrom"
						},
						"0.5625": {
							"post": [-1.1, 0.025, 1.69],
							"lerp_mode": "catmullrom"
						},
						"0.7813": {
							"post": [-1.095, 0.1, 1.775],
							"lerp_mode": "catmullrom"
						},
						"0.9063": {
							"post": [-1.09, -0.83, 1.79],
							"lerp_mode": "catmullrom"
						},
						"1.0": {
							"post": [-1.08, 0.22, 1.79],
							"lerp_mode": "catmullrom"
						},
						"1.1875": {
							"post": [-1.08, 0.23, 1.79],
							"lerp_mode": "catmullrom"
						},
						"1.2188": {
							"post": [-1.08, 0.23, 2.065],
							"lerp_mode": "catmullrom"
						},
						"1.2813": {
							"post": [-1.08, 0.23, 1.675],
							"lerp_mode": "catmullrom"
						},
						"1.3438": {
							"post": [-1.08, 0.23, 1.87],
							"lerp_mode": "catmullrom"
						},
						"1.5938": {
							"post": [-1.08, 0.22, 1.8],
							"lerp_mode": "catmullrom"
						},
						"1.9688": {
							"post": [-0.92, 0.22, 1.81],
							"lerp_mode": "catmullrom"
						},
						"2.2188": {
							"post": [-0.9, 0.22, 1.81],
							"lerp_mode": "catmullrom"
						},
						"2.3125": {
							"post": [-0.9, 0.22, 2.41],
							"lerp_mode": "catmullrom"
						},
						"2.7188": {
							"post": [-0.9, 0.22, 2.41],
							"lerp_mode": "catmullrom"
						},
						"2.75": {
							"post": [-0.92, 0.22, 1.81],
							"lerp_mode": "catmullrom"
						},
						"2.7813": {
							"post": [-0.92, 0.22, 1.82],
							"lerp_mode": "catmullrom"
						},
						"2.8125": {
							"post": [-0.92, 0.22, 1.7],
							"lerp_mode": "catmullrom"
						},
						"2.8438": {
							"post": [-0.92, 0.22, 1.85],
							"lerp_mode": "catmullrom"
						},
						"3.6875": {
							"post": [-1.06, 0.17, 1.86],
							"lerp_mode": "catmullrom"
						},
						"3.7813": {
							"post": [-1.02, 0.125, 1.8],
							"lerp_mode": "catmullrom"
						},
						"3.8438": {
							"post": [-0.35, -1.295, 0.705],
							"lerp_mode": "catmullrom"
						},
						"3.9375": {
							"post": [0, -1.775, -2],
							"lerp_mode": "catmullrom"
						},
						"4.0313": {
							"post": [0, 0.075, 0.375],
							"lerp_mode": "catmullrom"
						},
						"4.125": [0, 0, -0.05],
						"4.2188": [0, 0, 0]
					}
				},
				"magazine_and_hand": {
					"rotation": {
						"1.1875": [0, 0, 0],
						"1.3125": [10, 0, 0],
						"1.4375": [10, -3, 0],
						"1.5": [6, -3, 0],
						"3.2188": [6, -3, 0],
						"3.3125": [6, -3, 0],
						"3.3438": [0, 0, 0]
					},
					"position": {
						"1.1875": [0, 0, 0],
						"1.2813": [0, 0, 0],
						"1.4063": [0, 0, 1],
						"3.2188": [0, 0, 1],
						"3.2813": [0, 0, 0]
					}
				},
				"r": {
					"rotation": {
						"1.1875": [0, 0, 0],
						"1.2188": [0, -30, 0],
						"1.25": [0, 0, 0],
						"3.3125": [0, 0, 0],
						"3.3438": [0, -30, 0],
						"3.375": [0, 0, 0]
					}
				},
				"l": {
					"rotation": {
						"1.1875": [0, 0, 0],
						"1.2188": [0, 30, 0],
						"1.25": [0, 0, 0],
						"3.3125": [0, 0, 0],
						"3.3438": [0, 30, 0],
						"3.375": [0, 0, 0]
					}
				},
				"charge_handle": {
					"position": {
						"2.2188": [0, 0, 0],
						"2.3125": [0, 0, 2],
						"2.7188": [0, 0, 2],
						"2.75": [0, 0, 0]
					}
				},
				"handle": {
					"rotation": {
						"2.2188": [0, 0, 0],
						"2.25": [0, 90, 0],
						"2.75": [0, 90, 0],
						"2.7813": [0, 0, 0],
						"2.8125": [0, 8, 0],
						"2.875": [0, 0, 0],
						"2.9375": [0, 5, 0],
						"3.0": [0, 0, 0]
					}
				},
				"camera": {
					"rotation": {
						"0.0": {
							"post": [0, 0, 0],
							"lerp_mode": "catmullrom"
						},
						"0.3125": {
							"post": [-4, 2, 0],
							"lerp_mode": "catmullrom"
						},
						"0.4063": {
							"post": [-2, 1, 0],
							"lerp_mode": "catmullrom"
						},
						"0.6563": {
							"post": [-2, 1, 0],
							"lerp_mode": "catmullrom"
						},
						"0.75": {
							"post": [-2, 1, -1],
							"lerp_mode": "catmullrom"
						},
						"0.8438": {
							"post": [-1, 1, -1],
							"lerp_mode": "catmullrom"
						},
						"0.9375": {
							"post": [-2.5, 1, -1],
							"lerp_mode": "catmullrom"
						},
						"1.125": {
							"post": [-2.5, 0.5, -0.5],
							"lerp_mode": "catmullrom"
						},
						"1.1875": {
							"post": [-3.7, 1.5, -0.5],
							"lerp_mode": "catmullrom"
						},
						"1.25": {
							"post": [-2.2, 0.7, -0.5],
							"lerp_mode": "catmullrom"
						},
						"1.3125": {
							"post": [-2.9, 0.7, -0.5],
							"lerp_mode": "catmullrom"
						},
						"1.5": {
							"post": [-2.9, 0.7, -1.2],
							"lerp_mode": "catmullrom"
						},
						"1.5625": {
							"post": [-2.9, 0.7, -0.2],
							"lerp_mode": "catmullrom"
						},
						"2.1875": {
							"post": [-2.9, 0.7, -0.2],
							"lerp_mode": "catmullrom"
						},
						"2.3438": {
							"post": [-2.9, 1.7, 0.8],
							"lerp_mode": "catmullrom"
						},
						"2.4375": {
							"post": [-2.9, 1.7, 0.8],
							"lerp_mode": "catmullrom"
						},
						"2.6875": {
							"post": [-2.9, 1.7, 0.8],
							"lerp_mode": "catmullrom"
						},
						"2.7188": {
							"post": [-2.9, 0.7, -0.2],
							"lerp_mode": "catmullrom"
						},
						"2.7813": {
							"post": [-1.9, 1, 0.2],
							"lerp_mode": "catmullrom"
						},
						"3.125": {
							"post": [-1.9, 1, 0.2],
							"lerp_mode": "catmullrom"
						},
						"3.1875": {
							"post": [-1.9, 1, -0.8],
							"lerp_mode": "catmullrom"
						},
						"3.2813": {
							"post": [-2.5, 0.5, -0.5],
							"lerp_mode": "catmullrom"
						},
						"3.3438": {
							"post": [-3.7, 1.5, -0.5],
							"lerp_mode": "catmullrom"
						},
						"3.4063": {
							"post": [-2.2, 0.7, -0.5],
							"lerp_mode": "catmullrom"
						},
						"3.4688": {
							"post": [-2.9, 0.7, -0.5],
							"lerp_mode": "catmullrom"
						},
						"3.8438": {
							"post": [-0.97, 0.21, 0.12],
							"lerp_mode": "catmullrom"
						},
						"3.9063": {
							"post": [0.23, 0.04, -0.19],
							"lerp_mode": "catmullrom"
						},
						"3.9375": {
							"post": [0.62, -0.015, 0.62],
							"lerp_mode": "catmullrom"
						},
						"4.0": {
							"post": [0.15, 0.005, -0.385],
							"lerp_mode": "catmullrom"
						},
						"4.0625": {
							"post": [-0.18, 0.06, 0.06],
							"lerp_mode": "catmullrom"
						},
						"4.1563": {
							"post": [0, 0, 0],
							"lerp_mode": "catmullrom"
						}
					}
				}
			},
			"sound_effects": {
				"0.0313": {
					"effect": "ccrp:p50/p90_reload_raise"
				},
				"0.25": {
					"effect": "ccrp:p50/p90_reload_empty_handlegrab"
				},
				"0.7188": {
					"effect": "ccrp:p50/p90_reload_empty_armmvmnt"
				},
				"1.1563": {
					"effect": "ccrp:p50/p90_reload_magrelease"
				},
				"1.1875": {
					"effect": "ccrp:p50/p90_reload_magout"
				},
				"1.4688": {
					"effect": "ccrp:p50/p90_inspect_grabgrip"
				},
				"1.6563": {
					"effect": "ccrp:p50/p90_draw"
				},
				"2.0938": {
					"effect": "ccrp:p50/p90_reload_empty_handlegrab"
				},
				"2.2188": {
					"effect": "ccrp:p50/p90_reload_empty_boltcharge"
				},
				"2.4375": {
					"effect": "ccrp:p50/hk_g3_reload_carrierrelease"
				},
				"3.0938": {
					"effect": "ccrp:p50/m249_reload_empty_cover_close"
				},
				"3.5": {
					"effect": "ccrp:p50/p90_inspect_armdown"
				},
				"3.6875": {
					"effect": "ccrp:p50/p90_inspect_grabgrip"
				},
				"3.8438": {
					"effect": "ccrp:p50/p90_inspect_end"
				}
			}
		},
		"inspect_empty": {
			"animation_length": 4.2293,
			"bones": {
				"lefthand": {
					"rotation": {
						"0.25": [96.3949, -30.74097, -137.03831],
						"0.7188": [96.39, -30.74, -137.04],
						"0.9063": [124.2538, -26.50975, -214.85798],
						"3.8125": [124.25, -26.51, -214.86],
						"4.0": [96.3949, -30.74097, -137.03831]
					},
					"position": {
						"0.25": [8.05, -11.75, -5],
						"0.7188": [8.05, -11.75, -5],
						"0.8125": [9.55, -10.25, -8],
						"0.9063": [7.05, -8.75, -11],
						"1.3125": [7.05, -8.75, -11],
						"1.4375": [7.05, -8.75, -10],
						"3.2188": [7.05, -8.75, -10],
						"3.2813": [7.05, -8.75, -11],
						"3.8125": [7.05, -8.75, -11],
						"3.9063": [9.55, -10.25, -8],
						"4.0": [8.05, -11.75, -5]
					},
					"scale": [1, 1.5, 1]
				},
				"righthand": {
					"rotation": {
						"0.0": [91.51126, 6.99759, -179.81584],
						"0.875": [91.51, 7, -179.82],
						"1.0": [92.41457, 6.74281, -172.2701],
						"1.7188": [92.41457, 6.74281, -172.2701],
						"1.9063": [85.86, 5.3, -230.08],
						"2.0938": [83.92765, 3.79708, -250.10997],
						"2.2188": [83.92765, 3.79708, -250.10997],
						"2.7188": [83.93, 3.8, -250.11],
						"2.7813": [98.93, 3.8, -250.11],
						"2.9063": [98.93, 3.8, -250.11],
						"3.125": [94.94015, 4.12356, -204.79063],
						"3.1875": [87.79036, 6.81243, -210.04389],
						"3.5": [87.79036, 6.81243, -210.04389],
						"3.625": [89.44, 6.89, -196.61],
						"3.7813": [91.51126, 6.99759, -179.81584]
					},
					"position": {
						"0.0": [-6.875, -13.825, 6.8],
						"0.875": [-6.87, -13.82, 6.8],
						"1.0": [-7.87, -8.82, 3.8],
						"1.7188": [-7.87, -8.82, 3.8],
						"1.9063": [-8.87, -10.82, 3.8],
						"2.0938": [-8.87, -11.82, 0.8],
						"2.2188": [-8.87, -11.82, 0.8],
						"2.3125": [-8.87, -11.82, 2.8],
						"2.7188": [-8.87, -11.82, 2.8],
						"2.7813": [-10.87, -11.82, 2.8],
						"2.9688": [-10.87, -6.82, 2.8],
						"3.0938": [-7.87, -7.82, 2.8],
						"3.1875": [-7.87, -8.82, 3.8],
						"3.5": [-7.87, -8.82, 3.8],
						"3.625": [-11.43, -11.04, 5.13],
						"3.7813": [-6.875, -13.825, 6.8]
					},
					"scale": [1, 1.5, 1]
				},
				"constraint": {
					"rotation": [0.1, 0.1, 0.1],
					"position": [0.1, 0.1, 0.4]
				},
				"root": {
					"rotation": {
						"0.0": [0, 0, 0],
						"0.2813": {
							"pre": [-20.59077, -15.37194, 6.94088],
							"post": [-20.59077, -15.37194, 6.94088],
							"lerp_mode": "catmullrom"
						},
						"0.4063": {
							"post": [-22.80267, -16.94061, 6.94387],
							"lerp_mode": "catmullrom"
						},
						"0.5625": {
							"post": [-22.96296, -17.14551, 6.6573],
							"lerp_mode": "catmullrom"
						},
						"0.6563": {
							"post": [-23.05543, -17.07115, 6.70298],
							"lerp_mode": "catmullrom"
						},
						"0.75": {
							"post": [-23.80417, -15.97748, 9.33492],
							"lerp_mode": "catmullrom"
						},
						"0.875": {
							"post": [-23.86361, -16.11956, 10.17728],
							"lerp_mode": "catmullrom"
						},
						"0.9375": {
							"post": [-28.93, -16.14, 10.16],
							"lerp_mode": "catmullrom"
						},
						"1.0938": {
							"post": [-24.13012, -16.14213, 9.84782],
							"lerp_mode": "catmullrom"
						},
						"1.1875": {
							"post": [-24.12, -16.05, 9.77],
							"lerp_mode": "catmullrom"
						},
						"1.2188": {
							"post": [-23.1, -14.99, 8.23],
							"lerp_mode": "catmullrom"
						},
						"1.2813": {
							"post": [-26.16, -16.93, 10.05],
							"lerp_mode": "catmullrom"
						},
						"1.3125": {
							"post": [-25.33, -16.96, 10.09],
							"lerp_mode": "catmullrom"
						},
						"1.5625": {
							"post": [-23.91, -16.29, 8.335],
							"lerp_mode": "catmullrom"
						},
						"1.9063": {
							"post": [-23.71, -17.4, 9.17],
							"lerp_mode": "catmullrom"
						},
						"2.2188": {
							"post": [-23.51, -17.17, 8.87],
							"lerp_mode": "catmullrom"
						},
						"2.3438": {
							"post": [-24.62641, -14.76136, 8.28723],
							"lerp_mode": "catmullrom"
						},
						"2.5": {
							"post": [-23.95, -15.57, 9.035],
							"lerp_mode": "catmullrom"
						},
						"2.7188": {
							"post": [-24.62641, -14.76136, 8.28723],
							"lerp_mode": "catmullrom"
						},
						"2.75": {
							"post": [-22.41, -15.62, 8.63],
							"lerp_mode": "catmullrom"
						},
						"2.7813": {
							"post": [-23.225, -15.54, 8.47],
							"lerp_mode": "catmullrom"
						},
						"2.8125": {
							"post": [-22.95, -15.48, 8.36],
							"lerp_mode": "catmullrom"
						},
						"2.875": {
							"post": [-23.93, -15.45, 8.31],
							"lerp_mode": "catmullrom"
						},
						"3.0938": {
							"post": [-23.035, -15.13, 8.84],
							"lerp_mode": "catmullrom"
						},
						"3.3125": {
							"post": [-23.3, -14.96, 7.26],
							"lerp_mode": "catmullrom"
						},
						"3.3438": {
							"post": [-21.18, -16.21, 7.17],
							"lerp_mode": "catmullrom"
						},
						"3.375": {
							"post": [-20.51, -13.83, 7.11],
							"lerp_mode": "catmullrom"
						},
						"3.4375": {
							"post": [-18.62, -15.625, 7.05],
							"lerp_mode": "catmullrom"
						},
						"3.4688": {
							"post": [-16.145, -14.81, 6.99],
							"lerp_mode": "catmullrom"
						},
						"3.75": {
							"post": [-16.88, -13.97, 5.86],
							"lerp_mode": "catmullrom"
						},
						"3.8438": {
							"post": [2.3, -9.875, 2.95],
							"lerp_mode": "catmullrom"
						},
						"3.9375": {
							"post": [4.275, -4.925, 1.975],
							"lerp_mode": "catmullrom"
						},
						"4.0": {
							"post": [2.675, 0, 0],
							"lerp_mode": "catmullrom"
						},
						"4.0313": {
							"post": [-0.21209, 0.36471, 1.10002],
							"lerp_mode": "catmullrom"
						},
						"4.125": [0, 0, -0.5],
						"4.2188": [0, 0, 0]
					},
					"position": {
						"0.0": [0, 0, 0],
						"0.2188": {
							"pre": [-1.45, 0.06, 1.52],
							"post": [-1.45, 0.06, 1.52],
							"lerp_mode": "catmullrom"
						},
						"0.3125": {
							"post": [-1.21, -0.06, 1.58],
							"lerp_mode": "catmullrom"
						},
						"0.4375": {
							"post": [-1.09, 0.01, 1.65],
							"lerp_mode": "catmullrom"
						},
						"0.5625": {
							"post": [-1.1, 0.025, 1.69],
							"lerp_mode": "catmullrom"
						},
						"0.7813": {
							"post": [-1.095, 0.1, 1.775],
							"lerp_mode": "catmullrom"
						},
						"0.9063": {
							"post": [-1.09, -0.83, 1.79],
							"lerp_mode": "catmullrom"
						},
						"1.0": {
							"post": [-1.08, 0.22, 1.79],
							"lerp_mode": "catmullrom"
						},
						"1.1875": {
							"post": [-1.08, 0.23, 1.79],
							"lerp_mode": "catmullrom"
						},
						"1.2188": {
							"post": [-1.08, 0.23, 2.065],
							"lerp_mode": "catmullrom"
						},
						"1.2813": {
							"post": [-1.08, 0.23, 1.675],
							"lerp_mode": "catmullrom"
						},
						"1.3438": {
							"post": [-1.08, 0.23, 1.87],
							"lerp_mode": "catmullrom"
						},
						"1.5938": {
							"post": [-1.08, 0.22, 1.8],
							"lerp_mode": "catmullrom"
						},
						"1.9688": {
							"post": [-0.92, 0.22, 1.81],
							"lerp_mode": "catmullrom"
						},
						"2.2188": {
							"post": [-0.9, 0.22, 1.81],
							"lerp_mode": "catmullrom"
						},
						"2.3125": {
							"post": [-0.9, 0.22, 2.41],
							"lerp_mode": "catmullrom"
						},
						"2.7188": {
							"post": [-0.9, 0.22, 2.41],
							"lerp_mode": "catmullrom"
						},
						"2.75": {
							"post": [-0.92, 0.22, 1.81],
							"lerp_mode": "catmullrom"
						},
						"2.7813": {
							"post": [-0.92, 0.22, 1.82],
							"lerp_mode": "catmullrom"
						},
						"2.8125": {
							"post": [-0.92, 0.22, 1.7],
							"lerp_mode": "catmullrom"
						},
						"2.8438": {
							"post": [-0.92, 0.22, 1.85],
							"lerp_mode": "catmullrom"
						},
						"3.6875": {
							"post": [-1.06, 0.17, 1.86],
							"lerp_mode": "catmullrom"
						},
						"3.7813": {
							"post": [-1.02, 0.125, 1.8],
							"lerp_mode": "catmullrom"
						},
						"3.8438": {
							"post": [-0.35, -1.295, 0.705],
							"lerp_mode": "catmullrom"
						},
						"3.9375": {
							"post": [0, -1.775, -2],
							"lerp_mode": "catmullrom"
						},
						"4.0313": {
							"post": [0, 0.075, 0.375],
							"lerp_mode": "catmullrom"
						},
						"4.125": [0, 0, -0.05],
						"4.2188": [0, 0, 0]
					}
				},
				"magazine_and_hand": {
					"rotation": {
						"1.1875": [0, 0, 0],
						"1.3125": [10, 0, 0],
						"1.4375": [10, -3, 0],
						"1.5": [6, -3, 0],
						"3.2188": [6, -3, 0],
						"3.3125": [6, -3, 0],
						"3.3438": [0, 0, 0]
					},
					"position": {
						"1.1875": [0, 0, 0],
						"1.2813": [0, 0, 0],
						"1.4063": [0, 0, 1],
						"3.2188": [0, 0, 1],
						"3.2813": [0, 0, 0]
					}
				},
				"r": {
					"rotation": {
						"1.1875": [0, 0, 0],
						"1.2188": [0, -30, 0],
						"1.25": [0, 0, 0],
						"3.3125": [0, 0, 0],
						"3.3438": [0, -30, 0],
						"3.375": [0, 0, 0]
					}
				},
				"l": {
					"rotation": {
						"1.1875": [0, 0, 0],
						"1.2188": [0, 30, 0],
						"1.25": [0, 0, 0],
						"3.3125": [0, 0, 0],
						"3.3438": [0, 30, 0],
						"3.375": [0, 0, 0]
					}
				},
				"charge_handle": {
					"position": {
						"2.2188": [0, 0, 0],
						"2.3125": [0, 0, 2],
						"2.7188": [0, 0, 2],
						"2.75": [0, 0, 0]
					}
				},
				"handle": {
					"rotation": {
						"2.2188": [0, 0, 0],
						"2.25": [0, 90, 0],
						"2.75": [0, 90, 0],
						"2.7813": [0, 0, 0],
						"2.8125": [0, 8, 0],
						"2.875": [0, 0, 0],
						"2.9375": [0, 5, 0],
						"3.0": [0, 0, 0]
					}
				},
				"camera": {
					"rotation": {
						"0.0": {
							"post": [0, 0, 0],
							"lerp_mode": "catmullrom"
						},
						"0.3125": {
							"post": [-4, 2, 0],
							"lerp_mode": "catmullrom"
						},
						"0.4063": {
							"post": [-2, 1, 0],
							"lerp_mode": "catmullrom"
						},
						"0.6563": {
							"post": [-2, 1, 0],
							"lerp_mode": "catmullrom"
						},
						"0.75": {
							"post": [-2, 1, -1],
							"lerp_mode": "catmullrom"
						},
						"0.8438": {
							"post": [-1, 1, -1],
							"lerp_mode": "catmullrom"
						},
						"0.9375": {
							"post": [-2.5, 1, -1],
							"lerp_mode": "catmullrom"
						},
						"1.125": {
							"post": [-2.5, 0.5, -0.5],
							"lerp_mode": "catmullrom"
						},
						"1.1875": {
							"post": [-3.7, 1.5, -0.5],
							"lerp_mode": "catmullrom"
						},
						"1.25": {
							"post": [-2.2, 0.7, -0.5],
							"lerp_mode": "catmullrom"
						},
						"1.3125": {
							"post": [-2.9, 0.7, -0.5],
							"lerp_mode": "catmullrom"
						},
						"1.5": {
							"post": [-2.9, 0.7, -1.2],
							"lerp_mode": "catmullrom"
						},
						"1.5625": {
							"post": [-2.9, 0.7, -0.2],
							"lerp_mode": "catmullrom"
						},
						"2.1875": {
							"post": [-2.9, 0.7, -0.2],
							"lerp_mode": "catmullrom"
						},
						"2.3438": {
							"post": [-2.9, 1.7, 0.8],
							"lerp_mode": "catmullrom"
						},
						"2.4375": {
							"post": [-2.9, 1.7, 0.8],
							"lerp_mode": "catmullrom"
						},
						"2.6875": {
							"post": [-2.9, 1.7, 0.8],
							"lerp_mode": "catmullrom"
						},
						"2.7188": {
							"post": [-2.9, 0.7, -0.2],
							"lerp_mode": "catmullrom"
						},
						"2.7813": {
							"post": [-1.9, 1, 0.2],
							"lerp_mode": "catmullrom"
						},
						"3.125": {
							"post": [-1.9, 1, 0.2],
							"lerp_mode": "catmullrom"
						},
						"3.1875": {
							"post": [-1.9, 1, -0.8],
							"lerp_mode": "catmullrom"
						},
						"3.2813": {
							"post": [-2.5, 0.5, -0.5],
							"lerp_mode": "catmullrom"
						},
						"3.3438": {
							"post": [-3.7, 1.5, -0.5],
							"lerp_mode": "catmullrom"
						},
						"3.4063": {
							"post": [-2.2, 0.7, -0.5],
							"lerp_mode": "catmullrom"
						},
						"3.4688": {
							"post": [-2.9, 0.7, -0.5],
							"lerp_mode": "catmullrom"
						},
						"3.8438": {
							"post": [-0.97, 0.21, 0.12],
							"lerp_mode": "catmullrom"
						},
						"3.9063": {
							"post": [0.23, 0.04, -0.19],
							"lerp_mode": "catmullrom"
						},
						"3.9375": {
							"post": [0.62, -0.015, 0.62],
							"lerp_mode": "catmullrom"
						},
						"4.0": {
							"post": [0.15, 0.005, -0.385],
							"lerp_mode": "catmullrom"
						},
						"4.0625": {
							"post": [-0.18, 0.06, 0.06],
							"lerp_mode": "catmullrom"
						},
						"4.1563": {
							"post": [0, 0, 0],
							"lerp_mode": "catmullrom"
						}
					}
				}
			},
			"sound_effects": {
				"0.0313": {
					"effect": "ccrp:p50/p90_reload_raise"
				},
				"0.25": {
					"effect": "ccrp:p50/p90_reload_empty_handlegrab"
				},
				"0.7188": {
					"effect": "ccrp:p50/p90_reload_empty_armmvmnt"
				},
				"1.1563": {
					"effect": "ccrp:p50/p90_reload_magrelease"
				},
				"1.1875": {
					"effect": "ccrp:p50/p90_reload_magout"
				},
				"1.4688": {
					"effect": "ccrp:p50/p90_inspect_grabgrip"
				},
				"1.6563": {
					"effect": "ccrp:p50/p90_draw"
				},
				"2.0938": {
					"effect": "ccrp:p50/p90_reload_empty_handlegrab"
				},
				"2.2188": {
					"effect": "ccrp:p50/p90_reload_empty_boltcharge"
				},
				"2.4375": {
					"effect": "ccrp:p50/hk_g3_reload_carrierrelease"
				},
				"3.0938": {
					"effect": "ccrp:p50/m249_reload_empty_cover_close"
				},
				"3.5": {
					"effect": "ccrp:p50/p90_inspect_armdown"
				},
				"3.6875": {
					"effect": "ccrp:p50/p90_inspect_grabgrip"
				},
				"3.8438": {
					"effect": "ccrp:p50/p90_inspect_end"
				}
			}
		},
		"static_idle": {
			"loop": true,
			"bones": {
				"lefthand": {
					"rotation": [96.3949, -30.74097, -137.03831],
					"position": [8.05, -11.75, -5],
					"scale": [1, 1.5, 1]
				},
				"righthand": {
					"rotation": [91.51126, 6.99759, -179.81584],
					"position": [-6.875, -13.825, 6.8],
					"scale": [1, 1.5, 1]
				},
				"constraint": {
					"rotation": [0.1, 0.1, 0.1],
					"position": [0.1, 0.1, 0.4]
				}
			}
		},
		"reload_empty": {
			"animation_length": 3.3835,
			"bones": {
				"lefthand": {
					"rotation": [96.3949, -30.74097, -137.03831],
					"position": [8.05, -11.75, -5],
					"scale": [1, 1.5, 1]
				},
				"righthand": {
					"rotation": {
						"0.0": [91.51126, 6.99759, -179.81584],
						"0.25": [91.51, 7, -179.82],
						"0.375": [91.51, 7, -179.82],
						"0.4688": [97.59039, 20.81952, -107.26188],
						"1.9063": [97.59039, 20.81952, -107.26188],
						"2.0625": [109.12256, 17.75813, -165.75552],
						"2.1563": [108.37469, 8.28787, -169.05508],
						"2.1875": [108.37469, 8.28787, -169.05508],
						"2.25": [133.37, 8.29, -169.06],
						"2.3438": [133.37, 8.29, -169.06],
						"2.375": [134.8058, -15.36084, -191.55709],
						"2.4375": [134.8058, -15.36084, -191.55709],
						"2.625": [91.51126, 6.99759, -179.81584]
					},
					"position": {
						"0.0": [-6.875, -13.825, 6.8],
						"0.25": [-6.87, -13.82, 6.8],
						"0.375": [-10.87, -13.82, 0.8],
						"0.4688": [-6.87, -8.82, 0.8],
						"1.9063": [-6.87, -8.82, 0.8],
						"2.0313": [-9.87, -10.82, 0.8],
						"2.125": [-8.87, -10.82, 0.8],
						"2.1875": [-8.87, -10.82, 0.8],
						"2.2188": [-8.87, -10.82, 0.8],
						"2.25": [-8.87, -10.82, 5.8],
						"2.3438": [-8.87, -10.82, 5.8],
						"2.375": [-9.87, -10.82, 4.8],
						"2.4375": [-9.87, -10.82, 4.8],
						"2.5313": [-9.37, -12.32, 5.8],
						"2.625": [-6.875, -13.825, 6.8]
					},
					"scale": [1, 1.5, 1]
				},
				"constraint": {
					"rotation": [0.1, 0.1, 0.1],
					"position": [0.1, 0.1, 0.4]
				},
				"root": {
					"rotation": {
						"0.0625": [0, 0, 0],
						"0.1875": [-30.38126, -8.64917, 5.03837],
						"0.2188": [-33.38, -8.65, 5.04],
						"0.2813": [-29.38, -8.65, 5.04],
						"0.4063": {
							"pre": [-28.46, -8.44, 7.07],
							"post": [-28.46, -8.44, 7.07],
							"lerp_mode": "catmullrom"
						},
						"0.5625": [-29, -8.17, 5.89],
						"0.5938": [-32.81727, -6.83003, 8.00242],
						"0.6563": [-28.58855, -9.61526, 3.22901],
						"0.7188": [-27.13, -8.19, 5.86],
						"0.7813": {
							"pre": [-29.09, -8.21, 7.13],
							"post": [-29.09, -8.21, 7.13],
							"lerp_mode": "catmullrom"
						},
						"0.8438": {
							"post": [-29.19, -8.37, 5.55],
							"lerp_mode": "catmullrom"
						},
						"1.1875": {
							"post": [-30.165, -6.745, 6.525],
							"lerp_mode": "catmullrom"
						},
						"1.4375": {
							"post": [-38.19, -8.37, 9.55],
							"lerp_mode": "catmullrom"
						},
						"1.5": {
							"post": [-38.2, -8.39, 9.52],
							"lerp_mode": "catmullrom"
						},
						"1.5625": {
							"post": [-37.69, -8.4, 9.49],
							"lerp_mode": "catmullrom"
						},
						"1.7188": {
							"post": [-37.08, -8.42, 9.45],
							"lerp_mode": "catmullrom"
						},
						"1.75": {
							"post": [-42.2, -8.43, 9.43],
							"lerp_mode": "catmullrom"
						},
						"1.8125": {
							"post": [-38.055, -8.45, 9.4],
							"lerp_mode": "catmullrom"
						},
						"2.0313": {
							"post": [-35.79, -6.555, 7.64],
							"lerp_mode": "catmullrom"
						},
						"2.1875": [-36.31, -8.55, 9.22],
						"2.25": [-36.32, -3.37, 9.19],
						"2.3438": [-36.33, -2.93, 9.16],
						"2.4063": [-36.34, -10.09, 9.15],
						"2.4375": [-36.35, -8.73, 9.13],
						"2.4688": [-36.36, -7.81, 9.11],
						"2.5938": [-29.38, -10.225, 6.04],
						"2.7188": [-34.38, -8.65, 5.04],
						"2.8438": [-12.23, -3.71, 2.16],
						"2.9375": [0, 0, 0]
					},
					"position": {
						"0.0625": {
							"pre": [0, 0, 0],
							"post": [0, 0, 0],
							"lerp_mode": "catmullrom"
						},
						"0.1875": {
							"post": [0, 0, 0.5],
							"lerp_mode": "catmullrom"
						},
						"0.25": {
							"post": [0, 0, 0.8],
							"lerp_mode": "catmullrom"
						},
						"0.3125": {
							"post": [0, 0, 0.5],
							"lerp_mode": "catmullrom"
						},
						"0.375": {
							"post": [0, 0, 0.325],
							"lerp_mode": "catmullrom"
						},
						"0.5313": [0, 0, 0.5],
						"0.625": [0, 0.2, 0.5],
						"0.6875": {
							"pre": [0, -0.21, 0.39],
							"post": [0, -0.21, 0.39],
							"lerp_mode": "catmullrom"
						},
						"1.0625": {
							"post": [0, -0.45, 0.485],
							"lerp_mode": "catmullrom"
						},
						"1.4375": {
							"post": [0, -0.13, 0.43],
							"lerp_mode": "catmullrom"
						},
						"1.6875": {
							"post": [0, 0.1, 0.45],
							"lerp_mode": "catmullrom"
						},
						"1.75": [0, -0.69, 0.95],
						"1.875": [0, -0.02, 0.4],
						"2.1875": [0, -0.01, 0.44],
						"2.2813": {
							"pre": [0, -0.01, 1.5],
							"post": [0, -0.01, 1.5],
							"lerp_mode": "catmullrom"
						},
						"2.3438": [0, -0.01, 0.95],
						"2.4063": [0, -0.01, 0.54],
						"2.625": [0, 0, 0.5],
						"2.7813": {
							"pre": [0, -1, 1.5],
							"post": [0, -1, 1.5],
							"lerp_mode": "catmullrom"
						},
						"2.9063": {
							"post": [0, 0, -1],
							"lerp_mode": "catmullrom"
						},
						"3.0": [0, -0.4, -0.7],
						"3.0938": [0, 0, 0]
					}
				},
				"magazine_and_hand": {
					"rotation": {
						"0.5625": [0, 0, 0],
						"0.7188": [12.79362, -12.19908, -2.74715],
						"0.875": [-22.21, -12.2, -2.75],
						"1.25": [-22.21, -12.2, -2.75],
						"1.3125": [20.29, -12.2, -2.75],
						"1.625": [12.79, -12.2, -2.75],
						"1.6875": [12.79, -12.2, -2.75],
						"1.75": [0, 0, 0]
					},
					"position": {
						"0.5625": [0, 0, 0],
						"0.6563": [0, -0.1, 0],
						"0.7188": [-3, 0.4, 3],
						"0.7813": [-6, -3.1, 6],
						"0.9688": [-6, -9.1, 19],
						"1.25": [-6, -9.1, 19],
						"1.4063": [0, 1.9, 2],
						"1.5": [0, 0.23, 1.3],
						"1.5625": [0, 0.23, 1.3],
						"1.6563": [0, 0, 0]
					}
				},
				"r": {
					"rotation": {
						"0.5313": [0, 0, 0],
						"0.5625": [0, -30, 0],
						"0.5938": [0, 0, 0],
						"1.7188": [0, 0, 0],
						"1.75": [0, -30, 0],
						"1.7813": [0, 0, 0]
					}
				},
				"l": {
					"rotation": {
						"0.5313": [0, 0, 0],
						"0.5625": [0, 30, 0],
						"0.5938": [0, 0, 0],
						"1.7188": [0, 0, 0],
						"1.75": [0, 30, 0],
						"1.7813": [0, 0, 0]
					}
				},
				"charge_handle": {
					"position": {
						"2.2188": [0, 0, 0],
						"2.25": [0, 0, 3.5],
						"2.3438": [0, 0, 3.5],
						"2.375": [0, 0, 0]
					}
				},
				"handle": {
					"rotation": {
						"2.125": [0, 0, 0],
						"2.1875": [0, 90, 0],
						"2.3438": [0, 90, 0],
						"2.375": [0, 0, 0],
						"2.4063": [0, 10, 0],
						"2.4688": [0, 0, 0],
						"2.5313": [0, 7, 0],
						"2.5938": [0, 0, 0]
					}
				},
				"camera": {
					"rotation": {
						"0.0": {
							"post": [0, 0, 0],
							"lerp_mode": "catmullrom"
						},
						"0.0625": {
							"post": [-0.32, 0, 0.39],
							"lerp_mode": "catmullrom"
						},
						"0.125": {
							"post": [1.25, 0.25, 0.22],
							"lerp_mode": "catmullrom"
						},
						"0.1875": {
							"post": [2.3, 0.59, -0.06],
							"lerp_mode": "catmullrom"
						},
						"0.25": {
							"post": [3.185, 0.82, -0.24],
							"lerp_mode": "catmullrom"
						},
						"0.3125": {
							"post": [3.35, 0.81, -0.07],
							"lerp_mode": "catmullrom"
						},
						"0.625": {
							"post": [3.01, 0.62, -0.02],
							"lerp_mode": "catmullrom"
						},
						"0.6563": {
							"post": [2.94, 0.01, -1.15],
							"lerp_mode": "catmullrom"
						},
						"0.6875": {
							"post": [2.9, 0.27, 0.505],
							"lerp_mode": "catmullrom"
						},
						"0.75": {
							"post": [2.84, 0.49, -0.46],
							"lerp_mode": "catmullrom"
						},
						"0.8125": {
							"post": [3.05, 0.67, 0.21],
							"lerp_mode": "catmullrom"
						},
						"0.875": {
							"post": [3.12, 0.5, 0.065],
							"lerp_mode": "catmullrom"
						},
						"1.1563": {
							"post": [3.24, 2.08, 1.22],
							"lerp_mode": "catmullrom"
						},
						"1.6875": {
							"post": [3.48, -0.81, 0.62],
							"lerp_mode": "catmullrom"
						},
						"1.7188": {
							"post": [3.46, -0.84, 0.71],
							"lerp_mode": "catmullrom"
						},
						"1.75": {
							"post": [3.45, -0.57, 1.6],
							"lerp_mode": "catmullrom"
						},
						"1.7813": {
							"post": [3.64, -0.49, 1.185],
							"lerp_mode": "catmullrom"
						},
						"1.8125": {
							"post": [3.45, -0.57, 0.07],
							"lerp_mode": "catmullrom"
						},
						"1.875": {
							"post": [2.91, -0.51, 1.025],
							"lerp_mode": "catmullrom"
						},
						"1.9375": {
							"post": [2.39, -0.39, 0.41],
							"lerp_mode": "catmullrom"
						},
						"2.0938": {
							"post": [1.65, -0.32, 0.27],
							"lerp_mode": "catmullrom"
						},
						"2.1875": {
							"post": [1.5, -0.3, 0.24],
							"lerp_mode": "catmullrom"
						},
						"2.25": {
							"post": [2.46, -0.29, 0.23],
							"lerp_mode": "catmullrom"
						},
						"2.3438": {
							"post": [2.34, -0.28, 0.22],
							"lerp_mode": "catmullrom"
						},
						"2.4063": {
							"post": [1.21, -0.27, 0.21],
							"lerp_mode": "catmullrom"
						},
						"2.7813": {
							"post": [0.97, -0.21, 0.12],
							"lerp_mode": "catmullrom"
						},
						"2.8438": {
							"post": [-0.23, -0.04, -0.19],
							"lerp_mode": "catmullrom"
						},
						"2.875": {
							"post": [-0.62, 0.015, 0.62],
							"lerp_mode": "catmullrom"
						},
						"2.9375": {
							"post": [-0.15, -0.005, -0.385],
							"lerp_mode": "catmullrom"
						},
						"3.0": {
							"post": [0.18, -0.06, 0.06],
							"lerp_mode": "catmullrom"
						},
						"3.0938": {
							"post": [0, 0, 0],
							"lerp_mode": "catmullrom"
						}
					}
				},
				"release": {
					"rotation": {
						"2.25": [0, 0, 17.5],
						"2.2813": [0, 0, 0]
					}
				}
			},
			"sound_effects": {
				"0.0313": {
					"effect": "ccrp:p50/p90_draw"
				},
				"0.4375": {
					"effect": "ccrp:p50/p90_reload_maggrab"
				},
				"0.4688": {
					"effect": "ccrp:p50/p90_reload_magrelease"
				},
				"0.5": {
					"effect": "ccrp:p50/p90_reload_magout"
				},
				"0.6875": {
					"effect": "ccrp:p50/p90_inspect_armdown"
				},
				"1.1875": {
					"effect": "ccrp:p50/p90_inspect_armup"
				},
				"1.5": {
					"effect": "ccrp:p50/p90_reload_magin"
				},
				"1.8125": {
					"effect": "ccrp:p50/p90_reload_rattlearm1"
				},
				"2.1875": {
					"effect": "ccrp:p50/p90_reload_empty_boltcharge"
				},
				"2.5313": {
					"effect": "ccrp:p50/p90_inspect_grabgrip"
				},
				"2.7188": {
					"effect": "ccrp:p50/p90_reload_end"
				}
			}
		}
	}
}