{
	"format_version": "1.8.0",
	"animations": {
		"static_idle": {
			"animation_length": 0.05,
			"bones": {
				"lefthand": {
					"rotation": [99.13767, -21.82367, -128.45709],
					"position": [7.4, -15.2, -6.5],
					"scale": [1, 1.5, 1]
				},
				"righthand": {
					"rotation": [95, 0, -180],
					"position": [-6.2, -17, 7],
					"scale": [1, 1.5, 1]
				},
				"constraint": {
					"rotation": [0.2, 0.15, 0.2],
					"position": [0.1, 0.1, 0.4]
				}
			}
		},
		"static_bolt_caught": {
			"animation_length": 0.55,
			"bones": {
				"lefthand": {
					"rotation": [99.13767, -21.82367, -128.45709],
					"position": [7.4, -15.2, -6.5],
					"scale": [1, 1.5, 1]
				},
				"righthand": {
					"rotation": [95, 0, -180],
					"position": [-6.2, -17, 7],
					"scale": [1, 1.5, 1]
				},
				"boltrelease": {
					"position": [0, 0.1, 0]
				},
				"bolt2": {
					"position": [0, -0.425, 3.4]
				},
				"charger": {
					"position": [0, 0, 4]
				}
			}
		},
		"draw": {
			"loop": "hold_on_last_frame",
			"animation_length": 0.75,
			"bones": {
				"lefthand": {
					"rotation": {
						"0.05": [84.55606, -1.91886, -130.46016],
						"0.15": [84.28, -15.19, -129.13],
						"0.25": [92.28735, -29.81773, -128.79991],
						"0.35": [99.13767, -21.82367, -128.45709]
					},
					"position": {
						"0.05": [7.6, -28.9, -8],
						"0.15": [7.6, -20.23, -8],
						"0.25": [7.6, -16.5, -10.1],
						"0.35": [7.4, -15.2, -6.5]
					},
					"scale": [1, 1.5, 1]
				},
				"righthand": {
					"rotation": [95, 0, -180],
					"position": [-6.2, -17, 7],
					"scale": [1, 1.5, 1]
				},
				"root": {
					"rotation": {
						"0.0": [19.64807, -30.83866, 63.3425],
						"0.1": [21.19122, -14.40747, 12.59763],
						"0.2": [5.09, -6.61, 5.06],
						"0.3": [1.82144, 0.01118, 0.03752],
						"0.35": [-0.042, -0.4187, 4.03899],
						"0.45": {
							"pre": [0.14086, -0.97706, 1.04153],
							"post": [0.14086, -0.97706, 1.04153],
							"lerp_mode": "catmullrom"
						},
						"0.55": {
							"post": [-0.13, 0.1, 0],
							"lerp_mode": "catmullrom"
						},
						"0.7": [0, 0, 0]
					},
					"position": {
						"0.0": [3, -14, 0],
						"0.05": [2.1, -6, 0],
						"0.15": [1.5, -1.85, -0.2],
						"0.2": [1.05, -1.47, -0.7],
						"0.3": {
							"pre": [0.45, -0.86, -1.1],
							"post": [0.45, -0.86, -1.1],
							"lerp_mode": "catmullrom"
						},
						"0.35": {
							"post": [0.13, -0.35, -0.27],
							"lerp_mode": "catmullrom"
						},
						"0.4": {
							"post": [0, 0.17, 0.17],
							"lerp_mode": "catmullrom"
						},
						"0.45": {
							"post": [0, 0.08, -0.13],
							"lerp_mode": "catmullrom"
						},
						"0.55": [0, -0.01, -0.28],
						"0.65": [0, 0, 0]
					}
				},
				"camera": {
					"rotation": {
						"0.0": {
							"post": [0, 0, 0],
							"lerp_mode": "catmullrom"
						},
						"0.1": {
							"post": [1, 1, 0],
							"lerp_mode": "catmullrom"
						},
						"0.25": {
							"post": [1, 0, 1],
							"lerp_mode": "catmullrom"
						},
						"0.4": {
							"post": [-1, 0, 0],
							"lerp_mode": "catmullrom"
						},
						"0.5": {
							"post": [-0.49992, 0.00873, 0.99996],
							"lerp_mode": "catmullrom"
						},
						"0.65": {
							"post": [0, 0, 0],
							"lerp_mode": "catmullrom"
						}
					}
				}
			}
		},
		"put_away": {
			"loop": "hold_on_last_frame",
			"animation_length": 0.5,
			"bones": {
				"lefthand": {
					"rotation": [99.13767, -21.82367, -128.45709],
					"position": [7.4, -15.2, -6.5],
					"scale": [1, 1.5, 1]
				},
				"righthand": {
					"rotation": {
						"0.0": [95, 0, -180],
						"0.1167": [99.24832, 57.15935, -172.20989]
					},
					"position": [-6.2, -17, 7],
					"scale": [1, 1.5, 1]
				},
				"root": {
					"rotation": {
						"0.0": [0, 0, 0],
						"0.05": [0, -3, 6],
						"0.15": [-10.32567, -18.95265, -8.14869],
						"0.2": [-26.69, -18.04, 2.69],
						"0.3": [-36.96, -11.63, -10.34],
						"0.4": [-43.84, -7.53, -20.73],
						"0.5": [-47.31135, -5.75386, -28.4767]
					},
					"position": {
						"0.0": [0, 0, 0],
						"0.05": [0, 0, 0],
						"0.15": [1.6, 0.2, 0],
						"0.2": [4.17, -1.16, 0],
						"0.3": [10.63, -11.12, 1.93],
						"0.4": [19.92, -27.81, 5.6],
						"0.5": [27.5, -44.4, 9.1]
					}
				},
				"camera": {
					"rotation": {
						"0.0": [0, 0, 0],
						"0.1833": [-1.9997, 0.00061, 0.0349],
						"0.3167": [-1, -0.99878, 0.0698],
						"0.5": [0, 0, 0]
					}
				}
			}
		},
		"reload_tactical": {
			"animation_length": 2.45,
			"bones": {
				"lefthand": {
					"rotation": {
						"0.0": [99.13767, -21.82367, -128.45709],
						"0.0333": [83.52863, -32.75691, -127.13262],
						"0.1": [84.14, -21.82, -128.46],
						"0.1333": [82.27302, -22.58468, -126.11991],
						"0.8333": [82.27302, -22.58468, -126.11991],
						"0.9333": [98.15985, -25.58805, -110.01019],
						"1.6333": [98.15985, -25.58805, -110.01019],
						"1.7333": {
							"pre": [86.64, -19.43, -114.91],
							"post": [86.64, -19.43, -114.91],
							"lerp_mode": "catmullrom"
						},
						"1.8333": [99.13767, -21.82367, -128.45709]
					},
					"position": {
						"0.0": [7.4, -15.2, -6.5],
						"0.0333": [8.35, -17.175, -7.45],
						"0.1": [8.1, -18.2, -2.5],
						"0.1333": [7.685, -17.775, -0.875],
						"0.8333": [7.685, -17.775, -0.875],
						"0.9333": [7.585, -17.05, -1.225],
						"1.6333": [7.585, -17.05, -1.225],
						"1.7333": {
							"pre": [8.4, -17.75, -4.85],
							"post": [8.4, -17.75, -4.85],
							"lerp_mode": "catmullrom"
						},
						"1.8333": [7.4, -15.2, -6.5]
					},
					"scale": [1, 1.5, 1]
				},
				"righthand": {
					"rotation": {
						"0.0": [95, 0, -180],
						"0.1": [95.51385, 24.89837, -177.6727],
						"1.7667": [95.51385, 24.89837, -177.6727],
						"1.8667": [95, 0, -180]
					},
					"position": {
						"0.0": [-6.2, -17, 7],
						"0.1": [-6.2, -17, 7.7],
						"1.7667": [-6.2, -17, 7.7],
						"1.8667": [-6.2, -17, 7]
					},
					"scale": [1, 1.5, 1]
				},
				"root": {
					"rotation": {
						"0.0": [0, 0, 0],
						"0.0333": [1.29, 0.6, 0.52],
						"0.1333": [-3.32, -0.14, -6.98],
						"0.2": [-3.32, -0.14, -6.98],
						"0.2333": [-5.27, -0.59, -10.74],
						"0.3": [-7.85369, -1.35245, -16.40886],
						"0.3333": [-6.57698, -2.54259, -24.82703],
						"0.4": [-5.34473, -0.14114, -21.63336],
						"0.5": [-4.60386, -0.97126, -12.25364],
						"0.6": [-3.80667, -0.91096, -17.5262],
						"0.7333": {
							"pre": [-5.11281, -0.17645, -14.82654],
							"post": [-5.11281, -0.17645, -14.82654],
							"lerp_mode": "catmullrom"
						},
						"0.9": {
							"post": [-5.86, -0.34, -16.32],
							"lerp_mode": "catmullrom"
						},
						"0.9667": {
							"post": [-7.42, 0.36, -19.05],
							"lerp_mode": "catmullrom"
						},
						"1.0333": [-8.74329, 1.11452, -22.08781],
						"1.1333": {
							"pre": [-12.64096, -2.59262, -35.68603],
							"post": [-12.64096, -2.59262, -35.68603],
							"lerp_mode": "catmullrom"
						},
						"1.2333": {
							"post": [-13.30412, -3.87138, -41.56149],
							"lerp_mode": "catmullrom"
						},
						"1.3333": [-13.16462, -4.32806, -43.51726],
						"1.4": {
							"pre": [-13.21, -4.18, -42.87],
							"post": [-13.21, -4.18, -42.87],
							"lerp_mode": "catmullrom"
						},
						"1.4333": {
							"post": [-13.26092, -4.02376, -42.21555],
							"lerp_mode": "catmullrom"
						},
						"1.5": {
							"post": [-13.37351, 0.12101, -38.06253],
							"lerp_mode": "catmullrom"
						},
						"1.5333": {
							"post": [-14.22331, -2.21713, -43.14809],
							"lerp_mode": "catmullrom"
						},
						"1.6": {
							"post": [-15.38296, -2.04766, -38.5387],
							"lerp_mode": "catmullrom"
						},
						"1.6667": {
							"post": [-15.35382, -1.46806, -40.23593],
							"lerp_mode": "catmullrom"
						},
						"1.7667": [-7.87, -0.73, -15.76],
						"1.8667": [-0.37032, 0.39084, 0.10152],
						"1.9333": {
							"pre": [2.85846, -0.25261, 0.94987],
							"post": [2.85846, -0.25261, 0.94987],
							"lerp_mode": "catmullrom"
						},
						"1.9667": {
							"post": [2.29999, -0.18288, 0.4296],
							"lerp_mode": "catmullrom"
						},
						"2.0667": {
							"post": [-0.36337, -0.23485, 0.12572],
							"lerp_mode": "catmullrom"
						},
						"2.1333": {
							"post": [-0.2891, -0.33048, 1.24003],
							"lerp_mode": "catmullrom"
						},
						"2.2333": [0, 0.225, -0.225],
						"2.3333": [0, 0, 0.6625],
						"2.4333": [0, 0, 0]
					},
					"position": {
						"0.0": [0, 0, 0],
						"0.0667": [-0.07, -0.19, 0.15],
						"0.1333": [-0.16, 0.14, 0.32],
						"0.2": [-0.21, 0.4275, 0.42],
						"0.2333": [-0.2, 0.4, 0.4],
						"0.3333": [-0.4, 0.125, 0.4],
						"0.4333": [-0.53, -0.5175, 0.4],
						"0.5333": [-0.57, -0.425, 0.48],
						"0.7": {
							"pre": [-0.52, 0.2, 0.64],
							"post": [-0.52, 0.2, 0.64],
							"lerp_mode": "catmullrom"
						},
						"0.8": {
							"post": [-0.5, 0.21, 0.72],
							"lerp_mode": "catmullrom"
						},
						"0.9333": {
							"post": [-0.5, 0.125, 0.8],
							"lerp_mode": "catmullrom"
						},
						"1.0667": [-0.56, 0.245, 0.5],
						"1.2": [-0.8, 0.945, 0.7],
						"1.3": [-0.8, 1.115, 1],
						"1.4": [-0.8, 1.125, 1.075],
						"1.4333": [-0.8, 1.025, 1],
						"1.5333": [-0.8, 0.4, 1],
						"1.6333": [-0.9, 0.8, 1],
						"1.7333": [-0.9, 0.63, 0.5],
						"1.8333": [-0.3, -0.7, -1.07],
						"1.9333": {
							"pre": [0.2, -1.1, -1],
							"post": [0.2, -1.1, -1],
							"lerp_mode": "catmullrom"
						},
						"2.0333": [0, 0, 0.1625],
						"2.0667": [0, 0.07, 0.3],
						"2.1667": [0, -0.0625, -0.2],
						"2.3": [0, 0, 0.0625],
						"2.4333": [0, 0, 0]
					}
				},
				"magrelease": {
					"rotation": {
						"0.1333": [0, 0, 0],
						"0.2": [-25, 0, 0],
						"0.3333": [-25, 0, 0],
						"0.4": [0, 0, 0],
						"1.4333": [0, 0, 0],
						"1.5": [-25, 0, 0],
						"1.5667": [0, 0, 0]
					}
				},
				"additional_magazine": {
					"scale": {
						"0.0": [0, 0, 0],
						"2.2": {
							"pre": [0, 0, 0],
							"post": [1, 1, 1]
						}
					}
				},
				"mag_and_lefthand": {
					"rotation": {
						"0.2333": [0, 0, 0],
						"0.3": [-12.5, 0, 0],
						"0.3333": [-31.5, 0, 0],
						"0.4333": [-31.5, 0, 0],
						"1.1333": [-31.5, 0, 0],
						"1.2333": [-30.59287, -5.2529, -12.275],
						"1.3": [-17.87896, -3.70362, -8.5796],
						"1.3333": [-12.88, -3.7, -8.58],
						"1.4": [-18.88, -3.7, -8.58],
						"1.4333": [-4.88, -3.7, -8.58],
						"1.5": [0, 0, 0]
					},
					"position": {
						"0.2333": [0, 0, 0],
						"0.3": [0, -0.8, -0.8],
						"0.3333": [0, -1.6, -2.3],
						"0.4333": [0.4, -14.7, -3.7],
						"0.5333": [0.4, -23.5, 1.7],
						"1.1333": [0.4, -23.5, 1.7],
						"1.2333": [0.8, -7.1, -2.9],
						"1.3": [0.8, -2.1, -1.9],
						"1.3333": [0.8, -1.7, -1.22],
						"1.4": [0.8, -1.5, -1.7],
						"1.4333": [0.8, -1.5, -0.8],
						"1.5": [0, 0, 0]
					}
				},
				"bullet": {
					"scale": {
						"0.0": [0, 0, 0],
						"0.7": {
							"pre": [0, 0, 0],
							"post": [1, 1, 1]
						}
					}
				},
				"octagon18": {
					"scale": [1, 1, 1.03]
				},
				"constraint": {
					"rotation": {
						"0.0": [0.2, 0.15, 0.2],
						"0.3": [0.05, 0.05, 0.05],
						"1.6667": [0.05, 0.05, 0.05],
						"2.0667": [0.2, 0.15, 0.2]
					},
					"position": {
						"0.0": [0.1, 0.1, 0.4],
						"0.3": [0.05, 0.05, 0.05],
						"1.6667": [0.05, 0.05, 0.05],
						"2.0667": [0.1, 0.1, 0.4]
					}
				},
				"camera": {
					"rotation": {
						"0.0": {
							"post": [0, 0, 0],
							"lerp_mode": "catmullrom"
						},
						"0.1": {
							"post": [1.52, 0.28, -0.09],
							"lerp_mode": "catmullrom"
						},
						"0.2333": {
							"post": [2.40072, 0.69906, 0.04887],
							"lerp_mode": "catmullrom"
						},
						"0.3": {
							"post": [2.10701, 0.88443, 1.13978],
							"lerp_mode": "catmullrom"
						},
						"0.4": {
							"post": [1.37609, 0.97329, -0.82614],
							"lerp_mode": "catmullrom"
						},
						"0.5333": {
							"post": [1.66, 0.64, -0.225],
							"lerp_mode": "catmullrom"
						},
						"0.7333": {
							"post": [2.02506, 0.19994, 0.00698],
							"lerp_mode": "catmullrom"
						},
						"0.9333": {
							"post": [2.3, 0.05, -0.04],
							"lerp_mode": "catmullrom"
						},
						"1.0333": {
							"post": [2.65, 0.02, 0.36],
							"lerp_mode": "catmullrom"
						},
						"1.2": {
							"post": [2.63, 0.08, 0.81],
							"lerp_mode": "catmullrom"
						},
						"1.3": {
							"post": [2.44, 0.23, 1.05],
							"lerp_mode": "catmullrom"
						},
						"1.4": {
							"post": [2.20505, 0.18687, 1.11955],
							"lerp_mode": "catmullrom"
						},
						"1.5": {
							"post": [2.03005, 0.18687, 0.51955],
							"lerp_mode": "catmullrom"
						},
						"1.5333": {
							"post": [2.03511, 0.10372, 1.91782],
							"lerp_mode": "catmullrom"
						},
						"1.6333": {
							"post": [2.03005, 0.18687, 1.11955],
							"lerp_mode": "catmullrom"
						},
						"1.7667": {
							"post": [2.03294, 0.14531, 1.74369],
							"lerp_mode": "catmullrom"
						},
						"1.8667": {
							"post": [1.19, 0.08, 1.01],
							"lerp_mode": "catmullrom"
						},
						"1.9333": {
							"post": [0.4, 0.03, 0.67],
							"lerp_mode": "catmullrom"
						},
						"2.0333": {
							"post": [-0.3, 0, -0.15],
							"lerp_mode": "catmullrom"
						},
						"2.1667": [0.1, 0, 0.15],
						"2.3": [-0.075, 0, -0.01875],
						"2.4333": [0, 0, 0]
					}
				}
			},
			"sound_effects": {
				"0.2": {
					"effect": "p18_dm_mike14_reload_magout"
				},
				"1.2667": {
					"effect": "p18_dm_mike14_reload_maghit"
				},
				"1.5": {
					"effect": "p18_dm_mike14_reload_magin"
				},
				"1.5333": {
					"effect": "p18_dm_mike14_reload_movemnt"
				},
				"1.8667": {
					"effect": "p18_dm_mike14_reload_end"
				}
			}
		},
		"reload_empty": {
			"animation_length": 2.7,
			"bones": {
				"lefthand": {
					"rotation": {
						"0.0": [99.13767, -21.82367, -128.45709],
						"0.1": [137.55616, -32.28573, -221.22433],
						"0.3333": [95.80182, -30.60797, -111.83129],
						"0.6": [95.05648, -9.20174, -109.68037],
						"0.7333": [95.80182, -30.60797, -111.83129],
						"1.1333": [95.80182, -30.60797, -111.83129],
						"1.4333": [95.80182, -30.60797, -111.83129],
						"1.7": [93.71808, -70.66846, -91.71306],
						"1.7667": [96.26037, -78.64173, -94.33787],
						"1.8": [96.85511, -79.63347, -94.94595],
						"1.8667": [264.41424, -77.23873, -262.75239],
						"1.9333": [267.34954, -62.27346, -265.8563],
						"2.1": [68.30635, -57.68378, -90.15543],
						"2.2667": [99.13767, -21.82367, -128.45709]
					},
					"position": {
						"0.0": [7.4, -15.2, -6.5],
						"0.2": [7.535, -18.05, -2.05],
						"0.3333": [7.535, -17.5, -1.75],
						"1.4333": [7.535, -17.5, -1.75],
						"1.5": [7.335, -20.1, -0.97],
						"1.5667": [4.5, -22.15, 0.1],
						"1.6333": [3.3, -16.42, 1.53],
						"1.7": [2.7, -13.55, 2.25],
						"1.7667": [2.7, -13.35, 2.55],
						"1.8": [2.7, -13.35, 2.45],
						"1.8667": [2.7, -13.15, 6.35],
						"1.9333": [0.7, -13.35, 10.05],
						"2.0333": [3.66787, -21.43098, 6.28385],
						"2.1": [6.58101, -24.02268, 0.89922],
						"2.2": [8.85239, -17.98314, -4.78847],
						"2.2667": [7.4, -15.2, -6.5]
					},
					"scale": [1, 1.5, 1]
				},
				"righthand": {
					"rotation": {
						"0.0": [95, 0, -180],
						"0.1": [96.61242, 40.81074, -175.66736],
						"1.5333": [96.61, 40.81, -175.67],
						"1.6333": [95, 0, -180]
					},
					"position": {
						"0.0": [-6.2, -17, 7],
						"0.1": [-6.7, -17, 7.7],
						"1.5333": [-6.7, -17, 7.7],
						"1.6333": [-6.2, -17, 7]
					},
					"scale": [1, 1.5, 1]
				},
				"root": {
					"rotation": {
						"0.0": [0, 0, 0],
						"0.0667": [-3.76, -1.1, -6.47],
						"0.1667": [-10.125, -1.9, -15.53],
						"0.2333": [-13.14285, -2.39491, -20.82763],
						"0.3667": [-13.82282, -2.77888, -25.87342],
						"0.4333": [-14.69575, -4.33931, -29.56579],
						"0.5": [-16.72265, -4.72658, -30.49065],
						"0.5667": [-14.52247, -4.32667, -29.57708],
						"0.6": [-18.87514, -8.05631, -41.34561],
						"0.6667": [-17.69079, -3.01602, -27.99459],
						"0.8": [-17.08856, -7.33221, -35.77724],
						"0.9667": [-22.81, -6.29, -38.14],
						"1.0667": [-25.12269, -6.25624, -38.64842],
						"1.1": [-26.21, -5.82, -37.75],
						"1.1667": [-26.2729, -4.12793, -34.12007],
						"1.3": [-24.77093, -2.94923, -38.49759],
						"1.3667": [-19.86979, -2.42956, -29.93791],
						"1.4333": [-22.06015, -0.42105, -25.90544],
						"1.5333": {
							"pre": [-20.03, -2.43, -31.06],
							"post": [-20.03, -2.43, -31.06],
							"lerp_mode": "catmullrom"
						},
						"1.6": {
							"post": [-21.39, -0.63, -28.61],
							"lerp_mode": "catmullrom"
						},
						"1.6667": {
							"post": [-24.36, 1.37, -25.42],
							"lerp_mode": "catmullrom"
						},
						"1.7667": {
							"post": [-25.52, 3.04, -22.81],
							"lerp_mode": "catmullrom"
						},
						"1.8333": [-24.11737, 2.37892, -23.97505],
						"1.9": [-26.04, 6.21, -20.45],
						"1.9333": [-26.31177, 8.35411, -13.14955],
						"2.0": [-21.43416, 0.39432, -29.14096],
						"2.0667": [-19.63712, 5.8788, -21.08862],
						"2.1333": [-14.43, 4.86, -28.18],
						"2.2333": [-0.08, 1.62, -7.06],
						"2.3333": [3.32, 0.02, 0.25],
						"2.4": [0.54897, 0.03925, -2.99974],
						"2.4667": [-0.47058, -0.0434, 0.36929],
						"2.5": [-0.68804, -0.01635, -0.25033],
						"2.6": [0, 0, 0]
					},
					"position": {
						"0.0": [0, 0, 0],
						"0.1": [-0.49, -0.805, -0.29],
						"0.1667": [-0.86, -0.835, -0.05],
						"0.2333": [-1.1, -0.05, 0.6],
						"0.3333": [-1.33, 0.35, 1.1],
						"0.4333": [-1.33, 0.575, 1.3],
						"0.5667": [-1.33, 0.45, 1.3],
						"0.6": [-1.23, 0.4625, 1.4],
						"0.6667": [-1.33, -0.05, 0.5375],
						"0.7667": [-1.33, -0.875, 0.375],
						"0.9": [-1.33, -1.05, 1.1],
						"1.0": [-1.33, -0.925, 1.4],
						"1.1": [-1.33, -0.675, 1.5],
						"1.2667": [-1.33, -0.625, 1.6],
						"1.3": [-1.33, -1.1875, 1.55],
						"1.3333": [-1.33, -1.3, 1.5],
						"1.4333": [-1.33, -1.425, 1.425],
						"1.5": [-1.33, -1.175, 1.4],
						"1.5667": [-1.16, -0.855, 1.6],
						"1.6667": [-0.98, 0.25, 1.6],
						"1.7667": [-0.63, 0.4, 1.5],
						"1.8333": [-0.77, 0.07, 1.12],
						"1.9": {
							"pre": [-1.03, -1.6, 0.9],
							"post": [-1.03, -1.6, 0.9],
							"lerp_mode": "catmullrom"
						},
						"1.9667": {
							"post": [-1.03, -1.2, -0.2],
							"lerp_mode": "catmullrom"
						},
						"2.0333": {
							"post": [-1.1, -0.07, 0.17],
							"lerp_mode": "catmullrom"
						},
						"2.1": {
							"post": [-0.82, 0, -0.07],
							"lerp_mode": "catmullrom"
						},
						"2.2": {
							"post": [-0.1, -0.9, -1.5],
							"lerp_mode": "catmullrom"
						},
						"2.3": {
							"post": [-0.02, -1.265, -1.685],
							"lerp_mode": "catmullrom"
						},
						"2.3667": {
							"post": [0, -0.375, 0.25],
							"lerp_mode": "catmullrom"
						},
						"2.4333": {
							"post": [0, -0.075, 0.45],
							"lerp_mode": "catmullrom"
						},
						"2.5": {
							"post": [0, 0, -0.2125],
							"lerp_mode": "catmullrom"
						},
						"2.6": {
							"post": [0, 0, 0.05],
							"lerp_mode": "catmullrom"
						},
						"2.7": {
							"post": [0, 0, 0],
							"lerp_mode": "catmullrom"
						}
					}
				},
				"bolt2": {
					"position": {
						"0.0": [0, -0.425, 3.4],
						"1.8": [0, -0.3, 3.4],
						"1.8667": [0, -0.625, 3.65],
						"1.9333": [0, 0, 0]
					}
				},
				"charger": {
					"position": {
						"0.0": [0, 0, 4],
						"1.8": [0, 0, 4],
						"1.8333": [0, 0, 4.9],
						"1.9333": [0, 0, 0]
					}
				},
				"additional_magazine": {
					"rotation": {
						"0.5": [0, 0, 0],
						"0.5667": [-30, 0, 0],
						"0.6": [-56, 0, 0],
						"0.6667": [-108.41418, -3.56158, -18.67532],
						"0.7667": [-243.41418, -3.56158, -18.67532],
						"0.8667": [-405.91418, -3.56158, -18.67532]
					},
					"position": {
						"0.5": [0, 0, 0],
						"0.5667": [0, -0.9, -2.2],
						"0.6": [0, -3.3, -6.6],
						"0.6667": [2.46185, -8.66557, -12.70206],
						"0.7": [-1.74743, -16.99746, -17.86022],
						"0.7667": [-5.75499, -26.28526, -20.76749],
						"0.8667": [-17.7591, -50.79572, -20.062],
						"0.9667": [-38.74871, -75.06957, -9.21071]
					}
				},
				"magrelease": {
					"rotation": {
						"0.5": [0, 0, 0],
						"0.5667": [-25, 0, 0],
						"0.7": [-25, 0, 0],
						"0.7667": [0, 0, 0]
					}
				},
				"mag_and_lefthand": {
					"rotation": {
						"0.0": [0, 0, 0],
						"0.2667": [-17.46424, -4.66327, -12.00948],
						"0.4333": [-39.80677, -11.82294, -52.71215],
						"0.4667": [-39.68238, -11.29527, -55.95783],
						"0.5667": [-36.41085, -12.84363, -57.72264],
						"0.7": {
							"pre": [-0.2438, 6.33841, -32.10374],
							"post": [-0.2438, 6.33841, -32.10374],
							"lerp_mode": "catmullrom"
						},
						"0.8": {
							"post": [-6.17219, 2.26378, -29.6815],
							"lerp_mode": "catmullrom"
						},
						"0.9": [-12.68633, -4.00996, -9.07306],
						"1.0": [-16.08096, -10.97262, -4.03855],
						"1.0667": [-9.6851, -7.81794, -8.02401],
						"1.1667": [-12.08, -6.24, -10.02],
						"1.2667": [-13.50424, -4.66327, -12.00948],
						"1.3": [0, 0, 0],
						"1.5333": [0, 0, 0]
					},
					"position": {
						"0.0": [0, 0, 0],
						"0.2667": [11.38, -20.04, 10.35],
						"0.3667": [0.28, -3.39, 5.45],
						"0.4333": [0.36, -0.69, 3.15],
						"0.5": [-0.64, -0.32, 1.91125],
						"0.5667": [-0.64, -0.32, 1.11],
						"0.6": {
							"pre": [-0.33, -2.495, -2.54],
							"post": [-0.33, -2.495, -2.54],
							"lerp_mode": "catmullrom"
						},
						"0.6667": {
							"post": [0.28, -7.56, -5.205],
							"lerp_mode": "catmullrom"
						},
						"0.8": {
							"post": [1.51, -6.945, -6.83],
							"lerp_mode": "catmullrom"
						},
						"0.9": [2.43, -5.895, -4.355],
						"1.0": [0.88, -3.585, -1.805],
						"1.0667": [0.88, -2.29, -0.125],
						"1.1667": [0.89, -0.785, -0.07],
						"1.2667": [0.9, -0.495, -0.15],
						"1.3": [0, 0, 0],
						"1.5333": [0, 0, 0]
					}
				},
				"boltrelease": {
					"position": {
						"0.0": [0, 0.1, 0],
						"1.9": [0, 0.1, 0],
						"1.9333": [0, 0, 0]
					}
				},
				"magazine_bullet": {
					"scale": {
						"0.0": [0, 0, 0],
						"0.1333": {
							"pre": [0, 0, 0],
							"post": [1, 1, 1]
						}
					}
				},
				"bullet": {
					"scale": 1
				},
				"constraint": {
					"rotation": {
						"0.0": [0.2, 0.15, 0.2],
						"0.3": [0.05, 0.05, 0.05],
						"2.0667": [0.05, 0.05, 0.05],
						"2.4667": [0.2, 0.15, 0.2]
					},
					"position": {
						"0.0": [0.1, 0.1, 0.4],
						"0.3": [0.05, 0.05, 0.05],
						"2.0667": [0.05, 0.05, 0.05],
						"2.4667": [0.1, 0.1, 0.4]
					}
				},
				"camera": {
					"rotation": {
						"0.0": {
							"post": [0, 0, 0],
							"lerp_mode": "catmullrom"
						},
						"0.1667": {
							"post": [0.025, 0.35, 0.02],
							"lerp_mode": "catmullrom"
						},
						"0.3667": {
							"post": [3.815, 0.69, -0.6],
							"lerp_mode": "catmullrom"
						},
						"0.4667": {
							"post": [4.36275, 0.78888, -1.25052],
							"lerp_mode": "catmullrom"
						},
						"0.5667": {
							"post": [3.98198, 1.0696, -0.92774],
							"lerp_mode": "catmullrom"
						},
						"0.6": {
							"post": [3.53303, 0.89459, 0.46756],
							"lerp_mode": "catmullrom"
						},
						"0.6667": {
							"post": [2.98198, 1.0696, -0.92774],
							"lerp_mode": "catmullrom"
						},
						"0.7667": {
							"post": [3.01, 0.98, 0.1],
							"lerp_mode": "catmullrom"
						},
						"0.8667": {
							"post": [3.03444, 1.37201, 0.02012],
							"lerp_mode": "catmullrom"
						},
						"0.9667": {
							"post": [3.06127, 1.94373, 0.96742],
							"lerp_mode": "catmullrom"
						},
						"1.0667": {
							"post": [3.3, 2.13, 0.49],
							"lerp_mode": "catmullrom"
						},
						"1.1667": {
							"post": [3.99634, 1.98177, -0.95789],
							"lerp_mode": "catmullrom"
						},
						"1.2667": {
							"post": [5.03025, 1.91178, 0.04023],
							"lerp_mode": "catmullrom"
						},
						"1.3333": {
							"post": [3.9607, 2.08596, -1.25338],
							"lerp_mode": "catmullrom"
						},
						"1.4333": {
							"post": [4.03095, 1.94657, 0.04299],
							"lerp_mode": "catmullrom"
						},
						"1.5333": {
							"post": [3.39, 1.91, 0.71],
							"lerp_mode": "catmullrom"
						},
						"1.6333": {
							"post": [3.32, 1.57, 1.05],
							"lerp_mode": "catmullrom"
						},
						"1.7667": {
							"post": [5.06811, 0.9895, 1.13052],
							"lerp_mode": "catmullrom"
						},
						"1.8667": {
							"post": [5.7, 1.07, 0.47],
							"lerp_mode": "catmullrom"
						},
						"1.9333": {
							"post": [6.72955, 1.71085, -0.2356],
							"lerp_mode": "catmullrom"
						},
						"1.9667": {
							"post": [5.96168, 0.73569, 1.29946],
							"lerp_mode": "catmullrom"
						},
						"2.0667": {
							"post": [4.8414, 0.2939, -0.0352],
							"lerp_mode": "catmullrom"
						},
						"2.1667": {
							"post": [3.95968, 0.08756, 1.05617],
							"lerp_mode": "catmullrom"
						},
						"2.2667": {
							"post": [1.31, 0.035, 0.23],
							"lerp_mode": "catmullrom"
						},
						"2.3667": {
							"post": [-0.11, 0.05, -0.14],
							"lerp_mode": "catmullrom"
						},
						"2.4333": {
							"post": [0.125, 0.03, 0.185],
							"lerp_mode": "catmullrom"
						},
						"2.5333": {
							"post": [-0.0875, 0, -0.1],
							"lerp_mode": "catmullrom"
						},
						"2.6667": {
							"post": [0, 0, 0],
							"lerp_mode": "catmullrom"
						}
					}
				}
			},
			"sound_effects": {
				"0.0": {
					"effect": "p18_dm_mike14_reload_empty_raise"
				},
				"0.5333": {
					"effect": "p18_dm_mike14_reload_empty_quick_magout"
				},
				"0.9667": {
					"effect": "p18_dm_mike14_reload_empty_maghit"
				},
				"1.2667": {
					"effect": "p18_dm_mike14_reload_empty_magin"
				},
				"1.7333": {
					"effect": "p18_dm_mike14_reload_empty_quick_charge"
				},
				"2.0": {
					"effect": "p18_dm_mike14_reload_empty_end"
				}
			}
		},
		"inspect": {
			"animation_length": 7.35,
			"bones": {
				"lefthand": {
					"rotation": {
						"0.0": [99.13767, -21.82367, -128.45709],
						"0.3": [97.60229, -50.98159, -172.85145],
						"2.35": [97.6, -50.98, -172.85],
						"2.5": [99.14399, -58.40097, -174.73803],
						"2.6": [52.85269, -57.5914, -146.26457],
						"4.8": [52.85, -57.59, -146.26],
						"4.9": [54.99, -48.13, -144.23],
						"4.95": [59.26454, -29.22407, -140.15519],
						"6.65": [59.26, -29.22, -140.16],
						"6.75": [74.19, -24.78, -133.14],
						"6.9": [99.13767, -21.82367, -128.45709]
					},
					"position": {
						"0.0": [7.4, -15.2, -6.5],
						"0.1": {
							"pre": [12.19929, -21.32931, -5.16257],
							"post": [12.19929, -21.32931, -5.16257],
							"lerp_mode": "catmullrom"
						},
						"0.2": {
							"post": [13.53031, -32.66631, 9.36009],
							"lerp_mode": "catmullrom"
						},
						"0.3": {
							"post": [14.47738, -36.79537, 21.17153],
							"lerp_mode": "catmullrom"
						},
						"2.35": [1.5, -46.2, 15.5],
						"2.5": [7.5, -24.2, -6.5],
						"2.6": [6.5, -17.2, -3],
						"4.8": [6.5, -17.2, -3],
						"4.9": [6.63, -17.03, -3.87],
						"4.95": [6.9, -16.7, -5.6],
						"6.65": [6.9, -16.7, -5.6],
						"6.75": {
							"pre": [7.34, -16.2, -7.1],
							"post": [7.34, -16.2, -7.1],
							"lerp_mode": "catmullrom"
						},
						"6.9": [7.4, -15.2, -6.5]
					},
					"scale": [1, 1.5, 1]
				},
				"righthand": {
					"rotation": {
						"0.0": [95, 0, -180],
						"4.85": [95, 0, -180],
						"5.05": [105.52, -19.21, -136.6],
						"5.25": [111.83055, -30.73531, -110.56377],
						"5.4": [114.34, -31.78, -111.06],
						"5.5": [115.46, -32.25, -111.28],
						"5.65": [116.2934, -32.5936, -111.44258],
						"6.2": [116.29, -32.59, -111.44],
						"6.3": [136.71372, 12.13934, -157.91548],
						"6.75": [136.71, 12.14, -157.92],
						"6.85": [111.68, 4.86, -171.17],
						"7.0": [95, 0, -180]
					},
					"position": {
						"0.0": [-6.2, -17, 7],
						"4.85": [-6.2, -17, 7],
						"4.95": [-7.53, -17, 7],
						"5.05": [-8.32, -16.3, 5.32],
						"5.15": [-8.68, -14.2, 0.28],
						"5.25": [-8.8, -13.7, -1.4],
						"5.35": [-8.8, -13.7, -0.88],
						"5.5": [-8.8, -13.7, 0.7],
						"5.55": [-8.8, -13.7, 0.83],
						"5.65": [-8.8, -13.7, 0.9],
						"6.2": [-8.8, -13.7, 0.9],
						"6.3": [-9.6, -16.67, 3.8],
						"6.35": [-9.6, -17.3, 4.43],
						"6.45": [-9.6, -17.9, 5.3],
						"6.75": [-9.7, -17.9, 5],
						"6.85": [-7.6, -17.36, 6.2],
						"7.0": [-6.2, -17, 7]
					},
					"scale": [1, 1.5, 1]
				},
				"root": {
					"rotation": {
						"0.0": [0, 0, 0],
						"0.05": [-5.79, 0.13, 1.95],
						"0.15": [-17.59, -10.78, -12.86],
						"0.25": [-25.6, -24.52, -35.41],
						"0.3": [-27.59976, -27.22756, -41.19159],
						"0.35": [-29.18247, -28.58725, -44.21775],
						"0.4": [-31.13848, -27.68974, -42.19082],
						"0.5": [-30.66598, -28.14222, -43.20004],
						"0.6": [-31.42, -28.14, -43.2],
						"0.7": [-32.01, -27.44, -41.92],
						"0.9": [-31.74, -28, -42.94],
						"1.0": [-31.76, -28.22, -43.36],
						"1.5": [-31.20393, -28.6466, -44.18009],
						"1.55": [-29.85, -30.65, -48.19],
						"1.65": [-29.18045, -31.65513, -50.18764],
						"1.8": [-29.71221, -31.16351, -49.16731],
						"1.95": [-29.71, -31.16, -49.17],
						"2.2": [-29.1733, -31.63628, -50.20015],
						"2.3": [-28.77, -30.86, -48.82],
						"2.4": [-27.89, -26.22, -40.22],
						"2.45": [-26.12, -16.94, -23.01],
						"2.5": [-27.22851, -1.49811, 6.49643],
						"2.65": [-27.64133, 24.07175, 55.7761],
						"2.8": [-27.55942, 24.18741, 56.01913],
						"2.9": [-26.63512, 25.213, 58.2211],
						"3.1": [-27.05095, 24.76144, 57.23672],
						"3.3": [-27.18, 24.27, 56.94],
						"3.5": [-27.3, 24.11, 56.64],
						"3.75": [-27.43825, 24.30227, 56.26287],
						"3.85": [-27.13612, 27.9047, 59.22256],
						"4.05": [-27.60586, 27.4605, 58.21082],
						"4.35": [-27.25, 27.82, 58.99],
						"4.55": [-27.1, 27.74, 59.31],
						"4.7": [-26.95, 27.21, 59.62],
						"4.8": [-26.5, 25.14, 57.6],
						"4.9": [-25.69, 21.35, 53.37],
						"5.0": [-27.3, 13.08, 39.44],
						"5.1": [-30.53, 10.74, 32.31],
						"5.15": [-30.94706, 10.98543, 32.75438],
						"5.25": [-32.11241, 10.47449, 31.87786],
						"5.3": [-33.79104, 11.14807, 29.27743],
						"5.35": [-34.94, 11.26, 29.51],
						"5.4": [-36.3637, 11.18323, 28.25743],
						"5.45": [-37.46, 12.29, 28.65],
						"5.55": [-39.65041, 13.56235, 29.2856],
						"5.75": [-38.85, 13.56, 29.29],
						"5.9": [-38.69, 13.42, 29.11],
						"6.2": [-38.66, 13.54, 29.26],
						"6.3": [-38.57593, 8.44932, 24.30995],
						"6.4": [-39.97836, 13.71543, 27.77033],
						"6.5": [-41.26, 12.28, 24.97],
						"6.6": [-41.36, 12.15, 24.48],
						"6.7": [-33.33, 7.37, 22.29],
						"6.8": [-17.16969, -2.07286, 18.42359],
						"6.9": [9.41515, -1.03643, 9.2118],
						"7.0": [1.9612, -0.55625, 7.98076],
						"7.05": [0.66898, -0.48139, 1.31942],
						"7.15": [-1.00521, -0.46117, 2.73757],
						"7.3": [0, 0, 0]
					},
					"position": {
						"0.0": [0, 0, 0],
						"0.1": [-0.07, 0.63, 0],
						"0.15": [-0.13, 1, 0],
						"0.25": [-0.51, 1.07, 0],
						"0.35": {
							"pre": [-0.8, 0.9, 0],
							"post": [-0.8, 0.9, 0],
							"lerp_mode": "catmullrom"
						},
						"0.45": {
							"post": [-1, 0.5, 0],
							"lerp_mode": "catmullrom"
						},
						"0.55": {
							"post": [-1, 0.225, 0],
							"lerp_mode": "catmullrom"
						},
						"0.65": {
							"post": [-1, 0.295, 0],
							"lerp_mode": "catmullrom"
						},
						"0.75": {
							"post": [-1, 0.48, 0],
							"lerp_mode": "catmullrom"
						},
						"0.85": {
							"post": [-1, 0.68, 0],
							"lerp_mode": "catmullrom"
						},
						"1.0": [-1, 0.77, 0],
						"1.25": [-1, 0.715, 0],
						"1.5": [-1, 0.5, 0],
						"1.6": {
							"pre": [-1, 0.5, 0],
							"post": [-1, 0.5, 0],
							"lerp_mode": "catmullrom"
						},
						"1.95": {
							"post": [-1, 0.715, 0],
							"lerp_mode": "catmullrom"
						},
						"2.05": {
							"post": [-1, 0.9, 0],
							"lerp_mode": "catmullrom"
						},
						"2.25": [-1, 0.9, 0],
						"2.35": [-0.91, 0.43, 0],
						"2.45": [0.05, -0.65, 0],
						"2.6": [1.85, -0.9, 0],
						"2.75": {
							"pre": [2.5, -0.3, 0],
							"post": [2.5, -0.3, 0],
							"lerp_mode": "catmullrom"
						},
						"2.85": {
							"post": [2.5, -0.075, -0.1],
							"lerp_mode": "catmullrom"
						},
						"3.0": {
							"post": [2.5, 0.06, -0.1],
							"lerp_mode": "catmullrom"
						},
						"3.2": {
							"post": [2.5, 0.02, -0.1],
							"lerp_mode": "catmullrom"
						},
						"3.75": [2.5, 0, -0.1],
						"3.95": [2.5, 0.225, -0.1],
						"4.35": [2.5, 0.38, -0.1],
						"4.55": [2.5, 0.445, -0.1],
						"4.8": [2.5, 0.3, -0.1],
						"4.95": [2.5, -0.6, 1.1],
						"5.1": [2.5, -0.9, 1.5],
						"5.25": [2.5, -1, 1.5],
						"5.3": [2.5, -1.03, 1.6],
						"5.4": [2.5, -1.4, 2.1],
						"5.55": [2.5, -1.24, 2.1],
						"5.65": [2.5, -1, 2.1],
						"5.75": [2.5, -0.93, 2.1],
						"5.9": [2.5, -0.89, 2.1],
						"6.05": [2.5, -0.87, 2.1],
						"6.2": [2.5, -0.89, 2.1],
						"6.25": [2.5, -0.4, 1.4],
						"6.35": [2.5, -1.03125, 1.9],
						"6.45": [2.5, -1.12, 1.9],
						"6.55": [2.5, -0.795, 1.9],
						"6.65": {
							"pre": [2.5, -0.545, 1.9],
							"post": [2.5, -0.545, 1.9],
							"lerp_mode": "catmullrom"
						},
						"6.75": {
							"post": [2.08, -1.02, 1.58],
							"lerp_mode": "catmullrom"
						},
						"6.85": {
							"post": [1.25, -2.05, 0.95],
							"lerp_mode": "catmullrom"
						},
						"7.0": [0, -0.5, -0.8],
						"7.1": [0, 0, 0.62],
						"7.2": [0, -0.2, -0.17],
						"7.35": [0, 0, 0]
					}
				},
				"bolt2": {
					"rotation": {
						"5.5": [0, 0, 0],
						"5.65": [-1, 0, 0],
						"6.2": [-1, 0, 0],
						"6.25": [0, 0, 0]
					},
					"position": {
						"5.25": [0, 0, 0],
						"5.35": [0, 0, 0.6],
						"5.5": [0, 0, 2.1],
						"5.55": [0, 0, 2.2],
						"5.65": [0, 0, 2.4],
						"6.2": [0, 0, 2.4],
						"6.25": [0, 0, 0]
					}
				},
				"charger": {
					"rotation": [0, 0, 0],
					"position": {
						"5.25": [0, 0, 0],
						"5.35": [0, 0, 0.5],
						"5.5": [0, 0, 2.1],
						"5.55": [0, 0, 2.2],
						"5.65": [0, 0, 2.4],
						"6.2": [0, 0, 2.4],
						"6.25": [0, 0, 0]
					}
				},
				"camera": {
					"rotation": {
						"0.0": {
							"post": [0, 0, 0],
							"lerp_mode": "catmullrom"
						},
						"0.1": {
							"post": [2.38, 1.14, 0],
							"lerp_mode": "catmullrom"
						},
						"0.2": {
							"post": [2.43, 2.29, 0],
							"lerp_mode": "catmullrom"
						},
						"0.3": {
							"post": [1.29, 2.86, 0],
							"lerp_mode": "catmullrom"
						},
						"0.4": {
							"post": [-1, 4, 0],
							"lerp_mode": "catmullrom"
						},
						"0.6": {
							"post": [-2.00275, 4.99939, -0.03503],
							"lerp_mode": "catmullrom"
						},
						"0.9": {
							"post": [-1.25, 5, -0.04],
							"lerp_mode": "catmullrom"
						},
						"1.2": {
							"post": [-1.53, 5.54, -0.05],
							"lerp_mode": "catmullrom"
						},
						"1.4": {
							"post": [-1.9, 5.77, -0.05],
							"lerp_mode": "catmullrom"
						},
						"1.7": {
							"post": [-2.6, 6, -0.05],
							"lerp_mode": "catmullrom"
						},
						"1.9": {
							"post": [-2.45, 6, -0.05],
							"lerp_mode": "catmullrom"
						},
						"2.1": {
							"post": [-2.62, 6, -0.05],
							"lerp_mode": "catmullrom"
						},
						"2.25": {
							"post": [-3, 6, -0.05],
							"lerp_mode": "catmullrom"
						},
						"2.4": {
							"post": [-0.74, 3.75, 0.02],
							"lerp_mode": "catmullrom"
						},
						"2.5": {
							"post": [0.26, 2.75, 0.06],
							"lerp_mode": "catmullrom"
						},
						"2.6": {
							"post": [0.76, 2.25, 0.08],
							"lerp_mode": "catmullrom"
						},
						"2.8": {
							"post": [1.76, 1.75, 0.08],
							"lerp_mode": "catmullrom"
						},
						"2.9": {
							"post": [1.47, 1.75, 0.08],
							"lerp_mode": "catmullrom"
						},
						"3.0": {
							"post": [1.4, 1.75, 0.08],
							"lerp_mode": "catmullrom"
						},
						"3.15": {
							"post": [1.32, 1.75, 0.08],
							"lerp_mode": "catmullrom"
						},
						"3.35": {
							"post": [1.06, 1.75, 0.08],
							"lerp_mode": "catmullrom"
						},
						"3.7": {
							"post": [0.36, 1.75, 0.08],
							"lerp_mode": "catmullrom"
						},
						"3.8": {
							"post": [0.04, 1.75, 0.08],
							"lerp_mode": "catmullrom"
						},
						"3.9": {
							"post": [-0.41, 1.75, 0.08],
							"lerp_mode": "catmullrom"
						},
						"4.05": {
							"post": [-0.82, 1.75, 0.08],
							"lerp_mode": "catmullrom"
						},
						"4.4": {
							"post": [-0.77, 1.75, 0.08],
							"lerp_mode": "catmullrom"
						},
						"4.6": {
							"post": [-0.75, 1.75, 0.08],
							"lerp_mode": "catmullrom"
						},
						"4.8": {
							"post": [-0.74, 1.75, 0.08],
							"lerp_mode": "catmullrom"
						},
						"4.95": {
							"post": [2.84, 1.75, 0.08],
							"lerp_mode": "catmullrom"
						},
						"5.05": {
							"post": [3.88, 1.75, 0.08],
							"lerp_mode": "catmullrom"
						},
						"5.25": {
							"post": [3.26, 1.75, 0.08],
							"lerp_mode": "catmullrom"
						},
						"5.4": {
							"post": [4.86, 1.75, 0.08],
							"lerp_mode": "catmullrom"
						},
						"5.5": {
							"post": [5.26, 1.75, 0.08],
							"lerp_mode": "catmullrom"
						},
						"5.75": {
							"post": [4.56, 1.75, 0.08],
							"lerp_mode": "catmullrom"
						},
						"5.95": {
							"post": [4.32, 1.75, 0.08],
							"lerp_mode": "catmullrom"
						},
						"6.1": {
							"post": [4.26, 1.75, 0.08],
							"lerp_mode": "catmullrom"
						},
						"6.25": {
							"post": [4.26, 1.75, 0.08],
							"lerp_mode": "catmullrom"
						},
						"6.3": {
							"post": [3.52463, 1.62011, 2.27707],
							"lerp_mode": "catmullrom"
						},
						"6.35": {
							"post": [2.65708, 1.73641, -0.02095],
							"lerp_mode": "catmullrom"
						},
						"6.45": {
							"post": [1.47363, 1.72336, 0.52936],
							"lerp_mode": "catmullrom"
						},
						"6.55": {
							"post": [0.29018, 1.7103, 1.07967],
							"lerp_mode": "catmullrom"
						},
						"6.7": {
							"post": [1.29018, 1.7103, 1.07967],
							"lerp_mode": "catmullrom"
						},
						"6.8": {
							"post": [2.13, 1.06, 0.67],
							"lerp_mode": "catmullrom"
						},
						"6.9": {
							"post": [1.91, 0.55, 0.35],
							"lerp_mode": "catmullrom"
						},
						"7.05": {
							"post": [-1, 0, 0],
							"lerp_mode": "catmullrom"
						},
						"7.15": {
							"post": [0.4, 0, 0],
							"lerp_mode": "catmullrom"
						},
						"7.3": {
							"post": [0, 0, 0],
							"lerp_mode": "catmullrom"
						}
					}
				}
			}
		},
		"inspect_empty": {
			"animation_length": 11.55,
			"bones": {
				"lefthand": {
					"rotation": {
						"0.0": [99.13767, -21.82367, -128.45709],
						"0.3": [97.60229, -50.98159, -172.85145],
						"2.35": [97.6, -50.98, -172.85],
						"2.5": [99.14399, -58.40097, -174.73803],
						"2.6": [52.85269, -57.5914, -146.26457],
						"4.55": [52.85, -57.59, -146.26],
						"4.65": [54.99, -48.13, -144.23],
						"4.7": [59.26454, -29.22407, -140.15519],
						"6.3": [59.26, -29.22, -140.16],
						"6.4": [61.12, -29.22, -140.16],
						"6.65": [72.26, -29.22, -140.16],
						"10.85": [72.26, -29.22, -140.16],
						"11.15": [99.13767, -21.82367, -128.45709]
					},
					"position": {
						"0.0": [7.4, -15.2, -6.5],
						"0.1": {
							"pre": [12.19929, -21.32931, -5.16257],
							"post": [12.19929, -21.32931, -5.16257],
							"lerp_mode": "catmullrom"
						},
						"0.2": {
							"post": [13.53031, -32.66631, 9.36009],
							"lerp_mode": "catmullrom"
						},
						"0.3": {
							"post": [14.47738, -36.79537, 21.17153],
							"lerp_mode": "catmullrom"
						},
						"2.35": [1.5, -46.2, 15.5],
						"2.5": [7.5, -24.2, -6.5],
						"2.6": [6.5, -17.2, -3],
						"4.55": [6.5, -17.2, -3],
						"4.65": [6.63, -17.03, -3.87],
						"4.7": [6.9, -16.7, -5.6],
						"6.3": [6.9, -16.7, -5.6],
						"6.4": [6.9, -16.6, -5.51],
						"6.65": [6.9, -16, -5],
						"10.85": [6.9, -16, -5],
						"11.15": [7.4, -15.2, -6.5]
					},
					"scale": [1, 1.5, 1]
				},
				"righthand": {
					"rotation": {
						"0.0": [95, 0, -180],
						"4.9": [95, 0, -180],
						"5.0": [115.36, 3.81, -177.61],
						"5.1": [118.69, 5.99, -176.38],
						"5.15": [115.22938, 6.89992, -175.95428],
						"5.2": [114.23, 6.9, -175.95],
						"5.25": [130.23, 6.9, -175.95],
						"5.3": [132.23, 6.9, -175.95],
						"5.35": [110.08227, 1.26684, -178.02191],
						"5.45": [110.1182, -0.10507, -174.2635],
						"5.55": [110.18445, -1.29372, -176.82996],
						"6.35": [110.18, -1.29, -176.83],
						"6.45": [100.5, 27.45, -221.77],
						"6.55": [88.83, 56.19, -266.7],
						"6.65": [82.83, 56.19, -266.7],
						"6.75": [82.63755, 57.18197, -266.93028],
						"6.85": [82.75, 63.15, -268.31],
						"6.95": [83.22, 63.81, -268.53],
						"7.05": [84.45, 56.85, -267.11],
						"7.1": [85.26, 52.2, -266.17],
						"7.15": [84.91008, 55.18899, -266.60406],
						"7.25": [84.64, 57.18, -266.93],
						"7.35": [83.564, 63.14856, -268.16871],
						"7.5": [82.8087, 66.12887, -269.00114],
						"7.6": [81.83668, 69.10323, -270.05227],
						"8.25": [81.84, 69.1, -270.05],
						"8.35": [81.84, 69.1, -270.05],
						"8.95": [81.84, 69.1, -270.05],
						"9.05": [114.77, 30.94, -200.28],
						"9.15": [125.75, 18.22, -177.02],
						"9.25": [127.93, 6.72, -155.19],
						"9.3": [124.76, 6.6, -156.94],
						"9.4": [122.27, 6.47, -158.7],
						"9.45": [117.43555, -2.40349, -163.31853],
						"9.55": [140.24, -2.4, -163.32],
						"9.65": [142.765, -2.4, -163.32],
						"9.7": [104.44, -2.4, -163.32],
						"9.8": [104.44, -2.4, -163.32],
						"9.9": [104.44, -2.4, -163.32],
						"10.05": [117.41, -0.68, -162.31],
						"10.15": [109.45, -23.23, -126.3],
						"10.25": [103.09, -36.61, -99.3],
						"10.3": [100.69542, -38.70724, -90.31308],
						"10.45": [94.90735, -48.72308, -81.06147],
						"10.75": [94.91, -48.72, -81.06],
						"10.85": [115.06, -16.39, -129.81],
						"10.95": [95.20041, 15.93749, -178.56839],
						"11.05": [95, 0, -180],
						"11.15": [95, 0, -180]
					},
					"position": {
						"0.0": [-6.2, -17, 7],
						"4.9": [-6.2, -17, 7],
						"4.95": [-7.6, -17, 2.4],
						"5.0": [-6.9, -17, 0.1],
						"5.1": [-6.47, -17, -0.025],
						"5.15": [-6.47, -17, 0.125],
						"5.2": [-6.47, -17, 0.125],
						"5.25": [-6.47, -16.8, -0.375],
						"5.3": [-6.47, -18.1, -0.775],
						"5.35": [-6.47, -24.7, -3.775],
						"5.45": [-6.47, -27.5, -0.775],
						"5.55": [-6.47, -25.5, 0.925],
						"5.7": [-6.67, -25.5, 0.825],
						"6.35": [-6.67, -25.5, 0.825],
						"6.45": [-8.12, -22.85, 0.625],
						"6.55": [-9.62, -18.52, 0.6],
						"6.65": [-9.77, -13.5, 2.4],
						"6.75": [-9.77, -13.5, 2.6],
						"6.8": [-9.77, -13.5, 6.6],
						"6.85": [-9.77, -13.5, 6.5],
						"6.95": [-9.95, -13.5, 5.78],
						"7.05": [-9.86, -13.4, 1.99],
						"7.1": [-9.57, -13.3, -1.2],
						"7.15": [-9.57, -13.3, -0.8],
						"7.25": [-9.57, -13.3, 0.7],
						"7.35": [-9.57, -13.3, 0.8],
						"7.5": [-9.57, -13.3, 1.2],
						"7.6": [-9.57, -13.3, 2.3],
						"8.25": [-9.57, -13.3, 2.3],
						"8.3": [-10.24, -16.37, 8.03],
						"8.35": [-10.57, -17.9, 10.2],
						"8.95": [-10.57, -19.15, 9.375],
						"9.05": [-10.57, -27.1125, 6.375],
						"9.15": [-10.57, -27.1125, 2.375],
						"9.25": [-9.99, -25.0925, -0.405],
						"9.35": [-8.72, -20.23125, -1.26875],
						"9.45": [-8.32, -18.3875, -2.10625],
						"9.55": [-8.22, -18.2875, -3.34375],
						"9.65": [-8.22, -18.2875, -3.34375],
						"9.7": [-8.02, -17.73125, -0.95],
						"10.05": [-7.75, -17.73125, -1.1],
						"10.15": [-9.05, -17.73125, -2.3],
						"10.25": [-9.35, -14.05, -1.35],
						"10.3": [-9.35, -13.65, -1.05],
						"10.4": [-9.35, -13.52, 0.15],
						"10.45": [-9.35, -13.25, 2.55],
						"10.75": [-9.35, -13.25, 2.55],
						"10.85": [-11.47, -15.12, 4.78],
						"10.95": [-7.1, -17.7, 7],
						"11.05": [-6.2, -17, 7],
						"11.15": [-6.2, -17, 7]
					},
					"scale": [1, 1.5, 1]
				},
				"root": {
					"rotation": {
						"0.0": [0, 0, 0],
						"0.05": [-5.79, 0.13, 1.95],
						"0.15": [-17.59, -10.78, -12.86],
						"0.25": [-25.6, -24.52, -35.41],
						"0.3": [-27.59976, -27.22756, -41.19159],
						"0.35": [-29.18247, -28.58725, -44.21775],
						"0.4": [-31.13848, -27.68974, -42.19082],
						"0.5": [-30.66598, -28.14222, -43.20004],
						"0.6": [-31.42, -28.14, -43.2],
						"0.7": [-32.01, -27.44, -41.92],
						"0.9": [-31.74, -28, -42.94],
						"1.0": [-31.76, -28.22, -43.36],
						"1.5": [-31.20393, -28.6466, -44.18009],
						"1.55": [-29.85, -30.65, -48.19],
						"1.65": [-29.18045, -31.65513, -50.18764],
						"1.8": [-29.71221, -31.16351, -49.16731],
						"1.95": [-29.71, -31.16, -49.17],
						"2.2": [-29.1733, -31.63628, -50.20015],
						"2.3": [-28.77, -30.86, -48.82],
						"2.4": [-27.89, -26.22, -40.22],
						"2.45": [-26.12, -16.94, -23.01],
						"2.5": [-27.22851, -1.49811, 6.49643],
						"2.65": [-27.64133, 24.07175, 55.7761],
						"2.8": [-27.05383, 24.76087, 57.23949],
						"2.9": [-26.63512, 25.213, 58.2211],
						"3.1": [-27.05095, 24.76144, 57.23672],
						"3.3": [-27.18, 24.27, 56.94],
						"3.5": [-27.3, 24.11, 56.64],
						"3.75": [-27.43825, 24.30227, 56.26287],
						"3.85": [-27.13612, 27.9047, 59.22256],
						"4.05": [-27.60586, 27.4605, 58.21082],
						"4.35": [-27.25, 27.82, 58.99],
						"4.6": [-27.1, 27.74, 59.31],
						"4.65": [-27.43528, 26.08343, 58.72406],
						"4.75": [-30.81354, 28.93844, 53.82912],
						"4.85": [-31.13973, 28.31365, 51.16981],
						"5.0": [-30.86748, 27.45286, 51.75274],
						"5.2": [-30.41561, 27.96254, 52.72454],
						"5.25": [-29.49296, 29.92793, 56.70004],
						"5.3": [-26.4402, 30.83237, 58.77519],
						"5.35": [-27.92502, 27.61934, 51.6412],
						"5.45": [-28.48771, 28.99129, 54.67164],
						"5.55": [-26.48771, 28.99129, 54.67164],
						"5.65": [-25.74, 29.22, 55.18],
						"5.9": [-25.35, 29.43, 55.65],
						"6.1": [-25.28, 29.87, 55.88],
						"6.25": [-25.18, 29.89, 56.26],
						"6.35": [-25.52, 29.34, 55.38],
						"6.45": [-26.27, 28.21, 53.37],
						"6.55": [-33.73, 17.88, 32.85],
						"6.65": [-35.82, 14.98, 27.09],
						"6.75": [-35.63, 15.08, 26.97],
						"6.8": [-39.47751, 19.31262, 27.52222],
						"6.9": [-38.34797, 18.23581, 24.46508],
						"6.95": [-37.28038, 14.53031, 22.83485],
						"7.1": [-38.99608, 16.63209, 25.73868],
						"7.2": [-40.06, 16.21, 25.26],
						"7.3": [-41.51, 15.64, 24.61],
						"7.4": [-42.41, 15.77, 24.23],
						"7.45": [-42.4, 16.25, 24.26],
						"7.55": [-42.19, 16.56, 24.1],
						"7.7": [-41.60958, 16.07618, 23.50098],
						"8.0": [-41.3894, 16.74263, 24.28077],
						"8.25": [-41.39, 16.74, 24.28],
						"8.3": [-38.6301, 17.60912, 23.48071],
						"8.35": [-38.90473, 18.00272, 25.90515],
						"8.45": [-38.44533, 15.33514, 24.11133],
						"8.55": [-38.15, 16.16, 25.2],
						"8.65": [-38, 16.57, 25.75],
						"8.75": [-38, 16.57, 25.75],
						"8.95": [-37.2, 16.57, 25.75],
						"9.05": [-37.18, 17.2, 26.06],
						"9.1": [-37.36, 17.82, 26.36],
						"9.15": [-38.27, 20.94, 27.89],
						"9.25": [-39.72314, 25.92602, 30.34229],
						"9.35": [-39.33966, 26.56649, 31.19996],
						"9.5": [-39.72, 25.93, 30.34],
						"9.55": [-39.73, 24.99, 30.24],
						"9.7": [-39.73786, 24.5225, 30.19574],
						"9.75": [-40.87717, 21.7207, 29.7619],
						"9.8": [-37.55075, 22.30452, 30.6368],
						"9.85": [-39.06183, 22.33896, 30.60785],
						"9.9": [-38.57291, 22.37341, 30.5789],
						"10.0": [-38.88611, 21.74436, 29.73827],
						"10.1": [-38.61, 20.01, 27.67],
						"10.2": [-37.76344, 14.79942, 21.46481],
						"10.25": [-36.44, 13.44, 20.22],
						"10.35": [-38.09, 9.8, 16.27],
						"10.4": [-44.81339, 9.32644, 15.11512],
						"10.45": [-42.90233, 5.76005, 12.34381],
						"10.55": [-43.14064, 8.27575, 12.91331],
						"10.6": [-43.26403, 6.89167, 11.91846],
						"10.7": [-41.87, 7.35, 12.41],
						"10.8": [-32.59, 3.52, 12.14],
						"10.9": [-24.01, -0.54, 11.62],
						"10.95": [-9.29, -3.06, 7.4],
						"11.0": [-1.64, -1.16, 2.8],
						"11.1": [2.99271, -0.20917, 3.99454],
						"11.15": [0.99863, 0.05233, -2.99954],
						"11.25": [-0.0032, 0.05225, 0.99954],
						"11.35": [-0.99985, -0.01745, 1.00015],
						"11.5": [0, 0, 0]
					},
					"position": {
						"0.0": [0, 0, 0],
						"0.1": [-0.07, 0.63, 0],
						"0.15": [-0.13, 1, 0],
						"0.25": [-0.51, 1.07, 0],
						"0.35": {
							"pre": [-0.8, 0.9, 0],
							"post": [-0.8, 0.9, 0],
							"lerp_mode": "catmullrom"
						},
						"0.45": {
							"post": [-1, 0.5, 0],
							"lerp_mode": "catmullrom"
						},
						"0.55": {
							"post": [-1, 0.275, 0],
							"lerp_mode": "catmullrom"
						},
						"0.65": {
							"post": [-1, 0.37, 0],
							"lerp_mode": "catmullrom"
						},
						"0.75": {
							"post": [-1, 0.555, 0],
							"lerp_mode": "catmullrom"
						},
						"0.85": {
							"post": [-1, 0.68, 0],
							"lerp_mode": "catmullrom"
						},
						"1.0": [-1, 0.77, 0],
						"1.25": [-1, 0.72, 0],
						"1.5": [-1, 0.575, 0],
						"1.6": {
							"pre": [-1, 0.625, 0],
							"post": [-1, 0.625, 0],
							"lerp_mode": "catmullrom"
						},
						"1.95": {
							"post": [-1, 0.74, 0],
							"lerp_mode": "catmullrom"
						},
						"2.05": {
							"post": [-1, 0.8, 0],
							"lerp_mode": "catmullrom"
						},
						"2.25": [-1, 0.9, 0],
						"2.35": [-0.91, 0.43, 0],
						"2.45": [-0.5, -0.65, 0],
						"2.6": [1.075, -0.9, 0],
						"2.75": {
							"pre": [2.2, -0.3, 0],
							"post": [2.2, -0.3, 0],
							"lerp_mode": "catmullrom"
						},
						"2.85": {
							"post": [2.45, -0.075, -0.1],
							"lerp_mode": "catmullrom"
						},
						"3.0": {
							"post": [2.525, -0.14, -0.1],
							"lerp_mode": "catmullrom"
						},
						"3.3": {
							"post": [2.5, -0.355, -0.1],
							"lerp_mode": "catmullrom"
						},
						"3.75": [2.5, -0.275, -0.1],
						"4.0": [2.5, 0.1, -0.1],
						"4.35": [2.5, 0.405, -0.1],
						"4.6": [2.5, 0.22, -0.1],
						"4.7": [2.5, -0.07, -0.1],
						"4.75": [2.5, -0.66, -0.1],
						"4.85": [2.5, -1.155, -0.1],
						"4.95": [2.5, -1.33, -0.1],
						"5.05": [2.5, -1.075, -0.1],
						"5.2": [2.5, -0.98, -0.1],
						"5.3": [2.3, -1.53, -0.1],
						"5.4": [3.125, -1.78, -0.1],
						"5.55": [3.525, -1.23, -0.1],
						"5.75": [3.3, -0.86, -0.1],
						"5.95": [3.2, -0.95, -0.1],
						"6.3": [3.2, -1.255, -0.1],
						"6.4": [3.2, -1.515, 0.01],
						"6.5": [3.2, -1.645, 0.22],
						"6.6": [3.2, -1.365, 0.45],
						"6.75": [3.2, -0.85, 0.49],
						"6.85": [3.2, -1.01, 0.17],
						"6.95": [3.2, -0.61, 0.47],
						"7.05": [3.2, -0.81, 0.5],
						"7.1": [3.2, -1.21, 0.57],
						"7.15": [3.2, -1.4, 0.57],
						"7.25": [3.2, -1.36, 0.57],
						"7.35": [3.2, -0.91, 0.57],
						"7.45": [3.2, -0.71, 0.57],
						"7.6": [3.2, -0.81, 0.57],
						"7.85": [3.2, -0.71, 0.57],
						"8.25": [3.2, -0.81, 0.57],
						"8.3": [3.2, -0.085, 0.47],
						"8.4": [3.2, -0.285, 0.37],
						"8.5": [3.2, -0.94, 0.37],
						"8.6": [3.2, -1.14, 0.37],
						"8.75": [3.2, -0.65, 0.37],
						"8.9": [3.2, -0.68, 0.37],
						"9.0": [3.2, -0.61, 0.37],
						"9.1": [3.2, -0.41, 0.37],
						"9.2": [3.2, -0.04, 0.37],
						"9.3": [3.2, 0.24, 0.37],
						"9.5": [3.2, 0.315, 0.37],
						"9.65": [3.2, 0.16, 0.37],
						"9.7": [3.2, 0.09, 0.37],
						"9.75": [3.2, -0.71, 0.37],
						"9.85": [3.2, -0.91, 0.37],
						"9.95": [3.2, -0.985, 0.37],
						"10.05": [3.2, -0.705, 0.37],
						"10.15": [3.18, -0.59, 0.37],
						"10.3": [3.1, -0.91, 0.37],
						"10.4": [3.1, -0.48, 0.37],
						"10.45": [3.1, -1.035, 0.37],
						"10.6": [3.1, -1.035, 0.37],
						"10.75": [3.1, -0.41, 0.37],
						"10.9": [2.07, -1.6, -1.22],
						"10.95": [1.03, -1.8, -1.74],
						"11.0": [0.39, -1.3, -1.4],
						"11.1": [0, -1, -1.2],
						"11.2": [0, 0, 0.6],
						"11.3": [0, -0.1, 0.3],
						"11.4": [0, 0, 0],
						"11.55": [0, 0, 0]
					}
				},
				"bolt2": {
					"rotation": {
						"6.65": [0, 0, 0],
						"6.75": [0, 0, 0],
						"6.8": [0, 0, 0],
						"7.35": [-1, 0, 0],
						"7.6": [0, 0, 0],
						"8.25": [0, 0, 0],
						"8.3": [0, 0, 0],
						"10.3": [0, 0, 0],
						"10.45": [0, 0, 0]
					},
					"position": {
						"0.0": [0, -0.3, 3.4],
						"6.65": [0, -0.3, 3.4],
						"6.75": [0, -0.3, 3.65],
						"6.8": [0, 0, 0],
						"7.1": [0, 0, 0],
						"7.15": [0, 0, 0.6],
						"7.25": [0, 0, 2.2],
						"7.35": [0, 0, 2.4],
						"7.5": [0, -0.2, 2.82],
						"7.6": [0, -0.4375, 3.36875],
						"8.25": [0, -0.4375, 3.36875],
						"8.3": [0, 0, 0],
						"10.3": [0, 0, 0],
						"10.4": [0, -0.1, 1.13],
						"10.45": [0, -0.3, 3.4]
					}
				},
				"charger": {
					"rotation": {
						"6.75": [0, 0, 0],
						"8.25": [0, 0, 0],
						"10.3": [0, 0, 0],
						"10.45": [0, 0, 0]
					},
					"position": {
						"0.0": [0, 0, 4],
						"6.65": [0, 0, 4],
						"6.75": [0, 0, 4.25],
						"6.8": [0, 0, 0],
						"7.1": [0, 0, 0],
						"7.15": [0, 0, 0.5],
						"7.25": [0, 0, 2.2],
						"7.35": [0, 0, 2.4],
						"7.5": [0, 0, 3.02],
						"7.6": [0, 0, 4.25],
						"8.25": [0, 0, 4.25],
						"8.3": [0, 0, 0],
						"10.3": [0, 0, 0],
						"10.4": [0, 0, 1.33],
						"10.45": [0, 0, 4]
					}
				},
				"magazine_bullet": {
					"rotation": {
						"5.2": [0, 0, 0],
						"5.25": [-12.5, 0, 0],
						"5.3": [-18.5, 0, 0],
						"5.35": [-11.49762, -0.284, -0.95883],
						"5.45": [-13.5, -0.28, -0.96],
						"5.55": [-8.49327, -0.51339, -1.93241],
						"5.7": [-8.44805, -1.20924, -4.85494],
						"6.35": [-8.45, -1.21, -4.85],
						"6.45": [-3.99535, -27.23479, -41.14796],
						"6.55": [18.17846, -58.7454, -93.94606],
						"6.65": [21.13429, -54.12041, -97.3666],
						"6.75": [21.13, -54.12, -97.37],
						"6.8": [25.7693, -62.66615, -102.8011],
						"6.85": [25.77, -62.67, -102.8],
						"6.95": [25.77, -62.67, -102.8],
						"7.05": [21.94554, -56.04119, -98.36276],
						"7.1": [20.76095, -53.16119, -96.90177],
						"7.15": [16.3093, -57.98756, -91.67946],
						"7.25": [16.63432, -58.97003, -92.06043],
						"7.35": [18.17573, -62.87707, -93.82757],
						"7.5": [22.38051, -69.63765, -98.41048],
						"7.6": [26.35319, -73.4161, -102.59656],
						"8.25": [26.35, -73.42, -102.6],
						"8.35": [22.37657, -69.64382, -98.41329],
						"8.5": [22.38, -69.64, -98.41],
						"8.95": [22.38, -69.64, -98.41],
						"9.05": [-21.65169, -28.70516, -25.02619],
						"9.15": [-24.8377, -26.74004, -12.00026],
						"9.25": [-34.34635, -15.88213, 19.23384],
						"9.35": [-32.85321, -1.6664, 12.9256],
						"9.45": [-29.66722, 5.14791, 7.39232],
						"9.55": [-33.67, 5.15, 7.39],
						"9.65": [-33.67, 5.15, 7.39],
						"9.7": [0, 0, 0],
						"10.8": [0, 0, 0]
					},
					"position": {
						"5.2": [0, 0, 0],
						"5.25": [0, -0.8, -0.8],
						"5.3": [0, -2.4, -1.8],
						"5.35": [0.5, -8.6, -3.6],
						"5.45": [0.7, -11.5, -1.1],
						"5.55": [0.7, -9.6, 0.8],
						"5.7": [0.6, -9.4, 0.7],
						"6.35": [0.6, -9.4, 0.7],
						"6.45": [-2.1, -6.3, 1.4],
						"6.55": [-3.2, -3, 2.5],
						"6.65": [-3.3, 2.2, 4.1],
						"6.75": [-3.4, 2.2, 4.4],
						"6.8": [-3.4, 2.2, 8.4],
						"6.85": [-3.4, 2.1, 8.2],
						"6.95": [-3.4, 2, 7.5],
						"7.05": [-3.3, 2.3, 3.9],
						"7.1": [-3.1, 2.55, 0.8],
						"7.15": [-3.1, 2.35, 0.9],
						"7.25": [-3.1, 2.35, 2.4],
						"7.35": [-3.2, 2.25, 2.5],
						"7.5": [-3.2, 2.15, 2.75],
						"7.6": [-3.2, 2.05, 3.65],
						"8.25": [-3.2, 2.05, 3.65],
						"8.3": [-3.53, -1.05, 8.15],
						"8.35": [-3.7, -2.6, 10.4],
						"8.5": [-3.7, -2.6, 10.4],
						"8.95": [-3.7, -2.6, 10.4],
						"9.05": [-4, -7.6, 7.6],
						"9.15": [-3.8, -7.6, 4.2],
						"9.25": [-3, -7.975, -0.65],
						"9.35": [-1.7, -3.975, -1.75],
						"9.45": [-0.7, -1.89375, -1.85],
						"9.55": [-0.7, -1.875, -2.45],
						"9.65": [-0.7, -1.875, -2.45],
						"9.7": [0, 0, 0],
						"10.8": [0, 0, 0]
					}
				},
				"camera": {
					"rotation": {
						"0.0": {
							"post": [0, 0, 0],
							"lerp_mode": "catmullrom"
						},
						"0.1": {
							"post": [2.38, 1.14, 0],
							"lerp_mode": "catmullrom"
						},
						"0.2": {
							"post": [2.43, 2.29, 0],
							"lerp_mode": "catmullrom"
						},
						"0.3": {
							"post": [1.29, 2.86, 0],
							"lerp_mode": "catmullrom"
						},
						"0.4": {
							"post": [-1, 4, 0],
							"lerp_mode": "catmullrom"
						},
						"0.6": {
							"post": [-2.00275, 4.99939, -0.03503],
							"lerp_mode": "catmullrom"
						},
						"0.9": {
							"post": [-1.25, 5, -0.04],
							"lerp_mode": "catmullrom"
						},
						"1.2": {
							"post": [-1.53, 5.54, -0.05],
							"lerp_mode": "catmullrom"
						},
						"1.4": {
							"post": [-1.9, 5.77, -0.05],
							"lerp_mode": "catmullrom"
						},
						"1.7": {
							"post": [-2.6, 6, -0.05],
							"lerp_mode": "catmullrom"
						},
						"1.9": {
							"post": [-2.45, 6, -0.05],
							"lerp_mode": "catmullrom"
						},
						"2.1": {
							"post": [-2.62, 6, -0.05],
							"lerp_mode": "catmullrom"
						},
						"2.25": {
							"post": [-3, 6, -0.05],
							"lerp_mode": "catmullrom"
						},
						"2.4": {
							"post": [-0.74, 3.75, 0.02],
							"lerp_mode": "catmullrom"
						},
						"2.5": {
							"post": [0.26, 2.75, 0.06],
							"lerp_mode": "catmullrom"
						},
						"2.6": {
							"post": [0.76, 2.25, 0.08],
							"lerp_mode": "catmullrom"
						},
						"2.8": {
							"post": [1.76, 1.75, 0.08],
							"lerp_mode": "catmullrom"
						},
						"2.9": {
							"post": [1.47, 1.75, 0.08],
							"lerp_mode": "catmullrom"
						},
						"3.0": {
							"post": [1.4, 1.75, 0.08],
							"lerp_mode": "catmullrom"
						},
						"3.15": {
							"post": [1.32, 1.75, 0.08],
							"lerp_mode": "catmullrom"
						},
						"3.35": {
							"post": [1.06, 1.75, 0.08],
							"lerp_mode": "catmullrom"
						},
						"3.7": {
							"post": [0.36, 1.75, 0.08],
							"lerp_mode": "catmullrom"
						},
						"3.8": {
							"post": [0.04, 1.75, 0.08],
							"lerp_mode": "catmullrom"
						},
						"3.9": {
							"post": [-0.41, 1.75, 0.08],
							"lerp_mode": "catmullrom"
						},
						"4.05": {
							"post": [-0.82, 1.75, 0.08],
							"lerp_mode": "catmullrom"
						},
						"4.4": {
							"post": [-0.77, 1.75, 0.08],
							"lerp_mode": "catmullrom"
						},
						"4.6": {
							"post": [-0.75, 1.75, 0.08],
							"lerp_mode": "catmullrom"
						},
						"4.75": {
							"post": [0.67, 1.75, 0.08],
							"lerp_mode": "catmullrom"
						},
						"5.0": {
							"post": [6.25, 1.75, 0.08],
							"lerp_mode": "catmullrom"
						},
						"5.25": {
							"post": [7.24976, 1.80187, 0.08706],
							"lerp_mode": "catmullrom"
						},
						"5.3": {
							"post": [6.87079, 1.56591, 2.07559],
							"lerp_mode": "catmullrom"
						},
						"5.35": {
							"post": [6.22881, 3.89681, -0.68753],
							"lerp_mode": "catmullrom"
						},
						"5.45": {
							"post": [6.59725, 8.64573, 1.86929],
							"lerp_mode": "catmullrom"
						},
						"5.6": {
							"post": [8.44824, 8.79823, 0.86947],
							"lerp_mode": "catmullrom"
						},
						"6.25": {
							"post": [7.45, 8.8, 0.87],
							"lerp_mode": "catmullrom"
						},
						"6.4": {
							"post": [5.87, 8.23, 0.61],
							"lerp_mode": "catmullrom"
						},
						"6.55": {
							"post": [2.37449, 6.89134, 0.00077],
							"lerp_mode": "catmullrom"
						},
						"6.75": {
							"post": [3.37, 6.89, 0],
							"lerp_mode": "catmullrom"
						},
						"6.85": {
							"post": [-0.63, 6.89, 0],
							"lerp_mode": "catmullrom"
						},
						"6.95": {
							"post": [1.37, 6.89, 0],
							"lerp_mode": "catmullrom"
						},
						"7.1": {
							"post": [3.37, 6.89, 0],
							"lerp_mode": "catmullrom"
						},
						"7.3": {
							"post": [7.37, 6.89, 0],
							"lerp_mode": "catmullrom"
						},
						"7.45": {
							"post": [8.37, 6.89, 0],
							"lerp_mode": "catmullrom"
						},
						"7.7": {
							"post": [9.37, 6.89, 0],
							"lerp_mode": "catmullrom"
						},
						"7.95": {
							"post": [8.37, 6.89, 0],
							"lerp_mode": "catmullrom"
						},
						"8.25": {
							"post": [8.37, 6.89, 0],
							"lerp_mode": "catmullrom"
						},
						"8.4": {
							"post": [5.35953, 5.89438, -0.09408],
							"lerp_mode": "catmullrom"
						},
						"8.65": {
							"post": [6.35953, 5.89438, -0.09408],
							"lerp_mode": "catmullrom"
						},
						"9.0": {
							"post": [5.36, 5.89, -0.09],
							"lerp_mode": "catmullrom"
						},
						"9.15": {
							"post": [4.08, 5.16, -0.09],
							"lerp_mode": "catmullrom"
						},
						"9.35": {
							"post": [0.35856, 2.89006, -0.10886],
							"lerp_mode": "catmullrom"
						},
						"9.65": {
							"post": [-0.64098, 1.89012, -0.09766],
							"lerp_mode": "catmullrom"
						},
						"9.7": {
							"post": [0.39197, 1.88357, 0.90286],
							"lerp_mode": "catmullrom"
						},
						"9.8": {
							"post": [0.35902, 1.89012, -0.09766],
							"lerp_mode": "catmullrom"
						},
						"10.0": {
							"post": [0.35902, 1.89012, -0.09766],
							"lerp_mode": "catmullrom"
						},
						"10.15": {
							"post": [2.47, 1.19, -0.14],
							"lerp_mode": "catmullrom"
						},
						"10.3": {
							"post": [3.3576, 0.89184, -0.15626],
							"lerp_mode": "catmullrom"
						},
						"10.45": {
							"post": [-0.6424, 0.89184, -0.15626],
							"lerp_mode": "catmullrom"
						},
						"10.65": {
							"post": [0.3576, 0.89184, -0.15626],
							"lerp_mode": "catmullrom"
						},
						"10.9": {
							"post": [-1.7587, 0.44592, -0.07813],
							"lerp_mode": "catmullrom"
						},
						"11.15": {
							"post": [1, 0, 0],
							"lerp_mode": "catmullrom"
						},
						"11.35": {
							"post": [0, 0, 0],
							"lerp_mode": "catmullrom"
						}
					}
				},
				"boltrelease": {
					"position": {
						"0.0": [0, 0.1, 0],
						"6.75": [0, 0.1, 0],
						"6.8": [0, 0, 0],
						"10.4": [0, 0, 0],
						"10.45": [0, 0.1, 0]
					}
				},
				"magrelease": {
					"rotation": {
						"5.1": [0, 0, 0],
						"5.2": [-25, 0, 0],
						"5.3": [-25, 0, 0],
						"5.4": [0, 0, 0],
						"9.55": [0, 0, 0],
						"9.65": [-25, 0, 0],
						"9.7": [0, 0, 0]
					}
				},
				"bullet": {
					"scale": 0
				}
			}
		},
		"shoot": {
			"loop": true,
			"animation_length": 0.8333,
			"bones": {
				"root": {
					"rotation": {
						"0.0": {
							"post": [0, 0, 0],
							"lerp_mode": "catmullrom"
						},
						"0.0167": {
							"post": [0.92, 0, 1.0175],
							"lerp_mode": "catmullrom"
						},
						"0.0333": {
							"post": [-2.46953, 0, 1.3],
							"lerp_mode": "catmullrom"
						},
						"0.1333": {
							"post": [-0.86953, 0, -0.815],
							"lerp_mode": "catmullrom"
						},
						"0.1833": {
							"post": [-0.125, 0, 0.48281],
							"lerp_mode": "catmullrom"
						},
						"0.25": {
							"post": [0.01641, 0.00036, -0.76172],
							"lerp_mode": "catmullrom"
						},
						"0.35": {
							"post": [0.3, 0, 0.175],
							"lerp_mode": "catmullrom"
						},
						"0.45": {
							"post": [0.37485, -0.36189, -0.1543],
							"lerp_mode": "catmullrom"
						},
						"0.5667": {
							"post": [0.24996, -0.05436, 0.27499],
							"lerp_mode": "catmullrom"
						},
						"0.7167": {
							"post": [-0.01, 0, -0.03],
							"lerp_mode": "catmullrom"
						},
						"0.8333": {
							"post": [0, 0, 0],
							"lerp_mode": "catmullrom"
						}
					},
					"position": {
						"0.0": {
							"post": [0, 0, 0],
							"lerp_mode": "catmullrom"
						},
						"0.0167": {
							"post": [0, -0.26875, 2.1],
							"lerp_mode": "catmullrom"
						},
						"0.0333": {
							"post": [0, 0.03, 2.2875],
							"lerp_mode": "catmullrom"
						},
						"0.1167": {
							"post": [0, -0.05469, 1.40656],
							"lerp_mode": "catmullrom"
						},
						"0.1833": {
							"post": [0, -0.15156, -0.32109],
							"lerp_mode": "catmullrom"
						},
						"0.4": {
							"post": [0, -0.06, 0.02],
							"lerp_mode": "catmullrom"
						},
						"0.5167": {
							"post": [0, 0, 0],
							"lerp_mode": "catmullrom"
						},
						"0.6333": {
							"post": [0, 0, 0],
							"lerp_mode": "catmullrom"
						},
						"0.7667": {
							"post": [0, 0, 0],
							"lerp_mode": "catmullrom"
						}
					}
				},
				"bolt2": {
					"position": {
						"0.0": [0, 0, 0],
						"0.0167": [0, -0.375, 3.38125],
						"0.0667": [0, 0, 0]
					}
				},
				"charger": {
					"position": {
						"0.0": [0, 0, 0],
						"0.0167": [0, 0, 3.38125],
						"0.0667": [0, 0, 0]
					}
				},
				"camera": {
					"rotation": {
						"0.0": {
							"post": [0, 0, 0],
							"lerp_mode": "catmullrom"
						},
						"0.0167": {
							"post": [0, 0, -2.25],
							"lerp_mode": "catmullrom"
						},
						"0.0333": {
							"post": [0, 0, 2],
							"lerp_mode": "catmullrom"
						},
						"0.05": {
							"post": [0, 0, -1.675],
							"lerp_mode": "catmullrom"
						},
						"0.0833": {
							"post": [0, 0, 1.1],
							"lerp_mode": "catmullrom"
						},
						"0.1333": {
							"post": [0, 0, -1],
							"lerp_mode": "catmullrom"
						},
						"0.2": {
							"post": [0, 0, 0.55],
							"lerp_mode": "catmullrom"
						},
						"0.2833": {
							"post": [0, 0, -0.15],
							"lerp_mode": "catmullrom"
						},
						"0.3833": {
							"post": [0, 0, 0],
							"lerp_mode": "catmullrom"
						}
					}
				}
			}
		}
	}
}