{
	"pack_name": "{maid_pack.skadi_f_tlm.name}",
	"model_list": [
		{
			"model_id": "skadi_f_tlm:skadi",
			"is_gecko": true,
			"render_entity_scale": 0.7,
			"use_sound_pack_id": "skadi_f_tlm",
			"description": ["{model.skadi_f_tlm.skadi.desc}"],
			"animation": ["skadi_f_tlm:animation/skadi_f_tlm.skadi.main.animation.json"]
		}
	],
	"version": "1.0.1",
	"author": ["映白L"],
	"description": ["{maid_pack.skadi_f_tlm.desc}"],
	"date": "2023-12-30",
	"icon": "skadi_f_tlm:textures/maid_icon.png"
}