{
	"pack_name": "{maid_pack.nana_tenkafuma.name}",
	"model_list": [
		{
			"model_id": "nana_tenkafuma:nana",
			"is_gecko": true,
			"animation": [
				"nana_tenkafuma:animation/nana_tenkafuma.nana.main.animation.json",
				"nana_tenkafuma:animation/nana_tenkafuma.nana.carryon.animation.json",
				"nana_tenkafuma:animation/nana_tenkafuma.nana.extra.animation.json",
				"nana_tenkafuma:animation/nana_tenkafuma.nana.arm.animation.json"
			],
			"render_entity_scale": 0.7,
			"use_sound_pack_id": "nana_tenkafuma"
		}
	],
	"version": "1.0.0",
	"author": ["过劳的娜娜喵"],
	"date": "2024-10-26",
	"icon": "nana_tenkafuma:textures/sound_icon.png"
}