{
	"format_version": "1.10.0",
	"geometry.model": {
		"texturewidth": 128,
		"textureheight": 128,
		"visible_bounds_width": 4,
		"visible_bounds_height": 5,
		"visible_bounds_offset": [0, 1.5, 0],
		"bones": [
			{
				"name": "head",
				"pivot": [0, 18, 0],
				"cubes": [
					{"origin": [-4, 17.9, -4], "size": [8, 8, 8], "uv": [0, 0], "inflate": 0.5},
					{"origin": [-4, 18, -4], "size": [8, 8, 8], "uv": [0, 16]}
				]
			},
			{
				"name": "blink",
				"parent": "head",
				"pivot": [38, 18, 0],
				"cubes": [
					{"origin": [-4, 18, -4.001], "size": [8, 8, 0], "uv": [24, 0]}
				]
			},
			{
				"name": "bone80",
				"parent": "head",
				"pivot": [0, 0, 0]
			},
			{
				"name": "hair",
				"parent": "bone80",
				"pivot": [0, 20, 0]
			},
			{
				"name": "hairCut",
				"parent": "hair",
				"pivot": [-3, 20, 4],
				"rotation": [0, -20, 0]
			},
			{
				"name": "bone104",
				"parent": "hairCut",
				"pivot": [-3, 20, 4],
				"rotation": [10, 0, 0],
				"cubes": [
					{"origin": [-4.09397, 17.99406, 4.03368], "size": [1, 2, 0], "uv": [62, 24], "inflate": 0.01}
				]
			},
			{
				"name": "bone105",
				"parent": "hairCut",
				"pivot": [-3, 20, 4],
				"rotation": [20, 0, 0],
				"cubes": [
					{"origin": [-4.09397, 16.01851, 3.68483], "size": [1, 2, 0], "uv": [62, 22], "inflate": 0.01}
				]
			},
			{
				"name": "bone106",
				"parent": "hairCut",
				"pivot": [-3, 20, 4],
				"rotation": [30, 0, 0],
				"cubes": [
					{"origin": [-4.09397, 14.13356, 2.99822], "size": [1, 2, 0], "uv": [62, 20], "inflate": 0.01}
				]
			},
			{
				"name": "bone107",
				"parent": "hairCut",
				"pivot": [-3, 20, 4],
				"rotation": [40, 0, 0],
				"cubes": [
					{"origin": [-4.09397, 12.39647, 1.99473], "size": [1, 2, 0], "uv": [62, 18], "inflate": 0.01}
				]
			},
			{
				"name": "bone108",
				"parent": "hairCut",
				"pivot": [-3, 20, 4],
				"rotation": [20, 0, 0],
				"cubes": [
					{"origin": [-4.09397, 10.16917, 4.71623], "size": [1, 2, 0], "uv": [62, 16], "inflate": 0.01}
				]
			},
			{
				"name": "bone109",
				"parent": "hairCut",
				"pivot": [-3, 20, 4],
				"cubes": [
					{"origin": [-4.09397, 9.00701, 8.03537], "size": [1, 2, 0], "uv": [62, 14], "inflate": 0.01}
				]
			},
			{
				"name": "bone110",
				"parent": "hairCut",
				"pivot": [-3, 20, 4],
				"rotation": [-20, 0, 0],
				"cubes": [
					{"origin": [-4.09397, 9.05014, 11.55084], "size": [1, 2, 0], "uv": [62, 12], "inflate": 0.01}
				]
			},
			{
				"name": "bone111",
				"parent": "hairCut",
				"pivot": [-3, 20, 6],
				"rotation": [-40, 0, 0],
				"cubes": [
					{"origin": [-4.09397, 9.00746, 15.30745], "size": [1, 2, 0], "uv": [62, 10], "inflate": 0.01}
				]
			},
			{
				"name": "hairCut2",
				"parent": "hair",
				"pivot": [-2, 20, 4],
				"rotation": [-0.07673, -9.96156, 0.88045]
			},
			{
				"name": "bone112",
				"parent": "hairCut2",
				"pivot": [-2, 20, 4],
				"rotation": [10, 0, 0],
				"cubes": [
					{"origin": [-3.09848, 17.99551, 4.01677], "size": [1, 2, 0], "uv": [10, 62], "inflate": 0.01}
				]
			},
			{
				"name": "bone113",
				"parent": "hairCut2",
				"pivot": [-2, 20, 4],
				"rotation": [20, 0, 0],
				"cubes": [
					{"origin": [-3.09848, 16.02287, 3.66843], "size": [1, 2, 0], "uv": [62, 8], "inflate": 0.01}
				]
			},
			{
				"name": "bone114",
				"parent": "hairCut2",
				"pivot": [-2, 20, 4],
				"rotation": [30, 0, 0],
				"cubes": [
					{"origin": [-3.09848, 14.1407, 2.98282], "size": [1, 2, 0], "uv": [8, 62], "inflate": 0.01}
				]
			},
			{
				"name": "bone115",
				"parent": "hairCut2",
				"pivot": [-2, 20, 4],
				"rotation": [40, 0, 0],
				"cubes": [
					{"origin": [-3.09848, 12.40617, 1.98081], "size": [1, 2, 0], "uv": [62, 6], "inflate": 0.01}
				]
			},
			{
				"name": "bone116",
				"parent": "hairCut2",
				"pivot": [-2, 20, 4],
				"rotation": [20, 0, 0],
				"cubes": [
					{"origin": [-3.09848, 10.17353, 4.69983], "size": [1, 2, 0], "uv": [6, 62], "inflate": 0.01}
				]
			},
			{
				"name": "bone117",
				"parent": "hairCut2",
				"pivot": [-2, 20, 4],
				"cubes": [
					{"origin": [-2.99848, 9.0055, 8.01847], "size": [1, 2, 0], "uv": [58, 24], "inflate": 0.01, "mirror": true}
				]
			},
			{
				"name": "bone118",
				"parent": "hairCut2",
				"pivot": [-2, 20, 4],
				"rotation": [-20, 0, 0],
				"cubes": [
					{"origin": [-2.99848, 9.04293, 11.53547], "size": [1, 2, 0], "uv": [58, 22], "inflate": 0.01, "mirror": true}
				]
			},
			{
				"name": "bone119",
				"parent": "hairCut2",
				"pivot": [-2, 20, 6],
				"rotation": [-40, 0, 0],
				"cubes": [
					{"origin": [-2.99848, 8.99544, 15.29547], "size": [1, 2, 0], "uv": [58, 20], "inflate": 0.01, "mirror": true}
				]
			},
			{
				"name": "hairCut3",
				"parent": "hair",
				"pivot": [-1, 20, 4],
				"rotation": [0, -5, 0]
			},
			{
				"name": "bone120",
				"parent": "hairCut3",
				"pivot": [-1, 20, 4],
				"rotation": [10, 0, 0],
				"cubes": [
					{"origin": [-2.09962, 17.99849, 4.00858], "size": [1, 2, 0], "uv": [2, 62], "inflate": 0.01}
				]
			},
			{
				"name": "bone121",
				"parent": "hairCut3",
				"pivot": [-1, 20, 4],
				"rotation": [20, 0, 0],
				"cubes": [
					{"origin": [-2.09962, 16.02723, 3.66088], "size": [1, 2, 0], "uv": [62, 0], "inflate": 0.01}
				]
			},
			{
				"name": "bone122",
				"parent": "hairCut3",
				"pivot": [-1, 20, 4],
				"rotation": [30, 0, 0],
				"cubes": [
					{"origin": [-2.09962, 14.1463, 2.97615], "size": [1, 2, 0], "uv": [0, 62], "inflate": 0.01}
				]
			},
			{
				"name": "bone123",
				"parent": "hairCut3",
				"pivot": [-1, 20, 4],
				"rotation": [40, 0, 0],
				"cubes": [
					{"origin": [-2.09962, 12.41285, 1.97521], "size": [1, 2, 0], "uv": [60, 60], "inflate": 0.01}
				]
			},
			{
				"name": "bone124",
				"parent": "hairCut3",
				"pivot": [-1, 20, 4],
				"rotation": [20, 0, 0],
				"cubes": [
					{"origin": [-3.49962, 10.17789, 4.69228], "size": [1, 2, 0], "uv": [58, 10], "inflate": 0.01, "mirror": true}
				]
			},
			{
				"name": "bone125",
				"parent": "hairCut3",
				"pivot": [-1, 20, 4],
				"cubes": [
					{"origin": [-2.09962, 9.00701, 8.00989], "size": [1, 2, 0], "uv": [58, 60], "inflate": 0.01}
				]
			},
			{
				"name": "bone126",
				"parent": "hairCut3",
				"pivot": [-1, 20, 4],
				"rotation": [-20, 0, 0],
				"cubes": [
					{"origin": [-2.09962, 9.04142, 11.52689], "size": [1, 2, 0], "uv": [60, 56], "inflate": 0.01}
				]
			},
			{
				"name": "bone127",
				"parent": "hairCut3",
				"pivot": [-1, 20, 6],
				"rotation": [-40, 0, 0],
				"cubes": [
					{"origin": [-2.09962, 8.99108, 15.28793], "size": [1, 2, 0], "uv": [56, 60], "inflate": 0.01}
				]
			},
			{
				"name": "hairCut4",
				"parent": "hair",
				"pivot": [0, 20, 4],
				"rotation": [5, 0, 0]
			},
			{
				"name": "bone128",
				"parent": "hairCut4",
				"pivot": [0, 20, 4],
				"rotation": [10, 0, 0],
				"cubes": [
					{"origin": [-1.1, 18, 4], "size": [1, 2, 0], "uv": [60, 54], "inflate": 0.01},
					{"origin": [0.1, 18, 4], "size": [1, 2, 0], "uv": [58, 6], "inflate": 0.01}
				]
			},
			{
				"name": "bone129",
				"parent": "hairCut4",
				"pivot": [0, 20, 4],
				"rotation": [20, 0, 0],
				"cubes": [
					{"origin": [-1.1, 16.03021, 3.65269], "size": [1, 2, 0], "uv": [60, 52], "inflate": 0.01},
					{"origin": [0.1, 16.03021, 3.65269], "size": [1, 2, 0], "uv": [6, 58], "inflate": 0.01}
				]
			},
			{
				"name": "bone130",
				"parent": "hairCut4",
				"pivot": [0, 20, 4],
				"rotation": [30, 0, 0],
				"cubes": [
					{"origin": [-1.1, 14.15066, 2.9686], "size": [1, 2, 0], "uv": [60, 50], "inflate": 0.01},
					{"origin": [0.1, 14.15066, 2.9686], "size": [1, 2, 0], "uv": [58, 4], "inflate": 0.01}
				]
			},
			{
				"name": "bone131",
				"parent": "hairCut4",
				"pivot": [0, 20, 4],
				"rotation": [40, 0, 0],
				"cubes": [
					{"origin": [-1.1, 12.41845, 1.96853], "size": [1, 2, 0], "uv": [60, 48], "inflate": 0.01},
					{"origin": [0.1, 12.41845, 1.96853], "size": [1, 2, 0], "uv": [4, 58], "inflate": 0.01}
				]
			},
			{
				"name": "bone132",
				"parent": "hairCut4",
				"pivot": [0, 20, 4],
				"rotation": [20, 0, 0],
				"cubes": [
					{"origin": [-1.1, 10.18087, 4.68409], "size": [1, 2, 0], "uv": [60, 46], "inflate": 0.01},
					{"origin": [0.1, 10.18087, 4.68409], "size": [1, 2, 0], "uv": [58, 2], "inflate": 0.01}
				]
			},
			{
				"name": "bone133",
				"parent": "hairCut4",
				"pivot": [0, 20, 4],
				"cubes": [
					{"origin": [-1.1, 9.00701, 8.00117], "size": [1, 2, 0], "uv": [60, 44], "inflate": 0.01},
					{"origin": [0.1, 9.00701, 8.00117], "size": [1, 2, 0], "uv": [2, 58], "inflate": 0.01}
				]
			},
			{
				"name": "bone134",
				"parent": "hairCut4",
				"pivot": [0, 20, 4],
				"rotation": [-20, 0, 0],
				"cubes": [
					{"origin": [-1.1, 9.03844, 11.5187], "size": [1, 2, 0], "uv": [60, 42], "inflate": 0.01},
					{"origin": [0.1, 9.03844, 11.5187], "size": [1, 2, 0], "uv": [58, 0], "inflate": 0.01}
				]
			},
			{
				"name": "bone135",
				"parent": "hairCut4",
				"pivot": [0, 20, 6],
				"rotation": [-40, 0, 0],
				"cubes": [
					{"origin": [-1.1, 8.98548, 15.28125], "size": [1, 2, 0], "uv": [60, 40], "inflate": 0.01},
					{"origin": [0.1, 8.98548, 15.28125], "size": [1, 2, 0], "uv": [0, 58], "inflate": 0.01}
				]
			},
			{
				"name": "hairCut13",
				"parent": "hair",
				"pivot": [-4, 20, 3],
				"rotation": [5, -47.5, -5]
			},
			{
				"name": "bone200",
				"parent": "hairCut13",
				"pivot": [-3, 20, 3],
				"rotation": [10, 0, 0],
				"cubes": [
					{"origin": [-4.0673, 17.98941, 3.0732], "size": [1, 2, 0], "uv": [60, 38], "inflate": 0.01}
				]
			},
			{
				"name": "bone201",
				"parent": "hairCut13",
				"pivot": [-3, 20, 3],
				"rotation": [20, 0, 0],
				"cubes": [
					{"origin": [-4.0673, 16.00707, 2.72294], "size": [1, 2, 0], "uv": [38, 60], "inflate": 0.01}
				]
			},
			{
				"name": "bone202",
				"parent": "hairCut13",
				"pivot": [-3, 20, 3],
				"rotation": [30, 0, 0],
				"cubes": [
					{"origin": [-4.0673, 14.11567, 2.03376], "size": [1, 2, 0], "uv": [60, 36], "inflate": 0.01}
				]
			},
			{
				"name": "bone203",
				"parent": "hairCut13",
				"pivot": [-3, 20, 3],
				"rotation": [40, 0, 0],
				"cubes": [
					{"origin": [-4.0673, 12.37268, 1.02663], "size": [1, 2, 0], "uv": [36, 60], "inflate": 0.01}
				]
			},
			{
				"name": "bone204",
				"parent": "hairCut13",
				"pivot": [-3, 20, 3],
				"rotation": [20, 0, 0],
				"cubes": [
					{"origin": [-4.0673, 10.15773, 3.75434], "size": [1, 2, 0], "uv": [60, 34], "inflate": 0.01}
				]
			},
			{
				"name": "bone205",
				"parent": "hairCut13",
				"pivot": [-3, 20, 3],
				"cubes": [
					{"origin": [-4.0673, 9.00929, 7.0751], "size": [1, 2, 0], "uv": [34, 60], "inflate": 0.01}
				]
			},
			{
				"name": "bone206",
				"parent": "hairCut13",
				"pivot": [-3, 20, 3],
				"rotation": [-20, 0, 0],
				"cubes": [
					{"origin": [-4.0673, 9.06587, 10.58739], "size": [1, 2, 0], "uv": [60, 32], "inflate": 0.01}
				]
			},
			{
				"name": "bone207",
				"parent": "hairCut13",
				"pivot": [-3, 20, 5],
				"rotation": [-40, 0, 0],
				"cubes": [
					{"origin": [-4.0673, 9.03475, 14.33642], "size": [1, 2, 0], "uv": [32, 60], "inflate": 0.01}
				]
			},
			{
				"name": "hairCut14",
				"parent": "hair",
				"pivot": [-4, 20, 2],
				"rotation": [2.5, -52.5, 0]
			},
			{
				"name": "bone208",
				"parent": "hairCut14",
				"pivot": [-3, 20, 2],
				"rotation": [10, 0, 0],
				"cubes": [
					{"origin": [-4.06088, 17.98283, 2.07745], "size": [1, 2, 0], "uv": [60, 30], "inflate": 0.01}
				]
			},
			{
				"name": "bone209",
				"parent": "hairCut14",
				"pivot": [-3, 20, 2],
				"rotation": [20, 0, 0],
				"cubes": [
					{"origin": [-4.06088, 15.99985, 1.72599], "size": [1, 2, 0], "uv": [30, 60], "inflate": 0.01}
				]
			},
			{
				"name": "bone210",
				"parent": "hairCut14",
				"pivot": [-3, 20, 2],
				"rotation": [30, 0, 0],
				"cubes": [
					{"origin": [-4.06088, 14.10803, 1.03551], "size": [1, 2, 0], "uv": [60, 28], "inflate": 0.01}
				]
			},
			{
				"name": "bone211",
				"parent": "hairCut14",
				"pivot": [-3, 20, 2],
				"rotation": [40, 0, 0],
				"cubes": [
					{"origin": [-4.06088, 12.36485, 0.02702], "size": [1, 2, 0], "uv": [28, 60], "inflate": 0.01}
				]
			},
			{
				"name": "bone212",
				"parent": "hairCut14",
				"pivot": [-3, 20, 2],
				"rotation": [20, 0, 0],
				"cubes": [
					{"origin": [-4.06088, 10.15051, 2.75739], "size": [1, 2, 0], "uv": [60, 26], "inflate": 0.01}
				]
			},
			{
				"name": "bone213",
				"parent": "hairCut14",
				"pivot": [-3, 20, 2],
				"cubes": [
					{"origin": [-4.06088, 9.00355, 6.08043], "size": [1, 2, 0], "uv": [26, 60], "inflate": 0.01}
				]
			},
			{
				"name": "bone214",
				"parent": "hairCut14",
				"pivot": [-3, 20, 2],
				"rotation": [-20, 0, 0],
				"cubes": [
					{"origin": [-4.06088, 9.0623, 9.59436], "size": [1, 2, 0], "uv": [60, 24], "inflate": 0.01}
				]
			},
			{
				"name": "bone215",
				"parent": "hairCut14",
				"pivot": [-3, 20, 4],
				"rotation": [-40, 0, 0],
				"cubes": [
					{"origin": [-4.06088, 9.03378, 13.34419], "size": [1, 2, 0], "uv": [60, 22], "inflate": 0.01}
				]
			},
			{
				"name": "hairCut19",
				"parent": "hair",
				"pivot": [-4, 20, 1],
				"rotation": [7.5, -70, -5]
			},
			{
				"name": "bone239",
				"parent": "hairCut19",
				"pivot": [-3, 20, 1],
				"rotation": [10, 0, 0],
				"cubes": [
					{"origin": [-4.03407, 17.98016, 1.0919], "size": [1, 2, 0], "uv": [60, 20], "inflate": 0.01}
				]
			},
			{
				"name": "bone240",
				"parent": "hairCut19",
				"pivot": [-3, 20, 1],
				"rotation": [17.5, 0, 0],
				"cubes": [
					{"origin": [-4.03407, 15.99472, 0.73975], "size": [1, 2, 0], "uv": [60, 18], "inflate": 0.01}
				]
			},
			{
				"name": "bone241",
				"parent": "hairCut19",
				"pivot": [-3, 20, 1],
				"rotation": [30, 0, 0],
				"cubes": [
					{"origin": [-4.03407, 14.10059, 0.04817], "size": [1, 2, 0], "uv": [60, 16], "inflate": 0.01}
				]
			},
			{
				"name": "bone242",
				"parent": "hairCut19",
				"pivot": [-3, 20, 1],
				"rotation": [40, 0, 0],
				"cubes": [
					{"origin": [-4.03407, 12.35532, -0.9618], "size": [1, 2, 0], "uv": [60, 14], "inflate": 0.01}
				]
			},
			{
				"name": "bone243",
				"parent": "hairCut19",
				"pivot": [-3, 20, 1],
				"rotation": [20, 0, 0],
				"cubes": [
					{"origin": [-4.03407, 10.14538, 1.77115], "size": [1, 2, 0], "uv": [60, 12], "inflate": 0.01}
				]
			},
			{
				"name": "bone244",
				"parent": "hairCut19",
				"pivot": [-3, 20, 1],
				"cubes": [
					{"origin": [-4.03407, 9.00343, 5.09512], "size": [1, 2, 0], "uv": [60, 10], "inflate": 0.01}
				]
			},
			{
				"name": "bone245",
				"parent": "hairCut19",
				"pivot": [-3, 20, 1],
				"rotation": [-20, 0, 0],
				"cubes": [
					{"origin": [-4.03407, 9.06721, 8.60821], "size": [1, 2, 0], "uv": [10, 60], "inflate": 0.01}
				]
			},
			{
				"name": "bone246",
				"parent": "hairCut19",
				"pivot": [-3, 20, 3],
				"rotation": [-40, 0, 0],
				"cubes": [
					{"origin": [-4.03407, 9.04313, 12.35552], "size": [1, 2, 0], "uv": [60, 8], "inflate": 0.01}
				]
			},
			{
				"name": "hairCut5",
				"parent": "hair",
				"pivot": [3, 20, 4],
				"rotation": [0, 20, 0]
			},
			{
				"name": "bone81",
				"parent": "hairCut5",
				"pivot": [3, 20, 4],
				"rotation": [10, 0, 0],
				"cubes": [
					{"origin": [3.09397, 17.99406, 4.03368], "size": [1, 2, 0], "uv": [8, 60], "inflate": 0.01}
				]
			},
			{
				"name": "hairCut6",
				"parent": "hair",
				"pivot": [3, 20, 4],
				"rotation": [0, 20, 0]
			},
			{
				"name": "bone82",
				"parent": "hairCut6",
				"pivot": [3, 20, 4],
				"rotation": [20, 0, 0],
				"cubes": [
					{"origin": [3.09397, 16.01851, 3.68483], "size": [1, 2, 0], "uv": [60, 6], "inflate": 0.01}
				]
			},
			{
				"name": "hairCut7",
				"parent": "hair",
				"pivot": [3, 20, 4],
				"rotation": [0, 20, 0]
			},
			{
				"name": "bone83",
				"parent": "hairCut7",
				"pivot": [3, 20, 4],
				"rotation": [30, 0, 0],
				"cubes": [
					{"origin": [3.09397, 14.13356, 2.99822], "size": [1, 2, 0], "uv": [6, 60], "inflate": 0.01}
				]
			},
			{
				"name": "hairCut8",
				"parent": "hair",
				"pivot": [3, 20, 4],
				"rotation": [0, 20, 0]
			},
			{
				"name": "bone84",
				"parent": "hairCut8",
				"pivot": [3, 20, 4],
				"rotation": [40, 0, 0],
				"cubes": [
					{"origin": [3.09397, 12.39647, 1.99473], "size": [1, 2, 0], "uv": [60, 4], "inflate": 0.01}
				]
			},
			{
				"name": "hairCut9",
				"parent": "hair",
				"pivot": [3, 20, 4],
				"rotation": [0, 20, 0]
			},
			{
				"name": "bone85",
				"parent": "hairCut9",
				"pivot": [3, 20, 4],
				"rotation": [20, 0, 0],
				"cubes": [
					{"origin": [3.09397, 10.16917, 4.71623], "size": [1, 2, 0], "uv": [4, 60], "inflate": 0.01}
				]
			},
			{
				"name": "hairCut10",
				"parent": "hair",
				"pivot": [3, 20, 4],
				"rotation": [0, 20, 0]
			},
			{
				"name": "bone86",
				"parent": "hairCut10",
				"pivot": [3, 20, 4],
				"cubes": [
					{"origin": [3.09397, 9.00701, 8.03537], "size": [1, 2, 0], "uv": [60, 2], "inflate": 0.01}
				]
			},
			{
				"name": "hairCut11",
				"parent": "hair",
				"pivot": [3, 20, 4],
				"rotation": [0, 20, 0]
			},
			{
				"name": "bone87",
				"parent": "hairCut11",
				"pivot": [3, 20, 4],
				"rotation": [-20, 0, 0],
				"cubes": [
					{"origin": [3.09397, 9.05014, 11.55084], "size": [1, 2, 0], "uv": [2, 60], "inflate": 0.01}
				]
			},
			{
				"name": "hairCut12",
				"parent": "hair",
				"pivot": [3, 20, 4],
				"rotation": [0, 20, 0]
			},
			{
				"name": "bone88",
				"parent": "hairCut12",
				"pivot": [3, 20, 6],
				"rotation": [-40, 0, 0],
				"cubes": [
					{"origin": [3.09397, 9.00746, 15.30745], "size": [1, 2, 0], "uv": [60, 0], "inflate": 0.01}
				]
			},
			{
				"name": "hairCut15",
				"parent": "hair",
				"pivot": [2, 20, 4],
				"rotation": [-0.07673, 9.96156, -0.88045]
			},
			{
				"name": "bone89",
				"parent": "hairCut15",
				"pivot": [2, 20, 4],
				"rotation": [10, 0, 0],
				"cubes": [
					{"origin": [2.09848, 17.99551, 4.01677], "size": [1, 2, 0], "uv": [0, 60], "inflate": 0.01}
				]
			},
			{
				"name": "hairCut16",
				"parent": "hair",
				"pivot": [2, 20, 4],
				"rotation": [-0.07673, 9.96156, -0.88045]
			},
			{
				"name": "bone90",
				"parent": "hairCut16",
				"pivot": [2, 20, 4],
				"rotation": [20, 0, 0],
				"cubes": [
					{"origin": [2.09848, 16.02287, 3.66843], "size": [1, 2, 0], "uv": [58, 58], "inflate": 0.01}
				]
			},
			{
				"name": "hairCut17",
				"parent": "hair",
				"pivot": [2, 20, 4],
				"rotation": [-0.07673, 9.96156, -0.88045]
			},
			{
				"name": "bone91",
				"parent": "hairCut17",
				"pivot": [2, 20, 4],
				"rotation": [30, 0, 0],
				"cubes": [
					{"origin": [2.09848, 14.1407, 2.98282], "size": [1, 2, 0], "uv": [56, 58], "inflate": 0.01}
				]
			},
			{
				"name": "hairCut18",
				"parent": "hair",
				"pivot": [2, 20, 4],
				"rotation": [-0.07673, 9.96156, -0.88045]
			},
			{
				"name": "bone92",
				"parent": "hairCut18",
				"pivot": [2, 20, 4],
				"rotation": [40, 0, 0],
				"cubes": [
					{"origin": [2.09848, 12.40617, 1.98081], "size": [1, 2, 0], "uv": [58, 26], "inflate": 0.01}
				]
			},
			{
				"name": "hairCut20",
				"parent": "hair",
				"pivot": [2, 20, 4],
				"rotation": [-0.07673, 9.96156, -0.88045]
			},
			{
				"name": "bone93",
				"parent": "hairCut20",
				"pivot": [2, 20, 4],
				"rotation": [20, 0, 0]
			},
			{
				"name": "hairCut21",
				"parent": "hair",
				"pivot": [2, 20, 4],
				"rotation": [-0.07673, 9.96156, -0.88045]
			},
			{
				"name": "bone94",
				"parent": "hairCut21",
				"pivot": [2, 20, 4],
				"cubes": [
					{"origin": [1.99848, 9.0055, 8.01847], "size": [1, 2, 0], "uv": [58, 24], "inflate": 0.01}
				]
			},
			{
				"name": "hairCut22",
				"parent": "hair",
				"pivot": [2, 20, 4],
				"rotation": [-0.07673, 9.96156, -0.88045]
			},
			{
				"name": "bone95",
				"parent": "hairCut22",
				"pivot": [2, 20, 4],
				"rotation": [-20, 0, 0],
				"cubes": [
					{"origin": [1.99848, 9.04293, 11.53547], "size": [1, 2, 0], "uv": [58, 22], "inflate": 0.01}
				]
			},
			{
				"name": "hairCut23",
				"parent": "hair",
				"pivot": [2, 20, 4],
				"rotation": [-0.07673, 9.96156, -0.88045]
			},
			{
				"name": "bone96",
				"parent": "hairCut23",
				"pivot": [2, 20, 6],
				"rotation": [-40, 0, 0],
				"cubes": [
					{"origin": [1.99848, 8.99544, 15.29547], "size": [1, 2, 0], "uv": [58, 20], "inflate": 0.01}
				]
			},
			{
				"name": "hairCut24",
				"parent": "hair",
				"pivot": [1, 20, 4],
				"rotation": [0, 5, 0]
			},
			{
				"name": "bone97",
				"parent": "hairCut24",
				"pivot": [1, 20, 4],
				"rotation": [10, 0, 0],
				"cubes": [
					{"origin": [1.09962, 17.99849, 4.00858], "size": [1, 2, 0], "uv": [58, 18], "inflate": 0.01}
				]
			},
			{
				"name": "hairCut25",
				"parent": "hair",
				"pivot": [1, 20, 4],
				"rotation": [0, 5, 0]
			},
			{
				"name": "bone98",
				"parent": "hairCut25",
				"pivot": [1, 20, 4],
				"rotation": [20, 0, 0],
				"cubes": [
					{"origin": [1.09962, 16.02723, 3.66088], "size": [1, 2, 0], "uv": [58, 16], "inflate": 0.01}
				]
			},
			{
				"name": "hairCut26",
				"parent": "hair",
				"pivot": [1, 20, 4],
				"rotation": [0, 5, 0]
			},
			{
				"name": "bone99",
				"parent": "hairCut26",
				"pivot": [1, 20, 4],
				"rotation": [30, 0, 0],
				"cubes": [
					{"origin": [1.09962, 14.1463, 2.97615], "size": [1, 2, 0], "uv": [58, 14], "inflate": 0.01}
				]
			},
			{
				"name": "hairCut27",
				"parent": "hair",
				"pivot": [1, 20, 4],
				"rotation": [0, 5, 0]
			},
			{
				"name": "bone100",
				"parent": "hairCut27",
				"pivot": [1, 20, 4],
				"rotation": [40, 0, 0],
				"cubes": [
					{"origin": [1.09962, 12.41285, 1.97521], "size": [1, 2, 0], "uv": [58, 12], "inflate": 0.01}
				]
			},
			{
				"name": "hairCut28",
				"parent": "hair",
				"pivot": [1, 20, 4],
				"rotation": [0, 5, 0]
			},
			{
				"name": "bone101",
				"parent": "hairCut28",
				"pivot": [1, 20, 4],
				"rotation": [20, 0, 0],
				"cubes": [
					{"origin": [1.09962, 10.17789, 4.69228], "size": [1, 2, 0], "uv": [58, 10], "inflate": 0.01},
					{"origin": [2.49962, 10.17789, 4.69228], "size": [1, 2, 0], "uv": [58, 10], "inflate": 0.01}
				]
			},
			{
				"name": "hairCut29",
				"parent": "hair",
				"pivot": [1, 20, 4],
				"rotation": [0, 5, 0]
			},
			{
				"name": "bone102",
				"parent": "hairCut29",
				"pivot": [1, 20, 4],
				"cubes": [
					{"origin": [1.09962, 9.00701, 8.00989], "size": [1, 2, 0], "uv": [10, 58], "inflate": 0.01}
				]
			},
			{
				"name": "hairCut30",
				"parent": "hair",
				"pivot": [1, 20, 4],
				"rotation": [0, 5, 0]
			},
			{
				"name": "bone103",
				"parent": "hairCut30",
				"pivot": [1, 20, 4],
				"rotation": [-20, 0, 0],
				"cubes": [
					{"origin": [1.09962, 9.04142, 11.52689], "size": [1, 2, 0], "uv": [58, 8], "inflate": 0.01}
				]
			},
			{
				"name": "hairCut31",
				"parent": "hair",
				"pivot": [1, 20, 4],
				"rotation": [0, 5, 0]
			},
			{
				"name": "bone136",
				"parent": "hairCut31",
				"pivot": [1, 20, 6],
				"rotation": [-40, 0, 0],
				"cubes": [
					{"origin": [1.09962, 8.99108, 15.28793], "size": [1, 2, 0], "uv": [8, 58], "inflate": 0.01}
				]
			},
			{
				"name": "hairCut32",
				"parent": "hair",
				"pivot": [4, 20, 3],
				"rotation": [5, 47.5, 5]
			},
			{
				"name": "bone137",
				"parent": "hairCut32",
				"pivot": [3, 20, 3],
				"rotation": [10, 0, 0],
				"cubes": [
					{"origin": [3.0673, 17.98941, 3.0732], "size": [1, 2, 0], "uv": [26, 56], "inflate": 0.01}
				]
			},
			{
				"name": "hairCut33",
				"parent": "hair",
				"pivot": [4, 20, 3],
				"rotation": [5, 47.5, 5]
			},
			{
				"name": "bone138",
				"parent": "hairCut33",
				"pivot": [3, 20, 3],
				"rotation": [20, 0, 0],
				"cubes": [
					{"origin": [3.0673, 16.00707, 2.72294], "size": [1, 2, 0], "uv": [53, 7], "inflate": 0.01}
				]
			},
			{
				"name": "hairCut34",
				"parent": "hair",
				"pivot": [4, 20, 3],
				"rotation": [5, 47.5, 5]
			},
			{
				"name": "bone139",
				"parent": "hairCut34",
				"pivot": [3, 20, 3],
				"rotation": [30, 0, 0],
				"cubes": [
					{"origin": [3.0673, 14.11567, 2.03376], "size": [1, 2, 0], "uv": [51, 7], "inflate": 0.01}
				]
			},
			{
				"name": "hairCut35",
				"parent": "hair",
				"pivot": [4, 20, 3],
				"rotation": [5, 47.5, 5]
			},
			{
				"name": "bone140",
				"parent": "hairCut35",
				"pivot": [3, 20, 3],
				"rotation": [40, 0, 0],
				"cubes": [
					{"origin": [3.0673, 12.37268, 1.02663], "size": [1, 2, 0], "uv": [50, 45], "inflate": 0.01}
				]
			},
			{
				"name": "hairCut36",
				"parent": "hair",
				"pivot": [4, 20, 3],
				"rotation": [5, 47.5, 5]
			},
			{
				"name": "bone141",
				"parent": "hairCut36",
				"pivot": [3, 20, 3],
				"rotation": [20, 0, 0],
				"cubes": [
					{"origin": [3.0673, 10.15773, 3.75434], "size": [1, 2, 0], "uv": [50, 43], "inflate": 0.01}
				]
			},
			{
				"name": "hairCut37",
				"parent": "hair",
				"pivot": [4, 20, 3],
				"rotation": [5, 47.5, 5]
			},
			{
				"name": "bone142",
				"parent": "hairCut37",
				"pivot": [3, 20, 3],
				"cubes": [
					{"origin": [3.0673, 9.00929, 7.0751], "size": [1, 2, 0], "uv": [50, 5], "inflate": 0.01}
				]
			},
			{
				"name": "hairCut38",
				"parent": "hair",
				"pivot": [4, 20, 3],
				"rotation": [5, 47.5, 5]
			},
			{
				"name": "bone143",
				"parent": "hairCut38",
				"pivot": [3, 20, 3],
				"rotation": [-20, 0, 0],
				"cubes": [
					{"origin": [3.0673, 9.06587, 10.58739], "size": [1, 2, 0], "uv": [49, 0], "inflate": 0.01}
				]
			},
			{
				"name": "hairCut39",
				"parent": "hair",
				"pivot": [4, 20, 3],
				"rotation": [5, 47.5, 5]
			},
			{
				"name": "bone144",
				"parent": "hairCut39",
				"pivot": [3, 20, 5],
				"rotation": [-40, 0, 0],
				"cubes": [
					{"origin": [3.0673, 9.03475, 14.33642], "size": [1, 2, 0], "uv": [48, 29], "inflate": 0.01}
				]
			},
			{
				"name": "hairCut40",
				"parent": "hair",
				"pivot": [4, 20, 2],
				"rotation": [2.5, 52.5, 0]
			},
			{
				"name": "bone145",
				"parent": "hairCut40",
				"pivot": [3, 20, 2],
				"rotation": [10, 0, 0],
				"cubes": [
					{"origin": [3.06088, 17.98283, 2.07745], "size": [1, 2, 0], "uv": [48, 17], "inflate": 0.01}
				]
			},
			{
				"name": "hairCut41",
				"parent": "hair",
				"pivot": [4, 20, 2],
				"rotation": [2.5, 52.5, 0]
			},
			{
				"name": "bone146",
				"parent": "hairCut41",
				"pivot": [3, 20, 2],
				"rotation": [20, 0, 0],
				"cubes": [
					{"origin": [3.06088, 15.99985, 1.72599], "size": [1, 2, 0], "uv": [48, 5], "inflate": 0.01}
				]
			},
			{
				"name": "hairCut42",
				"parent": "hair",
				"pivot": [4, 20, 2],
				"rotation": [2.5, 52.5, 0]
			},
			{
				"name": "bone147",
				"parent": "hairCut42",
				"pivot": [3, 20, 2],
				"rotation": [30, 0, 0],
				"cubes": [
					{"origin": [3.06088, 14.10803, 1.03551], "size": [1, 2, 0], "uv": [42, 46], "inflate": 0.01}
				]
			},
			{
				"name": "hairCut43",
				"parent": "hair",
				"pivot": [4, 20, 2],
				"rotation": [2.5, 52.5, 0]
			},
			{
				"name": "bone148",
				"parent": "hairCut43",
				"pivot": [3, 20, 2],
				"rotation": [40, 0, 0],
				"cubes": [
					{"origin": [3.06088, 12.36485, 0.02702], "size": [1, 2, 0], "uv": [40, 46], "inflate": 0.01}
				]
			},
			{
				"name": "hairCut44",
				"parent": "hair",
				"pivot": [4, 20, 2],
				"rotation": [2.5, 52.5, 0]
			},
			{
				"name": "bone149",
				"parent": "hairCut44",
				"pivot": [3, 20, 2],
				"rotation": [20, 0, 0],
				"cubes": [
					{"origin": [3.06088, 10.15051, 2.75739], "size": [1, 2, 0], "uv": [46, 29], "inflate": 0.01}
				]
			},
			{
				"name": "hairCut45",
				"parent": "hair",
				"pivot": [4, 20, 2],
				"rotation": [2.5, 52.5, 0]
			},
			{
				"name": "bone150",
				"parent": "hairCut45",
				"pivot": [3, 20, 2],
				"cubes": [
					{"origin": [3.06088, 9.00355, 6.08043], "size": [1, 2, 0], "uv": [44, 29], "inflate": 0.01}
				]
			},
			{
				"name": "hairCut46",
				"parent": "hair",
				"pivot": [4, 20, 2],
				"rotation": [2.5, 52.5, 0]
			},
			{
				"name": "bone151",
				"parent": "hairCut46",
				"pivot": [3, 20, 2],
				"rotation": [-20, 0, 0],
				"cubes": [
					{"origin": [3.06088, 9.0623, 9.59436], "size": [1, 2, 0], "uv": [42, 5], "inflate": 0.01}
				]
			},
			{
				"name": "hairCut47",
				"parent": "hair",
				"pivot": [4, 20, 2],
				"rotation": [2.5, 52.5, 0]
			},
			{
				"name": "bone152",
				"parent": "hairCut47",
				"pivot": [3, 20, 4],
				"rotation": [-40, 0, 0],
				"cubes": [
					{"origin": [3.06088, 9.03378, 13.34419], "size": [1, 2, 0], "uv": [35, 41], "inflate": 0.01}
				]
			},
			{
				"name": "hairCut48",
				"parent": "hair",
				"pivot": [4.1, 20, 1],
				"rotation": [20.5, 70, 5]
			},
			{
				"name": "bone153",
				"parent": "hairCut48",
				"pivot": [3.1, 20, 1],
				"rotation": [10, 0, 0],
				"cubes": [
					{"origin": [3.13407, 17.98016, 1.0919], "size": [1, 2, 0], "uv": [28, 41], "inflate": 0.01}
				]
			},
			{
				"name": "hairCut49",
				"parent": "hair",
				"pivot": [4.1, 20, 1],
				"rotation": [20.5, 70, 5]
			},
			{
				"name": "bone154",
				"parent": "hairCut49",
				"pivot": [3.1, 20, 1],
				"rotation": [17.5, 0, 0],
				"cubes": [
					{"origin": [3.13407, 15.99472, 0.73975], "size": [1, 2, 0], "uv": [40, 5], "inflate": 0.01}
				]
			},
			{
				"name": "hairCut50",
				"parent": "hair",
				"pivot": [4.1, 20, 1],
				"rotation": [20.5, 70, 5]
			},
			{
				"name": "bone155",
				"parent": "hairCut50",
				"pivot": [3.1, 20, 1],
				"rotation": [30, 0, 0],
				"cubes": [
					{"origin": [3.13407, 14.10059, 0.04817], "size": [1, 2, 0], "uv": [40, 0], "inflate": 0.01}
				]
			},
			{
				"name": "hairCut51",
				"parent": "hair",
				"pivot": [4.1, 20, 1],
				"rotation": [20.5, 70, 5]
			},
			{
				"name": "bone156",
				"parent": "hairCut51",
				"pivot": [3.1, 20, 1],
				"rotation": [40, 0, 0],
				"cubes": [
					{"origin": [3.13407, 12.35532, -0.9618], "size": [1, 2, 0], "uv": [20, 39], "inflate": 0.01}
				]
			},
			{
				"name": "hairCut52",
				"parent": "hair",
				"pivot": [4.1, 20, 1],
				"rotation": [20.5, 70, 5]
			},
			{
				"name": "bone157",
				"parent": "hairCut52",
				"pivot": [3.1, 20, 1],
				"rotation": [20, 0, 0],
				"cubes": [
					{"origin": [3.13407, 10.14538, 1.77115], "size": [1, 2, 0], "uv": [24, 37], "inflate": 0.01}
				]
			},
			{
				"name": "hairCut53",
				"parent": "hair",
				"pivot": [4.1, 20, 1],
				"rotation": [20.5, 70, 5]
			},
			{
				"name": "bone158",
				"parent": "hairCut53",
				"pivot": [3.1, 20, 1],
				"cubes": [
					{"origin": [3.13407, 9.00343, 5.09512], "size": [1, 2, 0], "uv": [22, 37], "inflate": 0.01}
				]
			},
			{
				"name": "hairCut54",
				"parent": "hair",
				"pivot": [4.1, 20, 1],
				"rotation": [20.5, 70, 5]
			},
			{
				"name": "bone159",
				"parent": "hairCut54",
				"pivot": [3.1, 20, 1],
				"rotation": [-20, 0, 0],
				"cubes": [
					{"origin": [3.13407, 9.06721, 8.60821], "size": [1, 2, 0], "uv": [20, 37], "inflate": 0.01}
				]
			},
			{
				"name": "hairCut55",
				"parent": "hair",
				"pivot": [4.1, 20, 1],
				"rotation": [20.5, 70, 5]
			},
			{
				"name": "bone160",
				"parent": "hairCut55",
				"pivot": [3.1, 20, 3],
				"rotation": [-40, 0, 0],
				"cubes": [
					{"origin": [3.13407, 9.04313, 12.35552], "size": [1, 2, 0], "uv": [18, 32], "inflate": 0.01}
				]
			},
			{
				"name": "hairCut56",
				"parent": "hair",
				"pivot": [-4.1, 20, 1],
				"rotation": [20.5, -70, -5]
			},
			{
				"name": "bone161",
				"parent": "hairCut56",
				"pivot": [-3.1, 20, 1],
				"rotation": [10, 0, 0],
				"cubes": [
					{"origin": [-4.13407, 17.98016, 1.0919], "size": [1, 2, 0], "uv": [11, 32], "inflate": 0.01}
				]
			},
			{
				"name": "bone162",
				"parent": "hairCut56",
				"pivot": [-3.1, 20, 1],
				"rotation": [17.5, 0, 0],
				"cubes": [
					{"origin": [-4.13407, 15.99472, 0.73975], "size": [1, 2, 0], "uv": [9, 32], "inflate": 0.01}
				]
			},
			{
				"name": "bone163",
				"parent": "hairCut56",
				"pivot": [-3.1, 20, 1],
				"rotation": [30, 0, 0],
				"cubes": [
					{"origin": [-4.13407, 14.10059, 0.04817], "size": [1, 2, 0], "uv": [32, 8], "inflate": 0.01}
				]
			},
			{
				"name": "bone164",
				"parent": "hairCut56",
				"pivot": [-3.1, 20, 1],
				"rotation": [40, 0, 0],
				"cubes": [
					{"origin": [-4.13407, 12.35532, -0.9618], "size": [1, 2, 0], "uv": [0, 32], "inflate": 0.01}
				]
			},
			{
				"name": "bone165",
				"parent": "hairCut56",
				"pivot": [-3.1, 20, 1],
				"rotation": [20, 0, 0],
				"cubes": [
					{"origin": [-4.13407, 10.14538, 1.77115], "size": [1, 2, 0], "uv": [30, 22], "inflate": 0.01}
				]
			},
			{
				"name": "bone166",
				"parent": "hairCut56",
				"pivot": [-3.1, 20, 1],
				"cubes": [
					{"origin": [-4.13407, 9.00343, 5.09512], "size": [1, 2, 0], "uv": [28, 22], "inflate": 0.01}
				]
			},
			{
				"name": "bone167",
				"parent": "hairCut56",
				"pivot": [-3.1, 20, 1],
				"rotation": [-20, 0, 0],
				"cubes": [
					{"origin": [-4.13407, 9.06721, 8.60821], "size": [1, 2, 0], "uv": [26, 22], "inflate": 0.01}
				]
			},
			{
				"name": "bone168",
				"parent": "hairCut56",
				"pivot": [-3.1, 20, 3],
				"rotation": [-40, 0, 0],
				"cubes": [
					{"origin": [-4.13407, 9.04313, 12.35552], "size": [1, 2, 0], "uv": [24, 22], "inflate": 0.01}
				]
			},
			{
				"name": "hairCut57",
				"parent": "hair",
				"pivot": [-1, 20, 4],
				"rotation": [0, -5, 0]
			},
			{
				"name": "bone276",
				"parent": "hairCut57",
				"pivot": [-1, 20, 4],
				"rotation": [20, 0, 0],
				"cubes": [
					{"origin": [-2.09962, 10.17789, 4.69228], "size": [1, 2, 0], "uv": [58, 10], "inflate": 0.01, "mirror": true}
				]
			},
			{
				"name": "shipingxia",
				"parent": "head",
				"pivot": [0, 0, 0]
			},
			{
				"name": "bone300",
				"parent": "shipingxia",
				"pivot": [0, 0, 0]
			},
			{
				"name": "bone308",
				"parent": "bone300",
				"pivot": [-4.9, 21.4, 1],
				"rotation": [-39.10194, -17.40801, 13.66621],
				"cubes": [
					{"origin": [-5.1, 20.8, -0.9], "size": [0, 1.2, 4.4], "uv": [-1, -1], "inflate": 0.01}
				]
			},
			{
				"name": "bone306",
				"parent": "bone300",
				"pivot": [-5.3, 21.4, 1],
				"rotation": [-42.96716, -27.99705, 23.61708]
			},
			{
				"name": "bone307",
				"parent": "bone306",
				"pivot": [-4.6, 20.8, 0.1],
				"rotation": [-66.50368, 21.79601, 37.96454],
				"cubes": [
					{"origin": [-5, 19.4, 0.1], "size": [0, 1.2, 3.2], "uv": [1, 0], "inflate": 0.01}
				]
			},
			{
				"name": "bone301",
				"parent": "shipingxia",
				"pivot": [0, 0, 0]
			},
			{
				"name": "bone303",
				"parent": "bone301",
				"pivot": [5.3, 21.4, 1],
				"rotation": [-42.96716, 27.99705, -23.61708]
			},
			{
				"name": "bone304",
				"parent": "bone303",
				"pivot": [4.6, 20.8, 0.1],
				"rotation": [-66.50368, -21.79601, -37.96454],
				"cubes": [
					{"origin": [5, 19.4, 0.1], "size": [0, 1.2, 3.2], "uv": [0, 0], "inflate": 0.01, "mirror": true}
				]
			},
			{
				"name": "bone302",
				"parent": "bone301",
				"pivot": [4.9, 21.4, 1],
				"rotation": [-39.10194, 17.40801, -13.66621],
				"cubes": [
					{"origin": [5.1, 20.8, -0.9], "size": [0, 1.2, 4.4], "uv": [0, -1], "inflate": 0.01, "mirror": true}
				]
			},
			{
				"name": "huazuo",
				"parent": "head",
				"pivot": [1.4, 0, 0]
			},
			{
				"name": "bone194",
				"parent": "huazuo",
				"pivot": [1.4, 0, 0],
				"cubes": [
					{"origin": [-5, 23.2, -0.5], "size": [3.8, 1.1, 1.2], "uv": [0, 21]},
					{"origin": [-4.9, 23, -0.7], "size": [2.1, 1.5, 1.6], "uv": [0, 20]}
				]
			},
			{
				"name": "bone189",
				"parent": "huazuo",
				"pivot": [-4.75, 23.05559, 0.81731],
				"rotation": [-157.6149, -5.42406, 12.92597],
				"cubes": [
					{"origin": [-5, 22.35559, 0.26731], "size": [1, 1.4, 1.1], "uv": [0, 22]}
				]
			},
			{
				"name": "bone190",
				"parent": "bone189",
				"pivot": [1.4, -0.53876, 1.75458],
				"cubes": [
					{"origin": [-4.9, 22.55559, 1.36731], "size": [0.3, 0.8, 0.6], "uv": [0, 0]}
				]
			},
			{
				"name": "bone191",
				"parent": "bone189",
				"pivot": [-4.75, 24.06124, 2.55458],
				"rotation": [52, 0, 0],
				"cubes": [
					{"origin": [-4.9, 24.12405, 0.55622], "size": [0.9, 1.9, 1.1], "uv": [0, 0]}
				]
			},
			{
				"name": "bone192",
				"parent": "bone191",
				"pivot": [-4.75, 25.41124, 1.84844],
				"rotation": [-67, 0, 0],
				"cubes": [
					{"origin": [-4.9, 23.38269, 1.02239], "size": [0.9, 1.9, 1.1], "uv": [0, 0]}
				]
			},
			{
				"name": "bone193",
				"parent": "bone189",
				"pivot": [-4.75, 23.36124, 1.05458],
				"rotation": [40.47464, -7.19126, 8.3458],
				"cubes": [
					{"origin": [-4.9, 22.79424, -0.43374], "size": [0.3, 0.8, 0.6], "uv": [0, 0]}
				]
			},
			{
				"name": "bone169",
				"parent": "huazuo",
				"pivot": [-4.75, 22.95559, -0.58269],
				"rotation": [125.85712, 10.52012, 9.28982],
				"cubes": [
					{"origin": [-5, 22.25559, -1.13269], "size": [1, 1.4, 1.1], "uv": [24, 15]}
				]
			},
			{
				"name": "bone170",
				"parent": "bone169",
				"pivot": [1.4, -1.54441, -0.43269],
				"cubes": [
					{"origin": [-4.9, 22.45559, -0.03269], "size": [0.3, 0.8, 0.6], "uv": [0, 0]}
				]
			},
			{
				"name": "bone171",
				"parent": "bone169",
				"pivot": [-4.75, 23.05559, 0.36731],
				"rotation": [52, 0, 0],
				"cubes": [
					{"origin": [-4.9, 23.05559, -0.43269], "size": [1.1, 1.9, 1.1], "uv": [0, 0]}
				]
			},
			{
				"name": "bone172",
				"parent": "bone171",
				"pivot": [-4.75, 24.40559, -0.33883],
				"rotation": [-67, 0, 0],
				"cubes": [
					{"origin": [-4.9, 23.45559, -0.63883], "size": [1, 1.9, 1.4], "uv": [0, 0]}
				]
			},
			{
				"name": "bone173",
				"parent": "bone169",
				"pivot": [-4.75, 22.35559, -1.13269],
				"rotation": [41, 0, 0],
				"cubes": [
					{"origin": [-4.9, 21.95559, -1.43269], "size": [0.3, 0.8, 0.6], "uv": [0, 0]}
				]
			},
			{
				"name": "bone184",
				"parent": "huazuo",
				"pivot": [-4.75, 24.61876, 0.71881],
				"rotation": [-17.74381, -3.07598, -9.51975],
				"cubes": [
					{"origin": [-5, 23.90245, -0.64693], "size": [1, 1.4, 1.1], "uv": [24, 16]}
				]
			},
			{
				"name": "bone185",
				"parent": "bone184",
				"pivot": [1.4, 0.00245, 0.05307],
				"cubes": [
					{"origin": [-4.9, 24.00245, 0.45307], "size": [0.3, 0.8, 0.6], "uv": [0, 0]}
				]
			},
			{
				"name": "bone186",
				"parent": "bone184",
				"pivot": [-4.75, 24.60245, 0.85307],
				"rotation": [52, 0, 0],
				"cubes": [
					{"origin": [-4.9, 24.60245, -0.04693], "size": [1, 1.9, 1.2], "uv": [0, 0]}
				]
			},
			{
				"name": "bone187",
				"parent": "bone186",
				"pivot": [-4.75, 25.95245, 0.14693],
				"rotation": [-67, 0, 0],
				"cubes": [
					{"origin": [-4.9, 25.00245, -0.15307], "size": [1, 1.9, 1.1], "uv": [0, 0]}
				]
			},
			{
				"name": "bone188",
				"parent": "bone184",
				"pivot": [-4.75, 23.90245, -0.64693],
				"rotation": [41, 0, 0],
				"cubes": [
					{"origin": [-4.9, 23.50245, -0.94693], "size": [0.3, 0.8, 0.6], "uv": [0, 0]}
				]
			},
			{
				"name": "bone179",
				"parent": "huazuo",
				"pivot": [-4.65, 24.41876, -0.38119],
				"rotation": [35.25288, 4.90805, 3.45388],
				"cubes": [
					{"origin": [-4.9, 23.70245, -1.74693], "size": [1, 1.4, 1.1], "uv": [24, 17]}
				]
			},
			{
				"name": "bone180",
				"parent": "bone179",
				"pivot": [1.5, -0.19755, -1.04693],
				"cubes": [
					{"origin": [-4.8, 23.80245, -0.64693], "size": [0.3, 0.8, 0.6], "uv": [0, 0]}
				]
			},
			{
				"name": "bone181",
				"parent": "bone179",
				"pivot": [-4.65, 24.40245, -0.24693],
				"rotation": [54, 0, 0],
				"cubes": [
					{"origin": [-4.8, 24.40245, -1.14693], "size": [1, 1.9, 1.2], "uv": [0, 0]}
				]
			},
			{
				"name": "bone182",
				"parent": "bone181",
				"pivot": [-4.65, 25.75245, -0.95307],
				"rotation": [-67, 0, 0],
				"cubes": [
					{"origin": [-4.8, 24.80245, -1.25307], "size": [1, 1.9, 1.2], "uv": [0, 0]}
				]
			},
			{
				"name": "bone183",
				"parent": "bone179",
				"pivot": [-4.65, 23.70245, -1.74693],
				"rotation": [41, 0, 0],
				"cubes": [
					{"origin": [-4.8, 23.30245, -2.04693], "size": [0.3, 0.8, 0.6], "uv": [0, 0]}
				]
			},
			{
				"name": "bone174",
				"parent": "huazuo",
				"pivot": [-4.75, 23.97084, 0.98216],
				"rotation": [-73.88606, -6.72755, -1.93838],
				"cubes": [
					{"origin": [-5, 23.27084, 0.43216], "size": [1.1, 1.4, 1.1], "uv": [24, 18]}
				]
			},
			{
				"name": "bone175",
				"parent": "bone174",
				"pivot": [1.4, -0.52916, 1.13216],
				"cubes": [
					{"origin": [-4.9, 23.47084, 1.53216], "size": [0.3, 0.8, 0.6], "uv": [0, 0]}
				]
			},
			{
				"name": "bone176",
				"parent": "bone174",
				"pivot": [-4.75, 24.07084, 1.93216],
				"rotation": [52, 0, 0],
				"cubes": [
					{"origin": [-4.9, 24.07084, 1.03216], "size": [0.9, 1.9, 1.2], "uv": [0, 0]}
				]
			},
			{
				"name": "bone177",
				"parent": "bone176",
				"pivot": [-4.75, 25.42084, 1.22602],
				"rotation": [-67, 0, 0],
				"cubes": [
					{"origin": [-4.9, 24.47084, 0.92602], "size": [0.9, 1.9, 1.1], "uv": [0, 0]}
				]
			},
			{
				"name": "bone178",
				"parent": "bone174",
				"pivot": [-4.75, 23.37084, 0.43216],
				"rotation": [41, 0, 0],
				"cubes": [
					{"origin": [-4.9, 22.97084, 0.13216], "size": [0.3, 0.8, 0.6], "uv": [0, 0]}
				]
			},
			{
				"name": "huayou",
				"parent": "head",
				"pivot": [0, 0, 0]
			},
			{
				"name": "huazuo28",
				"parent": "huayou",
				"pivot": [-1.4, 0, 0]
			},
			{
				"name": "bone270",
				"parent": "huazuo28",
				"pivot": [4.75, 23.97084, 0.98216],
				"rotation": [-73.88606, 6.72755, 1.93838]
			},
			{
				"name": "bone271",
				"parent": "bone270",
				"pivot": [4.75, 23.37084, 0.43216],
				"rotation": [41, 0, 0],
				"cubes": [
					{"origin": [4.6, 22.97084, 0.13216], "size": [0.3, 0.8, 0.6], "uv": [0, 0], "mirror": true}
				]
			},
			{
				"name": "huazuo27",
				"parent": "huayou",
				"pivot": [-1.4, 0, 0]
			},
			{
				"name": "bone267",
				"parent": "huazuo27",
				"pivot": [4.75, 23.97084, 0.98216],
				"rotation": [-73.88606, 6.72755, 1.93838]
			},
			{
				"name": "bone268",
				"parent": "bone267",
				"pivot": [4.75, 24.07084, 1.93216],
				"rotation": [52, 0, 0]
			},
			{
				"name": "bone269",
				"parent": "bone268",
				"pivot": [4.75, 25.42084, 1.22602],
				"rotation": [-67, 0, 0],
				"cubes": [
					{"origin": [4, 24.47084, 0.92602], "size": [0.9, 1.9, 1.1], "uv": [0, 0], "mirror": true}
				]
			},
			{
				"name": "huazuo26",
				"parent": "huayou",
				"pivot": [-1.4, 0, 0]
			},
			{
				"name": "bone265",
				"parent": "huazuo26",
				"pivot": [4.75, 23.97084, 0.98216],
				"rotation": [-73.88606, 6.72755, 1.93838]
			},
			{
				"name": "bone266",
				"parent": "bone265",
				"pivot": [4.75, 24.07084, 1.93216],
				"rotation": [52, 0, 0],
				"cubes": [
					{"origin": [4, 24.07084, 1.03216], "size": [0.9, 1.9, 1.2], "uv": [0, 0], "mirror": true}
				]
			},
			{
				"name": "huazuo25",
				"parent": "huayou",
				"pivot": [-1.4, 0, 0]
			},
			{
				"name": "bone263",
				"parent": "huazuo25",
				"pivot": [4.75, 23.97084, 0.98216],
				"rotation": [-73.88606, 6.72755, 1.93838]
			},
			{
				"name": "bone264",
				"parent": "bone263",
				"pivot": [-1.4, -0.52916, 1.13216],
				"cubes": [
					{"origin": [4.6, 23.47084, 1.53216], "size": [0.3, 0.8, 0.6], "uv": [0, 0], "mirror": true}
				]
			},
			{
				"name": "huazuo24",
				"parent": "huayou",
				"pivot": [-1.4, 0, 0]
			},
			{
				"name": "bone262",
				"parent": "huazuo24",
				"pivot": [4.75, 23.97084, 0.98216],
				"rotation": [-73.88606, 6.72755, 1.93838],
				"cubes": [
					{"origin": [3.9, 23.27084, 0.43216], "size": [1.1, 1.2, 1.1], "uv": [24, 18], "mirror": true}
				]
			},
			{
				"name": "huazuo23",
				"parent": "huayou",
				"pivot": [-1.4, 0, 0]
			},
			{
				"name": "bone260",
				"parent": "huazuo23",
				"pivot": [4.65, 24.41876, -0.38119],
				"rotation": [35.25288, -4.90805, -3.45388]
			},
			{
				"name": "bone261",
				"parent": "bone260",
				"pivot": [4.65, 23.70245, -1.74693],
				"rotation": [41, 0, 0],
				"cubes": [
					{"origin": [4.5, 23.30245, -2.04693], "size": [0.3, 0.8, 0.6], "uv": [0, 0], "mirror": true}
				]
			},
			{
				"name": "huazuo22",
				"parent": "huayou",
				"pivot": [-1.4, 0, 0]
			},
			{
				"name": "bone257",
				"parent": "huazuo22",
				"pivot": [4.65, 24.41876, -0.38119],
				"rotation": [35.25288, -4.90805, -3.45388]
			},
			{
				"name": "bone258",
				"parent": "bone257",
				"pivot": [4.65, 24.40245, -0.24693],
				"rotation": [54, 0, 0]
			},
			{
				"name": "bone259",
				"parent": "bone258",
				"pivot": [4.65, 25.75245, -0.95307],
				"rotation": [-67, 0, 0],
				"cubes": [
					{"origin": [3.8, 24.80245, -1.25307], "size": [1, 1.9, 1.2], "uv": [0, 0], "mirror": true}
				]
			},
			{
				"name": "huazuo21",
				"parent": "huayou",
				"pivot": [-1.4, 0, 0]
			},
			{
				"name": "bone255",
				"parent": "huazuo21",
				"pivot": [4.65, 24.41876, -0.38119],
				"rotation": [35.25288, -4.90805, -3.45388]
			},
			{
				"name": "bone256",
				"parent": "bone255",
				"pivot": [4.65, 24.40245, -0.24693],
				"rotation": [54, 0, 0],
				"cubes": [
					{"origin": [3.8, 24.40245, -1.14693], "size": [1, 1.9, 1.2], "uv": [0, 0], "mirror": true}
				]
			},
			{
				"name": "huazuo20",
				"parent": "huayou",
				"pivot": [-1.4, 0, 0]
			},
			{
				"name": "bone253",
				"parent": "huazuo20",
				"pivot": [4.65, 24.41876, -0.38119],
				"rotation": [35.25288, -4.90805, -3.45388]
			},
			{
				"name": "bone254",
				"parent": "bone253",
				"pivot": [-1.5, -0.19755, -1.04693],
				"cubes": [
					{"origin": [4.5, 23.80245, -0.64693], "size": [0.3, 0.8, 0.6], "uv": [0, 0], "mirror": true}
				]
			},
			{
				"name": "huazuo19",
				"parent": "huayou",
				"pivot": [-1.4, 0, 0]
			},
			{
				"name": "bone252",
				"parent": "huazuo19",
				"pivot": [4.65, 24.41876, -0.38119],
				"rotation": [35.25288, -4.90805, -3.45388],
				"cubes": [
					{"origin": [3.9, 23.70245, -1.74693], "size": [1, 1.4, 1.1], "uv": [24, 17], "mirror": true}
				]
			},
			{
				"name": "huazuo18",
				"parent": "huayou",
				"pivot": [-1.4, 0, 0]
			},
			{
				"name": "bone250",
				"parent": "huazuo18",
				"pivot": [4.75, 24.61876, 0.71881],
				"rotation": [-17.74381, 3.07598, 9.51975]
			},
			{
				"name": "bone251",
				"parent": "bone250",
				"pivot": [4.75, 23.90245, -0.64693],
				"rotation": [41, 0, 0],
				"cubes": [
					{"origin": [4.6, 23.50245, -0.94693], "size": [0.3, 0.8, 0.6], "uv": [0, 0], "mirror": true}
				]
			},
			{
				"name": "huazuo17",
				"parent": "huayou",
				"pivot": [-1.4, 0, 0]
			},
			{
				"name": "bone247",
				"parent": "huazuo17",
				"pivot": [4.75, 24.61876, 0.71881],
				"rotation": [-17.74381, 3.07598, 9.51975]
			},
			{
				"name": "bone248",
				"parent": "bone247",
				"pivot": [4.75, 24.60245, 0.85307],
				"rotation": [52, 0, 0]
			},
			{
				"name": "bone249",
				"parent": "bone248",
				"pivot": [4.75, 25.95245, 0.14693],
				"rotation": [-67, 0, 0],
				"cubes": [
					{"origin": [3.9, 25.00245, -0.15307], "size": [1, 1.9, 1.1], "uv": [0, 0], "mirror": true}
				]
			},
			{
				"name": "huazuo16",
				"parent": "huayou",
				"pivot": [-1.4, 0, 0]
			},
			{
				"name": "bone237",
				"parent": "huazuo16",
				"pivot": [4.75, 24.61876, 0.71881],
				"rotation": [-17.74381, 3.07598, 9.51975]
			},
			{
				"name": "bone238",
				"parent": "bone237",
				"pivot": [4.75, 24.60245, 0.85307],
				"rotation": [52, 0, 0],
				"cubes": [
					{"origin": [3.9, 24.60245, -0.04693], "size": [1, 1.9, 1.2], "uv": [0, 0], "mirror": true}
				]
			},
			{
				"name": "huazuo15",
				"parent": "huayou",
				"pivot": [-1.4, 0, 0]
			},
			{
				"name": "bone235",
				"parent": "huazuo15",
				"pivot": [4.75, 24.61876, 0.71881],
				"rotation": [-17.74381, 3.07598, 9.51975]
			},
			{
				"name": "bone236",
				"parent": "bone235",
				"pivot": [-1.4, 0.00245, 0.05307],
				"cubes": [
					{"origin": [4.6, 24.00245, 0.45307], "size": [0.3, 0.8, 0.6], "uv": [0, 0], "mirror": true}
				]
			},
			{
				"name": "huazuo14",
				"parent": "huayou",
				"pivot": [-1.4, 0, 0]
			},
			{
				"name": "bone234",
				"parent": "huazuo14",
				"pivot": [4.75, 24.61876, 0.71881],
				"rotation": [-17.74381, 3.07598, 9.51975],
				"cubes": [
					{"origin": [4, 23.90245, -0.64693], "size": [1, 1.4, 1.1], "uv": [24, 16], "mirror": true}
				]
			},
			{
				"name": "huazuo13",
				"parent": "huayou",
				"pivot": [-1.4, 0, 0]
			},
			{
				"name": "bone232",
				"parent": "huazuo13",
				"pivot": [4.75, 22.95559, -0.58269],
				"rotation": [125.85712, -10.52012, -9.28982]
			},
			{
				"name": "bone233",
				"parent": "bone232",
				"pivot": [4.75, 22.35559, -1.13269],
				"rotation": [41, 0, 0],
				"cubes": [
					{"origin": [4.6, 21.95559, -1.43269], "size": [0.3, 0.8, 0.6], "uv": [0, 0], "mirror": true}
				]
			},
			{
				"name": "huazuo12",
				"parent": "huayou",
				"pivot": [-1.4, 0, 0]
			},
			{
				"name": "bone229",
				"parent": "huazuo12",
				"pivot": [4.75, 22.95559, -0.58269],
				"rotation": [125.85712, -10.52012, -9.28982]
			},
			{
				"name": "bone230",
				"parent": "bone229",
				"pivot": [4.75, 23.05559, 0.36731],
				"rotation": [52, 0, 0]
			},
			{
				"name": "bone231",
				"parent": "bone230",
				"pivot": [4.75, 24.40559, -0.33883],
				"rotation": [-67, 0, 0],
				"cubes": [
					{"origin": [3.9, 23.45559, -0.63883], "size": [1, 1.9, 1.4], "uv": [0, 0], "mirror": true}
				]
			},
			{
				"name": "huazuo11",
				"parent": "huayou",
				"pivot": [-1.4, 0, 0]
			},
			{
				"name": "bone227",
				"parent": "huazuo11",
				"pivot": [4.75, 22.95559, -0.58269],
				"rotation": [125.85712, -10.52012, -9.28982]
			},
			{
				"name": "bone228",
				"parent": "bone227",
				"pivot": [4.75, 23.05559, 0.36731],
				"rotation": [52, 0, 0],
				"cubes": [
					{"origin": [3.8, 23.05559, -0.43269], "size": [1.1, 1.9, 1.1], "uv": [0, 0], "mirror": true}
				]
			},
			{
				"name": "huazuo10",
				"parent": "huayou",
				"pivot": [-1.4, 0, 0]
			},
			{
				"name": "bone225",
				"parent": "huazuo10",
				"pivot": [4.75, 22.95559, -0.58269],
				"rotation": [125.85712, -10.52012, -9.28982]
			},
			{
				"name": "bone226",
				"parent": "bone225",
				"pivot": [-1.4, -1.54441, -0.43269],
				"cubes": [
					{"origin": [4.6, 22.45559, -0.03269], "size": [0.3, 0.8, 0.6], "uv": [0, 0], "mirror": true}
				]
			},
			{
				"name": "huazuo9",
				"parent": "huayou",
				"pivot": [-1.4, 0, 0]
			},
			{
				"name": "bone224",
				"parent": "huazuo9",
				"pivot": [4.75, 22.95559, -0.58269],
				"rotation": [125.85712, -10.52012, -9.28982],
				"cubes": [
					{"origin": [4, 22.25559, -1.13269], "size": [1, 1.4, 1.1], "uv": [24, 15], "mirror": true}
				]
			},
			{
				"name": "huazuo8",
				"parent": "huayou",
				"pivot": [-1.4, 0, 0]
			},
			{
				"name": "bone222",
				"parent": "huazuo8",
				"pivot": [4.75, 23.05559, 0.81731],
				"rotation": [-157.6149, 5.42406, -12.92597]
			},
			{
				"name": "bone223",
				"parent": "bone222",
				"pivot": [4.75, 23.36124, 1.05458],
				"rotation": [40.47464, 7.19126, -8.3458],
				"cubes": [
					{"origin": [4.6, 22.79424, -0.43374], "size": [0.3, 0.8, 0.6], "uv": [0, 0], "mirror": true}
				]
			},
			{
				"name": "huazuo7",
				"parent": "huayou",
				"pivot": [-1.4, 0, 0]
			},
			{
				"name": "bone219",
				"parent": "huazuo7",
				"pivot": [4.75, 23.05559, 0.81731],
				"rotation": [-157.6149, 5.42406, -12.92597]
			},
			{
				"name": "bone220",
				"parent": "bone219",
				"pivot": [4.75, 24.06124, 2.55458],
				"rotation": [52, 0, 0]
			},
			{
				"name": "bone221",
				"parent": "bone220",
				"pivot": [4.75, 25.41124, 1.84844],
				"rotation": [-67, 0, 0],
				"cubes": [
					{"origin": [4, 23.38269, 1.02239], "size": [0.9, 1.9, 1.1], "uv": [0, 0], "mirror": true}
				]
			},
			{
				"name": "huazuo6",
				"parent": "huayou",
				"pivot": [-1.4, 0, 0]
			},
			{
				"name": "bone217",
				"parent": "huazuo6",
				"pivot": [4.75, 23.05559, 0.81731],
				"rotation": [-157.6149, 5.42406, -12.92597]
			},
			{
				"name": "bone218",
				"parent": "bone217",
				"pivot": [4.75, 24.06124, 2.55458],
				"rotation": [52, 0, 0],
				"cubes": [
					{"origin": [4, 24.12405, 0.55622], "size": [0.9, 1.9, 1.1], "uv": [0, 0], "mirror": true}
				]
			},
			{
				"name": "huazuo5",
				"parent": "huayou",
				"pivot": [-1.4, 0, 0]
			},
			{
				"name": "bone199",
				"parent": "huazuo5",
				"pivot": [4.75, 23.05559, 0.81731],
				"rotation": [-157.6149, 5.42406, -12.92597]
			},
			{
				"name": "bone216",
				"parent": "bone199",
				"pivot": [-1.4, -0.53876, 1.75458],
				"cubes": [
					{"origin": [4.6, 22.55559, 1.36731], "size": [0.3, 0.8, 0.6], "uv": [0, 0], "mirror": true}
				]
			},
			{
				"name": "huazuo4",
				"parent": "huayou",
				"pivot": [-1.4, 0, 0]
			},
			{
				"name": "bone198",
				"parent": "huazuo4",
				"pivot": [4.75, 23.05559, 0.81731],
				"rotation": [-157.6149, 5.42406, -12.92597],
				"cubes": [
					{"origin": [4, 22.35559, 0.26731], "size": [1, 1.4, 1.1], "uv": [0, 22], "mirror": true}
				]
			},
			{
				"name": "huazuo3",
				"parent": "huayou",
				"pivot": [-1.4, 0, 0]
			},
			{
				"name": "bone197",
				"parent": "huazuo3",
				"pivot": [-1.4, 0, 0],
				"cubes": [
					{"origin": [2.8, 23, -0.7], "size": [2.1, 1.5, 1.6], "uv": [0, 20], "mirror": true}
				]
			},
			{
				"name": "huazuo2",
				"parent": "huayou",
				"pivot": [-1.4, 0, 0]
			},
			{
				"name": "bone196",
				"parent": "huazuo2",
				"pivot": [-1.4, 0, 0],
				"cubes": [
					{"origin": [1.2, 23.2, -0.5], "size": [3.8, 1.1, 1.2], "uv": [0, 21], "mirror": true}
				]
			},
			{
				"name": "body",
				"pivot": [0, 10.5, 0]
			},
			{
				"name": "sittingRotationSkirt",
				"parent": "body",
				"pivot": [0, 10.5, 0]
			},
			{
				"name": "bone39",
				"parent": "body",
				"pivot": [0, 10.5, 0],
				"cubes": [
					{"origin": [-2.9, 8.899, -2.9], "size": [5.8, 9, 5.9], "uv": [29, 64]},
					{"origin": [-3.1, 8.999, -3.2], "size": [6.2, 9, 6.5], "uv": [26, 26]}
				]
			},
			{
				"name": "bone40",
				"parent": "body",
				"pivot": [0, 10.5, -0.1],
				"cubes": [
					{"origin": [-0.7, 14.699, -3.4], "size": [1.2, 3.2, 1.1], "uv": [6, 3]}
				]
			},
			{
				"name": "bone41",
				"parent": "bone40",
				"pivot": [10.3, 1.3, -3.2],
				"rotation": [0.94113, -0.97184, 6.93254]
			},
			{
				"name": "bone43",
				"parent": "bone41",
				"pivot": [11.6, 15.499, -3],
				"rotation": [-85.1487, 81.93815, -97.07877]
			},
			{
				"name": "bone45",
				"parent": "bone43",
				"pivot": [8.61912, 15.46482, -4.27731],
				"rotation": [-6.34304, -37.5561, 10.10945]
			},
			{
				"name": "bone46",
				"parent": "bone45",
				"pivot": [8.7, 4.05, -3.2]
			},
			{
				"name": "bone47",
				"parent": "bone46",
				"pivot": [8.7, 4.05, -3.2]
			},
			{
				"name": "bone48",
				"parent": "bone47",
				"pivot": [8.7, 4.05, -0.70831],
				"rotation": [18, 0, 0],
				"cubes": [
					{"origin": [-0.75006, 10.89386, -6.06455], "size": [3, 7.6, 0], "uv": [6, 51], "inflate": 0.01}
				]
			},
			{
				"name": "bone49",
				"parent": "bone48",
				"pivot": [7.2, 3.92132, -0.70831],
				"rotation": [0, 0, 7.39351],
				"cubes": [
					{"origin": [-2.40106, 9.8245, -6.06555], "size": [1, 7.6, 0], "uv": [24, 56], "inflate": 0.01}
				]
			},
			{
				"name": "bone50",
				"parent": "bone48",
				"pivot": [10.2, 3.92132, -0.70831],
				"rotation": [0, 0, -7.39351],
				"cubes": [
					{"origin": [3.03314, 11.87058, -6.06355], "size": [1, 7.6, 0], "uv": [22, 56], "inflate": 0.01}
				]
			},
			{
				"name": "bone51",
				"parent": "bone46",
				"pivot": [8.7, 4.05, -3.2],
				"rotation": [0, -45, 0]
			},
			{
				"name": "bone52",
				"parent": "bone51",
				"pivot": [8.7, 4.05, -0.70831],
				"rotation": [18, 0, 0],
				"cubes": [
					{"origin": [-5.61099, 8.23647, 2.11406], "size": [3, 7.6, 0], "uv": [0, 51], "inflate": 0.01},
					{"origin": [-6.01099, 8.23647, 2.21406], "size": [3, 7.6, 0], "uv": [46, 48], "inflate": 0.01}
				]
			},
			{
				"name": "bone53",
				"parent": "bone52",
				"pivot": [7.2, 3.92132, -0.70831],
				"rotation": [0, 0, 7.39351],
				"cubes": [
					{"origin": [-6.87961, 6.56368, 2.11306], "size": [1, 7.6, 0], "uv": [56, 21], "inflate": 0.01}
				]
			},
			{
				"name": "bone54",
				"parent": "bone52",
				"pivot": [10.2, 3.92132, -0.70831],
				"rotation": [0, 0, -7.39351],
				"cubes": [
					{"origin": [-2.12934, 9.8608, 2.11506], "size": [1, 7.6, 0], "uv": [20, 56], "inflate": 0.01}
				]
			},
			{
				"name": "bone55",
				"parent": "bone46",
				"pivot": [8.7, 4.05, -3.2],
				"rotation": [0, -90, 0]
			},
			{
				"name": "bone56",
				"parent": "bone55",
				"pivot": [8.7, 4.05, -0.70831],
				"rotation": [18, 0, 0],
				"cubes": [
					{"origin": [-2.96741, 5.29526, 11.16619], "size": [3, 7.6, 0], "uv": [50, 36], "inflate": 0.01}
				]
			},
			{
				"name": "bone57",
				"parent": "bone56",
				"pivot": [7.2, 3.92132, -0.70831],
				"rotation": [0, 0, 7.39351],
				"cubes": [
					{"origin": [-3.87953, 3.9871, 11.16519], "size": [1, 7.6, 0], "uv": [18, 56], "inflate": 0.01}
				]
			},
			{
				"name": "bone58",
				"parent": "bone56",
				"pivot": [10.2, 3.92132, -0.70831],
				"rotation": [0, 0, -7.39351],
				"cubes": [
					{"origin": [0.11378, 6.60386, 11.16719], "size": [1, 7.6, 0], "uv": [16, 56], "inflate": 0.01}
				]
			},
			{
				"name": "bone59",
				"parent": "bone46",
				"pivot": [8.7, 4.05, -3.2],
				"rotation": [0, -135, 0]
			},
			{
				"name": "bone60",
				"parent": "bone59",
				"pivot": [8.7, 4.05, -0.70831],
				"rotation": [18, 0, 0],
				"cubes": [
					{"origin": [5.6321, 3.79315, 15.7892], "size": [3, 7.6, 0], "uv": [50, 29], "inflate": 0.01}
				]
			},
			{
				"name": "bone61",
				"parent": "bone60",
				"pivot": [7.2, 3.92132, -0.70831],
				"rotation": [0, 0, 7.39351],
				"cubes": [
					{"origin": [4.84178, 3.6041, 15.7882], "size": [1, 7.6, 0], "uv": [56, 14], "inflate": 0.01}
				]
			},
			{
				"name": "bone62",
				"parent": "bone60",
				"pivot": [10.2, 3.92132, -0.70831],
				"rotation": [0, 0, -7.39351],
				"cubes": [
					{"origin": [8.44849, 4.00762, 15.7902], "size": [1, 7.6, 0], "uv": [14, 56], "inflate": 0.01}
				]
			},
			{
				"name": "bone63",
				"parent": "bone46",
				"pivot": [8.7, 4.05, -3.2],
				"rotation": [0, -180, 0]
			},
			{
				"name": "bone64",
				"parent": "bone63",
				"pivot": [8.7, 4.05, -0.70831],
				"rotation": [18, 0, 0],
				"cubes": [
					{"origin": [15.15006, 4.61006, 13.27501], "size": [3, 7.6, 0], "uv": [50, 22], "inflate": 0.01}
				]
			},
			{
				"name": "bone65",
				"parent": "bone64",
				"pivot": [7.2, 3.92132, -0.70831],
				"rotation": [0, 0, 7.39351],
				"cubes": [
					{"origin": [14.17548, 5.63902, 13.27401], "size": [1, 7.6, 0], "uv": [12, 56], "inflate": 0.01}
				]
			},
			{
				"name": "bone66",
				"parent": "bone64",
				"pivot": [10.2, 3.92132, -0.70831],
				"rotation": [0, 0, -7.39351],
				"cubes": [
					{"origin": [17.99244, 3.59294, 13.27601], "size": [1, 7.6, 0], "uv": [56, 7], "inflate": 0.01}
				]
			},
			{
				"name": "bone67",
				"parent": "bone46",
				"pivot": [8.7, 4.05, -3.2],
				"rotation": [0, -225, 0]
			},
			{
				"name": "bone68",
				"parent": "bone67",
				"pivot": [8.7, 4.05, -0.70831],
				"rotation": [18, 0, 0],
				"cubes": [
					{"origin": [20.01099, 7.26745, 5.09639], "size": [3, 7.6, 0], "uv": [50, 10], "inflate": 0.01},
					{"origin": [19.71099, 7.26745, 5.59639], "size": [3, 7.6, 0], "uv": [12, 34], "inflate": 0.01}
				]
			},
			{
				"name": "bone69",
				"parent": "bone68",
				"pivot": [7.2, 3.92132, -0.70831],
				"rotation": [0, 0, 7.39351],
				"cubes": [
					{"origin": [18.65403, 8.89984, 5.09539], "size": [1, 7.6, 0], "uv": [56, 0], "inflate": 0.01}
				]
			},
			{
				"name": "bone70",
				"parent": "bone68",
				"pivot": [10.2, 3.92132, -0.70831],
				"rotation": [0, 0, -7.39351],
				"cubes": [
					{"origin": [23.15491, 5.60272, 5.09739], "size": [1, 7.6, 0], "uv": [50, 55], "inflate": 0.01}
				]
			},
			{
				"name": "bone71",
				"parent": "bone46",
				"pivot": [8.7, 4.05, -3.2],
				"rotation": [0, -270, 0]
			},
			{
				"name": "bone72",
				"parent": "bone71",
				"pivot": [8.7, 4.05, -0.70831],
				"rotation": [18, 0, 0],
				"cubes": [
					{"origin": [17.36741, 10.20866, -3.95573], "size": [3, 7.6, 0], "uv": [18, 49], "inflate": 0.01}
				]
			},
			{
				"name": "bone73",
				"parent": "bone72",
				"pivot": [7.2, 3.92132, -0.70831],
				"rotation": [0, 0, 7.39351],
				"cubes": [
					{"origin": [15.65395, 11.47641, -3.95673], "size": [1, 7.6, 0], "uv": [48, 55], "inflate": 0.01}
				]
			},
			{
				"name": "bone74",
				"parent": "bone72",
				"pivot": [10.2, 3.92132, -0.70831],
				"rotation": [0, 0, -7.39351],
				"cubes": [
					{"origin": [20.9118, 8.85966, -3.95473], "size": [1, 7.6, 0], "uv": [46, 55], "inflate": 0.01}
				]
			},
			{
				"name": "bone75",
				"parent": "bone46",
				"pivot": [8.7, 4.05, -3.2],
				"rotation": [0, -315, 0]
			},
			{
				"name": "bone76",
				"parent": "bone75",
				"pivot": [8.7, 4.05, -0.70831],
				"rotation": [18, 0, 0],
				"cubes": [
					{"origin": [8.7679, 11.71077, -8.57874], "size": [3, 7.6, 0], "uv": [12, 49], "inflate": 0.01}
				]
			},
			{
				"name": "bone77",
				"parent": "bone76",
				"pivot": [7.2, 3.92132, -0.70831],
				"rotation": [0, 0, 7.39351],
				"cubes": [
					{"origin": [6.93264, 11.85942, -8.57974], "size": [1, 7.6, 0], "uv": [44, 55], "inflate": 0.01}
				]
			},
			{
				"name": "bone78",
				"parent": "bone76",
				"pivot": [10.2, 3.92132, -0.70831],
				"rotation": [0, 0, -7.39351],
				"cubes": [
					{"origin": [12.57709, 11.45589, -8.57774], "size": [1, 7.6, 0], "uv": [42, 55], "inflate": 0.01}
				]
			},
			{
				"name": "bone42",
				"parent": "bone41",
				"pivot": [8.7, 15.899, -6.3],
				"rotation": [-14, 0, 0]
			},
			{
				"name": "bone44",
				"parent": "bone41",
				"pivot": [5.8, 15.499, -3],
				"rotation": [-85.1487, -81.93815, 97.07877]
			},
			{
				"name": "legLeft",
				"pivot": [2, 9, 0],
				"cubes": [
					{"origin": [0.499, 0, -1.5], "size": [3, 9, 3], "uv": [32, 8]}
				]
			},
			{
				"name": "bone",
				"parent": "legLeft",
				"pivot": [6, 0, 0],
				"cubes": [
					{"origin": [0.399, -0.1, -1.6], "size": [3.2, 2.2, 3.2], "uv": [40, 0], "mirror": true}
				]
			},
			{
				"name": "legRight",
				"pivot": [-2, 9, 0],
				"cubes": [
					{"origin": [-3.499, 0, -1.5], "size": [3, 9, 3], "uv": [0, 32]}
				]
			},
			{
				"name": "bone79",
				"parent": "legRight",
				"pivot": [-5, 0, 0],
				"cubes": [
					{"origin": [-3.599, -0.1, -1.6], "size": [3.2, 2.2, 3.2], "uv": [40, 0]}
				]
			},
			{
				"name": "armLeft",
				"pivot": [3.1, 17.5, 0],
				"rotation": [0, 0, -25]
			},
			{
				"name": "bone2",
				"parent": "armLeft",
				"pivot": [0.1, 0, 0],
				"cubes": [
					{"origin": [2.2, 8.5, -1], "size": [2, 8, 2], "uv": [20, 39], "mirror": true}
				]
			},
			{
				"name": "bone4",
				"parent": "armLeft",
				"pivot": [0.1, 0, 0]
			},
			{
				"name": "bone5",
				"parent": "bone4",
				"pivot": [0.1, 0, 0]
			},
			{
				"name": "bone8",
				"parent": "bone5",
				"pivot": [3.1, 12.75, -1.45],
				"rotation": [0, 0, 11],
				"cubes": [
					{"origin": [2, 8.7, -1.5], "size": [2, 5.4, 0], "uv": [56, 53], "mirror": true}
				]
			},
			{
				"name": "bone9",
				"parent": "armLeft",
				"pivot": [0.1, 0, 0]
			},
			{
				"name": "bone19",
				"parent": "bone9",
				"pivot": [0.1, 0, 0]
			},
			{
				"name": "bone20",
				"parent": "bone19",
				"pivot": [3.4, 12.55, -1.45],
				"rotation": [0, 0, -11],
				"cubes": [
					{"origin": [2.4, 8.7, -1.5], "size": [2, 5, 0], "uv": [52, 57], "mirror": true}
				]
			},
			{
				"name": "bone21",
				"parent": "armLeft",
				"pivot": [0.1, 0, 0]
			},
			{
				"name": "bone22",
				"parent": "bone21",
				"pivot": [0.1, 0, 0]
			},
			{
				"name": "bone23",
				"parent": "bone22",
				"pivot": [0.1, 0, 2.9]
			},
			{
				"name": "bone24",
				"parent": "bone23",
				"pivot": [3.1, 12.75, 1.45],
				"rotation": [0, 0, 11],
				"cubes": [
					{"origin": [2, 8.7, 1.5], "size": [2, 5.6, 0], "uv": [56, 48], "mirror": true}
				]
			},
			{
				"name": "bone25",
				"parent": "armLeft",
				"pivot": [0.1, 0, 0]
			},
			{
				"name": "bone26",
				"parent": "bone25",
				"pivot": [0.1, 0, 0]
			},
			{
				"name": "bone27",
				"parent": "bone26",
				"pivot": [0.1, 0, 2.9]
			},
			{
				"name": "bone28",
				"parent": "bone27",
				"pivot": [3.4, 12.55, 1.45],
				"rotation": [0, 0, -11],
				"cubes": [
					{"origin": [2.4, 8.7, 1.5], "size": [2, 5.2, 0], "uv": [56, 43], "mirror": true}
				]
			},
			{
				"name": "bone29",
				"parent": "armLeft",
				"pivot": [4.5, 12.4, 0],
				"rotation": [0, 0, -11],
				"cubes": [
					{"origin": [4.5, 8.9, -1.5], "size": [0, 5.1, 3], "uv": [38, 38], "mirror": true}
				]
			},
			{
				"name": "bone30",
				"parent": "armLeft",
				"pivot": [4.5, 12.4, 0],
				"rotation": [0, 0, -11]
			},
			{
				"name": "bone31",
				"parent": "bone30",
				"pivot": [2.08388, 13.19032, 0],
				"rotation": [0, 0, 21],
				"cubes": [
					{"origin": [2.00755, 9.53091, -1.5], "size": [0, 5.2, 3], "uv": [20, 29], "mirror": true}
				]
			},
			{
				"name": "bone32",
				"parent": "armLeft",
				"pivot": [4, 16.75, 0],
				"rotation": [0, 0, -15]
			},
			{
				"name": "bone33",
				"parent": "bone32",
				"pivot": [3.4, 14.7, 0],
				"rotation": [0, 0, 10],
				"cubes": [
					{"origin": [1.7628, 14.69836, -1.5], "size": [2.2, 2.4, 3], "uv": [28, 41], "mirror": true}
				]
			},
			{
				"name": "bone34",
				"parent": "armLeft",
				"pivot": [4, 16.75, 0],
				"rotation": [0, 0, -15]
			},
			{
				"name": "bone35",
				"parent": "bone34",
				"pivot": [3.4, 14.7, 0],
				"rotation": [0, 0, 10]
			},
			{
				"name": "bone36",
				"parent": "bone35",
				"pivot": [3.5628, 16.79836, 0],
				"rotation": [0, 0, -49],
				"cubes": [
					{"origin": [1.7628, 16.79836, -1.5], "size": [2.2, 2.4, 3], "uv": [41, 17], "mirror": true}
				]
			},
			{
				"name": "bone37",
				"parent": "armLeft",
				"pivot": [4, 16.75, 0],
				"rotation": [0, 0, -15]
			},
			{
				"name": "bone38",
				"parent": "bone37",
				"pivot": [4.1, 15, 0],
				"rotation": [0, 0, 25],
				"cubes": [
					{"origin": [1.9, 13.1, -1.5], "size": [2.1, 1.5, 3], "uv": [0, 21], "mirror": true}
				]
			},
			{
				"name": "bone273",
				"parent": "armLeft",
				"pivot": [3.9, 9.8, -0.7],
				"rotation": [0, 0, -3],
				"cubes": [
					{"origin": [2.9, 9.8, -1.7], "size": [0.7, 0.7, 0.3], "uv": [48, 4], "mirror": true}
				]
			},
			{
				"name": "bone274",
				"parent": "armLeft",
				"pivot": [3.9, 9.8, -0.7],
				"rotation": [0, 0, -3],
				"cubes": [
					{"origin": [2.9, 10.8, -1.7], "size": [0.7, 0.7, 0.3], "uv": [48, 4], "mirror": true}
				]
			},
			{
				"name": "bone275",
				"parent": "armLeft",
				"pivot": [3.9, 9.8, -0.7],
				"rotation": [0, 0, -3],
				"cubes": [
					{"origin": [2.9, 11.8, -1.7], "size": [0.7, 0.7, 0.3], "uv": [48, 4], "mirror": true}
				]
			},
			{
				"name": "armRight",
				"pivot": [-3.1, 17.5, 0],
				"rotation": [0, 0, 25]
			},
			{
				"name": "bone3",
				"parent": "armRight",
				"pivot": [-4, 16.75, 0],
				"rotation": [0, 0, 15]
			},
			{
				"name": "bone6",
				"parent": "bone3",
				"pivot": [-3.4, 14.7, 0],
				"rotation": [0, 0, -10]
			},
			{
				"name": "bone7",
				"parent": "bone6",
				"pivot": [-3.5628, 16.79836, 0],
				"rotation": [0, 0, 49],
				"cubes": [
					{"origin": [-3.9628, 16.79836, -1.5], "size": [2.2, 2.4, 3], "uv": [41, 17]}
				]
			},
			{
				"name": "bone10",
				"parent": "armRight",
				"pivot": [-0.1, 0, 0],
				"cubes": [
					{"origin": [-4.2, 8.5, -1], "size": [2, 8, 2], "uv": [20, 39]}
				]
			},
			{
				"name": "bone11",
				"parent": "armRight",
				"pivot": [-0.1, 0, 0]
			},
			{
				"name": "bone12",
				"parent": "bone11",
				"pivot": [-0.1, 0, 0]
			},
			{
				"name": "bone13",
				"parent": "bone12",
				"pivot": [-3.1, 12.75, -1.45],
				"rotation": [0, 0, -11],
				"cubes": [
					{"origin": [-4, 8.7, -1.5], "size": [2, 5.4, 0], "uv": [56, 53]}
				]
			},
			{
				"name": "bone14",
				"parent": "armRight",
				"pivot": [-0.1, 0, 0]
			},
			{
				"name": "bone15",
				"parent": "bone14",
				"pivot": [-0.1, 0, 0]
			},
			{
				"name": "bone16",
				"parent": "bone15",
				"pivot": [-3.4, 12.55, -1.45],
				"rotation": [0, 0, 11],
				"cubes": [
					{"origin": [-4.4, 8.7, -1.5], "size": [2, 5, 0], "uv": [52, 57]}
				]
			},
			{
				"name": "bone17",
				"parent": "armRight",
				"pivot": [-0.1, 0, 0]
			},
			{
				"name": "bone18",
				"parent": "bone17",
				"pivot": [-0.1, 0, 0]
			},
			{
				"name": "bone195",
				"parent": "bone18",
				"pivot": [-0.1, 0, 2.9]
			},
			{
				"name": "bone299",
				"parent": "bone195",
				"pivot": [-3.1, 12.75, 1.45],
				"rotation": [0, 0, -11],
				"cubes": [
					{"origin": [-4, 8.7, 1.5], "size": [2, 5.6, 0], "uv": [56, 48]}
				]
			},
			{
				"name": "bone305",
				"parent": "armRight",
				"pivot": [-0.1, 0, 0]
			},
			{
				"name": "bone309",
				"parent": "bone305",
				"pivot": [-0.1, 0, 0]
			},
			{
				"name": "bone310",
				"parent": "bone309",
				"pivot": [-0.1, 0, 2.9]
			},
			{
				"name": "bone311",
				"parent": "bone310",
				"pivot": [-3.4, 12.55, 1.45],
				"rotation": [0, 0, 11],
				"cubes": [
					{"origin": [-4.4, 8.7, 1.5], "size": [2, 5.2, 0], "uv": [56, 43]}
				]
			},
			{
				"name": "bone312",
				"parent": "armRight",
				"pivot": [-4.5, 12.4, 0],
				"rotation": [0, 0, 11],
				"cubes": [
					{"origin": [-4.5, 8.9, -1.5], "size": [0, 5.1, 3], "uv": [38, 38]}
				]
			},
			{
				"name": "bone313",
				"parent": "armRight",
				"pivot": [-4.5, 12.4, 0],
				"rotation": [0, 0, 11]
			},
			{
				"name": "bone314",
				"parent": "bone313",
				"pivot": [-2.08388, 13.19032, 0],
				"rotation": [0, 0, -21],
				"cubes": [
					{"origin": [-2.00755, 9.53091, -1.5], "size": [0, 5.2, 3], "uv": [20, 29]}
				]
			},
			{
				"name": "bone315",
				"parent": "armRight",
				"pivot": [-4, 16.75, 0],
				"rotation": [0, 0, 15]
			},
			{
				"name": "bone316",
				"parent": "bone315",
				"pivot": [-3.4, 14.7, 0],
				"rotation": [0, 0, -10],
				"cubes": [
					{"origin": [-3.8628, 14.69836, -1.5], "size": [2.2, 2.4, 3], "uv": [28, 41]}
				]
			},
			{
				"name": "bone317",
				"parent": "armRight",
				"pivot": [-4, 16.75, 0],
				"rotation": [0, 0, 15]
			},
			{
				"name": "bone318",
				"parent": "bone317",
				"pivot": [-4.1, 15, 0],
				"rotation": [0, 0, -25],
				"cubes": [
					{"origin": [-4, 13.2, -1.5], "size": [2.1, 1.4, 3], "uv": [0, 21]}
				]
			},
			{
				"name": "bone272",
				"parent": "armRight",
				"pivot": [-3.9, 9.8, -0.7],
				"rotation": [0, 0, 3],
				"cubes": [
					{"origin": [-3.6, 9.8, -1.7], "size": [0.7, 0.7, 0.3], "uv": [48, 4]},
					{"origin": [-3.6, 10.8, -1.7], "size": [0.7, 0.7, 0.3], "uv": [48, 4]},
					{"origin": [-3.6, 11.8, -1.7], "size": [0.7, 0.7, 0.3], "uv": [48, 4]}
				]
			}
		]
	}
}