{
    // 默认的模型，在包目录下的 models 文件夹中寻找，不可为空
    "model": "oldgun:gun/mg34_geo",
    // 默认材质，不可为空
    "texture": "oldgun:gun/uv/mg34",
    // GUI/HUD 界面的 2D 材质，在包目录下的 textures 文件夹中寻找，可为空，若为空，则对应位置不会渲染
    "hud": "oldgun:gun/hud/mg34",
    // 背包/快捷栏等容器中槽位显示的 2D 材质，在包目录下的 textures 文件夹中寻找，不建议为空
    "slot": "oldgun:gun/slot/mg34",
    // 调用的动画名，会在包目录下的 animations 文件夹中寻找，不建议为空
    "animation": "oldgun:mg34",
    // 指定使用缺省动画，可为空。如果上文指定的动画文件里缺少某个动画，如 draw 动画，则会从缺省动画拷贝。
    // 值可为 rifle、pistol
    "use_default_animation": "rifle",
    // 第三人称动画，硬编码，只能选择已有类型，默认只有 default
    "third_person_animation": "default",
    // 调整各个视角下模型的变换参数，可为空
    "transform": {
        // 暂时只有缩放需要在这里指定，旋转和位移使用模型内定位组。
        // 可以为空，若为空，则不缩放模型。
        "scale": {
            // 第三人称手部
            "thirdperson": [0.7, 0.7, 0.7],
            // 地面实体
            "ground": [0.7, 0.7, 0.7],
            // 展示框
            "fixed": [1.4, 1.4, 1.4]
        }
    },
    "muzzle_flash": {
      "texture": "tacz:flash/common_muzzle_flash",
      "scale": 1
    },
    // 抛壳的渲染数据，可为空，若为空，则枪械不抛壳
    "shell": {
        // 抛壳的初速度
        "initial_velocity": [8.0, 5.0, -0.5],
        // 抛壳随机变化的运动速度
        "random_velocity": [2.5, 1.5, 0.25],
        // 抛壳的加速度
        "acceleration": [0.0, -20, 0.0],
        // 抛壳的三轴角速度
        "angular_velocity": [720, 720, 90],
        // 抛壳渲染存活时间，单位为秒
        "living_time": 1.0
    },
    // 枪械音效，在包目录下 sounds 文件夹内寻找，不建议为空
    "sounds": {
        "shoot": "oldgun:mg34/mg34_shoot",
        "silence": "oldgun:mg34/mg34_shoot",
        "reload_empty": "oldgun:mg34/mg34_reload",
        "reload_tactical": "oldgun:mg34/mg34_reload",
        "inspect": "oldgun:mg34/mg34_inspect",
        "inspect_empty": "oldgun:mg34/mg34_inspect_empty",
        "draw": "oldgun:mg34/mg34_draw",
        "put_away": "tacz:m4a1/m4a1_put_away",
        "silence_3p": "oldgun:mg34/mg34_shoot"
    }
}