{
    // 使用我们放入的模型文件：models/gun/ak47_geo.json。注意，不需要包含文件后缀，也不要包含开头的 "models/"。
  "model": "oldgun:gun/p38_geo",
    // 使用我们放入的模型贴图：textures/gun/uv/ak47.png。注意，不需要包含文件后缀，也不要包含开头的 "textures/"。
  "texture": "oldgun:gun/uv/p38",
    // 使用我们放入的背包 2D 贴图：textures/gun/slot/ak47.png。注意，不需要包含文件后缀，也不要包含开头的 "textures/"。
  "slot": "oldgun:gun/slot/p38",
  "hud": "oldgun:gun/hud/p38",
  "animation": "oldgun:p38",
  "use_default_animation": "pistol",
  "player_animator_3rd": "tacz:pistol_default.player_animation",
  "transform": {
    "scale": {
      "thirdperson": [0.8, 0.8, 0.8],
      "ground": [0.8, 0.8, 0.8],
      "fixed": [1.3, 1.3, 1.3]
    }
  },
  "shell": {
    "initial_velocity": [8.0, 5.0, -0.5],
    "random_velocity": [2.5, 1.5, 0.25],
    "acceleration": [0.0, -20, 0.0],
    "angular_velocity": [360, -720, 90],
    "living_time": 1.0
  },
  "muzzle_flash": {
    "texture": "tacz:flash/common_muzzle_flash",
    "scale": 0.4
  },
  "sounds": {
    "reload_empty": "tacz:glock_17/glock17_reload_empty",
    "reload_tactical": "tacz:glock_17/glock17_reload_tactical",
    "inspect": "tacz:glock_17/glock17_inspect",
    "inspect_empty": "tacz:glock_17/glock17_inspect_empty",
    "draw": "tacz:glock_17/glock17_draw",
    "shoot": "tacz:glock_17/glock17_shoot",
    "shoot_3p": "tacz:glock_17/glock17_shoot_3p",
    "silence": "tacz:glock_17/glock17_silence",
    "silence_3p": "tacz:glock_17/glock17_silence_3p"
  },
  "offhand_show": {
    "pos": [4, 13, -1],
    "rotate": [-90, -35, 90],
    "scale": [0.5, 0.5, 0.5]
  },
  "hotbar_show": {
    "0": {
      "pos": [-5, 13, -1],
      "rotate": [-90, -35, 90],
      "scale": [0.5, 0.5, 0.5]
    }
  }
}
