{
	"format_version": "1.12.0",
	"minecraft:geometry": [
		{
			"description": {
				"identifier": "geometry.unknown",
				"texture_width": 256,
				"texture_height": 256,
				"visible_bounds_width": 3,
				"visible_bounds_height": 3.5,
				"visible_bounds_offset": [0, 1.25, 0]
			},
			"bones": [
				{
					"name": "Root",
					"pivot": [0, 0, 0]
				},
				{
					"name": "AllBody",
					"parent": "Root",
					"pivot": [0, 7, 0]
				},
				{
					"name": "UpBody",
					"parent": "AllBody",
					"pivot": [0, 7, 0]
				},
				{
					"name": "UpperBody",
					"parent": "UpBody",
					"pivot": [0, 7, 0],
					"cubes": [
						{"origin": [-3, 4, -2], "size": [6, 6, 4], "uv": [142, 16]}
					]
				},
				{
					"name": "AllHead",
					"parent": "UpperBody",
					"pivot": [0, 7, 0]
				},
				{
					"name": "Head",
					"parent": "AllHead",
					"pivot": [0, 10, -0.5],
					"cubes": [
						{"origin": [-3.5, 10, -3], "size": [7, 7, 6], "uv": [146, 128]},
						{"origin": [-1.5, 11, -4], "size": [3, 2, 1], "uv": [129, 134]},
						{"origin": [-3.5, 11, -3.95], "size": [2, 2, 1], "uv": [128, 253]},
						{"origin": [-3.5, 10, -4], "size": [7, 1, 1], "uv": [129, 138]},
						{"origin": [-3.5, 11, -4], "size": [0.1, 2, 1], "uv": [138, 134]},
						{"origin": [3.4, 11, -4], "size": [0.1, 2, 1], "uv": [138, 134]},
						{"origin": [-3.5, 13, -4], "size": [7, 4, 1], "uv": [129, 128]}
					]
				},
				{
					"name": "RD",
					"parent": "Head",
					"pivot": [-3.5, 13, -2],
					"rotation": [0, 32.5, -10],
					"cubes": [
						{"origin": [-5.5, 11, -2], "size": [2, 1, 1], "uv": [142, 143], "mirror": true},
						{"origin": [-6.5, 11, -1.998], "size": [1, 1, 1], "uv": [148, 144], "mirror": true},
						{"origin": [-6.5, 12, -2], "size": [3, 1, 1], "uv": [142, 146], "mirror": true}
					]
				},
				{
					"name": "RD2",
					"parent": "Head",
					"pivot": [3.5, 13, -2],
					"rotation": [0, -32.5, 10],
					"cubes": [
						{"origin": [3.5, 11, -2], "size": [2, 1, 1], "uv": [142, 143]},
						{"origin": [5.5, 11, -1.998], "size": [1, 1, 1], "uv": [148, 144]},
						{"origin": [3.5, 12, -2], "size": [3, 1, 1], "uv": [142, 146]}
					]
				},
				{
					"name": "tf",
					"parent": "Head",
					"pivot": [0, 10, 0],
					"cubes": [
						{"origin": [-4.5, 13.1, -1], "size": [1, 6, 1], "uv": [153, 151], "mirror": true},
						{"origin": [-4.5, 8.8, -4], "size": [2, 4, 2], "pivot": [-4.5, 12.8, -2], "rotation": [-2.5, 0, -2], "uv": [144, 151], "mirror": true},
						{"origin": [-4.5, 11.8, -4], "size": [1, 7, 3], "uv": [129, 150], "mirror": true},
						{"origin": [-3.5, 18.6, -2.9], "size": [7, 1, 7], "uv": [128, 199]},
						{"origin": [-4, 18.3, -2.9], "size": [8, 1, 7], "uv": [128, 209]},
						{"origin": [-3.5, 18.3, -3.9], "size": [7, 1, 8.8], "uv": [128, 177]},
						{"origin": [-3.5, 17.3, -4.1], "size": [7, 1, 8], "uv": [128, 188]},
						{"origin": [-4.5, 10.1, 0], "size": [9, 9, 5], "uv": [129, 162]},
						{"origin": [-4.5, 9.1, 3], "size": [9, 6, 2], "inflate": 0.1, "uv": [160, 210]},
						{"origin": [-2, 15, 6], "size": [4, 3, 1], "pivot": [0, 17, 5], "rotation": [7.5, 0, 0], "uv": [207, 17]},
						{"origin": [-2, 14, 4], "size": [4, 1, 2], "pivot": [0, 17, 5], "rotation": [7.5, 0, 0], "uv": [206, 23]},
						{"origin": [-2, 18, 4], "size": [4, 1, 2], "pivot": [0, 17, 5], "rotation": [7.5, 0, 0], "uv": [206, 27]},
						{"origin": [2, 15, 4], "size": [1, 3, 2], "pivot": [0, 17, 5], "rotation": [7.5, 0, 0], "uv": [219, 18]},
						{"origin": [-3, 15, 4], "size": [1, 3, 2], "pivot": [0, 17, 5], "rotation": [7.5, 0, 0], "uv": [219, 25], "mirror": true}
					]
				},
				{
					"name": "tfqb",
					"parent": "tf",
					"pivot": [-4.5, 15.8, -2],
					"rotation": [2.5, 0, 2.5],
					"cubes": [
						{"origin": [-4.5, 10.8, -4], "size": [1, 5, 2], "uv": [168, 151], "mirror": true}
					]
				},
				{
					"name": "tfqb2",
					"parent": "tfqb",
					"pivot": [-4.5, 10.8, -2],
					"rotation": [-7.5, -5, -15],
					"cubes": [
						{"origin": [-4.5, 8.8, -4], "size": [1, 2, 2], "pivot": [-4.5, 10.8, -2], "rotation": [0, 0, 5], "uv": [175, 151], "mirror": true},
						{"origin": [-3.5, 7.8, -4], "size": [1, 3, 2], "pivot": [-4.5, 10.8, -2], "rotation": [-5, 0, 10], "uv": [181, 151], "mirror": true}
					]
				},
				{
					"name": "tfqb3",
					"parent": "tf",
					"pivot": [4.5, 15.8, -2],
					"rotation": [2.5, 0, -2.5],
					"cubes": [
						{"origin": [3.5, 10.8, -4], "size": [1, 5, 2], "uv": [168, 151]}
					]
				},
				{
					"name": "tfqb4",
					"parent": "tfqb3",
					"pivot": [4.5, 10.8, -2],
					"rotation": [-7.5, 5, 15],
					"cubes": [
						{"origin": [3.5, 8.8, -4], "size": [1, 2, 2], "pivot": [4.5, 10.8, -2], "rotation": [0, 0, -5], "uv": [175, 151]},
						{"origin": [2.5, 7.8, -4], "size": [1, 3, 2], "pivot": [4.5, 10.8, -2], "rotation": [-5, 0, -10], "uv": [181, 151]}
					]
				},
				{
					"name": "tfq",
					"parent": "tf",
					"pivot": [0, 16.7, -4.2],
					"cubes": [
						{"origin": [1.8, 12.4, -4.2], "size": [2, 6, 1], "pivot": [3.8, 18.4, -4.2], "rotation": [0, 2.5, 0], "uv": [221, 129]}
					]
				},
				{
					"name": "bone21",
					"parent": "tfq",
					"pivot": [-3.8, 18.4, -4.2],
					"rotation": [-2.5, 0, 2.5],
					"cubes": [
						{"origin": [-3.8, 13.4, -4.2], "size": [3, 5, 1], "uv": [220, 137], "mirror": true}
					]
				},
				{
					"name": "bone22",
					"parent": "bone21",
					"pivot": [-3.8, 15.4, -3.2],
					"rotation": [-2.5, 0, 0],
					"cubes": [
						{"origin": [-3.8, 13.4, -4.2], "size": [2, 2, 1], "uv": [221, 144], "mirror": true}
					]
				},
				{
					"name": "bone23",
					"parent": "bone22",
					"pivot": [-2.8, 13.4, -3.2],
					"rotation": [-12.5, 0, 7.5],
					"cubes": [
						{"origin": [-3.8, 11.4, -4.2], "size": [1, 1, 1], "pivot": [-3.8, 12.4, -3.2], "rotation": [-2.5, 0, 0], "uv": [221, 148], "mirror": true},
						{"origin": [-3.8, 12.4, -4.2], "size": [1, 1, 1], "uv": [226, 148], "mirror": true}
					]
				},
				{
					"name": "bone24",
					"parent": "tfq",
					"pivot": [3.8, 18.4, -4.2],
					"rotation": [-2.5, 0, -2.5],
					"cubes": [
						{"origin": [0.8, 13.4, -4.2], "size": [3, 5, 1], "uv": [220, 137]}
					]
				},
				{
					"name": "bone25",
					"parent": "bone24",
					"pivot": [3.8, 15.4, -3.2],
					"rotation": [-2.5, 0, -2.5],
					"cubes": [
						{"origin": [1.8, 13.4, -4.2], "size": [2, 2, 1], "uv": [221, 144]}
					]
				},
				{
					"name": "bone28",
					"parent": "bone25",
					"pivot": [2.8, 13.4, -3.2],
					"rotation": [-10, 0, -2.5],
					"cubes": [
						{"origin": [2.8, 11.4, -4.2], "size": [1, 1, 1], "pivot": [3.8, 12.4, -3.2], "rotation": [-2.5, 0, 0], "uv": [221, 148]},
						{"origin": [2.8, 12.4, -4.2], "size": [1, 1, 1], "uv": [226, 148]}
					]
				},
				{
					"name": "bone29",
					"parent": "tfq",
					"pivot": [0, 18.7, -4.2],
					"rotation": [-5, 0, -2.5],
					"cubes": [
						{"origin": [-2.5, 10.7, -4.2], "size": [5, 7, 1], "uv": [228, 129]}
					]
				},
				{
					"name": "tqq",
					"parent": "tf",
					"pivot": [1, 12.1, 2.5],
					"cubes": [
						{"origin": [3.5, 11.8, -4], "size": [1, 7, 3], "uv": [129, 150]},
						{"origin": [2.5, 8.8, -4], "size": [2, 4, 2], "pivot": [4.5, 12.8, -2], "rotation": [-2.5, 0, 2], "uv": [144, 151]},
						{"origin": [3.5, 13.1, -1], "size": [1, 6, 1], "uv": [153, 151]}
					]
				},
				{
					"name": "tfq2",
					"parent": "tqq",
					"pivot": [4.5, 17.2, -4],
					"rotation": [-2.5, 0, -7.5],
					"cubes": [
						{"origin": [2.5, 12.2, -4], "size": [2, 5, 2], "uv": [158, 150]}
					]
				},
				{
					"name": "tfq3",
					"parent": "tqq",
					"pivot": [-4.5, 17.2, -4],
					"rotation": [-2.5, 0, 7.5],
					"cubes": [
						{"origin": [-4.5, 11.2, -4], "size": [2, 6, 2], "uv": [158, 150], "mirror": true}
					]
				},
				{
					"name": "mz",
					"parent": "Head",
					"pivot": [1, 19, 2.1],
					"rotation": [10, 0, 15],
					"cubes": [
						{"origin": [-3, 20, -4.4], "size": [8, 2, 9], "uv": [129, 103]},
						{"origin": [-3.5, 18, -4.9], "size": [9, 2, 10], "inflate": 0.1, "uv": [128, 116]}
					]
				},
				{
					"name": "mz2",
					"parent": "mz",
					"pivot": [0.5, 23, 0.1],
					"rotation": [22.5, 0, 0],
					"cubes": [
						{"origin": [-2, 21, -4.9], "size": [6, 4, 7], "uv": [129, 90]}
					]
				},
				{
					"name": "mz3",
					"parent": "mz2",
					"pivot": [0.5, 25, 0.1],
					"rotation": [17.5, 0, 0],
					"cubes": [
						{"origin": [-1, 24.5, -4.9], "size": [4, 3, 5], "pivot": [1.1756, 27.72094, -3.70283], "rotation": [5.75, 0, 0], "uv": [128, 80]},
						{"origin": [0, 25.46404, -4.73054], "size": [2, 4.1, 3], "pivot": [1.1756, 27.72094, -3.70283], "rotation": [42.75, 0, 0], "uv": [158, 91]},
						{"origin": [0.5, 28.07198, -3.5108], "size": [1, 3, 2], "pivot": [1.1756, 27.72094, -3.70283], "rotation": [90.25, 0, 0], "uv": [150, 84]},
						{"origin": [0.025, 27.92116, -8.65903], "size": [2, 2, 2], "pivot": [1, 28.89616, -7.55903], "rotation": [112.75, 0, 0], "uv": [149, 91]}
					]
				},
				{
					"name": "YJ",
					"parent": "Head",
					"pivot": [-2.4, 10.2, -4]
				},
				{
					"name": "B",
					"parent": "YJ",
					"pivot": [-2, 11, -3.7],
					"cubes": [
						{"origin": [-3.5, 11, -3.95], "size": [2, 2, 1], "uv": [128, 253]}
					]
				},
				{
					"name": "Y",
					"parent": "YJ",
					"pivot": [-2.45, 11, -3.7],
					"cubes": [
						{"origin": [-2.9, 11, -3.975], "size": [1.3, 2, 1], "uv": [132, 248]}
					]
				},
				{
					"name": "lj2",
					"parent": "YJ",
					"pivot": [-2.5, 10, -4],
					"cubes": [
						{"origin": [-3.5, 10, -3.995], "size": [2, 1, 1], "uv": [186, 136]}
					]
				},
				{
					"name": "lj",
					"parent": "YJ",
					"pivot": [-2.5, 14, -4.275],
					"cubes": [
						{"origin": [-3.5, 13, -3.995], "size": [2, 1, 1], "uv": [186, 139]}
					]
				},
				{
					"name": "YJ2",
					"parent": "Head",
					"pivot": [2.4, 10.2, -4]
				},
				{
					"name": "B2",
					"parent": "YJ2",
					"pivot": [2, 11, -3.7],
					"cubes": [
						{"origin": [1.5, 11, -3.95], "size": [2, 2, 1], "uv": [128, 253], "mirror": true}
					]
				},
				{
					"name": "Y2",
					"parent": "YJ2",
					"pivot": [2.45, 11, -3.7],
					"cubes": [
						{"origin": [1.6, 11, -3.975], "size": [1.3, 2, 1], "uv": [132, 248], "mirror": true}
					]
				},
				{
					"name": "lj3",
					"parent": "YJ2",
					"pivot": [2.5, 10, -3.975],
					"cubes": [
						{"origin": [1.5, 10, -3.995], "size": [2, 1, 1], "uv": [212, 136], "mirror": true}
					]
				},
				{
					"name": "lj4",
					"parent": "YJ2",
					"pivot": [2.5, 14, -4.275],
					"cubes": [
						{"origin": [1.5, 13, -3.995], "size": [2, 1, 1], "uv": [212, 139], "mirror": true}
					]
				},
				{
					"name": "MS2",
					"parent": "YJ2",
					"pivot": [1.8, 13, -4],
					"cubes": [
						{"origin": [1.3, 12.9, -4.21], "size": [2.2, 1, 1], "uv": [198, 128], "mirror": true}
					]
				},
				{
					"name": "msa2",
					"parent": "MS2",
					"pivot": [3.5, 12.9, -4],
					"cubes": [
						{"origin": [3.3, 11.9, -4.21], "size": [1, 1, 1], "uv": [193, 129], "mirror": true}
					]
				},
				{
					"name": "MS",
					"parent": "YJ2",
					"pivot": [-1.8, 13, -4],
					"cubes": [
						{"origin": [-3.5, 12.9, -4.21], "size": [2.2, 1, 1], "uv": [172, 128]}
					]
				},
				{
					"name": "msa",
					"parent": "MS",
					"pivot": [-3.5, 12.9, -4],
					"cubes": [
						{"origin": [-4.3, 11.9, -4.21], "size": [1, 1, 1], "uv": [167, 129]}
					]
				},
				{
					"name": "ZuiBa",
					"parent": "Head",
					"pivot": [0, 11.05, -1.925]
				},
				{
					"name": "Zui4",
					"parent": "ZuiBa",
					"pivot": [0, 10.425, -3.025],
					"cubes": [
						{"origin": [-2.72207, 10.88495, -3.0255], "size": [0.925, 0.15, 0.05], "pivot": [-1.89662, -7.75781, -0.925], "rotation": [0, 0, 8.25], "uv": [251.4, 152]},
						{"origin": [1.79707, 10.88495, -3.0255], "size": [0.9, 0.15, 0.05], "pivot": [1.89662, -7.75781, -0.925], "rotation": [0, 0, -8.25], "uv": [251.4, 152]},
						{"origin": [-0.6, 10.1, -3.0252], "size": [1.2, 0.75, 0.05], "uv": [251.4, 152]},
						{"origin": [-17.78638, 19.18056, -3.025], "size": [0.675, 0.4, 0.05], "pivot": [-16.00507, 1.65794, -0.925], "rotation": [0, 0, 65], "uv": [251.4, 152]},
						{"origin": [17.11138, 19.18056, -3.025], "size": [0.675, 0.4, 0.05], "pivot": [16.00507, 1.65794, -0.925], "rotation": [0, 0, -65], "uv": [251.4, 152]}
					]
				},
				{
					"name": "Zui2",
					"parent": "ZuiBa",
					"pivot": [0, 10.425, -2.025],
					"cubes": [
						{"origin": [-0.175, 10.275, -2.0255], "size": [0.4, 0.15, 0.05], "pivot": [0.125, 10.35, -2.025], "rotation": [0, 0, -37.5], "uv": [252.4, 152]},
						{"origin": [-0.425, 10.575, -2.0255], "size": [0.4, 0.15, 0.05], "pivot": [0.15, 10.35, -2.025], "rotation": [0, 0, -37.5], "uv": [252.4, 152]},
						{"origin": [-0.175, 10.05, -2.025], "size": [0.35, 0.15, 0.05], "pivot": [0.125, 10.35, -2.025], "rotation": [0, 0, 50], "uv": [252.4, 152]},
						{"origin": [-0.9603, 10.29994, -2.0255], "size": [0.4, 0.15, 0.05], "pivot": [-0.7353, 10.42494, -1.975], "rotation": [0, 0, -42], "uv": [252.4, 152]},
						{"origin": [-0.65, 10.075, -2.025], "size": [0.4, 0.15, 0.05], "pivot": [-0.275, 10.35, -2.025], "rotation": [0, 0, 50], "uv": [252.4, 152]},
						{"origin": [0.5603, 10.29994, -2.0255], "size": [0.4, 0.15, 0.05], "pivot": [0.7353, 10.42494, -1.975], "rotation": [0, 0, 42], "uv": [252.4, 152], "mirror": true},
						{"origin": [0.25, 10.075, -2.025], "size": [0.4, 0.15, 0.05], "pivot": [0.275, 10.35, -2.025], "rotation": [0, 0, -50], "uv": [252.4, 152], "mirror": true},
						{"origin": [0.025, 10.575, -2.025], "size": [0.4, 0.15, 0.05], "pivot": [-0.15, 10.35, -2.025], "rotation": [0, 0, 37.5], "uv": [252.4, 152], "mirror": true}
					]
				},
				{
					"name": "Zui5",
					"parent": "ZuiBa",
					"pivot": [0, 10.5, -2.025],
					"cubes": [
						{"origin": [-0.0625, 10.33912, -2.0255], "size": [0.125, 0.125, 0.05], "uv": [252.4, 152]},
						{"origin": [-0.26136, 10.36747, -2.025], "size": [0.25, 0.125, 0.05], "pivot": [-0.08636, 10.44247, -2.025], "rotation": [0, 0, 32], "uv": [252.4, 152]},
						{"origin": [0.01136, 10.36747, -2.025], "size": [0.25, 0.125, 0.05], "pivot": [0.08636, 10.44247, -2.025], "rotation": [0, 0, -32], "uv": [252.4, 152], "mirror": true}
					]
				},
				{
					"name": "Zui3",
					"parent": "ZuiBa",
					"pivot": [0, 10.5, -2.025],
					"cubes": [
						{"origin": [-0.175, 10.775, -2.025], "size": [0.4, 0.35, 0.05], "pivot": [0.125, 11.05, -2.025], "rotation": [0, 0, -37.5], "uv": [252.4, 152]},
						{"origin": [-0.425, 10.9, -2.02525], "size": [0.4, 0.525, 0.05], "pivot": [0.15, 11.05, -2.025], "rotation": [0, 0, -37.5], "uv": [252.4, 152]},
						{"origin": [-0.175, 10.75, -2.025], "size": [0.35, 0.15, 0.05], "pivot": [0.125, 11.05, -2.025], "rotation": [0, 0, 50], "uv": [252.4, 152]},
						{"origin": [-0.9603, 10.77494, -2.02525], "size": [0.4, 0.375, 0.05], "pivot": [-0.7353, 11.12494, -1.975], "rotation": [0, 0, -42], "uv": [252.4, 152]},
						{"origin": [-1.6103, 10.19994, -2.0255], "size": [0.7, 1.075, 0.05], "pivot": [-0.7353, 11.12494, -1.975], "rotation": [0, 0, -77], "uv": [252.4, 152]},
						{"origin": [0.9103, 10.14994, -2.0255], "size": [0.7, 1.125, 0.05], "pivot": [0.7353, 11.12494, -1.975], "rotation": [0, 0, 77], "uv": [252.4, 152], "mirror": true},
						{"origin": [1.6103, 10.89994, -2.025], "size": [0.2, 0.375, 0.05], "pivot": [0.7353, 11.12494, -1.975], "rotation": [0, 0, 77], "uv": [252.4, 152], "mirror": true},
						{"origin": [1.6103, 10.52494, -2.025], "size": [0.1, 0.375, 0.05], "pivot": [0.7353, 11.12494, -1.975], "rotation": [0, 0, 77], "uv": [252.4, 152], "mirror": true},
						{"origin": [1.6103, 10.42494, -2.025], "size": [0.1, 0.175, 0.05], "pivot": [0.7353, 11.12494, -1.975], "rotation": [0, 0, 77], "uv": [252.4, 152], "mirror": true},
						{"origin": [-1.7103, 10.42494, -2.025], "size": [0.1, 0.175, 0.05], "pivot": [-0.7353, 11.12494, -1.975], "rotation": [0, 0, -77], "uv": [252.4, 152]},
						{"origin": [-1.7353, 10.57494, -2.025], "size": [0.125, 0.325, 0.05], "pivot": [-0.7353, 11.12494, -1.975], "rotation": [0, 0, -77], "uv": [252.4, 152]},
						{"origin": [-1.8103, 10.89994, -2.025], "size": [0.2, 0.375, 0.05], "pivot": [-0.7353, 11.12494, -1.975], "rotation": [0, 0, -77], "uv": [252.4, 152]},
						{"origin": [1.7353, 9.24994, -2.0252], "size": [0.1, 2.25, 0.05], "pivot": [0.7353, 11.12494, -1.975], "rotation": [0, 0, 89.5], "uv": [252.4, 152]},
						{"origin": [-0.65, 10.775, -2.025], "size": [0.4, 0.15, 0.05], "pivot": [-0.275, 11.05, -2.025], "rotation": [0, 0, 50], "uv": [252.4, 152]},
						{"origin": [0.5603, 10.79994, -2.02525], "size": [0.4, 0.35, 0.05], "pivot": [0.7353, 11.12494, -1.975], "rotation": [0, 0, 42], "uv": [252.4, 152], "mirror": true},
						{"origin": [0.25, 10.775, -2.025], "size": [0.4, 0.15, 0.05], "pivot": [0.275, 11.05, -2.025], "rotation": [0, 0, -50], "uv": [252.4, 152], "mirror": true},
						{"origin": [0.025, 11.05, -2.02525], "size": [0.4, 0.375, 0.05], "pivot": [-0.15, 11.05, -2.025], "rotation": [0, 0, 37.5], "uv": [252.4, 152], "mirror": true}
					]
				},
				{
					"name": "Zui6",
					"parent": "ZuiBa",
					"pivot": [0, 10.45, -2.025],
					"rotation": [0, 0, -180],
					"cubes": [
						{"origin": [-0.0625, 10.28912, -2.0255], "size": [0.125, 0.125, 0.05], "uv": [252.4, 152]},
						{"origin": [-0.26136, 10.31747, -2.025], "size": [0.25, 0.125, 0.05], "pivot": [-0.08636, 10.39247, -2.0251], "rotation": [0, 0, 32], "uv": [252.4, 152]},
						{"origin": [0.01136, 10.31747, -2.025], "size": [0.25, 0.125, 0.05], "pivot": [0.08636, 10.39247, -2.0251], "rotation": [0, 0, -32], "uv": [252.4, 152]}
					]
				},
				{
					"name": "Zui7",
					"parent": "ZuiBa",
					"pivot": [0, 10.45, -3.025],
					"cubes": [
						{"origin": [-0.06215, 10.02325, -3.025], "size": [0.125, 0.925, 0.05], "uv": [252.4, 152]},
						{"origin": [0.03785, 10.12325, -3.025], "size": [0.375, 0.825, 0.05], "uv": [252.4, 152]},
						{"origin": [0.36285, 10.19825, -3.025], "size": [0.175, 0.65, 0.05], "uv": [252.4, 152]},
						{"origin": [0.53785, 10.34825, -3.025], "size": [0.1, 0.5, 0.05], "uv": [252.4, 152]},
						{"origin": [0.63785, 10.57325, -3.025], "size": [0.125, 0.225, 0.05], "uv": [252.4, 152]},
						{"origin": [0.63785, 10.47325, -3.025], "size": [0.075, 0.175, 0.05], "uv": [252.4, 152]},
						{"origin": [-0.63785, 10.34825, -3.025], "size": [0.1, 0.5, 0.05], "uv": [252.4, 152], "mirror": true},
						{"origin": [-0.76285, 10.64825, -3.025], "size": [0.125, 0.175, 0.05], "uv": [252.4, 152], "mirror": true},
						{"origin": [-0.73785, 10.47325, -3.025], "size": [0.1, 0.175, 0.05], "uv": [252.4, 152], "mirror": true},
						{"origin": [-0.53785, 10.19825, -3.025], "size": [0.175, 0.65, 0.05], "uv": [252.4, 152], "mirror": true},
						{"origin": [-0.36285, 10.12325, -3.025], "size": [0.325, 0.825, 0.05], "uv": [252.4, 152], "mirror": true}
					]
				},
				{
					"name": "bone3",
					"parent": "Zui7",
					"pivot": [0, 11.05, -3.025],
					"rotation": [0, 0, 15],
					"cubes": [
						{"origin": [0, 10.95, -3.0251], "size": [0.5, 0.1, 0.05], "uv": [252.4, 152], "mirror": true}
					]
				},
				{
					"name": "bone10",
					"parent": "bone3",
					"pivot": [0.5, 10.95, -3.025],
					"rotation": [0, 0, -7.5],
					"cubes": [
						{"origin": [0.5, 10.95, -3.0251], "size": [0.4, 0.1, 0.05], "uv": [252.4, 152], "mirror": true}
					]
				},
				{
					"name": "bone26",
					"parent": "Zui7",
					"pivot": [0, 11.05, -3.025],
					"rotation": [0, 0, -15],
					"cubes": [
						{"origin": [-0.5, 10.95, -3.0251], "size": [0.5, 0.1, 0.05], "uv": [252.4, 152]}
					]
				},
				{
					"name": "bone27",
					"parent": "bone26",
					"pivot": [-0.5, 10.95, -3.025],
					"rotation": [0, 0, 7.5],
					"cubes": [
						{"origin": [-0.9, 10.95, -3.0251], "size": [0.4, 0.1, 0.05], "uv": [252.4, 152]}
					]
				},
				{
					"name": "bone15",
					"parent": "Zui7",
					"pivot": [0.85, 10.775, -3.025],
					"rotation": [0, 0, 20],
					"cubes": [
						{"origin": [0.75, 10.375, -3.0251], "size": [0.1, 0.4, 0.05], "uv": [252.4, 152], "mirror": true}
					]
				},
				{
					"name": "bone16",
					"parent": "bone15",
					"pivot": [0.85, 10.375, -3.025],
					"rotation": [0, 0, 20],
					"cubes": [
						{"origin": [0.75, 9.975, -3.0251], "size": [0.1, 0.4, 0.05], "uv": [252.4, 152], "mirror": true}
					]
				},
				{
					"name": "bone11",
					"parent": "bone16",
					"pivot": [0.85, 9.975, -3.025],
					"rotation": [0, 0, 40],
					"cubes": [
						{"origin": [0.75, 9.575, -3.0251], "size": [0.1, 0.4, 0.05], "uv": [252.4, 152], "mirror": true}
					]
				},
				{
					"name": "bone12",
					"parent": "Zui7",
					"pivot": [-0.85, 10.775, -3.025],
					"rotation": [0, 0, -20],
					"cubes": [
						{"origin": [-0.85, 10.375, -3.0251], "size": [0.1, 0.4, 0.05], "uv": [252.4, 152]}
					]
				},
				{
					"name": "bone13",
					"parent": "bone12",
					"pivot": [-0.85, 10.375, -3.025],
					"rotation": [0, 0, -20],
					"cubes": [
						{"origin": [-0.85, 9.975, -3.0251], "size": [0.1, 0.4, 0.05], "uv": [252.4, 152]}
					]
				},
				{
					"name": "bone14",
					"parent": "bone13",
					"pivot": [-0.85, 9.975, -3.025],
					"rotation": [0, 0, -40],
					"cubes": [
						{"origin": [-0.85, 9.575, -3.0251], "size": [0.125, 0.4, 0.05], "uv": [252.4, 152]}
					]
				},
				{
					"name": "Zui8",
					"parent": "ZuiBa",
					"pivot": [0, 10.45, -4.025],
					"cubes": [
						{"origin": [-0.06215, 10.02325, -4.025], "size": [0.125, 0.825, 0.05], "uv": [252.4, 152]},
						{"origin": [0.03785, 10.12325, -4.025], "size": [0.375, 0.725, 0.05], "uv": [252.4, 152]},
						{"origin": [0.36285, 10.19825, -4.025], "size": [0.175, 0.65, 0.05], "uv": [252.4, 152]},
						{"origin": [0.53785, 10.34825, -4.025], "size": [0.1, 0.5, 0.05], "uv": [252.4, 152]},
						{"origin": [0.63785, 10.57325, -4.025], "size": [0.125, 0.225, 0.05], "uv": [252.4, 152]},
						{"origin": [0.63785, 10.47325, -4.025], "size": [0.075, 0.175, 0.05], "uv": [252.4, 152]},
						{"origin": [-0.63785, 10.34825, -4.025], "size": [0.1, 0.5, 0.05], "uv": [252.4, 152], "mirror": true},
						{"origin": [-0.76285, 10.57325, -4.025], "size": [0.175, 0.375, 0.05], "pivot": [-0.70035, 10.76075, -4], "rotation": [0, 0, 4.75], "uv": [252.4, 152], "mirror": true},
						{"origin": [0.58785, 10.57325, -4.025], "size": [0.175, 0.375, 0.05], "pivot": [0.70035, 10.76075, -4], "rotation": [0, 0, -4.75], "uv": [252.4, 152]},
						{"origin": [-0.73785, 10.47325, -4.025], "size": [0.1, 0.175, 0.05], "uv": [252.4, 152], "mirror": true},
						{"origin": [-0.53785, 10.19825, -4.025], "size": [0.175, 0.65, 0.05], "uv": [252.4, 152], "mirror": true},
						{"origin": [-0.36285, 10.12325, -4.025], "size": [0.325, 0.725, 0.05], "uv": [252.4, 152], "mirror": true},
						{"origin": [-0.6875, 10.84825, -4.025], "size": [1.375, 0.1, 0.05], "uv": [252.4, 152]}
					]
				},
				{
					"name": "ZuiRight",
					"parent": "Zui8",
					"pivot": [-0.85, 10.775, -4.025],
					"rotation": [0, 0, -20],
					"cubes": [
						{"origin": [-0.85, 10.375, -4.0251], "size": [0.35, 0.2, 0.05], "uv": [252.4, 152]}
					]
				},
				{
					"name": "bone18",
					"parent": "ZuiRight",
					"pivot": [-0.85, 10.375, -4.025],
					"rotation": [0, 0, -20],
					"cubes": [
						{"origin": [-0.85, 9.975, -4.0251], "size": [0.1, 0.4, 0.05], "uv": [252.4, 152]}
					]
				},
				{
					"name": "bone19",
					"parent": "bone18",
					"pivot": [-0.85, 9.975, -4.025],
					"rotation": [0, 0, -40],
					"cubes": [
						{"origin": [-0.85, 9.575, -4.0251], "size": [0.125, 0.4, 0.05], "uv": [252.4, 152]}
					]
				},
				{
					"name": "ZuiLeft",
					"parent": "Zui8",
					"pivot": [0.85, 10.775, -4.025],
					"rotation": [0, 0, 20],
					"cubes": [
						{"origin": [0.5, 10.375, -4.0251], "size": [0.35, 0.2, 0.05], "uv": [252.4, 152], "mirror": true}
					]
				},
				{
					"name": "bone2",
					"parent": "ZuiLeft",
					"pivot": [0.85, 10.375, -4.025],
					"rotation": [0, 0, 20],
					"cubes": [
						{"origin": [0.75, 9.975, -4.0251], "size": [0.1, 0.4, 0.05], "uv": [252.4, 152], "mirror": true}
					]
				},
				{
					"name": "bone4",
					"parent": "bone2",
					"pivot": [0.85, 9.975, -4.025],
					"rotation": [0, 0, 40],
					"cubes": [
						{"origin": [0.725, 9.575, -4.0251], "size": [0.125, 0.4, 0.05], "uv": [252.4, 152], "mirror": true}
					]
				},
				{
					"name": "zb",
					"parent": "ZuiBa",
					"pivot": [0.425, 10.125, -1.025],
					"cubes": [
						{"origin": [0.425, 10.125, -1.002], "size": [0.25, 0.3, 0.05], "uv": [252.4, 156]},
						{"origin": [-0.675, 10.125, -1.002], "size": [0.25, 0.3, 0.05], "uv": [252.4, 156], "mirror": true},
						{"origin": [-0.425, 10.125, -1.002], "size": [0.85, 0.3, 0.05], "uv": [252.4, 160]}
					]
				},
				{
					"name": "st6",
					"parent": "zb",
					"pivot": [0, 10.3, -1]
				},
				{
					"name": "st7",
					"parent": "st6",
					"pivot": [0, 10.3, -1],
					"cubes": [
						{"origin": [-0.35, 10.2, -1.6], "size": [0.7, 0.1, 0.65], "uv": [253.4, 160]},
						{"origin": [0.35, 10.2, -1.6], "size": [0.1, 0.1, 0.65], "uv": [253.4, 160]},
						{"origin": [-0.45, 10.2, -1.6], "size": [0.1, 0.1, 0.65], "uv": [253.4, 160]}
					]
				},
				{
					"name": "st8",
					"parent": "st7",
					"pivot": [0, 10.3, -1.6],
					"cubes": [
						{"origin": [-0.35, 10.2, -2], "size": [0.7, 0.1, 0.45], "uv": [253.4, 160]},
						{"origin": [-0.15, 10.2, -2.1], "size": [0.3, 0.1, 0.15], "uv": [253.4, 160]},
						{"origin": [0.35, 10.2, -1.8], "size": [0.1, 0.1, 0.25], "uv": [253.4, 160]},
						{"origin": [-0.45, 10.2, -1.8], "size": [0.1, 0.1, 0.25], "uv": [253.4, 160]}
					]
				},
				{
					"name": "hdj",
					"parent": "Head",
					"pivot": [0, 13, 5.1],
					"rotation": [12.5, 0, 0],
					"cubes": [
						{"origin": [-1, 11.3, 4.1], "size": [2, 3, 2], "uv": [202, 109]},
						{"origin": [0, 7.5, 3.9], "size": [2, 5, 2], "pivot": [0, 12, 4.9], "rotation": [0, 0, -12.5], "uv": [162, 101]},
						{"origin": [-2, 7.5, 3.9], "size": [2, 5, 2], "pivot": [0, 12, 4.9], "rotation": [0, 0, 12.5], "uv": [171, 101], "mirror": true},
						{"origin": [-5.73226, 12.62039, 4], "size": [5, 2, 2.01], "pivot": [-0.73226, 13.12039, 5], "rotation": [0, 0, -10], "uv": [196, 98], "mirror": true},
						{"origin": [-5.7, 11.5, 4], "size": [5, 2, 2], "pivot": [-0.7, 13, 5], "rotation": [0, 0, -20], "uv": [196, 104], "mirror": true},
						{"origin": [0.73226, 12.62039, 4], "size": [5, 2, 2.01], "pivot": [0.73226, 13.12039, 5], "rotation": [0, 0, 10], "uv": [180, 98]},
						{"origin": [0.7, 11.5, 4], "size": [5, 2, 2], "pivot": [0.7, 13, 5], "rotation": [0, 0, 20], "uv": [180, 104]}
					]
				},
				{
					"name": "Arm",
					"parent": "UpperBody",
					"pivot": [0, 7, 0]
				},
				{
					"name": "RightArm",
					"parent": "Arm",
					"pivot": [-2.7, 9, 0],
					"rotation": [0, 0, 17.5],
					"cubes": [
						{"origin": [-4.7, 4, -1.5], "size": [2, 6, 3], "uv": [157, 49], "mirror": true},
						{"origin": [-4.7, 5, -1.5], "size": [2, 1, 3], "inflate": 0.1, "uv": [174, 17], "mirror": true}
					]
				},
				{
					"name": "RightHandLocator",
					"parent": "RightArm",
					"pivot": [-3.7, 5, 0]
				},
				{
					"name": "LeftArm",
					"parent": "Arm",
					"pivot": [2.6, 9, 0],
					"rotation": [0, 0, -17.5],
					"cubes": [
						{"origin": [2.6, 4, -1.5], "size": [2, 6, 3], "uv": [163, 17]},
						{"origin": [2.6, 5, -1.5], "size": [2, 1, 3], "inflate": 0.1, "uv": [174, 17]}
					]
				},
				{
					"name": "bone",
					"parent": "LeftArm",
					"pivot": [2.6, 9, 0]
				},
				{
					"name": "LeftHandLocator",
					"parent": "LeftArm",
					"pivot": [3.6, 5, 0]
				},
				{
					"name": "dz",
					"parent": "UpperBody",
					"pivot": [-6, 0, 0.6],
					"cubes": [
						{"origin": [-10, 1, -1], "size": [7, 2, 10], "uv": [167, 116]},
						{"origin": [-9, 0, -0.4], "size": [5, 1, 9], "uv": [202, 118]},
						{"origin": [-9, 4, 1.6], "size": [5, 1, 6], "uv": [234, 116]},
						{"origin": [-8.5, 5, 2], "size": [4, 1, 5], "uv": [238, 107]},
						{"origin": [-7.7, 3, -2], "size": [1, 2, 1], "pivot": [-6.2, 3.5, 1], "rotation": [-7.5, 0, -12.5], "uv": [238, 103]},
						{"origin": [-6.7, 3, -2], "size": [2, 2, 1], "pivot": [-6.2, 3.5, 1], "rotation": [-7.5, 0, -12.5], "uv": [234, 107]},
						{"origin": [-6.7, 2, -2], "size": [2, 1, 1], "pivot": [-6.2, 3.5, 1], "rotation": [-7.5, 0, -12.5], "uv": [230, 102]},
						{"origin": [-7.7, 2, -1], "size": [3, 3, 4], "pivot": [-6.2, 3.5, 1], "rotation": [-7.5, 0, -12.5], "uv": [242, 94]},
						{"origin": [-10, 0, 1.6], "size": [1, 1, 6], "uv": [192, 118]},
						{"origin": [-4, 0, 1.6], "size": [1, 1, 6], "uv": [160, 117]},
						{"origin": [-4, 3, 1.6], "size": [1, 1, 6], "uv": [223, 106]},
						{"origin": [-9, 3, -0.4], "size": [5, 1, 9], "uv": [202, 106]},
						{"origin": [-10, 3, 1.6], "size": [1, 1, 6], "uv": [222, 119]}
					]
				},
				{
					"name": "Tie",
					"parent": "UpperBody",
					"pivot": [0.3, 9.6, -2.1],
					"cubes": [
						{"origin": [0, 6.6, -2.1], "size": [2, 3, 1], "pivot": [0, 9.6, -2.1], "rotation": [-10, -2.5, -10], "uv": [194, 17], "mirror": true},
						{"origin": [-2, 6.6, -2.1], "size": [2, 3, 1], "pivot": [0, 9.6, -2.1], "rotation": [-10, 2.5, 10], "uv": [194, 17]},
						{"origin": [-0.7, 8.6, -2.1], "size": [1, 1, 1], "pivot": [0.3, 9.6, -2.1], "rotation": [-10, 0, 35], "uv": [201, 19]},
						{"origin": [-0.3, 8.6, -2.1], "size": [1, 1, 1], "pivot": [-0.3, 9.6, -2.1], "rotation": [-10, 0, -35], "uv": [201, 17], "mirror": true}
					]
				},
				{
					"name": "LeftWaistLocator",
					"parent": "UpBody",
					"pivot": [3.5, 6, 0],
					"rotation": [-15, 0, 0]
				},
				{
					"name": "RightWaistLocator",
					"parent": "UpBody",
					"pivot": [-3.5, 7, 0],
					"rotation": [-15, 0, 0]
				},
				{
					"name": "PistolLocator",
					"parent": "UpBody",
					"pivot": [-3.75, 5.25, -2],
					"rotation": [-17.5, 0, 0]
				},
				{
					"name": "RifleLocator",
					"parent": "UpBody",
					"pivot": [0, 8, 2],
					"rotation": [0, 0, 22.5]
				},
				{
					"name": "BackpackLocator",
					"parent": "UpBody",
					"pivot": [0, 9.25, 2]
				},
				{
					"name": "DownBody",
					"parent": "AllBody",
					"pivot": [0, 7, 0]
				},
				{
					"name": "Skirt",
					"parent": "DownBody",
					"pivot": [0, 7, 0.5],
					"cubes": [
						{"origin": [-3.5, 3, -2.5], "size": [7, 4, 5], "uv": [194, 5]}
					]
				},
				{
					"name": "qz2",
					"parent": "Skirt",
					"pivot": [0, 4.7, 0],
					"cubes": [
						{"origin": [-4.5, 1.7, -3], "size": [9, 3, 6], "uv": [220, 5]}
					]
				},
				{
					"name": "Leg",
					"parent": "DownBody",
					"pivot": [0, 7, 0]
				},
				{
					"name": "RightLeg",
					"parent": "Leg",
					"pivot": [0, 5, 0],
					"cubes": [
						{"origin": [-2.8, 0, -1.5], "size": [2, 4, 3], "uv": [128, 16]}
					]
				},
				{
					"name": "LeftLeg",
					"parent": "Leg",
					"pivot": [0, 5, 0],
					"cubes": [
						{"origin": [0.8, 0, -1.5], "size": [2, 4, 3], "uv": [142, 48]}
					]
				}
			]
		}
	]
}