{
	"format_version": "1.12.0",
	"minecraft:geometry": [
		{
			"description": {
				"identifier": "geometry.unknown",
				"texture_width": 32,
				"texture_height": 32,
				"visible_bounds_width": 30,
				"visible_bounds_height": 17,
				"visible_bounds_offset": [0, 2.5, 0]
			},
			"bones": [
				{
					"name": "root",
					"pivot": [0, 12, 0]
				},
				{
					"name": "mag_and_lh",
					"parent": "root",
					"pivot": [-6, 10, 0]
				},
				{
					"name": "lefthand",
					"parent": "mag_and_lh",
					"pivot": [-6, 19, 0]
				},
				{
					"name": "lefthand_pos",
					"parent": "lefthand",
					"pivot": [0, 8, 0],
					"cubes": [
						{
							"origin": [-8, 8, -2],
							"size": [4, 12, 4],
							"uv": {
								"north": {"uv": [0, 0], "uv_size": [4, 12]},
								"east": {"uv": [4, 0], "uv_size": [4, 12]},
								"south": {"uv": [8, 0], "uv_size": [4, 12]},
								"west": {"uv": [0, 12], "uv_size": [4, 12]},
								"up": {"uv": [3, 24], "uv_size": [4, 4]},
								"down": {"uv": [7, 28], "uv_size": [4, -4]}
							}
						}
					]
				},
				{
					"name": "mag_and_bullet",
					"parent": "mag_and_lh",
					"pivot": [0, 5, 3]
				},
				{
					"name": "magazine",
					"parent": "mag_and_bullet",
					"pivot": [0, 9, -12]
				},
				{
					"name": "mag_standard",
					"parent": "magazine",
					"pivot": [0, 10.53279, -17.44894]
				},
				{
					"name": "barrel3",
					"parent": "mag_standard",
					"pivot": [0, 10.53279, -23.4696],
					"rotation": [0, 0, 90]
				},
				{
					"name": "gun_and_rh",
					"parent": "root",
					"pivot": [6, 10, 0]
				},
				{
					"name": "righthand",
					"parent": "gun_and_rh",
					"pivot": [6, 19, 0]
				},
				{
					"name": "righthand_pos",
					"parent": "righthand",
					"pivot": [0, 8, 0],
					"cubes": [
						{
							"origin": [4, 8, -2],
							"size": [4, 12, 4],
							"uv": {
								"north": {"uv": [12, 0], "uv_size": [4, 12]},
								"east": {"uv": [4, 12], "uv_size": [4, 12]},
								"south": {"uv": [8, 12], "uv_size": [4, 12]},
								"west": {"uv": [12, 12], "uv_size": [4, 12]},
								"up": {"uv": [11, 24], "uv_size": [4, 4]},
								"down": {"uv": [15, 28], "uv_size": [4, -4]}
							}
						}
					]
				},
				{
					"name": "axe",
					"parent": "gun_and_rh",
					"pivot": [0, 3, 0]
				},
				{
					"name": "additional_magazine",
					"parent": "axe",
					"pivot": [0.7, -3, 3]
				},
				{
					"name": "default_gun",
					"parent": "axe",
					"pivot": [0, 5, 0]
				},
				{
					"name": "body",
					"parent": "default_gun",
					"pivot": [-0.0156, 12.75198, -0.98395],
					"rotation": [0, 180, 0],
					"cubes": [
						{
							"origin": [-0.2, 1.7, -6.5],
							"size": [0.4, 1.8, 18],
							"pivot": [0, 2.6, -2],
							"rotation": [90, 0, 0],
							"uv": {
								"north": {"uv": [22, 6], "uv_size": [0.5, 1.75]},
								"east": {"uv": [0, 0], "uv_size": [18, 1.75]},
								"south": {"uv": [8, 22], "uv_size": [0.5, 1.75]},
								"west": {"uv": [0, 2], "uv_size": [18, 1.75]},
								"up": {"uv": [6, 10], "uv_size": [0.5, 18]},
								"down": {"uv": [7, 28], "uv_size": [0.5, -18]}
							}
						},
						{
							"origin": [-0.6, 1.3, -5.5],
							"size": [1.2, 2.6, 9.3],
							"pivot": [0, 2.6, -2],
							"rotation": [90, 0, 0],
							"uv": {
								"north": {"uv": [9, 13], "uv_size": [1.25, 2.5]},
								"east": {"uv": [0, 4], "uv_size": [9, 2.5]},
								"south": {"uv": [9, 16], "uv_size": [1.25, 2.5]},
								"west": {"uv": [0, 7], "uv_size": [9, 2.5]},
								"up": {"uv": [9, 4], "uv_size": [1.25, 9]},
								"down": {"uv": [0, 19], "uv_size": [1.25, -9]}
							}
						},
						{
							"origin": [-0.2, 15.67071, -3.1364],
							"size": [0.4, 2.27279, 2.27279],
							"pivot": [0, 16.80711, -2],
							"rotation": [45, 0, 0],
							"uv": {
								"north": {"uv": [19, 19], "uv_size": [0.5, 2.25]},
								"east": {"uv": [12, 6], "uv_size": [2.25, 2.25]},
								"south": {"uv": [20, 6], "uv_size": [0.5, 2.25]},
								"west": {"uv": [12, 9], "uv_size": [2.25, 2.25]},
								"up": {"uv": [20, 9], "uv_size": [0.5, 2.25]},
								"down": {"uv": [12, 22.25], "uv_size": [0.5, -2.25]}
							}
						},
						{
							"origin": [-0.2, 16.80711, -8.90711],
							"size": [0.4, 0.5, 12.11421],
							"uv": {
								"north": {"uv": [8, 25], "uv_size": [0.5, 0.5]},
								"east": {"uv": [11, 4], "uv_size": [12, 0.5]},
								"south": {"uv": [25, 8], "uv_size": [0.5, 0.5]},
								"west": {"uv": [11, 5], "uv_size": [12, 0.5]},
								"up": {"uv": [8, 10], "uv_size": [0.5, 12]},
								"down": {"uv": [11, 18], "uv_size": [0.5, -12]}
							}
						},
						{
							"origin": [-0.1, 16.60711, -9.02711],
							"size": [0.2, 0.2, 4.23421],
							"uv": {
								"north": {"uv": [27, 16], "uv_size": [0.25, 0.25]},
								"east": {"uv": [20, 3], "uv_size": [4.25, 0.25]},
								"south": {"uv": [17, 27], "uv_size": [0.25, 0.25]},
								"west": {"uv": [21, 9], "uv_size": [4.25, 0.25]},
								"up": {"uv": [21, 10], "uv_size": [0.25, 4.25]},
								"down": {"uv": [21, 19.25], "uv_size": [0.25, -4.25]}
							}
						},
						{
							"origin": [-0.1, 17.17025, -4.90015],
							"size": [0.2, 0.2, 0.81421],
							"pivot": [0, 17.27025, -2.84304],
							"rotation": [16, 0, 0],
							"uv": {
								"north": {"uv": [27, 18], "uv_size": [0.25, 0.25]},
								"east": {"uv": [20, 25], "uv_size": [0.75, 0.25]},
								"south": {"uv": [19, 27], "uv_size": [0.25, 0.25]},
								"west": {"uv": [25, 20], "uv_size": [0.75, 0.25]},
								"up": {"uv": [21, 25], "uv_size": [0.25, 0.75]},
								"down": {"uv": [25, 21.75], "uv_size": [0.25, -0.75]}
							}
						},
						{
							"origin": [-0.2, 14.4292, -0.03918],
							"size": [0.4, 1, 3.5],
							"pivot": [0, 14.9974, 2.56792],
							"rotation": [-55, 0, 0],
							"uv": {
								"north": {"uv": [24, 15], "uv_size": [0.5, 1]},
								"east": {"uv": [15, 16], "uv_size": [3.5, 1]},
								"south": {"uv": [16, 24], "uv_size": [0.5, 1]},
								"west": {"uv": [2, 17], "uv_size": [3.5, 1]},
								"up": {"uv": [14, 18], "uv_size": [0.5, 3.5]},
								"down": {"uv": [18, 20.5], "uv_size": [0.5, -3.5]}
							}
						},
						{
							"origin": [-0.2, 15.12178, 2.89153],
							"size": [0.4, 1.7, 2.5],
							"pivot": [0, 16.32178, 3.64153],
							"rotation": [-112.5, 0, 0],
							"uv": {
								"north": {"uv": [9, 22], "uv_size": [0.5, 1.75]},
								"east": {"uv": [15, 6], "uv_size": [2.5, 1.75]},
								"south": {"uv": [10, 22], "uv_size": [0.5, 1.75]},
								"west": {"uv": [15, 8], "uv_size": [2.5, 1.75]},
								"up": {"uv": [15, 19], "uv_size": [0.5, 2.5]},
								"down": {"uv": [16, 21.5], "uv_size": [0.5, -2.5]}
							}
						},
						{
							"origin": [-0.2, 17.07335, 2.64048],
							"size": [0.4, 1.5, 2.5],
							"pivot": [0, 18.07335, 3.89048],
							"rotation": [-90, 0, 0],
							"uv": {
								"north": {"uv": [14, 22], "uv_size": [0.5, 1.5]},
								"east": {"uv": [15, 14], "uv_size": [2.5, 1.5]},
								"south": {"uv": [22, 14], "uv_size": [0.5, 1.5]},
								"west": {"uv": [12, 16], "uv_size": [2.5, 1.5]},
								"up": {"uv": [19, 16], "uv_size": [0.5, 2.5]},
								"down": {"uv": [17, 21.5], "uv_size": [0.5, -2.5]}
							}
						},
						{
							"origin": [-0.2, 19.38686, 3.20019],
							"size": [0.4, 1.4, 1.5],
							"pivot": [0, 20.28686, 3.45019],
							"rotation": [-67.5, 0, 0],
							"uv": {
								"north": {"uv": [15, 22], "uv_size": [0.5, 1.5]},
								"east": {"uv": [18, 2], "uv_size": [1.5, 1.5]},
								"south": {"uv": [16, 22], "uv_size": [0.5, 1.5]},
								"west": {"uv": [12, 18], "uv_size": [1.5, 1.5]},
								"up": {"uv": [22, 16], "uv_size": [0.5, 1.5]},
								"down": {"uv": [17, 23.5], "uv_size": [0.5, -1.5]}
							}
						},
						{
							"origin": [-0.1, 14.4292, 3.36082],
							"size": [0.2, 1, 0.3],
							"pivot": [0, 14.9974, 2.76792],
							"rotation": [-55, 0, 0],
							"uv": {
								"north": {"uv": [25, 15], "uv_size": [0.25, 1]},
								"east": {"uv": [16, 25], "uv_size": [0.25, 1]},
								"south": {"uv": [25, 16], "uv_size": [0.25, 1]},
								"west": {"uv": [25, 17], "uv_size": [0.25, 1]},
								"up": {"uv": [27, 15], "uv_size": [0.25, 0.25]},
								"down": {"uv": [16, 27.25], "uv_size": [0.25, -0.25]}
							}
						},
						{
							"origin": [-0.1, 16.52178, 3.09153],
							"size": [0.2, 0.3, 2.5],
							"pivot": [0, 16.32178, 3.84153],
							"rotation": [-112.5, 0, 0],
							"uv": {
								"north": {"uv": [27, 14], "uv_size": [0.25, 0.25]},
								"east": {"uv": [23, 22], "uv_size": [2.5, 0.25]},
								"south": {"uv": [15, 27], "uv_size": [0.25, 0.25]},
								"west": {"uv": [23, 23], "uv_size": [2.5, 0.25]},
								"up": {"uv": [1, 24], "uv_size": [0.25, 2.5]},
								"down": {"uv": [4, 26.5], "uv_size": [0.25, -2.5]}
							}
						},
						{
							"origin": [-0.1, 18.27335, 2.84048],
							"size": [0.2, 0.3, 2.5],
							"pivot": [0, 18.07335, 4.09048],
							"rotation": [-90, 0, 0],
							"uv": {
								"north": {"uv": [27, 13], "uv_size": [0.25, 0.25]},
								"east": {"uv": [22, 2], "uv_size": [2.5, 0.25]},
								"south": {"uv": [14, 27], "uv_size": [0.25, 0.25]},
								"west": {"uv": [22, 8], "uv_size": [2.5, 0.25]},
								"up": {"uv": [23, 16], "uv_size": [0.25, 2.5]},
								"down": {"uv": [23, 21.5], "uv_size": [0.25, -2.5]}
							}
						},
						{
							"origin": [-0.1, 20.48686, 3.40019],
							"size": [0.2, 0.3, 1.5],
							"pivot": [0, 20.28686, 3.65019],
							"rotation": [-67.5, 0, 0],
							"uv": {
								"north": {"uv": [27, 12], "uv_size": [0.25, 0.25]},
								"east": {"uv": [25, 4], "uv_size": [1.5, 0.25]},
								"south": {"uv": [13, 27], "uv_size": [0.25, 0.25]},
								"west": {"uv": [25, 5], "uv_size": [1.5, 0.25]},
								"up": {"uv": [5, 25], "uv_size": [0.25, 1.5]},
								"down": {"uv": [25, 7.5], "uv_size": [0.25, -1.5]}
							}
						},
						{
							"origin": [-0.2, 18.60106, 1.78041],
							"size": [0.4, 1.7, 0.3],
							"pivot": [0, 19.50106, 2.53041],
							"rotation": [-80, 0, 0],
							"uv": {
								"north": {"uv": [22, 10], "uv_size": [0.5, 1.75]},
								"east": {"uv": [24, 16], "uv_size": [0.25, 1.75]},
								"south": {"uv": [22, 12], "uv_size": [0.5, 1.75]},
								"west": {"uv": [17, 24], "uv_size": [0.25, 1.75]},
								"up": {"uv": [22, 25], "uv_size": [0.5, 0.25]},
								"down": {"uv": [23, 25.25], "uv_size": [0.5, -0.25]}
							}
						},
						{
							"origin": [-0.2, 16.33338, -0.73615],
							"size": [0.4, 6.1, 0.40196],
							"pivot": [0, 19.33338, 0.01385],
							"rotation": [-90, 0, 0],
							"uv": {
								"north": {"uv": [4, 18], "uv_size": [0.5, 6]},
								"east": {"uv": [5, 18], "uv_size": [0.5, 6]},
								"south": {"uv": [18, 6], "uv_size": [0.5, 6]},
								"west": {"uv": [11, 18], "uv_size": [0.5, 6]},
								"up": {"uv": [9, 25], "uv_size": [0.5, 0.5]},
								"down": {"uv": [10, 25.5], "uv_size": [0.5, -0.5]}
							}
						},
						{
							"origin": [-0.2, 21.93338, -0.33419],
							"size": [0.4, 0.59326, 0.84804],
							"pivot": [0, 19.33338, 0.01385],
							"rotation": [-90, 0, 0],
							"uv": {
								"north": {"uv": [25, 12], "uv_size": [0.5, 0.5]},
								"east": {"uv": [20, 24], "uv_size": [0.75, 0.5]},
								"south": {"uv": [13, 25], "uv_size": [0.5, 0.5]},
								"west": {"uv": [24, 20], "uv_size": [0.75, 0.5]},
								"up": {"uv": [21, 24], "uv_size": [0.5, 0.75]},
								"down": {"uv": [24, 21.75], "uv_size": [0.5, -0.75]}
							}
						},
						{
							"origin": [-0.2, 19.0818, 1.25033],
							"size": [0.4, 0.3, 0.3],
							"pivot": [0, 19.37843, 1.69935],
							"rotation": [-135, 0, 0],
							"uv": {
								"north": {"uv": [24, 25], "uv_size": [0.5, 0.25]},
								"east": {"uv": [26, 26], "uv_size": [0.25, 0.25]},
								"south": {"uv": [25, 24], "uv_size": [0.5, 0.25]},
								"west": {"uv": [0, 27], "uv_size": [0.25, 0.25]},
								"up": {"uv": [25, 25], "uv_size": [0.5, 0.25]},
								"down": {"uv": [0, 26.25], "uv_size": [0.5, -0.25]}
							}
						},
						{
							"origin": [-0.2, 19.0818, 2.05707],
							"size": [0.4, 0.3, 0.3],
							"pivot": [0, 19.37843, 2.50609],
							"rotation": [-135, 0, 0],
							"uv": {
								"north": {"uv": [10, 26], "uv_size": [0.5, 0.25]},
								"east": {"uv": [27, 3], "uv_size": [0.25, 0.25]},
								"south": {"uv": [26, 10], "uv_size": [0.5, 0.25]},
								"west": {"uv": [4, 27], "uv_size": [0.25, 0.25]},
								"up": {"uv": [11, 26], "uv_size": [0.5, 0.25]},
								"down": {"uv": [26, 11.25], "uv_size": [0.5, -0.25]}
							}
						},
						{
							"origin": [-0.2, 19.0818, 0.65707],
							"size": [0.4, 0.3, 0.3],
							"pivot": [0, 19.37843, 1.10609],
							"rotation": [-135, 0, 0],
							"uv": {
								"north": {"uv": [26, 0], "uv_size": [0.5, 0.25]},
								"east": {"uv": [27, 0], "uv_size": [0.25, 0.25]},
								"south": {"uv": [26, 1], "uv_size": [0.5, 0.25]},
								"west": {"uv": [1, 27], "uv_size": [0.25, 0.25]},
								"up": {"uv": [2, 26], "uv_size": [0.5, 0.25]},
								"down": {"uv": [26, 2.25], "uv_size": [0.5, -0.25]}
							}
						},
						{
							"origin": [-0.2, 19.0818, -0.74293],
							"size": [0.4, 0.3, 0.3],
							"pivot": [0, 19.37843, -0.29391],
							"rotation": [-135, 0, 0],
							"uv": {
								"north": {"uv": [8, 26], "uv_size": [0.5, 0.25]},
								"east": {"uv": [27, 2], "uv_size": [0.25, 0.25]},
								"south": {"uv": [26, 8], "uv_size": [0.5, 0.25]},
								"west": {"uv": [3, 27], "uv_size": [0.25, 0.25]},
								"up": {"uv": [9, 26], "uv_size": [0.5, 0.25]},
								"down": {"uv": [26, 9.25], "uv_size": [0.5, -0.25]}
							}
						},
						{
							"origin": [-0.2, 19.0818, -1.54967],
							"size": [0.4, 0.3, 0.3],
							"pivot": [0, 19.37843, -1.10065],
							"rotation": [-135, 0, 0],
							"uv": {
								"north": {"uv": [24, 26], "uv_size": [0.5, 0.25]},
								"east": {"uv": [27, 11], "uv_size": [0.25, 0.25]},
								"south": {"uv": [26, 24], "uv_size": [0.5, 0.25]},
								"west": {"uv": [12, 27], "uv_size": [0.25, 0.25]},
								"up": {"uv": [25, 26], "uv_size": [0.5, 0.25]},
								"down": {"uv": [26, 25.25], "uv_size": [0.5, -0.25]}
							}
						},
						{
							"origin": [-0.2, 19.0818, -0.14967],
							"size": [0.4, 0.3, 0.3],
							"pivot": [0, 19.37843, 0.29935],
							"rotation": [-135, 0, 0],
							"uv": {
								"north": {"uv": [3, 26], "uv_size": [0.5, 0.25]},
								"east": {"uv": [27, 1], "uv_size": [0.25, 0.25]},
								"south": {"uv": [26, 3], "uv_size": [0.5, 0.25]},
								"west": {"uv": [2, 27], "uv_size": [0.25, 0.25]},
								"up": {"uv": [26, 6], "uv_size": [0.5, 0.25]},
								"down": {"uv": [26, 7.25], "uv_size": [0.5, -0.25]}
							}
						},
						{
							"origin": [-0.2, 18.2095, 2.05707],
							"size": [0.4, 0.3, 0.3],
							"pivot": [0, 18.50613, 2.50609],
							"rotation": [-135, 0, 0],
							"uv": {
								"north": {"uv": [22, 26], "uv_size": [0.5, 0.25]},
								"east": {"uv": [27, 10], "uv_size": [0.25, 0.25]},
								"south": {"uv": [26, 22], "uv_size": [0.5, 0.25]},
								"west": {"uv": [11, 27], "uv_size": [0.25, 0.25]},
								"up": {"uv": [23, 26], "uv_size": [0.5, 0.25]},
								"down": {"uv": [26, 23.25], "uv_size": [0.5, -0.25]}
							}
						},
						{
							"origin": [-0.2, 18.2095, 1.25033],
							"size": [0.4, 0.3, 0.3],
							"pivot": [0, 18.50613, 1.69935],
							"rotation": [-135, 0, 0],
							"uv": {
								"north": {"uv": [20, 26], "uv_size": [0.5, 0.25]},
								"east": {"uv": [27, 9], "uv_size": [0.25, 0.25]},
								"south": {"uv": [26, 20], "uv_size": [0.5, 0.25]},
								"west": {"uv": [10, 27], "uv_size": [0.25, 0.25]},
								"up": {"uv": [21, 26], "uv_size": [0.5, 0.25]},
								"down": {"uv": [26, 21.25], "uv_size": [0.5, -0.25]}
							}
						},
						{
							"origin": [-0.2, 18.2095, 0.65707],
							"size": [0.4, 0.3, 0.3],
							"pivot": [0, 18.50613, 1.10609],
							"rotation": [-135, 0, 0],
							"uv": {
								"north": {"uv": [18, 26], "uv_size": [0.5, 0.25]},
								"east": {"uv": [27, 8], "uv_size": [0.25, 0.25]},
								"south": {"uv": [26, 18], "uv_size": [0.5, 0.25]},
								"west": {"uv": [9, 27], "uv_size": [0.25, 0.25]},
								"up": {"uv": [19, 26], "uv_size": [0.5, 0.25]},
								"down": {"uv": [26, 19.25], "uv_size": [0.5, -0.25]}
							}
						},
						{
							"origin": [-0.2, 18.2095, -0.14967],
							"size": [0.4, 0.3, 0.3],
							"pivot": [0, 18.50613, 0.29935],
							"rotation": [-135, 0, 0],
							"uv": {
								"north": {"uv": [16, 26], "uv_size": [0.5, 0.25]},
								"east": {"uv": [27, 7], "uv_size": [0.25, 0.25]},
								"south": {"uv": [26, 16], "uv_size": [0.5, 0.25]},
								"west": {"uv": [8, 27], "uv_size": [0.25, 0.25]},
								"up": {"uv": [17, 26], "uv_size": [0.5, 0.25]},
								"down": {"uv": [26, 17.25], "uv_size": [0.5, -0.25]}
							}
						},
						{
							"origin": [-0.2, 18.2095, -0.74293],
							"size": [0.4, 0.3, 0.3],
							"pivot": [0, 18.50613, -0.29391],
							"rotation": [-135, 0, 0],
							"uv": {
								"north": {"uv": [14, 26], "uv_size": [0.5, 0.25]},
								"east": {"uv": [27, 5], "uv_size": [0.25, 0.25]},
								"south": {"uv": [26, 14], "uv_size": [0.5, 0.25]},
								"west": {"uv": [27, 6], "uv_size": [0.25, 0.25]},
								"up": {"uv": [15, 26], "uv_size": [0.5, 0.25]},
								"down": {"uv": [26, 15.25], "uv_size": [0.5, -0.25]}
							}
						},
						{
							"origin": [-0.2, 18.2095, -1.54967],
							"size": [0.4, 0.3, 0.3],
							"pivot": [0, 18.50613, -1.10065],
							"rotation": [-135, 0, 0],
							"uv": {
								"north": {"uv": [12, 26], "uv_size": [0.5, 0.25]},
								"east": {"uv": [27, 4], "uv_size": [0.25, 0.25]},
								"south": {"uv": [26, 12], "uv_size": [0.5, 0.25]},
								"west": {"uv": [5, 27], "uv_size": [0.25, 0.25]},
								"up": {"uv": [13, 26], "uv_size": [0.5, 0.25]},
								"down": {"uv": [26, 13.25], "uv_size": [0.5, -0.25]}
							}
						},
						{
							"origin": [-0.2, 18.93577, 1.06146],
							"size": [0.4, 0.59326, 0.84804],
							"pivot": [0, 19.2324, 1.51048],
							"rotation": [-90, 0, 0],
							"uv": {
								"north": {"uv": [25, 14], "uv_size": [0.5, 0.5]},
								"east": {"uv": [2, 25], "uv_size": [0.75, 0.5]},
								"south": {"uv": [15, 25], "uv_size": [0.5, 0.5]},
								"west": {"uv": [25, 2], "uv_size": [0.75, 0.5]},
								"up": {"uv": [3, 25], "uv_size": [0.5, 0.75]},
								"down": {"uv": [25, 3.75], "uv_size": [0.5, -0.75]}
							}
						},
						{
							"origin": [-0.2, 18.93577, -0.33854],
							"size": [0.4, 0.59326, 0.84804],
							"pivot": [0, 19.2324, 0.11048],
							"rotation": [-90, 0, 0],
							"uv": {
								"north": {"uv": [25, 13], "uv_size": [0.5, 0.5]},
								"east": {"uv": [22, 24], "uv_size": [0.75, 0.5]},
								"south": {"uv": [14, 25], "uv_size": [0.5, 0.5]},
								"west": {"uv": [23, 24], "uv_size": [0.75, 0.5]},
								"up": {"uv": [24, 24], "uv_size": [0.5, 0.75]},
								"down": {"uv": [0, 25.75], "uv_size": [0.5, -0.75]}
							}
						},
						{
							"origin": [-0.2, 17.53577, -1.73854],
							"size": [0.4, 1.99326, 0.84804],
							"pivot": [0, 19.2324, -1.28952],
							"rotation": [-90, 0, 0],
							"uv": {
								"north": {"uv": [22, 0], "uv_size": [0.5, 2]},
								"east": {"uv": [19, 6], "uv_size": [0.75, 2]},
								"south": {"uv": [1, 22], "uv_size": [0.5, 2]},
								"west": {"uv": [19, 8], "uv_size": [0.75, 2]},
								"up": {"uv": [25, 0], "uv_size": [0.5, 0.75]},
								"down": {"uv": [25, 1.75], "uv_size": [0.5, -0.75]}
							}
						},
						{
							"origin": [-0.2, 15.03338, -0.78615],
							"size": [0.4, 6.19326, 1.52627],
							"pivot": [0, 18.03338, 0.01385],
							"rotation": [-90, 0, 0],
							"uv": {
								"north": {"uv": [2, 18], "uv_size": [0.5, 6.25]},
								"east": {"uv": [2, 10], "uv_size": [1.5, 6.25]},
								"south": {"uv": [3, 18], "uv_size": [0.5, 6.25]},
								"west": {"uv": [4, 10], "uv_size": [1.5, 6.25]},
								"up": {"uv": [23, 6], "uv_size": [0.5, 1.5]},
								"down": {"uv": [23, 11.5], "uv_size": [0.5, -1.5]}
							}
						},
						{
							"origin": [-0.2, 19.89013, -5.91222],
							"size": [0.4, 1.5, 3],
							"pivot": [0, 19.14013, -5.16222],
							"rotation": [-85, 0, 0],
							"uv": {
								"north": {"uv": [18, 22], "uv_size": [0.5, 1.5]},
								"east": {"uv": [12, 12], "uv_size": [3, 1.5]},
								"south": {"uv": [22, 18], "uv_size": [0.5, 1.5]},
								"west": {"uv": [12, 14], "uv_size": [3, 1.5]},
								"up": {"uv": [0, 19], "uv_size": [0.5, 3]},
								"down": {"uv": [1, 22], "uv_size": [0.5, -3]}
							}
						},
						{
							"origin": [-0.2, 19.22741, -8.03816],
							"size": [0.4, 1.5, 2.7],
							"pivot": [0, 18.02178, -6.76415],
							"rotation": [-75, 0, 0],
							"uv": {
								"north": {"uv": [19, 22], "uv_size": [0.5, 1.5]},
								"east": {"uv": [15, 10], "uv_size": [2.75, 1.5]},
								"south": {"uv": [20, 22], "uv_size": [0.5, 1.5]},
								"west": {"uv": [15, 12], "uv_size": [2.75, 1.5]},
								"up": {"uv": [9, 19], "uv_size": [0.5, 2.75]},
								"down": {"uv": [10, 21.75], "uv_size": [0.5, -2.75]}
							}
						},
						{
							"origin": [-0.2, 17.93032, -7.80945],
							"size": [0.4, 1.5, 2.3],
							"pivot": [0, 18.02178, -6.76415],
							"rotation": [-65, 0, 0],
							"uv": {
								"north": {"uv": [22, 20], "uv_size": [0.5, 1.5]},
								"east": {"uv": [15, 17], "uv_size": [2.25, 1.5]},
								"south": {"uv": [21, 22], "uv_size": [0.5, 1.5]},
								"west": {"uv": [18, 0], "uv_size": [2.25, 1.5]},
								"up": {"uv": [20, 12], "uv_size": [0.5, 2.25]},
								"down": {"uv": [13, 22.25], "uv_size": [0.5, -2.25]}
							}
						},
						{
							"origin": [-0.2, 16.61323, -7.80945],
							"size": [0.4, 1.5, 1.5],
							"pivot": [0, 18.02178, -6.76415],
							"rotation": [-55, 0, 0],
							"uv": {
								"north": {"uv": [22, 22], "uv_size": [0.5, 1.5]},
								"east": {"uv": [18, 12], "uv_size": [1.5, 1.5]},
								"south": {"uv": [0, 23], "uv_size": [0.5, 1.5]},
								"west": {"uv": [18, 14], "uv_size": [1.5, 1.5]},
								"up": {"uv": [23, 0], "uv_size": [0.5, 1.5]},
								"down": {"uv": [23, 5.5], "uv_size": [0.5, -1.5]}
							}
						},
						{
							"origin": [-0.2, 15.64757, -8.03816],
							"size": [0.4, 1.16857, 0.61761],
							"pivot": [0, 18.02178, -6.76415],
							"rotation": [-45, 0, 0],
							"uv": {
								"north": {"uv": [12, 23], "uv_size": [0.5, 1.25]},
								"east": {"uv": [23, 12], "uv_size": [0.5, 1.25]},
								"south": {"uv": [13, 23], "uv_size": [0.5, 1.25]},
								"west": {"uv": [23, 14], "uv_size": [0.5, 1.25]},
								"up": {"uv": [25, 10], "uv_size": [0.5, 0.5]},
								"down": {"uv": [11, 25.5], "uv_size": [0.5, -0.5]}
							}
						},
						{
							"origin": [-0.1, 15.36272, -8.13816],
							"size": [0.2, 0.28485, 0.63276],
							"pivot": [-0.1, 17.82178, -6.76415],
							"rotation": [-45, 0, 0],
							"uv": {
								"north": {"uv": [27, 17], "uv_size": [0.25, 0.25]},
								"east": {"uv": [18, 25], "uv_size": [0.75, 0.25]},
								"south": {"uv": [18, 27], "uv_size": [0.25, 0.25]},
								"west": {"uv": [25, 18], "uv_size": [0.75, 0.25]},
								"up": {"uv": [19, 25], "uv_size": [0.25, 0.75]},
								"down": {"uv": [25, 19.75], "uv_size": [0.25, -0.75]}
							}
						},
						{
							"origin": [-0.2, 16.85433, -8.22112],
							"size": [0.4, 2.16857, 0.61761],
							"pivot": [0, 17.43862, -7.91231],
							"rotation": [-90, 0, 0],
							"uv": {
								"north": {"uv": [20, 15], "uv_size": [0.5, 2.25]},
								"east": {"uv": [20, 18], "uv_size": [0.5, 2.25]},
								"south": {"uv": [21, 0], "uv_size": [0.5, 2.25]},
								"west": {"uv": [21, 6], "uv_size": [0.5, 2.25]},
								"up": {"uv": [25, 11], "uv_size": [0.5, 0.5]},
								"down": {"uv": [12, 25.5], "uv_size": [0.5, -0.5]}
							}
						},
						{
							"origin": [-0.2, 16.45433, 1.47888],
							"size": [0.4, 0.86857, 0.71761],
							"pivot": [0, 16.53862, 1.78769],
							"rotation": [-90, 0, 0],
							"uv": {
								"north": {"uv": [18, 24], "uv_size": [0.5, 0.75]},
								"east": {"uv": [24, 0], "uv_size": [0.75, 0.75]},
								"south": {"uv": [24, 18], "uv_size": [0.5, 0.75]},
								"west": {"uv": [24, 1], "uv_size": [0.75, 0.75]},
								"up": {"uv": [19, 24], "uv_size": [0.5, 0.75]},
								"down": {"uv": [24, 19.75], "uv_size": [0.5, -0.75]}
							}
						},
						{
							"origin": [-0.2, 8.2864, -1.55],
							"size": [0.4, 0.9, 0.9],
							"pivot": [0, 8.7364, -1.1],
							"rotation": [45, 0, 0],
							"uv": {
								"north": {"uv": [24, 4], "uv_size": [0.5, 1]},
								"east": {"uv": [19, 10], "uv_size": [1, 1]},
								"south": {"uv": [5, 24], "uv_size": [0.5, 1]},
								"west": {"uv": [19, 11], "uv_size": [1, 1]},
								"up": {"uv": [24, 5], "uv_size": [0.5, 1]},
								"down": {"uv": [24, 7], "uv_size": [0.5, -1]}
							}
						},
						{
							"origin": [-0.2, 8.2864, -3.35],
							"size": [0.4, 0.9, 0.9],
							"pivot": [0, 8.7364, -2.9],
							"rotation": [45, 0, 0],
							"uv": {
								"north": {"uv": [24, 7], "uv_size": [0.5, 1]},
								"east": {"uv": [20, 2], "uv_size": [1, 1]},
								"south": {"uv": [8, 24], "uv_size": [0.5, 1]},
								"west": {"uv": [18, 21], "uv_size": [1, 1]},
								"up": {"uv": [9, 24], "uv_size": [0.5, 1]},
								"down": {"uv": [10, 25], "uv_size": [0.5, -1]}
							}
						},
						{
							"origin": [-0.2, -1.7136, -1.55],
							"size": [0.4, 0.9, 0.9],
							"pivot": [0, -1.2636, -1.1],
							"rotation": [45, 0, 0],
							"uv": {
								"north": {"uv": [24, 13], "uv_size": [0.5, 1]},
								"east": {"uv": [21, 21], "uv_size": [1, 1]},
								"south": {"uv": [14, 24], "uv_size": [0.5, 1]},
								"west": {"uv": [0, 22], "uv_size": [1, 1]},
								"up": {"uv": [24, 14], "uv_size": [0.5, 1]},
								"down": {"uv": [15, 25], "uv_size": [0.5, -1]}
							}
						},
						{
							"origin": [-0.2, -1.7136, -3.35],
							"size": [0.4, 0.9, 0.9],
							"pivot": [0, -1.2636, -2.9],
							"rotation": [45, 0, 0],
							"uv": {
								"north": {"uv": [24, 10], "uv_size": [0.5, 1]},
								"east": {"uv": [20, 21], "uv_size": [1, 1]},
								"south": {"uv": [11, 24], "uv_size": [0.5, 1]},
								"west": {"uv": [21, 20], "uv_size": [1, 1]},
								"up": {"uv": [24, 11], "uv_size": [0.5, 1]},
								"down": {"uv": [24, 13], "uv_size": [0.5, -1]}
							}
						}
					]
				},
				{
					"name": "ammo_box",
					"parent": "gun_and_rh",
					"pivot": [0, 5.6, 0]
				},
				{
					"name": "box",
					"parent": "ammo_box",
					"pivot": [0, 5.82, 0.08]
				},
				{
					"name": "box_cover",
					"parent": "box",
					"pivot": [0.66, 6.045, -0.405]
				},
				{
					"name": "box_body",
					"parent": "box",
					"pivot": [0, 5.795, -0.395]
				},
				{
					"name": "text",
					"parent": "box",
					"pivot": [0.30556, 5.93849, 0.60027]
				},
				{
					"name": "positioning2",
					"parent": "root",
					"pivot": [0, 0, 1]
				},
				{
					"name": "shell",
					"parent": "positioning2",
					"pivot": [0.02, 9.1, 6.44]
				},
				{
					"name": "muzzle_flash",
					"parent": "positioning2",
					"pivot": [0, 20000, 0.28]
				},
				{
					"name": "muzzle_pos",
					"parent": "positioning2",
					"pivot": [0, 16.57, 0.11]
				},
				{
					"name": "laser_pos",
					"parent": "positioning2",
					"pivot": [8.8, 13.2, -21.5]
				},
				{
					"name": "scope_pos",
					"parent": "positioning2",
					"pivot": [7.59, 5.33, -11.3]
				},
				{
					"name": "stock_pos",
					"parent": "positioning2",
					"pivot": [0, 9.45, 14.15]
				},
				{
					"name": "grip_pos",
					"parent": "positioning2",
					"pivot": [0, 7.82, -2.5]
				},
				{
					"name": "constraint",
					"parent": "root",
					"pivot": [0, 12.275, -7]
				},
				{
					"name": "camera",
					"pivot": [0, 0, 0]
				},
				{
					"name": "positioning",
					"pivot": [0, 4, 4]
				},
				{
					"name": "ground",
					"parent": "positioning",
					"pivot": [0, 0, 0]
				},
				{
					"name": "thirdperson_hand",
					"parent": "positioning",
					"pivot": [0, 7, -1.1]
				},
				{
					"name": "fixed",
					"parent": "positioning",
					"pivot": [0, 6, 0.4],
					"rotation": [0, 90, 0]
				},
				{
					"name": "view",
					"pivot": [0, 4, 5]
				},
				{
					"name": "idle_view",
					"parent": "view",
					"pivot": [0, 10, 10]
				},
				{
					"name": "iron_view",
					"parent": "view",
					"pivot": [0, 10, 8]
				},
				{
					"name": "refit_view",
					"parent": "view",
					"pivot": [8, 14, 13],
					"rotation": [0, 90, 0]
				},
				{
					"name": "refit_muzzle_view",
					"parent": "view",
					"pivot": [7.16, 8.91, -8.53],
					"rotation": [0, 90, 0]
				},
				{
					"name": "refit_stock_view",
					"parent": "view",
					"pivot": [10.52, 8.89, 15.36],
					"rotation": [0, 90, 0]
				},
				{
					"name": "refit_scope_view",
					"parent": "view",
					"pivot": [13.7, 6.36, -4.84],
					"rotation": [0, 45, 0]
				},
				{
					"name": "refit_extended_mag_view",
					"parent": "view",
					"pivot": [23.41, 29.5, 30.52],
					"rotation": [30, 45, 0]
				},
				{
					"name": "refit_laser_view",
					"parent": "view",
					"pivot": [6.34, 9.38, -1.37]
				},
				{
					"name": "refit_grip_view",
					"parent": "view",
					"pivot": [6.45, 5.2, -2.03],
					"rotation": [0, 90, 0]
				}
			]
		}
	]
}