{
	"format_version": "1.12.0",
	"minecraft:geometry": [
		{
			"description": {
				"identifier": "geometry.unknown",
				"texture_width": 64,
				"texture_height": 64,
				"visible_bounds_width": 3,
				"visible_bounds_height": 1.5,
				"visible_bounds_offset": [0, 0.25, 0]
			},
			"bones": [
				{
					"name": "hera_cqr_gen2",
					"pivot": [-0.8753, -3.3172, -4.41516],
					"cubes": [
						{
							"origin": [-0.875, -1.04781, 5.72359],
							"size": [1.75, 0.81641, 4.87891],
							"inflate": 0.0001,
							"uv": {
								"north": {"uv": [27, 18], "uv_size": [2, 1]},
								"east": {"uv": [16, 19], "uv_size": [5, 1]},
								"south": {"uv": [16, 28], "uv_size": [2, 1]},
								"west": {"uv": [20, 0], "uv_size": [5, 1]},
								"up": {"uv": [0, 14], "uv_size": [2, 5]},
								"down": {"uv": [2, 19], "uv_size": [2, -5]}
							}
						},
						{
							"origin": [-0.875, -2.01469, 7.22074],
							"size": [1.75, 1.98047, 3.48437],
							"inflate": 0.0004,
							"pivot": [0, -1.02445, 8.96293],
							"rotation": [-6.25, 0, 0],
							"uv": {
								"north": {"uv": [20, 4], "uv_size": [2, 2]},
								"east": {"uv": [17, 10], "uv_size": [3.5, 2]},
								"south": {"uv": [21, 10], "uv_size": [2, 2]},
								"west": {"uv": [17, 12], "uv_size": [3.5, 2]},
								"up": {"uv": [18, 2], "uv_size": [2, 3.5]},
								"down": {"uv": [4, 21.5], "uv_size": [2, -3.5]}
							}
						},
						{
							"origin": [-0.875, -0.53649, -2.8846],
							"size": [1.75, 0.63672, 5.69922],
							"pivot": [0.5, 1.40101, 0.89665],
							"rotation": [5, 0, 0],
							"uv": {
								"north": {"uv": [33, 9], "uv_size": [2, 0.5]},
								"east": {"uv": [27, 13], "uv_size": [5.5, 0.5]},
								"south": {"uv": [33, 16], "uv_size": [2, 0.5]},
								"west": {"uv": [15, 27], "uv_size": [5.5, 0.5]},
								"up": {"uv": [12, 2], "uv_size": [2, 5.5]},
								"down": {"uv": [12, 13.5], "uv_size": [2, -5.5]}
							}
						},
						{
							"origin": [-0.875, -0.86258, -2.80681],
							"size": [1.75, 1.13672, 0.10547],
							"uv": {
								"north": {"uv": [18, 28], "uv_size": [2, 1]},
								"east": {"uv": [37, 17], "uv_size": [0.5, 1]},
								"south": {"uv": [28, 19], "uv_size": [2, 1]},
								"west": {"uv": [18, 37], "uv_size": [0.5, 1]},
								"up": {"uv": [23, 33], "uv_size": [2, 0.5]},
								"down": {"uv": [33, 23.5], "uv_size": [2, -0.5]}
							}
						},
						{
							"origin": [-0.875, -2.61435, 6.25953],
							"size": [1.75, 1.98437, 4.17578],
							"pivot": [0, -1.62216, 8.34742],
							"rotation": [11, 0, 0],
							"uv": {
								"north": {"uv": [21, 12], "uv_size": [2, 2]},
								"east": {"uv": [14, 2], "uv_size": [4, 2]},
								"south": {"uv": [22, 19], "uv_size": [2, 2]},
								"west": {"uv": [14, 4], "uv_size": [4, 2]},
								"up": {"uv": [4, 14], "uv_size": [2, 4]},
								"down": {"uv": [14, 10], "uv_size": [2, -4]}
							}
						},
						{
							"origin": [-0.875, -2.24239, 0.06389],
							"size": [1.75, 0.21094, 5.99219],
							"pivot": [0.5, -0.25802, 10.16546],
							"rotation": [11, 0, 0],
							"uv": {
								"north": {"uv": [33, 25], "uv_size": [2, 0.5]},
								"east": {"uv": [24, 21], "uv_size": [6, 0.5]},
								"south": {"uv": [27, 33], "uv_size": [2, 0.5]},
								"west": {"uv": [24, 22], "uv_size": [6, 0.5]},
								"up": {"uv": [10, 2], "uv_size": [2, 6]},
								"down": {"uv": [10, 14], "uv_size": [2, -6]}
							}
						},
						{
							"origin": [-0.875, -4.24331, -1.65567],
							"size": [1.75, 0.35547, 2.30469],
							"pivot": [0.5, -3.95425, 0.64901],
							"rotation": [64.5, 0, 0],
							"uv": {
								"north": {"uv": [29, 33], "uv_size": [2, 0.5]},
								"east": {"uv": [31, 29], "uv_size": [2.5, 0.5]},
								"south": {"uv": [33, 30], "uv_size": [2, 0.5]},
								"west": {"uv": [32, 1], "uv_size": [2.5, 0.5]},
								"up": {"uv": [20, 1], "uv_size": [2, 2.5]},
								"down": {"uv": [9, 22.5], "uv_size": [2, -2.5]}
							}
						},
						{
							"origin": [-0.875, -6.10975, -3.89632],
							"size": [1.75, 0.28906, 3.9375],
							"inflate": 0.0001,
							"pivot": [0.875, -6.10975, 0.04118],
							"rotation": [22, 0, 0],
							"uv": {
								"north": {"uv": [33, 31], "uv_size": [2, 0.5]},
								"east": {"uv": [23, 28], "uv_size": [4, 0.5]},
								"south": {"uv": [33, 32], "uv_size": [2, 0.5]},
								"west": {"uv": [28, 24], "uv_size": [4, 0.5]},
								"up": {"uv": [10, 14], "uv_size": [2, 4]},
								"down": {"uv": [14, 14], "uv_size": [2, -4]}
							}
						},
						{
							"origin": [-0.875, -0.23531, -2.70219],
							"size": [1.75, 0.50781, 13.50391],
							"inflate": 0.0005,
							"uv": {
								"north": {"uv": [33, 33], "uv_size": [2, 0.5]},
								"east": {"uv": [9, 18], "uv_size": [13.5, 0.5]},
								"south": {"uv": [34, 6], "uv_size": [2, 0.5]},
								"west": {"uv": [18, 14], "uv_size": [13.5, 0.5]},
								"up": {"uv": [0, 0], "uv_size": [2, 13.5]},
								"down": {"uv": [2, 13.5], "uv_size": [2, -13.5]}
							}
						},
						{
							"origin": [-0.875, -1.61031, 5.34859],
							"size": [1.75, 1.99219, 0.87891],
							"inflate": 0.0002,
							"pivot": [0.5, -0.23141, 6.2275],
							"rotation": [35, 0, 0],
							"uv": {
								"north": {"uv": [22, 21], "uv_size": [2, 2]},
								"east": {"uv": [9, 16], "uv_size": [1, 2]},
								"south": {"uv": [23, 1], "uv_size": [2, 2]},
								"west": {"uv": [20, 28], "uv_size": [1, 2]},
								"up": {"uv": [28, 26], "uv_size": [2, 1]},
								"down": {"uv": [28, 28], "uv_size": [2, -1]}
							}
						},
						{
							"origin": [-0.875, -3.05284, 6.32038],
							"size": [1.75, 0.99219, 0.26953],
							"pivot": [0.875, -2.06066, 6.32038],
							"rotation": [-27.5, 0, 0],
							"uv": {
								"north": {"uv": [28, 28], "uv_size": [2, 1]},
								"east": {"uv": [19, 37], "uv_size": [0.5, 1]},
								"south": {"uv": [29, 0], "uv_size": [2, 1]},
								"west": {"uv": [20, 37], "uv_size": [0.5, 1]},
								"up": {"uv": [34, 7], "uv_size": [2, 0.5]},
								"down": {"uv": [34, 8.5], "uv_size": [2, -0.5]}
							}
						},
						{
							"origin": [-0.875, -3.45016, 6.77438],
							"size": [1.75, 0.43359, 0.21875],
							"pivot": [0.5, -1.98141, 7.65719],
							"rotation": [-27.5, 0, 0],
							"uv": {
								"north": {"uv": [13, 34], "uv_size": [2, 0.5]},
								"east": {"uv": [39, 7], "uv_size": [0.5, 0.5]},
								"south": {"uv": [34, 13], "uv_size": [2, 0.5]},
								"west": {"uv": [8, 39], "uv_size": [0.5, 0.5]},
								"up": {"uv": [34, 14], "uv_size": [2, 0.5]},
								"down": {"uv": [34, 15.5], "uv_size": [2, -0.5]}
							}
						},
						{
							"origin": [-0.875, -0.53649, 2.81462],
							"size": [1.75, 0.15625, 1.51172],
							"pivot": [0.5, 1.40101, 0.89665],
							"rotation": [5, 0, 0],
							"uv": {
								"north": {"uv": [34, 18], "uv_size": [2, 0.5]},
								"east": {"uv": [37, 3], "uv_size": [1.5, 0.5]},
								"south": {"uv": [19, 34], "uv_size": [2, 0.5]},
								"west": {"uv": [4, 37], "uv_size": [1.5, 0.5]},
								"up": {"uv": [25, 0], "uv_size": [2, 1.5]},
								"down": {"uv": [1, 26.5], "uv_size": [2, -1.5]}
							}
						},
						{
							"origin": [-0.875, -3.81734, -5.38969],
							"size": [1.75, 1.61328, 1.12891],
							"inflate": 0.0003,
							"uv": {
								"north": {"uv": [15, 25], "uv_size": [2, 1.5]},
								"east": {"uv": [11, 31], "uv_size": [1, 1.5]},
								"south": {"uv": [17, 25], "uv_size": [2, 1.5]},
								"west": {"uv": [12, 31], "uv_size": [1, 1.5]},
								"up": {"uv": [1, 29], "uv_size": [2, 1]},
								"down": {"uv": [29, 2], "uv_size": [2, -1]}
							}
						},
						{
							"origin": [-0.875, -3.81734, -5.70219],
							"size": [1.75, 1.30078, 0.3125],
							"inflate": 0.0003,
							"uv": {
								"north": {"uv": [19, 25], "uv_size": [2, 1.5]},
								"east": {"uv": [37, 4], "uv_size": [0.5, 1.5]},
								"south": {"uv": [21, 25], "uv_size": [2, 1.5]},
								"west": {"uv": [6, 37], "uv_size": [0.5, 1.5]},
								"up": {"uv": [34, 20], "uv_size": [2, 0.5]},
								"down": {"uv": [21, 34.5], "uv_size": [2, -0.5]}
							}
						},
						{
							"origin": [-0.875, -2.6457, -5.38974],
							"size": [1.75, 0.44141, 0.3125],
							"inflate": 0.0003,
							"pivot": [0.5003, -2.204, -5.38944],
							"rotation": [-45, 0, 0],
							"uv": {
								"north": {"uv": [34, 21], "uv_size": [2, 0.5]},
								"east": {"uv": [39, 8], "uv_size": [0.5, 0.5]},
								"south": {"uv": [34, 22], "uv_size": [2, 0.5]},
								"west": {"uv": [9, 39], "uv_size": [0.5, 0.5]},
								"up": {"uv": [23, 34], "uv_size": [2, 0.5]},
								"down": {"uv": [25, 34.5], "uv_size": [2, -0.5]}
							}
						},
						{
							"origin": [-0.875, -4.43785, -0.6685],
							"size": [1.75, 0.36719, 2.32422],
							"pivot": [0.875, -4.43785, 1.65572],
							"rotation": [46, 0, 0],
							"uv": {
								"north": {"uv": [27, 34], "uv_size": [2, 0.5]},
								"east": {"uv": [32, 2], "uv_size": [2.5, 0.5]},
								"south": {"uv": [29, 34], "uv_size": [2, 0.5]},
								"west": {"uv": [32, 3], "uv_size": [2.5, 0.5]},
								"up": {"uv": [11, 20], "uv_size": [2, 2.5]},
								"down": {"uv": [13, 22.5], "uv_size": [2, -2.5]}
							}
						},
						{
							"origin": [-0.875, -4.62612, -0.05802],
							"size": [1.75, 0.73438, 1.14453],
							"pivot": [0.5, -3.89175, 1.08651],
							"rotation": [46, 0, 0],
							"uv": {
								"north": {"uv": [34, 29], "uv_size": [2, 0.5]},
								"east": {"uv": [21, 37], "uv_size": [1, 0.5]},
								"south": {"uv": [31, 34], "uv_size": [2, 0.5]},
								"west": {"uv": [37, 21], "uv_size": [1, 0.5]},
								"up": {"uv": [29, 9], "uv_size": [2, 1]},
								"down": {"uv": [16, 30], "uv_size": [2, -1]}
							}
						},
						{
							"origin": [-0.875, -4.31362, -0.42521],
							"size": [1.75, 0.14844, 0.36719],
							"inflate": 0.0001,
							"pivot": [0.5, -3.89175, 1.08651],
							"rotation": [46, 0, 0],
							"uv": {
								"north": {"uv": [33, 34], "uv_size": [2, 0.5]},
								"east": {"uv": [39, 9], "uv_size": [0.5, 0.5]},
								"south": {"uv": [0, 35], "uv_size": [2, 0.5]},
								"west": {"uv": [10, 39], "uv_size": [0.5, 0.5]},
								"up": {"uv": [35, 0], "uv_size": [2, 0.5]},
								"down": {"uv": [35, 1.5], "uv_size": [2, -0.5]}
							}
						},
						{
							"origin": [-0.875, -4.31362, -0.42521],
							"size": [1.75, 0.14844, 0.36719],
							"pivot": [0.5, -3.89175, 1.08651],
							"rotation": [46, 0, 0],
							"uv": {
								"north": {"uv": [35, 2], "uv_size": [2, 0.5]},
								"east": {"uv": [39, 10], "uv_size": [0.5, 0.5]},
								"south": {"uv": [35, 3], "uv_size": [2, 0.5]},
								"west": {"uv": [11, 39], "uv_size": [0.5, 0.5]},
								"up": {"uv": [4, 35], "uv_size": [2, 0.5]},
								"down": {"uv": [35, 4.5], "uv_size": [2, -0.5]}
							}
						},
						{
							"origin": [-0.875, -4.68081, 1.08651],
							"size": [1.75, 0.20313, 0.87109],
							"pivot": [0.5, -3.89175, 1.08651],
							"rotation": [46, 0, 0],
							"uv": {
								"north": {"uv": [35, 5], "uv_size": [2, 0.5]},
								"east": {"uv": [22, 37], "uv_size": [1, 0.5]},
								"south": {"uv": [9, 35], "uv_size": [2, 0.5]},
								"west": {"uv": [37, 22], "uv_size": [1, 0.5]},
								"up": {"uv": [18, 29], "uv_size": [2, 1]},
								"down": {"uv": [29, 19], "uv_size": [2, -1]}
							}
						},
						{
							"origin": [-0.875, -4.62612, 1.08651],
							"size": [1.75, 0.35547, 0.57422],
							"pivot": [0.5, -3.89175, 1.08651],
							"rotation": [46, 0, 0],
							"uv": {
								"north": {"uv": [35, 9], "uv_size": [2, 0.5]},
								"east": {"uv": [39, 11], "uv_size": [0.5, 0.5]},
								"south": {"uv": [35, 10], "uv_size": [2, 0.5]},
								"west": {"uv": [12, 39], "uv_size": [0.5, 0.5]},
								"up": {"uv": [35, 11], "uv_size": [2, 0.5]},
								"down": {"uv": [35, 12.5], "uv_size": [2, -0.5]}
							}
						},
						{
							"origin": [-0.875, -4.27066, 1.08651],
							"size": [1.75, 0.19531, 0.29688],
							"pivot": [0.5, -3.89175, 1.08651],
							"rotation": [46, 0, 0],
							"uv": {
								"north": {"uv": [13, 35], "uv_size": [2, 0.5]},
								"east": {"uv": [39, 12], "uv_size": [0.5, 0.5]},
								"south": {"uv": [16, 35], "uv_size": [2, 0.5]},
								"west": {"uv": [13, 39], "uv_size": [0.5, 0.5]},
								"up": {"uv": [35, 16], "uv_size": [2, 0.5]},
								"down": {"uv": [35, 17.5], "uv_size": [2, -0.5]}
							}
						},
						{
							"origin": [-0.00781, -0.23531, -2.80766],
							"size": [0.88281, 0.50781, 13.60938],
							"inflate": 0.0003,
							"pivot": [0.8753, 0.2728, 10.80202],
							"rotation": [0, 0, 56.5],
							"uv": {
								"north": {"uv": [23, 37], "uv_size": [1, 0.5]},
								"east": {"uv": [18, 15], "uv_size": [13.5, 0.5]},
								"south": {"uv": [37, 23], "uv_size": [1, 0.5]},
								"west": {"uv": [18, 16], "uv_size": [13.5, 0.5]},
								"up": {"uv": [4, 0], "uv_size": [1, 13.5]},
								"down": {"uv": [5, 13.5], "uv_size": [1, -13.5]}
							}
						},
						{
							"origin": [-0.38844, 0.25125, -2.80766],
							"size": [0.77734, 0.75781, 13.60938],
							"inflate": 0.0003,
							"uv": {
								"north": {"uv": [25, 33], "uv_size": [1, 1]},
								"east": {"uv": [6, 0], "uv_size": [13.5, 1]},
								"south": {"uv": [31, 33], "uv_size": [1, 1]},
								"west": {"uv": [6, 1], "uv_size": [13.5, 1]},
								"up": {"uv": [6, 2], "uv_size": [1, 13.5]},
								"down": {"uv": [7, 15.5], "uv_size": [1, -13.5]}
							}
						},
						{
							"origin": [-0.875, -0.23531, -2.80766],
							"size": [0.88281, 0.50781, 13.60938],
							"inflate": 0.0003,
							"pivot": [-0.8753, 0.2728, 10.80202],
							"rotation": [0, 0, -56.5],
							"uv": {
								"north": {"uv": [24, 37], "uv_size": [1, 0.5]},
								"east": {"uv": [18, 17], "uv_size": [13.5, 0.5]},
								"south": {"uv": [37, 24], "uv_size": [1, 0.5]},
								"west": {"uv": [19, 6], "uv_size": [13.5, 0.5]},
								"up": {"uv": [8, 2], "uv_size": [1, 13.5]},
								"down": {"uv": [9, 15.5], "uv_size": [1, -13.5]}
							}
						},
						{
							"origin": [-0.25, -2.24391, 0.02466],
							"size": [0.5, 0.21094, 6.44531],
							"pivot": [0.25, -2.03298, 6.46997],
							"rotation": [11, 0, 0],
							"uv": {
								"north": {"uv": [39, 13], "uv_size": [0.5, 0.5]},
								"east": {"uv": [24, 20], "uv_size": [6.5, 0.5]},
								"south": {"uv": [14, 39], "uv_size": [0.5, 0.5]},
								"west": {"uv": [21, 24], "uv_size": [6.5, 0.5]},
								"up": {"uv": [13, 23], "uv_size": [0.5, 6.5]},
								"down": {"uv": [14, 29.5], "uv_size": [0.5, -6.5]}
							}
						},
						{
							"origin": [0.25, -2.24391, 0.33325],
							"size": [0.96484, 0.21094, 6.13672],
							"pivot": [0.25, -2.03298, 6.46997],
							"rotation": [7.15851, -8.37386, 49.22527],
							"uv": {
								"north": {"uv": [25, 37], "uv_size": [1, 0.5]},
								"east": {"uv": [25, 2], "uv_size": [6, 0.5]},
								"south": {"uv": [26, 37], "uv_size": [1, 0.5]},
								"west": {"uv": [23, 25], "uv_size": [6, 0.5]},
								"up": {"uv": [0, 19], "uv_size": [1, 6]},
								"down": {"uv": [1, 25], "uv_size": [1, -6]}
							}
						},
						{
							"origin": [-0.25, -3.01424, 5.53294],
							"size": [0.5, 1.07031, 0.73828],
							"inflate": 0.0003,
							"pivot": [0.2503, -1.94363, 5.53264],
							"rotation": [11, 0, 0],
							"uv": {
								"north": {"uv": [27, 37], "uv_size": [0.5, 1]},
								"east": {"uv": [28, 37], "uv_size": [0.5, 1]},
								"south": {"uv": [37, 28], "uv_size": [0.5, 1]},
								"west": {"uv": [29, 37], "uv_size": [0.5, 1]},
								"up": {"uv": [39, 14], "uv_size": [0.5, 0.5]},
								"down": {"uv": [15, 39.5], "uv_size": [0.5, -0.5]}
							}
						},
						{
							"origin": [-0.25, -3.01424, 5.53294],
							"size": [0.5, 1.07031, 0.96484],
							"inflate": 0.0003,
							"pivot": [0.2503, -1.94363, 5.53264],
							"rotation": [14.28835, 39.36459, 9.17583],
							"uv": {
								"north": {"uv": [30, 37], "uv_size": [0.5, 1]},
								"east": {"uv": [0, 34], "uv_size": [1, 1]},
								"south": {"uv": [31, 37], "uv_size": [0.5, 1]},
								"west": {"uv": [2, 35], "uv_size": [1, 1]},
								"up": {"uv": [32, 37], "uv_size": [0.5, 1]},
								"down": {"uv": [37, 33], "uv_size": [0.5, -1]}
							}
						},
						{
							"origin": [-0.25, -3.01424, 5.53294],
							"size": [0.5, 1.07031, 0.96484],
							"inflate": 0.0003,
							"pivot": [-0.2503, -1.94363, 5.53264],
							"rotation": [14.28835, -39.36459, -9.17583],
							"uv": {
								"north": {"uv": [33, 37], "uv_size": [0.5, 1]},
								"east": {"uv": [18, 35], "uv_size": [1, 1]},
								"south": {"uv": [37, 33], "uv_size": [0.5, 1]},
								"west": {"uv": [19, 35], "uv_size": [1, 1]},
								"up": {"uv": [34, 37], "uv_size": [0.5, 1]},
								"down": {"uv": [37, 35], "uv_size": [0.5, -1]}
							}
						},
						{
							"origin": [-1.21484, -3.41485, 0.446],
							"size": [0.96484, 0.21094, 6.13672],
							"pivot": [-0.25, -3.20392, 0.446],
							"rotation": [7.15851, 8.37386, -49.22527],
							"uv": {
								"north": {"uv": [35, 37], "uv_size": [1, 0.5]},
								"east": {"uv": [26, 7], "uv_size": [6, 0.5]},
								"south": {"uv": [37, 35], "uv_size": [1, 0.5]},
								"west": {"uv": [26, 8], "uv_size": [6, 0.5]},
								"up": {"uv": [2, 19], "uv_size": [1, 6]},
								"down": {"uv": [3, 25], "uv_size": [1, -6]}
							}
						},
						{
							"origin": [-0.25, -2.61087, 4.60533],
							"size": [0.5, 1.99219, 1.55078],
							"inflate": 0.0002,
							"pivot": [0.2502, -0.61848, 4.60513],
							"rotation": [35, 0, 0],
							"uv": {
								"north": {"uv": [20, 35], "uv_size": [0.5, 2]},
								"east": {"uv": [23, 26], "uv_size": [1.5, 2]},
								"south": {"uv": [21, 35], "uv_size": [0.5, 2]},
								"west": {"uv": [25, 26], "uv_size": [1.5, 2]},
								"up": {"uv": [37, 6], "uv_size": [0.5, 1.5]},
								"down": {"uv": [8, 38.5], "uv_size": [0.5, -1.5]}
							}
						},
						{
							"origin": [-0.25, -1.55446, -2.73861],
							"size": [0.5, 0.69922, 3.42188],
							"pivot": [0.25, -1.55446, -2.76595],
							"rotation": [5, 0, 0],
							"uv": {
								"north": {"uv": [39, 15], "uv_size": [0.5, 0.5]},
								"east": {"uv": [29, 30], "uv_size": [3.5, 0.5]},
								"south": {"uv": [16, 39], "uv_size": [0.5, 0.5]},
								"west": {"uv": [31, 0], "uv_size": [3.5, 0.5]},
								"up": {"uv": [22, 30], "uv_size": [0.5, 3.5]},
								"down": {"uv": [1, 34.5], "uv_size": [0.5, -3.5]}
							}
						},
						{
							"origin": [-0.25, -2.54446, 4.60533],
							"size": [0.5, 1.92578, 0.91797],
							"inflate": 0.0002,
							"pivot": [0.2502, -0.61848, 4.60513],
							"rotation": [43.75362, 33.9632, 28.14093],
							"uv": {
								"north": {"uv": [22, 35], "uv_size": [0.5, 2]},
								"east": {"uv": [23, 29], "uv_size": [1, 2]},
								"south": {"uv": [23, 35], "uv_size": [0.5, 2]},
								"west": {"uv": [24, 29], "uv_size": [1, 2]},
								"up": {"uv": [36, 37], "uv_size": [0.5, 1]},
								"down": {"uv": [37, 37], "uv_size": [0.5, -1]}
							}
						},
						{
							"origin": [-0.25, -2.54446, 4.60533],
							"size": [0.5, 1.92578, 0.91797],
							"inflate": 0.0002,
							"pivot": [-0.2502, -0.61848, 4.60513],
							"rotation": [43.75362, -33.9632, -28.14093],
							"uv": {
								"north": {"uv": [35, 23], "uv_size": [0.5, 2]},
								"east": {"uv": [25, 29], "uv_size": [1, 2]},
								"south": {"uv": [24, 35], "uv_size": [0.5, 2]},
								"west": {"uv": [26, 29], "uv_size": [1, 2]},
								"up": {"uv": [37, 37], "uv_size": [0.5, 1]},
								"down": {"uv": [0, 39], "uv_size": [0.5, -1]}
							}
						},
						{
							"origin": [0.6875, -1.14216, 4.36031],
							"size": [0.1875, 0.90625, 6.36328],
							"inflate": 0.0003,
							"pivot": [0.8753, -0.23561, 10.80202],
							"rotation": [0, 0, 43.6],
							"uv": {
								"north": {"uv": [38, 0], "uv_size": [0.5, 1]},
								"east": {"uv": [19, 7], "uv_size": [6.5, 1]},
								"south": {"uv": [1, 38], "uv_size": [0.5, 1]},
								"west": {"uv": [19, 8], "uv_size": [6.5, 1]},
								"up": {"uv": [6, 24], "uv_size": [0.5, 6.5]},
								"down": {"uv": [7, 30.5], "uv_size": [0.5, -6.5]}
							}
						},
						{
							"origin": [-0.875, -1.14216, 4.36031],
							"size": [0.1875, 0.90625, 6.36328],
							"inflate": 0.0003,
							"pivot": [-0.8753, -0.23561, 10.80202],
							"rotation": [0, 0, -43.6],
							"uv": {
								"north": {"uv": [38, 1], "uv_size": [0.5, 1]},
								"east": {"uv": [9, 19], "uv_size": [6.5, 1]},
								"south": {"uv": [2, 38], "uv_size": [0.5, 1]},
								"west": {"uv": [19, 9], "uv_size": [6.5, 1]},
								"up": {"uv": [8, 24], "uv_size": [0.5, 6.5]},
								"down": {"uv": [0, 31.5], "uv_size": [0.5, -6.5]}
							}
						},
						{
							"origin": [0.01563, -3.05284, 6.32038],
							"size": [0.85938, 0.99219, 0.26953],
							"pivot": [0.875, -2.06066, 6.32038],
							"rotation": [-35.55341, -37.42805, 23.47867],
							"uv": {
								"north": {"uv": [35, 19], "uv_size": [1, 1]},
								"east": {"uv": [38, 2], "uv_size": [0.5, 1]},
								"south": {"uv": [25, 35], "uv_size": [1, 1]},
								"west": {"uv": [3, 38], "uv_size": [0.5, 1]},
								"up": {"uv": [4, 38], "uv_size": [1, 0.5]},
								"down": {"uv": [38, 4.5], "uv_size": [1, -0.5]}
							}
						},
						{
							"origin": [-0.875, -3.05284, 6.32038],
							"size": [0.85938, 0.99219, 0.26953],
							"pivot": [-0.875, -2.06066, 6.32038],
							"rotation": [-35.55341, 37.42805, -23.47867],
							"uv": {
								"north": {"uv": [35, 25], "uv_size": [1, 1]},
								"east": {"uv": [5, 38], "uv_size": [0.5, 1]},
								"south": {"uv": [26, 35], "uv_size": [1, 1]},
								"west": {"uv": [38, 5], "uv_size": [0.5, 1]},
								"up": {"uv": [38, 6], "uv_size": [1, 0.5]},
								"down": {"uv": [7, 38.5], "uv_size": [1, -0.5]}
							}
						},
						{
							"origin": [-0.25, -1.55446, 2.88249],
							"size": [0.5, 0.92578, 1.98828],
							"pivot": [0.25, -1.55446, -2.76595],
							"rotation": [3.70534, -3.35949, 42.1413],
							"uv": {
								"north": {"uv": [38, 7], "uv_size": [0.5, 1]},
								"east": {"uv": [29, 23], "uv_size": [2, 1]},
								"south": {"uv": [38, 8], "uv_size": [0.5, 1]},
								"west": {"uv": [29, 25], "uv_size": [2, 1]},
								"up": {"uv": [35, 26], "uv_size": [0.5, 2]},
								"down": {"uv": [27, 37], "uv_size": [0.5, -2]}
							}
						},
						{
							"origin": [-0.25, -1.55446, 2.88639],
							"size": [0.5, 0.69922, 2.54688],
							"pivot": [0.25, -1.55446, -2.76595],
							"rotation": [5, 0, 0],
							"uv": {
								"north": {"uv": [39, 16], "uv_size": [0.5, 0.5]},
								"east": {"uv": [32, 4], "uv_size": [2.5, 0.5]},
								"south": {"uv": [17, 39], "uv_size": [0.5, 0.5]},
								"west": {"uv": [6, 32], "uv_size": [2.5, 0.5]},
								"up": {"uv": [32, 7], "uv_size": [0.5, 2.5]},
								"down": {"uv": [9, 34.5], "uv_size": [0.5, -2.5]}
							}
						},
						{
							"origin": [-0.25, -1.55446, 0.67936],
							"size": [0.5, 0.26172, 2.20703],
							"pivot": [0.25, -1.55446, -2.76595],
							"rotation": [5, 0, 0],
							"uv": {
								"north": {"uv": [39, 17], "uv_size": [0.5, 0.5]},
								"east": {"uv": [28, 35], "uv_size": [2, 0.5]},
								"south": {"uv": [18, 39], "uv_size": [0.5, 0.5]},
								"west": {"uv": [35, 28], "uv_size": [2, 0.5]},
								"up": {"uv": [30, 35], "uv_size": [0.5, 2]},
								"down": {"uv": [35, 32], "uv_size": [0.5, -2]}
							}
						},
						{
							"origin": [-0.67969, -1.0818, 0.67936],
							"size": [1.35938, 0.22656, 2.20703],
							"pivot": [0.25, -1.55446, -2.76595],
							"rotation": [5, 0, 0],
							"uv": {
								"north": {"uv": [9, 37], "uv_size": [1.5, 0.5]},
								"east": {"uv": [31, 35], "uv_size": [2, 0.5]},
								"south": {"uv": [37, 9], "uv_size": [1.5, 0.5]},
								"west": {"uv": [35, 32], "uv_size": [2, 0.5]},
								"up": {"uv": [27, 0], "uv_size": [1.5, 2]},
								"down": {"uv": [1, 29], "uv_size": [1.5, -2]}
							}
						},
						{
							"origin": [-0.25, -3.79765, -2.33614],
							"size": [0.5, 0.16797, 2.71094],
							"pivot": [0.25, -3.62968, -0.03145],
							"rotation": [64.5, 0, 0],
							"uv": {
								"north": {"uv": [39, 18], "uv_size": [0.5, 0.5]},
								"east": {"uv": [32, 10], "uv_size": [2.5, 0.5]},
								"south": {"uv": [19, 39], "uv_size": [0.5, 0.5]},
								"west": {"uv": [32, 11], "uv_size": [2.5, 0.5]},
								"up": {"uv": [32, 14], "uv_size": [0.5, 2.5]},
								"down": {"uv": [16, 34.5], "uv_size": [0.5, -2.5]}
							}
						},
						{
							"origin": [-1.17969, -3.79765, -2.64864],
							"size": [0.92969, 0.16797, 2.61719],
							"pivot": [-0.25, -3.62968, -0.03145],
							"rotation": [54.64819, 41.92136, -25.35888],
							"uv": {
								"north": {"uv": [9, 38], "uv_size": [1, 0.5]},
								"east": {"uv": [32, 12], "uv_size": [2.5, 0.5]},
								"south": {"uv": [10, 38], "uv_size": [1, 0.5]},
								"west": {"uv": [32, 17], "uv_size": [2.5, 0.5]},
								"up": {"uv": [3, 25], "uv_size": [1, 2.5]},
								"down": {"uv": [4, 29.5], "uv_size": [1, -2.5]}
							}
						},
						{
							"origin": [0.25, -3.79765, -2.64864],
							"size": [0.92969, 0.16797, 2.61719],
							"pivot": [0.25, -3.62968, -0.03145],
							"rotation": [54.64819, -41.92136, 25.35888],
							"uv": {
								"north": {"uv": [38, 10], "uv_size": [1, 0.5]},
								"east": {"uv": [32, 19], "uv_size": [2.5, 0.5]},
								"south": {"uv": [38, 11], "uv_size": [1, 0.5]},
								"west": {"uv": [23, 32], "uv_size": [2.5, 0.5]},
								"up": {"uv": [5, 27], "uv_size": [1, 2.5]},
								"down": {"uv": [9, 29.5], "uv_size": [1, -2.5]}
							}
						},
						{
							"origin": [-0.25, -0.91774, 0.68327],
							"size": [0.5, 0.28906, 2.19922],
							"pivot": [0.25, -1.55446, -2.76595],
							"rotation": [3.70534, -3.35949, 42.1413],
							"uv": {
								"north": {"uv": [39, 19], "uv_size": [0.5, 0.5]},
								"east": {"uv": [33, 35], "uv_size": [2, 0.5]},
								"south": {"uv": [20, 39], "uv_size": [0.5, 0.5]},
								"west": {"uv": [35, 33], "uv_size": [2, 0.5]},
								"up": {"uv": [35, 34], "uv_size": [0.5, 2]},
								"down": {"uv": [0, 38], "uv_size": [0.5, -2]}
							}
						},
						{
							"origin": [-0.25, -1.55446, 2.88249],
							"size": [0.5, 0.92578, 1.98828],
							"pivot": [-0.25, -1.55446, -2.76595],
							"rotation": [3.70534, 3.35949, -42.1413],
							"uv": {
								"north": {"uv": [38, 13], "uv_size": [0.5, 1]},
								"east": {"uv": [27, 29], "uv_size": [2, 1]},
								"south": {"uv": [14, 38], "uv_size": [0.5, 1]},
								"west": {"uv": [29, 29], "uv_size": [2, 1]},
								"up": {"uv": [1, 36], "uv_size": [0.5, 2]},
								"down": {"uv": [2, 38], "uv_size": [0.5, -2]}
							}
						},
						{
							"origin": [-0.25, -1.55446, -2.74251],
							"size": [0.5, 0.92578, 3.42578],
							"pivot": [-0.25, -1.55446, -2.76595],
							"rotation": [3.70534, 3.35949, -42.1413],
							"uv": {
								"north": {"uv": [38, 14], "uv_size": [0.5, 1]},
								"east": {"uv": [23, 13], "uv_size": [3.5, 1]},
								"south": {"uv": [15, 38], "uv_size": [0.5, 1]},
								"west": {"uv": [23, 18], "uv_size": [3.5, 1]},
								"up": {"uv": [31, 1], "uv_size": [0.5, 3.5]},
								"down": {"uv": [2, 34.5], "uv_size": [0.5, -3.5]}
							}
						},
						{
							"origin": [-0.25, -0.91774, 0.68327],
							"size": [0.5, 0.28906, 2.19922],
							"pivot": [-0.25, -1.55446, -2.76595],
							"rotation": [3.70534, 3.35949, -42.1413],
							"uv": {
								"north": {"uv": [39, 20], "uv_size": [0.5, 0.5]},
								"east": {"uv": [3, 36], "uv_size": [2, 0.5]},
								"south": {"uv": [21, 39], "uv_size": [0.5, 0.5]},
								"west": {"uv": [5, 36], "uv_size": [2, 0.5]},
								"up": {"uv": [36, 6], "uv_size": [0.5, 2]},
								"down": {"uv": [7, 38], "uv_size": [0.5, -2]}
							}
						},
						{
							"origin": [-0.25, -1.55446, -2.74251],
							"size": [0.5, 0.92578, 3.42578],
							"pivot": [0.25, -1.55446, -2.76595],
							"rotation": [3.70534, -3.35949, 42.1413],
							"uv": {
								"north": {"uv": [38, 15], "uv_size": [0.5, 1]},
								"east": {"uv": [22, 23], "uv_size": [3.5, 1]},
								"south": {"uv": [16, 38], "uv_size": [0.5, 1]},
								"west": {"uv": [24, 19], "uv_size": [3.5, 1]},
								"up": {"uv": [4, 31], "uv_size": [0.5, 3.5]},
								"down": {"uv": [5, 34.5], "uv_size": [0.5, -3.5]}
							}
						},
						{
							"origin": [-0.25, -6.00484, -2.01469],
							"size": [0.5, 0.29297, 1.62891],
							"inflate": 0.0003,
							"uv": {
								"north": {"uv": [0, 0], "uv_size": [0.5, 0.29297]},
								"east": {"uv": [0, 0], "uv_size": [1.62891, 0.29297]},
								"south": {"uv": [0, 0], "uv_size": [0.5, 0.29297]},
								"west": {"uv": [0, 0], "uv_size": [1.62891, 0.29297]},
								"up": {"uv": [0.5, 1.62891], "uv_size": [-0.5, -1.62891]},
								"down": {"uv": [0.5, 1.62891], "uv_size": [-0.5, -1.62891]}
							}
						},
						{
							"origin": [-0.875, -7.35656, -5.54436],
							"size": [1.75, 4.03906, 1.12891],
							"inflate": 0.0004,
							"pivot": [0.8753, -3.3172, -4.41516],
							"rotation": [26.25, 0, 0],
							"uv": {
								"north": {"uv": [12, 14], "uv_size": [2, 4]},
								"east": {"uv": [9, 23], "uv_size": [1, 4]},
								"south": {"uv": [14, 14], "uv_size": [2, 4]},
								"west": {"uv": [10, 23], "uv_size": [1, 4]},
								"up": {"uv": [1, 30], "uv_size": [2, 1]},
								"down": {"uv": [4, 31], "uv_size": [2, -1]}
							}
						},
						{
							"origin": [-0.875, -5.11422, -5.15922],
							"size": [1.75, 0.5, 0.5],
							"inflate": 0.0003,
							"pivot": [0.8753, -4.86392, -4.90892],
							"rotation": [72, 0, 0],
							"uv": {
								"north": {"uv": [8, 36], "uv_size": [2, 0.5]},
								"east": {"uv": [39, 21], "uv_size": [0.5, 0.5]},
								"south": {"uv": [36, 8], "uv_size": [2, 0.5]},
								"west": {"uv": [22, 39], "uv_size": [0.5, 0.5]},
								"up": {"uv": [10, 36], "uv_size": [2, 0.5]},
								"down": {"uv": [12, 36.5], "uv_size": [2, -0.5]}
							}
						},
						{
							"origin": [-0.875, -6.11422, -4.65922],
							"size": [1.75, 0.5, 0.5],
							"inflate": 0.0003,
							"pivot": [0.8753, -5.86392, -4.40892],
							"rotation": [71.5, 0, 0],
							"uv": {
								"north": {"uv": [36, 13], "uv_size": [2, 0.5]},
								"east": {"uv": [39, 22], "uv_size": [0.5, 0.5]},
								"south": {"uv": [14, 36], "uv_size": [2, 0.5]},
								"west": {"uv": [23, 39], "uv_size": [0.5, 0.5]},
								"up": {"uv": [36, 14], "uv_size": [2, 0.5]},
								"down": {"uv": [36, 15.5], "uv_size": [2, -0.5]}
							}
						},
						{
							"origin": [-0.875, -7.36031, -4.57328],
							"size": [1.75, 0.80859, 0.88672],
							"inflate": 0.0003,
							"pivot": [0.8753, -6.80142, -3.93626],
							"rotation": [71.5, 0, 0],
							"uv": {
								"north": {"uv": [9, 30], "uv_size": [2, 1]},
								"east": {"uv": [16, 36], "uv_size": [1, 1]},
								"south": {"uv": [13, 30], "uv_size": [2, 1]},
								"west": {"uv": [17, 36], "uv_size": [1, 1]},
								"up": {"uv": [16, 30], "uv_size": [2, 1]},
								"down": {"uv": [18, 31], "uv_size": [2, -1]}
							}
						},
						{
							"origin": [-0.8747, -7.58429, -4.37557],
							"size": [1.75, 0.25781, 0.76562],
							"uv": {
								"north": {"uv": [18, 36], "uv_size": [2, 0.5]},
								"east": {"uv": [17, 38], "uv_size": [1, 0.5]},
								"south": {"uv": [36, 18], "uv_size": [2, 0.5]},
								"west": {"uv": [38, 17], "uv_size": [1, 0.5]},
								"up": {"uv": [30, 19], "uv_size": [2, 1]},
								"down": {"uv": [20, 31], "uv_size": [2, -1]}
							}
						},
						{
							"origin": [-1.26562, -3.47374, 0.14308],
							"size": [0.85156, 0.21094, 0.29297],
							"pivot": [-0.25, -3.2628, 0.14308],
							"rotation": [7.88227, 25.97392, -46.80329],
							"uv": {
								"north": {"uv": [18, 38], "uv_size": [1, 0.5]},
								"east": {"uv": [39, 23], "uv_size": [0.5, 0.5]},
								"south": {"uv": [38, 18], "uv_size": [1, 0.5]},
								"west": {"uv": [24, 39], "uv_size": [0.5, 0.5]},
								"up": {"uv": [19, 38], "uv_size": [1, 0.5]},
								"down": {"uv": [38, 19.5], "uv_size": [1, -0.5]}
							}
						},
						{
							"origin": [-1.26562, -3.43077, -0.23192],
							"size": [0.85156, 0.16797, 0.375],
							"pivot": [-0.25, -3.2628, 0.14308],
							"rotation": [42.46339, 25.98538, -46.79286],
							"uv": {
								"north": {"uv": [20, 38], "uv_size": [1, 0.5]},
								"east": {"uv": [39, 24], "uv_size": [0.5, 0.5]},
								"south": {"uv": [38, 20], "uv_size": [1, 0.5]},
								"west": {"uv": [25, 39], "uv_size": [0.5, 0.5]},
								"up": {"uv": [21, 38], "uv_size": [1, 0.5]},
								"down": {"uv": [38, 21.5], "uv_size": [1, -0.5]}
							}
						},
						{
							"origin": [-0.41406, -3.47374, 0.14308],
							"size": [0.07031, 0.21094, 0.29297],
							"pivot": [-0.25, -3.2628, 0.14308],
							"rotation": [7.86568, 25.72628, -46.84135],
							"uv": {
								"north": {"uv": [39, 25], "uv_size": [0.5, 0.5]},
								"east": {"uv": [26, 39], "uv_size": [0.5, 0.5]},
								"south": {"uv": [39, 26], "uv_size": [0.5, 0.5]},
								"west": {"uv": [27, 39], "uv_size": [0.5, 0.5]},
								"up": {"uv": [39, 27], "uv_size": [0.5, 0.5]},
								"down": {"uv": [28, 39.5], "uv_size": [0.5, -0.5]}
							}
						},
						{
							"origin": [-0.33984, -3.46852, 0.17382],
							"size": [0.08984, 0.21094, 0.27734],
							"pivot": [-0.25, -3.25758, 0.16992],
							"rotation": [7.15851, 8.37386, -49.22527],
							"uv": {
								"north": {"uv": [39, 28], "uv_size": [0.5, 0.5]},
								"east": {"uv": [29, 39], "uv_size": [0.5, 0.5]},
								"south": {"uv": [39, 29], "uv_size": [0.5, 0.5]},
								"west": {"uv": [30, 39], "uv_size": [0.5, 0.5]},
								"up": {"uv": [39, 30], "uv_size": [0.5, 0.5]},
								"down": {"uv": [31, 39.5], "uv_size": [0.5, -0.5]}
							}
						},
						{
							"origin": [-0.40234, -3.43098, -0.27062],
							"size": [0.15234, 0.16797, 0.34766],
							"pivot": [-0.25, -3.26301, 0.14344],
							"rotation": [54.64819, 41.92136, -25.35888],
							"uv": {
								"north": {"uv": [39, 31], "uv_size": [0.5, 0.5]},
								"east": {"uv": [32, 39], "uv_size": [0.5, 0.5]},
								"south": {"uv": [39, 32], "uv_size": [0.5, 0.5]},
								"west": {"uv": [33, 39], "uv_size": [0.5, 0.5]},
								"up": {"uv": [39, 33], "uv_size": [0.5, 0.5]},
								"down": {"uv": [34, 39.5], "uv_size": [0.5, -0.5]}
							}
						},
						{
							"origin": [-0.34375, -3.48155, 0.14308],
							"size": [0.08203, 0.21875, 0.03125],
							"pivot": [-0.25, -3.2628, 0.14308],
							"rotation": [7.86568, 25.72628, -46.84135],
							"uv": {
								"north": {"uv": [39, 34], "uv_size": [0.5, 0.5]},
								"east": {"uv": [35, 39], "uv_size": [0.5, 0.5]},
								"south": {"uv": [39, 35], "uv_size": [0.5, 0.5]},
								"west": {"uv": [36, 39], "uv_size": [0.5, 0.5]},
								"up": {"uv": [39, 36], "uv_size": [0.5, 0.5]},
								"down": {"uv": [37, 39.5], "uv_size": [0.5, -0.5]}
							}
						},
						{
							"origin": [-0.40351, -3.44898, 0.09284],
							"size": [0.13672, 0.16797, 0.0625],
							"pivot": [-0.2668, -3.28101, 0.15534],
							"rotation": [42.38152, 25.80083, -46.98033],
							"uv": {
								"north": {"uv": [39, 37], "uv_size": [0.5, 0.5]},
								"east": {"uv": [38, 39], "uv_size": [0.5, 0.5]},
								"south": {"uv": [39, 38], "uv_size": [0.5, 0.5]},
								"west": {"uv": [39, 39], "uv_size": [0.5, 0.5]},
								"up": {"uv": [0, 40], "uv_size": [0.5, 0.5]},
								"down": {"uv": [40, 0.5], "uv_size": [0.5, -0.5]}
							}
						},
						{
							"origin": [-0.27734, -3.43098, 0.08094],
							"size": [0.02734, 0.16797, 0.05078],
							"pivot": [-0.25, -3.26301, 0.14344],
							"rotation": [54.83196, 42.06568, -25.08422],
							"uv": {
								"north": {"uv": [1, 40], "uv_size": [0.5, 0.5]},
								"east": {"uv": [40, 1], "uv_size": [0.5, 0.5]},
								"south": {"uv": [2, 40], "uv_size": [0.5, 0.5]},
								"west": {"uv": [40, 2], "uv_size": [0.5, 0.5]},
								"up": {"uv": [3, 40], "uv_size": [0.5, 0.5]},
								"down": {"uv": [40, 3.5], "uv_size": [0.5, -0.5]}
							}
						},
						{
							"origin": [-0.26172, -3.41485, 0.14131],
							"size": [0.01172, 0.21094, 0.03906],
							"pivot": [-0.25, -3.20392, 0.446],
							"rotation": [7.15851, 8.37386, -49.22527],
							"uv": {
								"north": {"uv": [4, 40], "uv_size": [0.5, 0.5]},
								"east": {"uv": [40, 4], "uv_size": [0.5, 0.5]},
								"south": {"uv": [5, 40], "uv_size": [0.5, 0.5]},
								"west": {"uv": [40, 5], "uv_size": [0.5, 0.5]},
								"up": {"uv": [6, 40], "uv_size": [0.5, 0.5]},
								"down": {"uv": [40, 6.5], "uv_size": [0.5, -0.5]}
							}
						},
						{
							"origin": [-0.27734, -3.43077, 0.13136],
							"size": [0.02344, 0.16797, 0.01172],
							"pivot": [-0.25, -3.2628, 0.14308],
							"rotation": [42.46339, 25.98538, -46.79286],
							"uv": {
								"north": {"uv": [7, 40], "uv_size": [0.5, 0.5]},
								"east": {"uv": [40, 7], "uv_size": [0.5, 0.5]},
								"south": {"uv": [8, 40], "uv_size": [0.5, 0.5]},
								"west": {"uv": [40, 8], "uv_size": [0.5, 0.5]},
								"up": {"uv": [9, 40], "uv_size": [0.5, 0.5]},
								"down": {"uv": [40, 9.5], "uv_size": [0.5, -0.5]}
							}
						},
						{
							"origin": [0.41406, -3.43077, -0.23192],
							"size": [0.85156, 0.16797, 0.375],
							"pivot": [0.25, -3.2628, 0.14308],
							"rotation": [42.46339, -25.98538, 46.79286],
							"uv": {
								"north": {"uv": [22, 38], "uv_size": [1, 0.5]},
								"east": {"uv": [10, 40], "uv_size": [0.5, 0.5]},
								"south": {"uv": [38, 22], "uv_size": [1, 0.5]},
								"west": {"uv": [40, 10], "uv_size": [0.5, 0.5]},
								"up": {"uv": [23, 38], "uv_size": [1, 0.5]},
								"down": {"uv": [38, 23.5], "uv_size": [1, -0.5]}
							}
						},
						{
							"origin": [0.25, -3.43098, -0.27062],
							"size": [0.15234, 0.16797, 0.34766],
							"pivot": [0.25, -3.26301, 0.14344],
							"rotation": [54.64819, -41.92136, 25.35888],
							"uv": {
								"north": {"uv": [11, 40], "uv_size": [0.5, 0.5]},
								"east": {"uv": [40, 11], "uv_size": [0.5, 0.5]},
								"south": {"uv": [12, 40], "uv_size": [0.5, 0.5]},
								"west": {"uv": [40, 12], "uv_size": [0.5, 0.5]},
								"up": {"uv": [13, 40], "uv_size": [0.5, 0.5]},
								"down": {"uv": [40, 13.5], "uv_size": [0.5, -0.5]}
							}
						},
						{
							"origin": [0.34375, -3.47374, 0.14308],
							"size": [0.07031, 0.21094, 0.29297],
							"pivot": [0.25, -3.2628, 0.14308],
							"rotation": [7.86568, -25.72628, 46.84135],
							"uv": {
								"north": {"uv": [14, 40], "uv_size": [0.5, 0.5]},
								"east": {"uv": [40, 14], "uv_size": [0.5, 0.5]},
								"south": {"uv": [15, 40], "uv_size": [0.5, 0.5]},
								"west": {"uv": [40, 15], "uv_size": [0.5, 0.5]},
								"up": {"uv": [16, 40], "uv_size": [0.5, 0.5]},
								"down": {"uv": [40, 16.5], "uv_size": [0.5, -0.5]}
							}
						},
						{
							"origin": [0.25, -3.46852, 0.17382],
							"size": [0.08984, 0.21094, 0.27734],
							"pivot": [0.25, -3.25758, 0.16992],
							"rotation": [7.15851, -8.37386, 49.22527],
							"uv": {
								"north": {"uv": [17, 40], "uv_size": [0.5, 0.5]},
								"east": {"uv": [40, 17], "uv_size": [0.5, 0.5]},
								"south": {"uv": [18, 40], "uv_size": [0.5, 0.5]},
								"west": {"uv": [40, 18], "uv_size": [0.5, 0.5]},
								"up": {"uv": [19, 40], "uv_size": [0.5, 0.5]},
								"down": {"uv": [40, 19.5], "uv_size": [0.5, -0.5]}
							}
						},
						{
							"origin": [0.2668, -3.44898, 0.09284],
							"size": [0.13672, 0.16797, 0.0625],
							"pivot": [0.2668, -3.28101, 0.15534],
							"rotation": [42.38152, -25.80083, 46.98033],
							"uv": {
								"north": {"uv": [20, 40], "uv_size": [0.5, 0.5]},
								"east": {"uv": [40, 20], "uv_size": [0.5, 0.5]},
								"south": {"uv": [21, 40], "uv_size": [0.5, 0.5]},
								"west": {"uv": [40, 21], "uv_size": [0.5, 0.5]},
								"up": {"uv": [22, 40], "uv_size": [0.5, 0.5]},
								"down": {"uv": [40, 22.5], "uv_size": [0.5, -0.5]}
							}
						},
						{
							"origin": [0.25, -3.43098, 0.08094],
							"size": [0.02734, 0.16797, 0.05078],
							"pivot": [0.25, -3.26301, 0.14344],
							"rotation": [54.83196, -42.06568, 25.08422],
							"uv": {
								"north": {"uv": [23, 40], "uv_size": [0.5, 0.5]},
								"east": {"uv": [40, 23], "uv_size": [0.5, 0.5]},
								"south": {"uv": [24, 40], "uv_size": [0.5, 0.5]},
								"west": {"uv": [40, 24], "uv_size": [0.5, 0.5]},
								"up": {"uv": [25, 40], "uv_size": [0.5, 0.5]},
								"down": {"uv": [40, 25.5], "uv_size": [0.5, -0.5]}
							}
						},
						{
							"origin": [0.26172, -3.48155, 0.14308],
							"size": [0.08203, 0.21875, 0.03125],
							"pivot": [0.25, -3.2628, 0.14308],
							"rotation": [7.86568, -25.72628, 46.84135],
							"uv": {
								"north": {"uv": [26, 40], "uv_size": [0.5, 0.5]},
								"east": {"uv": [40, 26], "uv_size": [0.5, 0.5]},
								"south": {"uv": [27, 40], "uv_size": [0.5, 0.5]},
								"west": {"uv": [40, 27], "uv_size": [0.5, 0.5]},
								"up": {"uv": [28, 40], "uv_size": [0.5, 0.5]},
								"down": {"uv": [40, 28.5], "uv_size": [0.5, -0.5]}
							}
						},
						{
							"origin": [0.25391, -3.43077, 0.13136],
							"size": [0.02344, 0.16797, 0.01172],
							"pivot": [0.25, -3.2628, 0.14308],
							"rotation": [42.46339, -25.98538, 46.79286],
							"uv": {
								"north": {"uv": [29, 40], "uv_size": [0.5, 0.5]},
								"east": {"uv": [40, 29], "uv_size": [0.5, 0.5]},
								"south": {"uv": [30, 40], "uv_size": [0.5, 0.5]},
								"west": {"uv": [40, 30], "uv_size": [0.5, 0.5]},
								"up": {"uv": [31, 40], "uv_size": [0.5, 0.5]},
								"down": {"uv": [40, 31.5], "uv_size": [0.5, -0.5]}
							}
						},
						{
							"origin": [0.41406, -3.47374, 0.14308],
							"size": [0.85156, 0.21094, 0.29297],
							"pivot": [0.25, -3.2628, 0.14308],
							"rotation": [7.88227, -25.97392, 46.80329],
							"uv": {
								"north": {"uv": [24, 38], "uv_size": [1, 0.5]},
								"east": {"uv": [32, 40], "uv_size": [0.5, 0.5]},
								"south": {"uv": [38, 24], "uv_size": [1, 0.5]},
								"west": {"uv": [40, 32], "uv_size": [0.5, 0.5]},
								"up": {"uv": [25, 38], "uv_size": [1, 0.5]},
								"down": {"uv": [38, 25.5], "uv_size": [1, -0.5]}
							}
						},
						{
							"origin": [0.25, -3.41485, 0.14131],
							"size": [0.01172, 0.21094, 0.03906],
							"pivot": [0.25, -3.20392, 0.446],
							"rotation": [7.15851, -8.37386, 49.22527],
							"uv": {
								"north": {"uv": [33, 40], "uv_size": [0.5, 0.5]},
								"east": {"uv": [40, 33], "uv_size": [0.5, 0.5]},
								"south": {"uv": [34, 40], "uv_size": [0.5, 0.5]},
								"west": {"uv": [40, 34], "uv_size": [0.5, 0.5]},
								"up": {"uv": [35, 40], "uv_size": [0.5, 0.5]},
								"down": {"uv": [40, 35.5], "uv_size": [0.5, -0.5]}
							}
						},
						{
							"origin": [-0.25, -2.67989, 1.65764],
							"size": [0.5, 0.4375, 8.23828],
							"inflate": 0.0003,
							"pivot": [0.5, -0.25802, 10.16546],
							"rotation": [11, 0, 0],
							"uv": {
								"north": {"uv": [36, 40], "uv_size": [0.5, 0.5]},
								"east": {"uv": [23, 3], "uv_size": [8, 0.5]},
								"south": {"uv": [40, 36], "uv_size": [0.5, 0.5]},
								"west": {"uv": [23, 4], "uv_size": [8, 0.5]},
								"up": {"uv": [11, 23], "uv_size": [0.5, 8]},
								"down": {"uv": [12, 31], "uv_size": [0.5, -8]}
							}
						},
						{
							"origin": [0.11328, -2.19767, 2.03554],
							"size": [0.76172, 0.35937, 8.23828],
							"inflate": 0.0003,
							"pivot": [0.8753, -2.19797, 10.58662],
							"rotation": [9.04709, 6.28324, -34.5024],
							"uv": {
								"north": {"uv": [26, 38], "uv_size": [1, 0.5]},
								"east": {"uv": [23, 5], "uv_size": [8, 0.5]},
								"south": {"uv": [38, 26], "uv_size": [1, 0.5]},
								"west": {"uv": [23, 10], "uv_size": [8, 0.5]},
								"up": {"uv": [6, 16], "uv_size": [1, 8]},
								"down": {"uv": [16, 14], "uv_size": [1, -8]}
							}
						},
						{
							"origin": [-0.875, -2.19767, 2.03554],
							"size": [0.76172, 0.35937, 8.23828],
							"inflate": 0.0003,
							"pivot": [-0.8753, -2.19797, 10.58662],
							"rotation": [9.04709, -6.28324, 34.5024],
							"uv": {
								"north": {"uv": [27, 38], "uv_size": [1, 0.5]},
								"east": {"uv": [23, 11], "uv_size": [8, 0.5]},
								"south": {"uv": [38, 27], "uv_size": [1, 0.5]},
								"west": {"uv": [23, 12], "uv_size": [8, 0.5]},
								"up": {"uv": [7, 16], "uv_size": [1, 8]},
								"down": {"uv": [8, 24], "uv_size": [1, -8]}
							}
						},
						{
							"origin": [-0.25, -5.12028, 1.87205],
							"size": [0.5, 0.9375, 0.51953],
							"pivot": [0.875, -4.18278, 1.39159],
							"rotation": [46, 0, 0],
							"uv": {
								"north": {"uv": [28, 38], "uv_size": [0.5, 1]},
								"east": {"uv": [38, 28], "uv_size": [0.5, 1]},
								"south": {"uv": [29, 38], "uv_size": [0.5, 1]},
								"west": {"uv": [38, 29], "uv_size": [0.5, 1]},
								"up": {"uv": [37, 40], "uv_size": [0.5, 0.5]},
								"down": {"uv": [40, 37.5], "uv_size": [0.5, -0.5]}
							}
						},
						{
							"origin": [-0.25, -5.12028, -0.69045],
							"size": [0.5, 0.9375, 0.33203],
							"pivot": [0.875, -4.18278, 1.39159],
							"rotation": [46, 0, 0],
							"uv": {
								"north": {"uv": [30, 38], "uv_size": [0.5, 1]},
								"east": {"uv": [38, 30], "uv_size": [0.5, 1]},
								"south": {"uv": [31, 38], "uv_size": [0.5, 1]},
								"west": {"uv": [38, 31], "uv_size": [0.5, 1]},
								"up": {"uv": [38, 40], "uv_size": [0.5, 0.5]},
								"down": {"uv": [40, 38.5], "uv_size": [0.5, -0.5]}
							}
						},
						{
							"origin": [-0.25, -4.77262, -0.35841],
							"size": [0.5, 0.58984, 2.23047],
							"pivot": [0.875, -4.18278, 1.39159],
							"rotation": [46, 0, 0],
							"uv": {
								"north": {"uv": [39, 40], "uv_size": [0.5, 0.5]},
								"east": {"uv": [36, 19], "uv_size": [2, 0.5]},
								"south": {"uv": [40, 39], "uv_size": [0.5, 0.5]},
								"west": {"uv": [36, 20], "uv_size": [2, 0.5]},
								"up": {"uv": [36, 21], "uv_size": [0.5, 2]},
								"down": {"uv": [36, 25], "uv_size": [0.5, -2]}
							}
						},
						{
							"origin": [-0.25, -5.20622, -0.69045],
							"size": [0.5, 0.20313, 3.39453],
							"pivot": [0.875, -4.18278, 1.39159],
							"rotation": [46, 0, 0],
							"uv": {
								"north": {"uv": [40, 40], "uv_size": [0.5, 0.5]},
								"east": {"uv": [31, 5], "uv_size": [3.5, 0.5]},
								"south": {"uv": [0, 41], "uv_size": [0.5, 0.5]},
								"west": {"uv": [6, 31], "uv_size": [3.5, 0.5]},
								"up": {"uv": [31, 9], "uv_size": [0.5, 3.5]},
								"down": {"uv": [10, 34.5], "uv_size": [0.5, -3.5]}
							}
						},
						{
							"origin": [0.14844, -4.43785, -0.6685],
							"size": [0.72656, 0.36719, 3.19922],
							"pivot": [0.875, -4.43785, 1.65572],
							"rotation": [42.5683, 19.39958, -19.88081],
							"uv": {
								"north": {"uv": [41, 0], "uv_size": [0.5, 0.5]},
								"east": {"uv": [16, 31], "uv_size": [3, 0.5]},
								"south": {"uv": [1, 41], "uv_size": [0.5, 0.5]},
								"west": {"uv": [31, 18], "uv_size": [3, 0.5]},
								"up": {"uv": [13, 31], "uv_size": [0.5, 3]},
								"down": {"uv": [14, 34], "uv_size": [0.5, -3]}
							}
						},
						{
							"origin": [-0.25, -6.65951, -2.63665],
							"size": [0.5, 0.78906, 3.17969],
							"inflate": 0.0001,
							"pivot": [0.5, -6.15951, -0.08196],
							"rotation": [22, 0, 0],
							"uv": {
								"north": {"uv": [32, 38], "uv_size": [0.5, 1]},
								"east": {"uv": [26, 9], "uv_size": [3, 1]},
								"south": {"uv": [38, 32], "uv_size": [0.5, 1]},
								"west": {"uv": [26, 23], "uv_size": [3, 1]},
								"up": {"uv": [19, 31], "uv_size": [0.5, 3]},
								"down": {"uv": [20, 34], "uv_size": [0.5, -3]}
							}
						},
						{
							"origin": [-0.875, -4.43785, -0.6685],
							"size": [0.66406, 0.36719, 3.19922],
							"pivot": [-0.875, -4.43785, 1.65572],
							"rotation": [44.2635, -14.06822, 14.00431],
							"uv": {
								"north": {"uv": [41, 1], "uv_size": [0.5, 0.5]},
								"east": {"uv": [31, 20], "uv_size": [3, 0.5]},
								"south": {"uv": [2, 41], "uv_size": [0.5, 0.5]},
								"west": {"uv": [23, 31], "uv_size": [3, 0.5]},
								"up": {"uv": [21, 31], "uv_size": [0.5, 3]},
								"down": {"uv": [26, 34], "uv_size": [0.5, -3]}
							}
						},
						{
							"origin": [-0.875, -6.10975, -3.89632],
							"size": [1.75, 0.28906, 3.9375],
							"pivot": [0.875, -6.10975, 0.04118],
							"rotation": [22, 0, 0],
							"uv": {
								"north": {"uv": [25, 36], "uv_size": [2, 0.5]},
								"east": {"uv": [30, 21], "uv_size": [4, 0.5]},
								"south": {"uv": [36, 25], "uv_size": [2, 0.5]},
								"west": {"uv": [30, 22], "uv_size": [4, 0.5]},
								"up": {"uv": [16, 14], "uv_size": [2, 4]},
								"down": {"uv": [17, 10], "uv_size": [2, -4]}
							}
						},
						{
							"origin": [0.07422, -6.10975, -2.64632],
							"size": [0.80078, 0.52906, 2.6875],
							"pivot": [0.875, -6.10975, 0.04118],
							"rotation": [17.48932, 13.56068, -36.65455],
							"uv": {
								"north": {"uv": [33, 38], "uv_size": [1, 0.5]},
								"east": {"uv": [32, 24], "uv_size": [2.5, 0.5]},
								"south": {"uv": [38, 33], "uv_size": [1, 0.5]},
								"west": {"uv": [32, 26], "uv_size": [2.5, 0.5]},
								"up": {"uv": [10, 27], "uv_size": [1, 2.5]},
								"down": {"uv": [21, 29.5], "uv_size": [1, -2.5]}
							}
						},
						{
							"origin": [-0.875, -6.10975, -2.64632],
							"size": [0.80078, 0.52906, 2.6875],
							"pivot": [-0.875, -6.10975, 0.04118],
							"rotation": [17.48932, -13.56068, 36.65455],
							"uv": {
								"north": {"uv": [34, 38], "uv_size": [1, 0.5]},
								"east": {"uv": [32, 27], "uv_size": [2.5, 0.5]},
								"south": {"uv": [38, 34], "uv_size": [1, 0.5]},
								"west": {"uv": [32, 28], "uv_size": [2.5, 0.5]},
								"up": {"uv": [22, 27], "uv_size": [1, 2.5]},
								"down": {"uv": [27, 28.5], "uv_size": [1, -2.5]}
							}
						},
						{
							"origin": [-0.875, -6.94234, -3.01078],
							"size": [1.75, 0.61328, 0.9375],
							"inflate": 0.0003,
							"uv": {
								"north": {"uv": [36, 26], "uv_size": [2, 0.5]},
								"east": {"uv": [35, 38], "uv_size": [1, 0.5]},
								"south": {"uv": [36, 27], "uv_size": [2, 0.5]},
								"west": {"uv": [38, 35], "uv_size": [1, 0.5]},
								"up": {"uv": [30, 26], "uv_size": [2, 1]},
								"down": {"uv": [27, 31], "uv_size": [2, -1]}
							}
						},
						{
							"origin": [-0.875, -6.63375, -2.07328],
							"size": [1.75, 0.30469, 0.80859],
							"inflate": 0.0003,
							"uv": {
								"north": {"uv": [28, 36], "uv_size": [2, 0.5]},
								"east": {"uv": [36, 38], "uv_size": [1, 0.5]},
								"south": {"uv": [36, 29], "uv_size": [2, 0.5]},
								"west": {"uv": [38, 36], "uv_size": [1, 0.5]},
								"up": {"uv": [30, 27], "uv_size": [2, 1]},
								"down": {"uv": [30, 29], "uv_size": [2, -1]}
							}
						},
						{
							"origin": [-0.875, -6.74313, -2.07328],
							"size": [1.75, 0.10938, 0.08984],
							"inflate": 0.0003,
							"uv": {
								"north": {"uv": [36, 30], "uv_size": [2, 0.5]},
								"east": {"uv": [41, 2], "uv_size": [0.5, 0.5]},
								"south": {"uv": [31, 36], "uv_size": [2, 0.5]},
								"west": {"uv": [3, 41], "uv_size": [0.5, 0.5]},
								"up": {"uv": [36, 31], "uv_size": [2, 0.5]},
								"down": {"uv": [33, 36.5], "uv_size": [2, -0.5]}
							}
						},
						{
							"origin": [-0.25, -4.50484, -4.26469],
							"size": [0.5, 2.30078, 0.37891],
							"inflate": 0.0003,
							"uv": {
								"north": {"uv": [17, 32], "uv_size": [0.5, 2.5]},
								"east": {"uv": [18, 32], "uv_size": [0.5, 2.5]},
								"south": {"uv": [32, 31], "uv_size": [0.5, 2.5]},
								"west": {"uv": [3, 33], "uv_size": [0.5, 2.5]},
								"up": {"uv": [41, 3], "uv_size": [0.5, 0.5]},
								"down": {"uv": [4, 41.5], "uv_size": [0.5, -0.5]}
							}
						},
						{
							"origin": [0.14844, -4.50484, -4.63969],
							"size": [0.72656, 2.30078, 0.37891],
							"inflate": 0.0003,
							"pivot": [0.8753, -2.20376, -4.26048],
							"rotation": [0, 31, 0],
							"uv": {
								"north": {"uv": [6, 33], "uv_size": [0.5, 2.5]},
								"east": {"uv": [33, 6], "uv_size": [0.5, 2.5]},
								"south": {"uv": [7, 33], "uv_size": [0.5, 2.5]},
								"west": {"uv": [8, 33], "uv_size": [0.5, 2.5]},
								"up": {"uv": [41, 4], "uv_size": [0.5, 0.5]},
								"down": {"uv": [5, 41.5], "uv_size": [0.5, -0.5]}
							}
						},
						{
							"origin": [-0.875, -4.50484, -4.63969],
							"size": [0.72656, 2.30078, 0.37891],
							"inflate": 0.0003,
							"pivot": [-0.8753, -2.20376, -4.26048],
							"rotation": [0, -31, 0],
							"uv": {
								"north": {"uv": [11, 33], "uv_size": [0.5, 2.5]},
								"east": {"uv": [12, 33], "uv_size": [0.5, 2.5]},
								"south": {"uv": [33, 13], "uv_size": [0.5, 2.5]},
								"west": {"uv": [15, 33], "uv_size": [0.5, 2.5]},
								"up": {"uv": [41, 5], "uv_size": [0.5, 0.5]},
								"down": {"uv": [6, 41.5], "uv_size": [0.5, -0.5]}
							}
						},
						{
							"origin": [-0.25, -7.35656, -4.48186],
							"size": [0.5, 4.41406, 0.81641],
							"inflate": 0.0003,
							"pivot": [0.8753, -3.3172, -4.41516],
							"rotation": [26.25, 0, 0],
							"uv": {
								"north": {"uv": [3, 28], "uv_size": [0.5, 4.5]},
								"east": {"uv": [15, 20], "uv_size": [1, 4.5]},
								"south": {"uv": [15, 28], "uv_size": [0.5, 4.5]},
								"west": {"uv": [16, 20], "uv_size": [1, 4.5]},
								"up": {"uv": [37, 38], "uv_size": [0.5, 1]},
								"down": {"uv": [38, 38], "uv_size": [0.5, -1]}
							}
						},
						{
							"origin": [-0.25, -6.63375, -2.07328],
							"size": [0.5, 0.99219, 1.74609],
							"inflate": 0.0003,
							"uv": {
								"north": {"uv": [38, 38], "uv_size": [0.5, 1]},
								"east": {"uv": [31, 23], "uv_size": [1.5, 1]},
								"south": {"uv": [0, 39], "uv_size": [0.5, 1]},
								"west": {"uv": [31, 25], "uv_size": [1.5, 1]},
								"up": {"uv": [37, 10], "uv_size": [0.5, 1.5]},
								"down": {"uv": [11, 38.5], "uv_size": [0.5, -1.5]}
							}
						},
						{
							"origin": [-0.25, -6.94234, -3.01078],
							"size": [0.5, 1.30078, 0.9375],
							"inflate": 0.0003,
							"uv": {
								"north": {"uv": [12, 37], "uv_size": [0.5, 1.5]},
								"east": {"uv": [27, 31], "uv_size": [1, 1.5]},
								"south": {"uv": [13, 37], "uv_size": [0.5, 1.5]},
								"west": {"uv": [28, 31], "uv_size": [1, 1.5]},
								"up": {"uv": [39, 0], "uv_size": [0.5, 1]},
								"down": {"uv": [1, 40], "uv_size": [0.5, -1]}
							}
						},
						{
							"origin": [-0.05469, -6.94234, -3.01078],
							"size": [0.92969, 0.61328, 0.9375],
							"inflate": 0.0003,
							"pivot": [0.8753, -6.32876, -2.07298],
							"rotation": [0, 0, 47.75],
							"uv": {
								"north": {"uv": [39, 1], "uv_size": [1, 0.5]},
								"east": {"uv": [2, 39], "uv_size": [1, 0.5]},
								"south": {"uv": [39, 2], "uv_size": [1, 0.5]},
								"west": {"uv": [3, 39], "uv_size": [1, 0.5]},
								"up": {"uv": [36, 34], "uv_size": [1, 1]},
								"down": {"uv": [35, 37], "uv_size": [1, -1]}
							}
						},
						{
							"origin": [-0.05469, -6.63375, -2.07328],
							"size": [0.92969, 0.30469, 1.49609],
							"inflate": 0.0003,
							"pivot": [0.8753, -6.32876, -1.26439],
							"rotation": [0, 0, 47.75],
							"uv": {
								"north": {"uv": [39, 3], "uv_size": [1, 0.5]},
								"east": {"uv": [37, 12], "uv_size": [1.5, 0.5]},
								"south": {"uv": [4, 39], "uv_size": [1, 0.5]},
								"west": {"uv": [14, 37], "uv_size": [1.5, 0.5]},
								"up": {"uv": [29, 31], "uv_size": [1, 1.5]},
								"down": {"uv": [30, 32.5], "uv_size": [1, -1.5]}
							}
						},
						{
							"origin": [-0.875, -6.63375, -2.07328],
							"size": [0.92969, 0.30469, 1.49609],
							"inflate": 0.0003,
							"pivot": [-0.8753, -6.32876, -1.26439],
							"rotation": [0, 0, -47.75],
							"uv": {
								"north": {"uv": [39, 4], "uv_size": [1, 0.5]},
								"east": {"uv": [16, 37], "uv_size": [1.5, 0.5]},
								"south": {"uv": [5, 39], "uv_size": [1, 0.5]},
								"west": {"uv": [37, 16], "uv_size": [1.5, 0.5]},
								"up": {"uv": [31, 31], "uv_size": [1, 1.5]},
								"down": {"uv": [0, 33.5], "uv_size": [1, -1.5]}
							}
						},
						{
							"origin": [-0.875, -6.94234, -3.01078],
							"size": [0.92969, 0.61328, 0.9375],
							"inflate": 0.0003,
							"pivot": [-0.8753, -6.32876, -2.07298],
							"rotation": [0, 0, -47.75],
							"uv": {
								"north": {"uv": [39, 5], "uv_size": [1, 0.5]},
								"east": {"uv": [6, 39], "uv_size": [1, 0.5]},
								"south": {"uv": [39, 6], "uv_size": [1, 0.5]},
								"west": {"uv": [7, 39], "uv_size": [1, 0.5]},
								"up": {"uv": [36, 35], "uv_size": [1, 1]},
								"down": {"uv": [36, 37], "uv_size": [1, -1]}
							}
						},
						{
							"origin": [-0.10156, -7.35656, -5.54436],
							"size": [0.97656, 4.41406, 1.12891],
							"inflate": 0.0003,
							"pivot": [0.8753, -3.3172, -4.41516],
							"rotation": [37.63998, 43.59476, 28.00379],
							"uv": {
								"north": {"uv": [17, 20], "uv_size": [1, 4.5]},
								"east": {"uv": [18, 20], "uv_size": [1, 4.5]},
								"south": {"uv": [19, 20], "uv_size": [1, 4.5]},
								"west": {"uv": [20, 20], "uv_size": [1, 4.5]},
								"up": {"uv": [37, 0], "uv_size": [1, 1]},
								"down": {"uv": [37, 2], "uv_size": [1, -1]}
							}
						},
						{
							"origin": [-0.875, -7.35656, -5.54436],
							"size": [0.97656, 4.41406, 1.12891],
							"inflate": 0.0003,
							"pivot": [-0.8753, -3.3172, -4.41516],
							"rotation": [37.63998, -43.59476, -28.00379],
							"uv": {
								"north": {"uv": [21, 19], "uv_size": [1, 4.5]},
								"east": {"uv": [22, 1], "uv_size": [1, 4.5]},
								"south": {"uv": [4, 22], "uv_size": [1, 4.5]},
								"west": {"uv": [5, 22], "uv_size": [1, 4.5]},
								"up": {"uv": [37, 2], "uv_size": [1, 1]},
								"down": {"uv": [3, 38], "uv_size": [1, -1]}
							}
						}
					]
				}
			]
		}
	]
}