{
	"format_version": "1.12.0",
	"minecraft:geometry": [
		{
			"description": {
				"identifier": "geometry.steve",
				"texture_width": 128,
				"texture_height": 128,
				"visible_bounds_width": 4,
				"visible_bounds_height": 4,
				"visible_bounds_offset": [0, 2, 0]
			},
			"bones": [
				{
					"name": "bb_main",
					"pivot": [0, 0, 0]
				},
				{
					"name": "Root",
					"pivot": [0, 14, 0]
				},
				{
					"name": "AllBody",
					"parent": "Root",
					"pivot": [0, 10, 0]
				},
				{
					"name": "UpBody",
					"parent": "AllBody",
					"pivot": [0, 12, 0],
					"cubes": [
						{
							"origin": [-3.36125, 10.66925, -2.314],
							"size": [6.7225, 4.29475, 3.578],
							"uv": {
								"north": {"uv": [28, 32], "uv_size": [7, 4]},
								"east": {"uv": [24, 12], "uv_size": [4, 4]},
								"south": {"uv": [33, 20], "uv_size": [7, 4]},
								"west": {"uv": [20, 46], "uv_size": [4, 4]},
								"up": {"uv": [33, 24], "uv_size": [7, 4]},
								"down": {"uv": [33, 32], "uv_size": [7, -4]}
							}
						},
						{
							"origin": [-2.6006, 9.81724, -2.42141],
							"size": [5.2012, 2.24721, 4.09262],
							"uv": {
								"north": {"uv": [52, 0], "uv_size": [5, 2]},
								"east": {"uv": [24, 40], "uv_size": [4, 2]},
								"south": {"uv": [53, 7], "uv_size": [5, 2]},
								"west": {"uv": [54, 5], "uv_size": [4, 2]},
								"up": {"uv": [15, 41], "uv_size": [5, 4]},
								"down": {"uv": [43, 4], "uv_size": [5, -4]}
							}
						},
						{
							"origin": [2.02604, 9.68681, -2.36504],
							"size": [2.19698, 2.74452, 4.00806],
							"pivot": [2.6167, 10.29132, 0.81474],
							"rotation": [0, 0, -20.5],
							"uv": {
								"north": {"uv": [6, 46], "uv_size": [2, 3]},
								"east": {"uv": [43, 35], "uv_size": [4, 3]},
								"south": {"uv": [46, 56], "uv_size": [2, 3]},
								"west": {"uv": [48, 0], "uv_size": [4, 3]},
								"up": {"uv": [30, 54], "uv_size": [2, 4]},
								"down": {"uv": [32, 58], "uv_size": [2, -4]}
							}
						},
						{
							"origin": [-4.2374, 9.5575, 0.93259],
							"size": [2.19698, 2.94452, 2.10806],
							"pivot": [-2.6167, 10.29132, 0.81474],
							"rotation": [16.67785, -3.34164, 20.01005],
							"uv": {
								"north": {"uv": [56, 46], "uv_size": [2, 3]},
								"east": {"uv": [48, 56], "uv_size": [2, 3]},
								"south": {"uv": [56, 55], "uv_size": [2, 3]},
								"west": {"uv": [57, 0], "uv_size": [2, 3]},
								"up": {"uv": [58, 32], "uv_size": [2, 2]},
								"down": {"uv": [33, 60], "uv_size": [2, -2]}
							}
						},
						{
							"origin": [-4.22302, 9.68681, -2.36504],
							"size": [2.19698, 2.74452, 4.00806],
							"pivot": [-2.6167, 10.29132, 0.81474],
							"rotation": [0, 0, 20.5],
							"uv": {
								"north": {"uv": [6, 57], "uv_size": [2, 3]},
								"east": {"uv": [14, 50], "uv_size": [4, 3]},
								"south": {"uv": [8, 57], "uv_size": [2, 3]},
								"west": {"uv": [18, 50], "uv_size": [4, 3]},
								"up": {"uv": [34, 54], "uv_size": [2, 4]},
								"down": {"uv": [54, 38], "uv_size": [2, -4]}
							}
						},
						{
							"origin": [-2.6006, 10.21724, 0.87859],
							"size": [5.2012, 2.34721, 2.19262],
							"pivot": [-0.5, 10.54734, 2.58194],
							"rotation": [17, 0, 0],
							"uv": {
								"north": {"uv": [53, 9], "uv_size": [5, 2]},
								"east": {"uv": [58, 34], "uv_size": [2, 2]},
								"south": {"uv": [53, 11], "uv_size": [5, 2]},
								"west": {"uv": [58, 36], "uv_size": [2, 2]},
								"up": {"uv": [53, 13], "uv_size": [5, 2]},
								"down": {"uv": [14, 55], "uv_size": [5, -2]}
							}
						},
						{
							"origin": [2.04042, 9.5575, 0.93259],
							"size": [2.19698, 2.94452, 2.10806],
							"pivot": [2.6167, 10.29132, 0.81474],
							"rotation": [16.67785, 3.34164, -20.01005],
							"uv": {
								"north": {"uv": [10, 57], "uv_size": [2, 3]},
								"east": {"uv": [12, 57], "uv_size": [2, 3]},
								"south": {"uv": [14, 57], "uv_size": [2, 3]},
								"west": {"uv": [16, 57], "uv_size": [2, 3]},
								"up": {"uv": [58, 38], "uv_size": [2, 2]},
								"down": {"uv": [58, 42], "uv_size": [2, -2]}
							}
						},
						{
							"origin": [-3.33625, 10.66925, -0.064],
							"size": [6.6725, 4.54475, 2.578],
							"pivot": [-0.475, 11.52673, 0.2375],
							"rotation": [10.5, 0, 0],
							"uv": {
								"north": {"uv": [8, 30], "uv_size": [7, 5]},
								"east": {"uv": [48, 12], "uv_size": [3, 5]},
								"south": {"uv": [15, 30], "uv_size": [7, 5]},
								"west": {"uv": [48, 17], "uv_size": [3, 5]},
								"up": {"uv": [40, 24], "uv_size": [7, 3]},
								"down": {"uv": [40, 30], "uv_size": [7, -3]}
							}
						}
					]
				},
				{
					"name": "PistolLocator2",
					"parent": "UpBody",
					"pivot": [-5, 10.75, -0.6],
					"rotation": [-30, 0, 0]
				},
				{
					"name": "UpperBody",
					"parent": "UpBody",
					"pivot": [0, 15, 0],
					"cubes": [
						{
							"origin": [-1.635, 19.85, -1.9075],
							"size": [3.27, 2.18, 3.815],
							"uv": {
								"north": {"uv": [32, 36], "uv_size": [3, 2]},
								"east": {"uv": [36, 54], "uv_size": [4, 2]},
								"south": {"uv": [40, 30], "uv_size": [3, 2]},
								"west": {"uv": [54, 38], "uv_size": [4, 2]},
								"up": {"uv": [50, 48], "uv_size": [3, 4]},
								"down": {"uv": [51, 7], "uv_size": [3, -4]}
							}
						},
						{
							"origin": [-3.3085, 14.964, -2.314],
							"size": [6.617, 5.867, 2.603],
							"uv": {
								"north": {"uv": [24, 6], "uv_size": [7, 6]},
								"east": {"uv": [24, 45], "uv_size": [3, 6]},
								"south": {"uv": [8, 24], "uv_size": [7, 6]},
								"west": {"uv": [27, 45], "uv_size": [3, 6]},
								"up": {"uv": [40, 38], "uv_size": [7, 3]},
								"down": {"uv": [8, 44], "uv_size": [7, -3]}
							}
						},
						{
							"origin": [-3.3085, 14.964, -0.539],
							"size": [6.617, 5.867, 2.628],
							"pivot": [0.125, 17.36107, -0.25],
							"rotation": [-7.5, 0, 0],
							"uv": {
								"north": {"uv": [15, 24], "uv_size": [7, 6]},
								"east": {"uv": [0, 46], "uv_size": [3, 6]},
								"south": {"uv": [22, 24], "uv_size": [7, 6]},
								"west": {"uv": [3, 46], "uv_size": [3, 6]},
								"up": {"uv": [40, 41], "uv_size": [7, 3]},
								"down": {"uv": [24, 45], "uv_size": [7, -3]}
							}
						},
						{
							"origin": [-0.20665, 20.30876, -2.9],
							"size": [2, 2, 0],
							"pivot": [0, 20.2, -2.9],
							"rotation": [-29.0527, 20.43663, 32.15172],
							"uv": {
								"north": {"uv": [52, 58], "uv_size": [2, 2]},
								"east": {"uv": [0, 0], "uv_size": [0, 2]},
								"south": {"uv": [58, 53], "uv_size": [2, 2]},
								"west": {"uv": [0, 0], "uv_size": [0, 2]},
								"up": {"uv": [0, 0], "uv_size": [2, 0]},
								"down": {"uv": [0, 0], "uv_size": [2, 0]}
							}
						},
						{
							"origin": [-0.9077, 18.52427, -2.42289],
							"size": [1, 2, 0],
							"pivot": [-0.9077, 20.77427, -2.49789],
							"rotation": [-34.58897, 5.71617, 8.21888],
							"uv": {
								"north": {"uv": [44, 54], "uv_size": [1, 2]},
								"east": {"uv": [0, 0], "uv_size": [0, 2]},
								"south": {"uv": [18, 55], "uv_size": [1, 2]},
								"west": {"uv": [0, 0], "uv_size": [0, 2]},
								"up": {"uv": [0, 0], "uv_size": [1, 0]},
								"down": {"uv": [0, 0], "uv_size": [1, 0]}
							}
						},
						{
							"origin": [-0.0923, 18.52427, -2.42289],
							"size": [1, 2, 0],
							"pivot": [0.9077, 20.77427, -2.49789],
							"rotation": [-34.58897, -5.71617, -8.21888],
							"uv": {
								"north": {"uv": [35, 58], "uv_size": [1, 2]},
								"east": {"uv": [0, 0], "uv_size": [0, 2]},
								"south": {"uv": [59, 22], "uv_size": [1, 2]},
								"west": {"uv": [0, 0], "uv_size": [0, 2]},
								"up": {"uv": [0, 0], "uv_size": [1, 0]},
								"down": {"uv": [0, 0], "uv_size": [1, 0]}
							}
						},
						{
							"origin": [-1.79335, 20.30876, -2.9],
							"size": [2, 2, 0],
							"pivot": [0, 20.2, -2.9],
							"rotation": [-29.0527, -20.43663, -32.15172],
							"uv": {
								"north": {"uv": [58, 55], "uv_size": [2, 2]},
								"east": {"uv": [0, 0], "uv_size": [0, 2]},
								"south": {"uv": [56, 58], "uv_size": [2, 2]},
								"west": {"uv": [0, 0], "uv_size": [0, 2]},
								"up": {"uv": [0, 0], "uv_size": [2, 0]},
								"down": {"uv": [0, 0], "uv_size": [2, 0]}
							}
						}
					]
				},
				{
					"name": "Breast",
					"parent": "UpperBody",
					"pivot": [0, 18.4, -1],
					"rotation": [-5, 0, 0]
				},
				{
					"name": "bone9",
					"parent": "Breast",
					"pivot": [2.01465, 17.66435, -1.23699],
					"rotation": [0, -7.5, 0],
					"cubes": [
						{
							"origin": [0.03333, 16.16698, -4.13722],
							"size": [3.292, 2.967, 2.353],
							"pivot": [2.37933, 16.90048, -2.33572],
							"rotation": [-47.65013, -6.88262, -5.81311],
							"uv": {
								"north": {"uv": [53, 42], "uv_size": [3, 3]},
								"east": {"uv": [57, 17], "uv_size": [2, 3]},
								"south": {"uv": [53, 45], "uv_size": [3, 3]},
								"west": {"uv": [57, 20], "uv_size": [2, 3]},
								"up": {"uv": [48, 22], "uv_size": [3, 2]},
								"down": {"uv": [56, 51], "uv_size": [3, -2]}
							}
						}
					]
				},
				{
					"name": "bone10",
					"parent": "Breast",
					"pivot": [-2.01465, 17.66435, -1.23699],
					"rotation": [0, 7.5, 0],
					"cubes": [
						{
							"origin": [-3.32533, 16.16698, -4.13722],
							"size": [3.292, 2.967, 2.353],
							"pivot": [-2.37933, 16.90048, -2.33572],
							"rotation": [-47.65013, 6.88262, 5.81311],
							"uv": {
								"north": {"uv": [47, 53], "uv_size": [3, 3]},
								"east": {"uv": [23, 57], "uv_size": [2, 3]},
								"south": {"uv": [53, 48], "uv_size": [3, 3]},
								"west": {"uv": [57, 23], "uv_size": [2, 3]},
								"up": {"uv": [57, 3], "uv_size": [3, 2]},
								"down": {"uv": [25, 59], "uv_size": [3, -2]}
							}
						}
					]
				},
				{
					"name": "RifleLocator2",
					"parent": "UpperBody",
					"pivot": [0, 15.15, 3.3],
					"rotation": [0, 0, 45]
				},
				{
					"name": "Elytra",
					"parent": "UpperBody",
					"pivot": [0, 19.9644, 3]
				},
				{
					"name": "ElytraLocator2",
					"parent": "Elytra",
					"pivot": [0, 19.9644, 3]
				},
				{
					"name": "LeftWaistLocator",
					"parent": "UpperBody",
					"pivot": [4, 11, 0],
					"rotation": [-20, 0, 0]
				},
				{
					"name": "RightWaistLocator",
					"parent": "UpperBody",
					"pivot": [-4, 11, 0],
					"rotation": [-5, 0, 0]
				},
				{
					"name": "AllHead",
					"parent": "UpperBody",
					"pivot": [0, 22, 0]
				},
				{
					"name": "Head",
					"parent": "AllHead",
					"pivot": [0, 22, 0.25],
					"cubes": [
						{
							"origin": [-4, 22, -3.75],
							"size": [8, 8, 8],
							"uv": {
								"north": {"uv": [0, 0], "uv_size": [8, 8]},
								"east": {"uv": [0, 8], "uv_size": [8, 8]},
								"south": {"uv": [8, 0], "uv_size": [8, 8]},
								"west": {"uv": [8, 8], "uv_size": [8, 8]},
								"up": {"uv": [0, 16], "uv_size": [8, 8]},
								"down": {"uv": [16, 8], "uv_size": [8, -8]}
							}
						},
						{
							"origin": [0.75, 23.6, -4.35],
							"size": [4, 6.45, 2],
							"pivot": [3, 26.5, -3.35],
							"rotation": [0, 0, -15],
							"uv": {
								"north": {"uv": [8, 35], "uv_size": [4, 6]},
								"east": {"uv": [22, 50], "uv_size": [2, 6]},
								"south": {"uv": [12, 35], "uv_size": [4, 6]},
								"west": {"uv": [51, 7], "uv_size": [2, 6]},
								"up": {"uv": [40, 54], "uv_size": [4, 2]},
								"down": {"uv": [54, 42], "uv_size": [4, -2]}
							}
						},
						{
							"origin": [-4.75, 23.6, -4.35],
							"size": [4, 6.45, 2],
							"pivot": [-3, 26.5, -3.35],
							"rotation": [0, 0, 15],
							"uv": {
								"north": {"uv": [35, 14], "uv_size": [4, 6]},
								"east": {"uv": [51, 13], "uv_size": [2, 6]},
								"south": {"uv": [16, 35], "uv_size": [4, 6]},
								"west": {"uv": [51, 19], "uv_size": [2, 6]},
								"up": {"uv": [54, 51], "uv_size": [4, 2]},
								"down": {"uv": [54, 55], "uv_size": [4, -2]}
							}
						},
						{
							"origin": [-2.10643, 23.85267, -4.65],
							"size": [4, 7, 2],
							"uv": {
								"north": {"uv": [35, 0], "uv_size": [4, 7]},
								"east": {"uv": [45, 49], "uv_size": [2, 7]},
								"south": {"uv": [35, 7], "uv_size": [4, 7]},
								"west": {"uv": [12, 50], "uv_size": [2, 7]},
								"up": {"uv": [14, 55], "uv_size": [4, 2]},
								"down": {"uv": [55, 17], "uv_size": [4, -2]}
							}
						},
						{
							"origin": [3.3, 21, -4.05],
							"size": [1, 5, 0],
							"pivot": [3.8, 24, -4.05],
							"rotation": [0, 0, 5],
							"uv": {
								"north": {"uv": [31, 6], "uv_size": [1, 5]},
								"east": {"uv": [0, 0], "uv_size": [0, 5]},
								"south": {"uv": [30, 58], "uv_size": [1, 5]},
								"west": {"uv": [0, 0], "uv_size": [0, 5]},
								"up": {"uv": [0, 0], "uv_size": [1, 0]},
								"down": {"uv": [0, 0], "uv_size": [1, 0]}
							}
						},
						{
							"origin": [-4.3, 21, -4.05],
							"size": [1, 5, 0],
							"pivot": [-3.8, 24, -4.05],
							"rotation": [0, 0, -5],
							"uv": {
								"north": {"uv": [31, 58], "uv_size": [1, 5]},
								"east": {"uv": [0, 0], "uv_size": [0, 5]},
								"south": {"uv": [32, 58], "uv_size": [1, 5]},
								"west": {"uv": [0, 0], "uv_size": [0, 5]},
								"up": {"uv": [0, 0], "uv_size": [1, 0]},
								"down": {"uv": [0, 0], "uv_size": [1, 0]}
							}
						}
					]
				},
				{
					"name": "zui",
					"parent": "Head",
					"pivot": [0, -16.3, 0.3]
				},
				{
					"name": "1",
					"parent": "zui",
					"pivot": [0, 22.79103, -3.82246],
					"cubes": [
						{
							"origin": [-1.31053, 22.0842, -3.82246],
							"size": [2.62106, 1.33866, 0],
							"uv": {
								"north": {"uv": [63, 0], "uv_size": [16, 8]},
								"east": {"uv": [0, 0], "uv_size": [0, 8]},
								"south": {"uv": [63, 38], "uv_size": [16, 8]},
								"west": {"uv": [0, 0], "uv_size": [0, 8]},
								"up": {"uv": [0, 0], "uv_size": [16, 0]},
								"down": {"uv": [0, 0], "uv_size": [16, 0]}
							}
						}
					]
				},
				{
					"name": "2",
					"parent": "zui",
					"pivot": [0, 22.56603, -1.72246],
					"cubes": [
						{
							"origin": [-1.06053, 22.0842, -2.84746],
							"size": [2.12106, 1.26366, 0],
							"uv": {
								"north": {"uv": [63, 46], "uv_size": [16, 8]},
								"east": {"uv": [0, 0], "uv_size": [0, 8]},
								"south": {"uv": [0, 64], "uv_size": [16, 8]},
								"west": {"uv": [0, 0], "uv_size": [0, 8]},
								"up": {"uv": [0, 0], "uv_size": [16, 0]},
								"down": {"uv": [0, 0], "uv_size": [16, 0]}
							}
						}
					]
				},
				{
					"name": "3",
					"parent": "zui",
					"pivot": [0, 22.51603, -2.72246],
					"cubes": [
						{
							"origin": [-0.93553, 22.0842, -2.72246],
							"size": [1.87106, 0.86366, 0],
							"uv": {
								"north": {"uv": [98, 46], "uv_size": [16, 8]},
								"east": {"uv": [0, 0], "uv_size": [0, 8]},
								"south": {"uv": [98, 54], "uv_size": [16, 8]},
								"west": {"uv": [0, 0], "uv_size": [0, 8]},
								"up": {"uv": [0, 0], "uv_size": [16, 0]},
								"down": {"uv": [0, 0], "uv_size": [16, 0]}
							}
						}
					]
				},
				{
					"name": "4",
					"parent": "zui",
					"pivot": [0, -16.3, -27.7]
				},
				{
					"name": "eye2",
					"parent": "Head",
					"pivot": [0, -0.3, 0.225]
				},
				{
					"name": "zuo2",
					"parent": "eye2",
					"pivot": [2.2235, 23.9515, -3.725],
					"cubes": [
						{
							"origin": [1.01325, 23.0245, -3.7765],
							"size": [2.4205, 1.854, 0.103],
							"uv": {
								"north": {"uv": [58, 42], "uv_size": [2, 2]},
								"east": {"uv": [28, 22], "uv_size": [1, 2]},
								"south": {"uv": [58, 44], "uv_size": [2, 2]},
								"west": {"uv": [28, 30], "uv_size": [1, 2]},
								"up": {"uv": [52, 2], "uv_size": [2, 1]},
								"down": {"uv": [56, 38], "uv_size": [2, -1]}
							}
						}
					]
				},
				{
					"name": "bone5",
					"parent": "zuo2",
					"pivot": [2.64327, 24.98221, -3.81083],
					"rotation": [0, 0, -2.5],
					"cubes": [
						{
							"origin": [2.68267, 24.76199, -3.9825],
							"size": [1.4935, 0.933, 0.309],
							"pivot": [1.38223, 41.12556, -3.828],
							"rotation": [0, 0, 2.5],
							"uv": {
								"north": {"uv": [31, 11], "uv_size": [1, 1]},
								"east": {"uv": [53, 51], "uv_size": [1, 1]},
								"south": {"uv": [21, 55], "uv_size": [1, 1]},
								"west": {"uv": [55, 33], "uv_size": [1, 1]},
								"up": {"uv": [23, 56], "uv_size": [1, 1]},
								"down": {"uv": [27, 57], "uv_size": [1, -1]}
							}
						},
						{
							"origin": [-0.75109, 24.7302, -3.9825],
							"size": [1.2875, 0.933, 0.309],
							"pivot": [1.38223, 41.12556, -3.828],
							"rotation": [0, 0, -5.5],
							"uv": {
								"north": {"uv": [18, 57], "uv_size": [1, 1]},
								"east": {"uv": [57, 32], "uv_size": [1, 1]},
								"south": {"uv": [59, 24], "uv_size": [1, 1]},
								"west": {"uv": [25, 59], "uv_size": [1, 1]},
								"up": {"uv": [59, 25], "uv_size": [1, 1]},
								"down": {"uv": [26, 60], "uv_size": [1, -1]}
							}
						},
						{
							"origin": [3.35752, 23.99555, -3.8795],
							"size": [0.824, 1.339, 0.206],
							"uv": {
								"north": {"uv": [59, 26], "uv_size": [1, 1]},
								"east": {"uv": [27, 59], "uv_size": [1, 1]},
								"south": {"uv": [59, 27], "uv_size": [1, 1]},
								"west": {"uv": [59, 28], "uv_size": [1, 1]},
								"up": {"uv": [59, 29], "uv_size": [1, 1]},
								"down": {"uv": [59, 31], "uv_size": [1, -1]}
							}
						}
					]
				},
				{
					"name": "bone3",
					"parent": "zuo2",
					"pivot": [1.81525, 39.9985, -3.73787],
					"cubes": [
						{
							"origin": [1.27075, 23.2245, -3.80225],
							"size": [1.439, 1.548, 0.12875],
							"uv": {
								"north": {"uv": [32, 20], "uv_size": [1, 2]},
								"east": {"uv": [39, 18], "uv_size": [1, 2]},
								"south": {"uv": [31, 42], "uv_size": [1, 2]},
								"west": {"uv": [43, 14], "uv_size": [1, 2]},
								"up": {"uv": [59, 31], "uv_size": [1, 1]},
								"down": {"uv": [46, 60], "uv_size": [1, -1]}
							}
						},
						{
							"origin": [1.72075, 23.4495, -3.82725],
							"size": [0.489, 1.048, 0.02875],
							"uv": {
								"north": {"uv": [47, 59], "uv_size": [1, 1]},
								"east": {"uv": [48, 59], "uv_size": [1, 1]},
								"south": {"uv": [49, 59], "uv_size": [1, 1]},
								"west": {"uv": [59, 49], "uv_size": [1, 1]},
								"up": {"uv": [59, 50], "uv_size": [1, 1]},
								"down": {"uv": [54, 60], "uv_size": [1, -1]}
							}
						}
					]
				},
				{
					"name": "you2",
					"parent": "eye2",
					"pivot": [-2.2235, 23.9515, -3.725],
					"cubes": [
						{
							"origin": [-3.43375, 23.0245, -3.7765],
							"size": [2.4205, 1.854, 0.103],
							"uv": {
								"north": {"uv": [58, 46], "uv_size": [2, 2]},
								"east": {"uv": [43, 16], "uv_size": [1, 2]},
								"south": {"uv": [50, 58], "uv_size": [2, 2]},
								"west": {"uv": [30, 45], "uv_size": [1, 2]},
								"up": {"uv": [59, 16], "uv_size": [2, 1]},
								"down": {"uv": [59, 18], "uv_size": [2, -1]}
							}
						}
					]
				},
				{
					"name": "bone4",
					"parent": "you2",
					"pivot": [-2.66322, 24.99033, -3.81083],
					"rotation": [0, 0, 2.5],
					"cubes": [
						{
							"origin": [-4.23055, 24.0043, -3.8795],
							"size": [0.824, 1.339, 0.206],
							"uv": {
								"north": {"uv": [55, 59], "uv_size": [1, 1]},
								"east": {"uv": [58, 59], "uv_size": [1, 1]},
								"south": {"uv": [59, 59], "uv_size": [1, 1]},
								"west": {"uv": [0, 60], "uv_size": [1, 1]},
								"up": {"uv": [1, 60], "uv_size": [1, 1]},
								"down": {"uv": [2, 61], "uv_size": [1, -1]}
							}
						},
						{
							"origin": [-4.18158, 24.76979, -3.9825],
							"size": [1.4935, 0.933, 0.309],
							"pivot": [-1.38764, 41.13336, -3.828],
							"rotation": [0, 0, -2.5],
							"uv": {
								"north": {"uv": [3, 60], "uv_size": [1, 1]},
								"east": {"uv": [60, 3], "uv_size": [1, 1]},
								"south": {"uv": [4, 60], "uv_size": [1, 1]},
								"west": {"uv": [60, 4], "uv_size": [1, 1]},
								"up": {"uv": [5, 60], "uv_size": [1, 1]},
								"down": {"uv": [60, 6], "uv_size": [1, -1]}
							}
						},
						{
							"origin": [-0.54182, 24.738, -3.9825],
							"size": [1.2875, 0.933, 0.309],
							"pivot": [-1.38764, 41.13336, -3.828],
							"rotation": [0, 0, 5.5],
							"uv": {
								"north": {"uv": [6, 60], "uv_size": [1, 1]},
								"east": {"uv": [60, 6], "uv_size": [1, 1]},
								"south": {"uv": [7, 60], "uv_size": [1, 1]},
								"west": {"uv": [60, 7], "uv_size": [1, 1]},
								"up": {"uv": [8, 60], "uv_size": [1, 1]},
								"down": {"uv": [9, 61], "uv_size": [1, -1]}
							}
						}
					]
				},
				{
					"name": "bone6",
					"parent": "you2",
					"pivot": [-1.81525, 39.9985, -3.73787],
					"cubes": [
						{
							"origin": [-2.70975, 23.2245, -3.80225],
							"size": [1.439, 1.548, 0.12875],
							"uv": {
								"north": {"uv": [47, 12], "uv_size": [1, 2]},
								"east": {"uv": [30, 47], "uv_size": [1, 2]},
								"south": {"uv": [21, 53], "uv_size": [1, 2]},
								"west": {"uv": [27, 54], "uv_size": [1, 2]},
								"up": {"uv": [10, 60], "uv_size": [1, 1]},
								"down": {"uv": [11, 61], "uv_size": [1, -1]}
							}
						},
						{
							"origin": [-2.20975, 23.4495, -3.82725],
							"size": [0.489, 1.048, 0.02875],
							"uv": {
								"north": {"uv": [12, 60], "uv_size": [1, 1]},
								"east": {"uv": [13, 60], "uv_size": [1, 1]},
								"south": {"uv": [14, 60], "uv_size": [1, 1]},
								"west": {"uv": [15, 60], "uv_size": [1, 1]},
								"up": {"uv": [16, 60], "uv_size": [1, 1]},
								"down": {"uv": [17, 61], "uv_size": [1, -1]}
							}
						}
					]
				},
				{
					"name": "Hat",
					"parent": "Head",
					"pivot": [0, 22, 0.25],
					"cubes": [
						{
							"origin": [-4, 22, -1.75],
							"size": [8, 8, 6],
							"inflate": 0.5,
							"uv": {
								"north": {"uv": [8, 16], "uv_size": [8, 8]},
								"east": {"uv": [16, 16], "uv_size": [6, 8]},
								"south": {"uv": [16, 8], "uv_size": [8, 8]},
								"west": {"uv": [22, 16], "uv_size": [6, 8]},
								"up": {"uv": [0, 24], "uv_size": [8, 6]},
								"down": {"uv": [24, 6], "uv_size": [8, -6]}
							}
						},
						{
							"origin": [-7.81053, 23.4842, 15.97754],
							"size": [15.62106, 7.61366, 0],
							"uv": {
								"north": {"uv": [62, 9], "uv_size": [16, 8]},
								"east": {"uv": [0, 0], "uv_size": [0, 8]},
								"south": {"uv": [62, 56], "uv_size": [16, 8]},
								"west": {"uv": [0, 0], "uv_size": [0, 8]},
								"up": {"uv": [0, 0], "uv_size": [16, 0]},
								"down": {"uv": [0, 0], "uv_size": [16, 0]}
							}
						},
						{
							"origin": [3.25, 29.35, 0.75],
							"size": [2, 1.5, 2.5],
							"inflate": 0.5,
							"pivot": [3.25, 30.25, 2.25],
							"rotation": [0, 0, -25],
							"uv": {
								"north": {"uv": [0, 30], "uv_size": [2, 2]},
								"east": {"uv": [28, 12], "uv_size": [3, 2]},
								"south": {"uv": [2, 30], "uv_size": [2, 2]},
								"west": {"uv": [28, 14], "uv_size": [3, 2]},
								"up": {"uv": [28, 16], "uv_size": [2, 3]},
								"down": {"uv": [28, 22], "uv_size": [2, -3]}
							}
						},
						{
							"origin": [-5.25, 29.35, 0.75],
							"size": [2, 1.5, 2.5],
							"inflate": 0.5,
							"pivot": [-3.25, 30.25, 2.25],
							"rotation": [0, 0, 25],
							"uv": {
								"north": {"uv": [4, 30], "uv_size": [2, 2]},
								"east": {"uv": [29, 22], "uv_size": [3, 2]},
								"south": {"uv": [6, 30], "uv_size": [2, 2]},
								"west": {"uv": [29, 24], "uv_size": [3, 2]},
								"up": {"uv": [29, 26], "uv_size": [2, 3]},
								"down": {"uv": [29, 32], "uv_size": [2, -3]}
							}
						}
					]
				},
				{
					"name": "FLongHair",
					"parent": "Hat",
					"pivot": [0.325, 23.56866, 5.53289]
				},
				{
					"name": "MLongHair",
					"parent": "FLongHair",
					"pivot": [0.325, 23.5687, 5.53289],
					"cubes": [
						{
							"origin": [4.325, 19.5687, 1.03289],
							"size": [3, 10, 3],
							"pivot": [4.825, 23.5687, 1.53289],
							"rotation": [5, 0, -15],
							"uv": {
								"north": {"uv": [33, 60], "uv_size": [3, 10]},
								"east": {"uv": [36, 60], "uv_size": [3, 10]},
								"south": {"uv": [60, 38], "uv_size": [3, 10]},
								"west": {"uv": [39, 60], "uv_size": [3, 10]},
								"up": {"uv": [0, 61], "uv_size": [3, 3]},
								"down": {"uv": [3, 64], "uv_size": [3, -3]}
							}
						},
						{
							"origin": [3.93503, 25.54868, 0.23712],
							"size": [2, 4, 0],
							"pivot": [4.53503, 27.54868, 0.43712],
							"rotation": [-4.98107, -0.43523, -19.98107],
							"uv": {
								"north": {"uv": [55, 17], "uv_size": [2, 4]},
								"east": {"uv": [0, 0], "uv_size": [0, 4]},
								"south": {"uv": [55, 21], "uv_size": [2, 4]},
								"west": {"uv": [0, 0], "uv_size": [0, 4]},
								"up": {"uv": [0, 0], "uv_size": [2, 0]},
								"down": {"uv": [0, 0], "uv_size": [2, 0]}
							}
						},
						{
							"origin": [-5.93503, 25.54868, 0.23712],
							"size": [2, 4, 0],
							"pivot": [-4.53503, 27.54868, 0.43712],
							"rotation": [-4.98107, 0.43523, 19.98107],
							"uv": {
								"north": {"uv": [55, 25], "uv_size": [2, 4]},
								"east": {"uv": [0, 0], "uv_size": [0, 4]},
								"south": {"uv": [55, 29], "uv_size": [2, 4]},
								"west": {"uv": [0, 0], "uv_size": [0, 4]},
								"up": {"uv": [0, 0], "uv_size": [2, 0]},
								"down": {"uv": [0, 0], "uv_size": [2, 0]}
							}
						},
						{
							"origin": [-5.93503, 25.54868, 3.86288],
							"size": [2, 4, 0],
							"pivot": [-4.53503, 27.54868, -0.43712],
							"rotation": [4.98107, -0.43523, 19.98107],
							"uv": {
								"north": {"uv": [54, 55], "uv_size": [2, 4]},
								"east": {"uv": [0, 0], "uv_size": [0, 4]},
								"south": {"uv": [0, 56], "uv_size": [2, 4]},
								"west": {"uv": [0, 0], "uv_size": [0, 4]},
								"up": {"uv": [0, 0], "uv_size": [2, 0]},
								"down": {"uv": [0, 0], "uv_size": [2, 0]}
							}
						},
						{
							"origin": [3.93503, 25.54868, 3.86288],
							"size": [2, 4, 0],
							"pivot": [4.53503, 27.54868, -0.43712],
							"rotation": [4.98107, 0.43523, -19.98107],
							"uv": {
								"north": {"uv": [2, 56], "uv_size": [2, 4]},
								"east": {"uv": [0, 0], "uv_size": [0, 4]},
								"south": {"uv": [4, 56], "uv_size": [2, 4]},
								"west": {"uv": [0, 0], "uv_size": [0, 4]},
								"up": {"uv": [0, 0], "uv_size": [2, 0]},
								"down": {"uv": [0, 0], "uv_size": [2, 0]}
							}
						},
						{
							"origin": [-7.73625, 15.69242, 1.64976],
							"size": [2, 5, 3],
							"pivot": [-6.23625, 16.69242, 3.14976],
							"rotation": [4.62111, 1.91134, -7.42287],
							"uv": {
								"north": {"uv": [51, 60], "uv_size": [2, 5]},
								"east": {"uv": [58, 8], "uv_size": [3, 5]},
								"south": {"uv": [53, 60], "uv_size": [2, 5]},
								"west": {"uv": [42, 60], "uv_size": [3, 5]},
								"up": {"uv": [61, 3], "uv_size": [2, 3]},
								"down": {"uv": [6, 64], "uv_size": [2, -3]}
							}
						},
						{
							"origin": [-7.325, 19.5687, 1.03289],
							"size": [3, 10, 3],
							"pivot": [-4.825, 23.5687, 1.53289],
							"rotation": [5, 0, 15],
							"uv": {
								"north": {"uv": [18, 58], "uv_size": [3, 10]},
								"east": {"uv": [21, 60], "uv_size": [3, 10]},
								"south": {"uv": [24, 60], "uv_size": [3, 10]},
								"west": {"uv": [27, 60], "uv_size": [3, 10]},
								"up": {"uv": [60, 53], "uv_size": [3, 3]},
								"down": {"uv": [59, 63], "uv_size": [3, -3]}
							}
						},
						{
							"origin": [5.73625, 15.69242, 1.64976],
							"size": [2, 5, 3],
							"pivot": [6.23625, 16.69242, 3.14976],
							"rotation": [4.62111, -1.91134, 7.42287],
							"uv": {
								"north": {"uv": [55, 60], "uv_size": [2, 5]},
								"east": {"uv": [45, 60], "uv_size": [3, 5]},
								"south": {"uv": [57, 60], "uv_size": [2, 5]},
								"west": {"uv": [48, 60], "uv_size": [3, 5]},
								"up": {"uv": [61, 6], "uv_size": [2, 3]},
								"down": {"uv": [8, 64], "uv_size": [2, -3]}
							}
						}
					]
				},
				{
					"name": "Jacket",
					"parent": "UpperBody",
					"pivot": [0, 22, 0]
				},
				{
					"name": "cape",
					"parent": "UpperBody",
					"pivot": [0, 22, -3]
				},
				{
					"name": "Arm",
					"parent": "UpperBody",
					"pivot": [0, 21.5, 0]
				},
				{
					"name": "RightArm",
					"parent": "Arm",
					"pivot": [-2.75, 19, 0],
					"rotation": [0, 0, 12.5],
					"cubes": [
						{
							"origin": [-4.75, 14.6, -1.7],
							"size": [2.4, 5.4, 3.5],
							"uv": {
								"north": {"uv": [20, 35], "uv_size": [2, 5]},
								"east": {"uv": [43, 4], "uv_size": [4, 5]},
								"south": {"uv": [53, 15], "uv_size": [2, 5]},
								"west": {"uv": [43, 9], "uv_size": [4, 5]},
								"up": {"uv": [21, 56], "uv_size": [2, 4]},
								"down": {"uv": [56, 37], "uv_size": [2, -4]}
							}
						},
						{
							"origin": [-5, 14.6, -1.95],
							"size": [2.9, 1.4, 4],
							"uv": {
								"north": {"uv": [59, 0], "uv_size": [3, 1]},
								"east": {"uv": [58, 14], "uv_size": [4, 1]},
								"south": {"uv": [59, 1], "uv_size": [3, 1]},
								"west": {"uv": [58, 48], "uv_size": [4, 1]},
								"up": {"uv": [51, 34], "uv_size": [3, 4]},
								"down": {"uv": [51, 42], "uv_size": [3, -4]}
							}
						}
					]
				},
				{
					"name": "RightSleeve",
					"parent": "RightArm",
					"pivot": [-2.75, 19, 0]
				},
				{
					"name": "RightForeArm",
					"parent": "RightArm",
					"pivot": [-3.25, 15, 0],
					"cubes": [
						{
							"origin": [-4.75, 9, -1.7],
							"size": [2.4, 5.6, 3.5],
							"uv": {
								"north": {"uv": [28, 51], "uv_size": [2, 6]},
								"east": {"uv": [35, 32], "uv_size": [4, 6]},
								"south": {"uv": [51, 42], "uv_size": [2, 6]},
								"west": {"uv": [28, 36], "uv_size": [4, 6]},
								"up": {"uv": [36, 56], "uv_size": [2, 4]},
								"down": {"uv": [38, 60], "uv_size": [2, -4]}
							}
						}
					]
				},
				{
					"name": "rightForeSleeve",
					"parent": "RightForeArm",
					"pivot": [-2.75, 16.5, 0]
				},
				{
					"name": "RightHand",
					"parent": "RightForeArm",
					"pivot": [-3.75, 13, 0]
				},
				{
					"name": "RightHandLocator",
					"parent": "RightHand",
					"pivot": [-3.75, 11, 0]
				},
				{
					"name": "RightItem",
					"parent": "RightArm",
					"pivot": [-3.75, 12, 1]
				},
				{
					"name": "LeftArm",
					"parent": "Arm",
					"pivot": [2.75, 19, 0],
					"rotation": [0, 0, -12.5],
					"cubes": [
						{
							"origin": [2.35, 14.6, -1.7],
							"size": [2.4, 5.4, 3.5],
							"uv": {
								"north": {"uv": [19, 53], "uv_size": [2, 5]},
								"east": {"uv": [43, 30], "uv_size": [4, 5]},
								"south": {"uv": [53, 20], "uv_size": [2, 5]},
								"west": {"uv": [8, 44], "uv_size": [4, 5]},
								"up": {"uv": [40, 56], "uv_size": [2, 4]},
								"down": {"uv": [42, 60], "uv_size": [2, -4]}
							}
						},
						{
							"origin": [2.1, 14.6, -1.95],
							"size": [2.9, 1.4, 4],
							"uv": {
								"north": {"uv": [59, 2], "uv_size": [3, 1]},
								"east": {"uv": [58, 51], "uv_size": [4, 1]},
								"south": {"uv": [59, 15], "uv_size": [3, 1]},
								"west": {"uv": [58, 52], "uv_size": [4, 1]},
								"up": {"uv": [0, 52], "uv_size": [3, 4]},
								"down": {"uv": [3, 56], "uv_size": [3, -4]}
							}
						}
					]
				},
				{
					"name": "LeftSleeve",
					"parent": "LeftArm",
					"pivot": [2.75, 19, 0]
				},
				{
					"name": "LeftForeArm",
					"parent": "LeftArm",
					"pivot": [3.25, 15, 0],
					"cubes": [
						{
							"origin": [2.35, 9, -1.7],
							"size": [2.4, 5.6, 3.5],
							"uv": {
								"north": {"uv": [50, 52], "uv_size": [2, 6]},
								"east": {"uv": [32, 38], "uv_size": [4, 6]},
								"south": {"uv": [52, 52], "uv_size": [2, 6]},
								"west": {"uv": [36, 38], "uv_size": [4, 6]},
								"up": {"uv": [56, 42], "uv_size": [2, 4]},
								"down": {"uv": [44, 60], "uv_size": [2, -4]}
							}
						}
					]
				},
				{
					"name": "LeftHand",
					"parent": "LeftForeArm",
					"pivot": [3.75, 13, 0]
				},
				{
					"name": "LeftHandLocator",
					"parent": "LeftHand",
					"pivot": [3.75, 12, 0]
				},
				{
					"name": "LeftForeSleeve",
					"parent": "LeftForeArm",
					"pivot": [2.75, 16.5, 0]
				},
				{
					"name": "LeftItem",
					"parent": "LeftArm",
					"pivot": [3.75, 12, 1]
				},
				{
					"name": "ElytraLocator",
					"parent": "UpperBody",
					"pivot": [0, 21, 2]
				},
				{
					"name": "RifleLocator",
					"parent": "UpperBody",
					"pivot": [0, 16, 2],
					"rotation": [0, 0, 45]
				},
				{
					"name": "PistolLocator",
					"parent": "UpperBody",
					"pivot": [-4, 13, 0],
					"rotation": [-30, 0, 0]
				},
				{
					"name": "BackpackLocator",
					"parent": "UpperBody",
					"pivot": [0, 19.4644, 0]
				},
				{
					"name": "DownBody",
					"parent": "AllBody",
					"pivot": [-1.9, 9, 0]
				},
				{
					"name": "LeftLeg",
					"parent": "DownBody",
					"pivot": [2.9, 10.32942, -0.00324],
					"rotation": [0, 0, -2.5],
					"cubes": [
						{
							"origin": [0.4, 5.32942, -2.00324],
							"size": [3.5, 6, 4],
							"uv": {
								"north": {"uv": [39, 0], "uv_size": [4, 6]},
								"east": {"uv": [39, 6], "uv_size": [4, 6]},
								"south": {"uv": [39, 12], "uv_size": [4, 6]},
								"west": {"uv": [39, 32], "uv_size": [4, 6]},
								"up": {"uv": [47, 4], "uv_size": [4, 4]},
								"down": {"uv": [47, 12], "uv_size": [4, -4]}
							}
						}
					]
				},
				{
					"name": "LeftLowerPants",
					"parent": "LeftLeg",
					"pivot": [3, 10.32942, -0.00324]
				},
				{
					"name": "LeftLowerLeg",
					"parent": "LeftLeg",
					"pivot": [3, 5.32942, -0.00324],
					"cubes": [
						{
							"origin": [0.4, 0.32942, -2.00324],
							"size": [3.5, 5, 4],
							"uv": {
								"north": {"uv": [44, 14], "uv_size": [4, 5]},
								"east": {"uv": [44, 19], "uv_size": [4, 5]},
								"south": {"uv": [31, 44], "uv_size": [4, 5]},
								"west": {"uv": [35, 44], "uv_size": [4, 5]},
								"up": {"uv": [47, 24], "uv_size": [4, 4]},
								"down": {"uv": [47, 32], "uv_size": [4, -4]}
							}
						}
					]
				},
				{
					"name": "LeftPants",
					"parent": "LeftLowerLeg",
					"pivot": [3, 10.32942, -0.00324]
				},
				{
					"name": "RightLeg",
					"parent": "DownBody",
					"pivot": [-2.65, 10.32942, -0.00324],
					"rotation": [0, 0, 2.5],
					"cubes": [
						{
							"origin": [-3.9, 5.32942, -2.00324],
							"size": [3.5, 6, 4],
							"uv": {
								"north": {"uv": [0, 40], "uv_size": [4, 6]},
								"east": {"uv": [4, 40], "uv_size": [4, 6]},
								"south": {"uv": [40, 18], "uv_size": [4, 6]},
								"west": {"uv": [20, 40], "uv_size": [4, 6]},
								"up": {"uv": [47, 32], "uv_size": [4, 4]},
								"down": {"uv": [47, 40], "uv_size": [4, -4]}
							}
						}
					]
				},
				{
					"name": "RightLowerPants",
					"parent": "RightLeg",
					"pivot": [-2.75, 10.32942, -0.00324]
				},
				{
					"name": "RightLowerLeg",
					"parent": "RightLeg",
					"pivot": [-2.75, 5.32942, -0.00324],
					"cubes": [
						{
							"origin": [-3.9, 0.32942, -2.00324],
							"size": [3.5, 5, 4],
							"uv": {
								"north": {"uv": [39, 44], "uv_size": [4, 5]},
								"east": {"uv": [43, 44], "uv_size": [4, 5]},
								"south": {"uv": [12, 45], "uv_size": [4, 5]},
								"west": {"uv": [16, 45], "uv_size": [4, 5]},
								"up": {"uv": [47, 40], "uv_size": [4, 4]},
								"down": {"uv": [47, 48], "uv_size": [4, -4]}
							}
						}
					]
				},
				{
					"name": "RightPants",
					"parent": "RightLowerLeg",
					"pivot": [-2.75, 10.32942, -0.00324]
				},
				{
					"name": "molang",
					"parent": "Root",
					"pivot": [0, -0.35, 0]
				}
			]
		}
	]
}