{
	"format_version": "1.12.0",
	"minecraft:geometry": [
		{
			"description": {
				"identifier": "geometry.steve",
				"texture_width": 128,
				"texture_height": 128,
				"visible_bounds_width": 4,
				"visible_bounds_height": 4,
				"visible_bounds_offset": [0, 2, 0]
			},
			"bones": [
				{
					"name": "Root",
					"pivot": [0, 14, 0]
				},
				{
					"name": "AllBody",
					"parent": "Root",
					"pivot": [0, 10, 0]
				},
				{
					"name": "UpBody",
					"parent": "AllBody",
					"pivot": [0, 11, 0],
					"cubes": [
						{
							"origin": [-3.36125, 10.66925, -2.314],
							"size": [6.7225, 4.29475, 3.578],
							"uv": {
								"north": {"uv": [53, 16], "uv_size": [7, 4]},
								"east": {"uv": [4, 55], "uv_size": [4, 4]},
								"south": {"uv": [53, 22], "uv_size": [7, 4]},
								"west": {"uv": [56, 26], "uv_size": [4, 4]},
								"up": {"uv": [53, 35], "uv_size": [7, 4]},
								"down": {"uv": [54, 12], "uv_size": [7, -4]}
							}
						},
						{
							"origin": [-2.6006, 9.81724, -2.42141],
							"size": [5.2012, 2.24721, 4.09262],
							"uv": {
								"north": {"uv": [6, 8], "uv_size": [5, 2]},
								"east": {"uv": [23, 12], "uv_size": [4, 2]},
								"south": {"uv": [11, 8], "uv_size": [5, 2]},
								"west": {"uv": [26, 14], "uv_size": [4, 2]},
								"up": {"uv": [18, 6], "uv_size": [5, 4]},
								"down": {"uv": [18, 14], "uv_size": [5, -4]}
							}
						},
						{
							"origin": [2.02604, 9.68681, -2.36504],
							"size": [2.19698, 2.74452, 4.00806],
							"pivot": [2.6167, 10.29132, 0.81474],
							"rotation": [0, 0, -20.5],
							"uv": {
								"north": {"uv": [18, 27], "uv_size": [2, 3]},
								"east": {"uv": [18, 14], "uv_size": [4, 3]},
								"south": {"uv": [20, 27], "uv_size": [2, 3]},
								"west": {"uv": [19, 0], "uv_size": [4, 3]},
								"up": {"uv": [23, 8], "uv_size": [2, 4]},
								"down": {"uv": [25, 12], "uv_size": [2, -4]}
							}
						},
						{
							"origin": [-4.2374, 9.5575, 0.93259],
							"size": [2.19698, 2.94452, 2.10806],
							"pivot": [-2.6167, 10.29132, 0.81474],
							"rotation": [16.67785, -3.34164, 20.01005],
							"uv": {
								"north": {"uv": [29, 6], "uv_size": [2, 3]},
								"east": {"uv": [29, 9], "uv_size": [2, 3]},
								"south": {"uv": [30, 0], "uv_size": [2, 3]},
								"west": {"uv": [30, 3], "uv_size": [2, 3]},
								"up": {"uv": [30, 14], "uv_size": [2, 2]},
								"down": {"uv": [30, 18], "uv_size": [2, -2]}
							}
						},
						{
							"origin": [-4.22302, 9.68681, -2.36504],
							"size": [2.19698, 2.74452, 4.00806],
							"pivot": [-2.6167, 10.29132, 0.81474],
							"rotation": [0, 0, 20.5],
							"uv": {
								"north": {"uv": [22, 27], "uv_size": [2, 3]},
								"east": {"uv": [19, 3], "uv_size": [4, 3]},
								"south": {"uv": [24, 27], "uv_size": [2, 3]},
								"west": {"uv": [22, 14], "uv_size": [4, 3]},
								"up": {"uv": [27, 8], "uv_size": [2, 4]},
								"down": {"uv": [16, 31], "uv_size": [2, -4]}
							}
						},
						{
							"origin": [-2.6006, 10.21724, 0.87859],
							"size": [5.2012, 2.34721, 2.19262],
							"pivot": [-0.5, 10.54734, 2.58194],
							"rotation": [17, 0, 0],
							"uv": {
								"north": {"uv": [23, 0], "uv_size": [5, 2]},
								"east": {"uv": [28, 16], "uv_size": [2, 2]},
								"south": {"uv": [23, 2], "uv_size": [5, 2]},
								"west": {"uv": [29, 12], "uv_size": [2, 2]},
								"up": {"uv": [23, 4], "uv_size": [5, 2]},
								"down": {"uv": [23, 8], "uv_size": [5, -2]}
							}
						},
						{
							"origin": [2.04042, 9.5575, 0.93259],
							"size": [2.19698, 2.94452, 2.10806],
							"pivot": [2.6167, 10.29132, 0.81474],
							"rotation": [16.67785, 3.34164, -20.01005],
							"uv": {
								"north": {"uv": [26, 27], "uv_size": [2, 3]},
								"east": {"uv": [28, 0], "uv_size": [2, 3]},
								"south": {"uv": [28, 3], "uv_size": [2, 3]},
								"west": {"uv": [28, 27], "uv_size": [2, 3]},
								"up": {"uv": [26, 16], "uv_size": [2, 2]},
								"down": {"uv": [27, 14], "uv_size": [2, -2]}
							}
						},
						{
							"origin": [-3.33625, 10.66925, -0.064],
							"size": [6.6725, 4.54475, 2.578],
							"pivot": [-0.475, 11.52673, 0.2375],
							"rotation": [10.5, 0, 0],
							"uv": {
								"north": {"uv": [34, 18], "uv_size": [7, 5]},
								"east": {"uv": [47, 26], "uv_size": [3, 5]},
								"south": {"uv": [35, 0], "uv_size": [7, 5]},
								"west": {"uv": [30, 47], "uv_size": [3, 5]},
								"up": {"uv": [35, 15], "uv_size": [7, 3]},
								"down": {"uv": [0, 42], "uv_size": [7, -3]}
							}
						},
						{
							"origin": [0.75, 6, 3.225],
							"size": [3, 7, 0],
							"pivot": [1.75, 11, 2.225],
							"rotation": [26.58177, 4.62907, -14.49612],
							"uv": {
								"north": {"uv": [0, 60], "uv_size": [3, 7]},
								"east": {"uv": [0, 0], "uv_size": [0, 7]},
								"south": {"uv": [60, 18], "uv_size": [3, 7]},
								"west": {"uv": [0, 0], "uv_size": [0, 7]},
								"up": {"uv": [0, 0], "uv_size": [3, 0]},
								"down": {"uv": [0, 0], "uv_size": [3, 0]}
							}
						},
						{
							"origin": [-3.75, 6, 3.225],
							"size": [3, 7, 0],
							"pivot": [-1.75, 11, 2.225],
							"rotation": [26.58177, -4.62907, 14.49612],
							"uv": {
								"north": {"uv": [31, 6], "uv_size": [3, 7]},
								"east": {"uv": [0, 0], "uv_size": [0, 7]},
								"south": {"uv": [33, 39], "uv_size": [3, 7]},
								"west": {"uv": [0, 0], "uv_size": [0, 7]},
								"up": {"uv": [0, 0], "uv_size": [3, 0]},
								"down": {"uv": [0, 0], "uv_size": [3, 0]}
							}
						}
					]
				},
				{
					"name": "PistolLocator2",
					"parent": "UpBody",
					"pivot": [-5, 10.75, -0.6],
					"rotation": [-30, 0, 0]
				},
				{
					"name": "UpperBody",
					"parent": "UpBody",
					"pivot": [0, 15, 0],
					"cubes": [
						{
							"origin": [-1.635, 19.85, -1.9075],
							"size": [3.27, 2.18, 3.815],
							"uv": {
								"north": {"uv": [51, 4], "uv_size": [3, 2]},
								"east": {"uv": [49, 36], "uv_size": [4, 2]},
								"south": {"uv": [6, 51], "uv_size": [3, 2]},
								"west": {"uv": [49, 38], "uv_size": [4, 2]},
								"up": {"uv": [41, 47], "uv_size": [3, 4]},
								"down": {"uv": [44, 52], "uv_size": [3, -4]}
							}
						},
						{
							"origin": [-3.3085, 14.964, -2.314],
							"size": [6.617, 5.867, 2.603],
							"uv": {
								"north": {"uv": [0, 28], "uv_size": [7, 6]},
								"east": {"uv": [46, 0], "uv_size": [3, 6]},
								"south": {"uv": [7, 28], "uv_size": [7, 6]},
								"west": {"uv": [46, 6], "uv_size": [3, 6]},
								"up": {"uv": [7, 39], "uv_size": [7, 3]},
								"down": {"uv": [39, 12], "uv_size": [7, -3]}
							}
						},
						{
							"origin": [-3.3085, 14.964, -0.539],
							"size": [6.617, 5.867, 2.628],
							"pivot": [0.125, 17.36107, -0.25],
							"rotation": [-7.5, 0, 0],
							"uv": {
								"north": {"uv": [32, 27], "uv_size": [7, 6]},
								"east": {"uv": [0, 47], "uv_size": [3, 6]},
								"south": {"uv": [32, 33], "uv_size": [7, 6]},
								"west": {"uv": [3, 47], "uv_size": [3, 6]},
								"up": {"uv": [39, 12], "uv_size": [7, 3]},
								"down": {"uv": [26, 42], "uv_size": [7, -3]}
							}
						}
					]
				},
				{
					"name": "Breast",
					"parent": "UpperBody",
					"pivot": [0, 18.4, -1],
					"rotation": [-5, 0, 0]
				},
				{
					"name": "bone9",
					"parent": "Breast",
					"pivot": [2.01465, 17.66435, -1.23699],
					"rotation": [0, -7.5, 0],
					"cubes": [
						{
							"origin": [0.03333, 16.16698, -4.13722],
							"size": [3.292, 2.967, 2.353],
							"pivot": [2.37933, 16.90048, -2.33572],
							"rotation": [-47.65013, -6.88262, -5.81311],
							"uv": {
								"north": {"uv": [26, 36], "uv_size": [3, 3]},
								"east": {"uv": [51, 6], "uv_size": [2, 3]},
								"south": {"uv": [29, 36], "uv_size": [3, 3]},
								"west": {"uv": [9, 51], "uv_size": [2, 3]},
								"up": {"uv": [51, 9], "uv_size": [3, 2]},
								"down": {"uv": [11, 53], "uv_size": [3, -2]}
							}
						}
					]
				},
				{
					"name": "bone10",
					"parent": "Breast",
					"pivot": [-2.01465, 17.66435, -1.23699],
					"rotation": [0, 7.5, 0],
					"cubes": [
						{
							"origin": [-3.32533, 16.16698, -4.13722],
							"size": [3.292, 2.967, 2.353],
							"pivot": [-2.37933, 16.90048, -2.33572],
							"rotation": [-47.65013, 6.88262, 5.81311],
							"uv": {
								"north": {"uv": [29, 36], "uv_size": [-3, 3]},
								"east": {"uv": [11, 51], "uv_size": [-2, 3]},
								"south": {"uv": [32, 36], "uv_size": [-3, 3]},
								"west": {"uv": [53, 6], "uv_size": [-2, 3]},
								"up": {"uv": [54, 9], "uv_size": [-3, 2]},
								"down": {"uv": [14, 53], "uv_size": [-3, -2]}
							}
						}
					]
				},
				{
					"name": "RifleLocator2",
					"parent": "UpperBody",
					"pivot": [0, 15.15, 3.3],
					"rotation": [0, 0, 45]
				},
				{
					"name": "Elytra",
					"parent": "UpperBody",
					"pivot": [0, 19.9644, 3]
				},
				{
					"name": "ElytraLocator2",
					"parent": "Elytra",
					"pivot": [0, 19.9644, 3]
				},
				{
					"name": "LeftWaistLocator",
					"parent": "UpperBody",
					"pivot": [4, 11, 0],
					"rotation": [-20, 0, 0]
				},
				{
					"name": "RightWaistLocator",
					"parent": "UpperBody",
					"pivot": [-4, 11, 0],
					"rotation": [-5, 0, 0]
				},
				{
					"name": "AllHead",
					"parent": "UpperBody",
					"pivot": [0, 22, 0]
				},
				{
					"name": "Head",
					"parent": "AllHead",
					"pivot": [0, 22, 0.25],
					"cubes": [
						{
							"origin": [-4, 22, -3.75],
							"size": [8, 8, 8],
							"uv": {
								"north": {"uv": [18, 18], "uv_size": [8, 9]},
								"east": {"uv": [0, 10], "uv_size": [9, 9]},
								"south": {"uv": [0, 19], "uv_size": [8, 9]},
								"west": {"uv": [9, 10], "uv_size": [9, 9]},
								"up": {"uv": [8, 19], "uv_size": [8, 9]},
								"down": {"uv": [26, 27], "uv_size": [8, -9]}
							}
						},
						{
							"origin": [0.75, 23.6, -4.35],
							"size": [4, 6.45, 2],
							"pivot": [3, 26.5, -3.35],
							"rotation": [0, 0, -15],
							"uv": {
								"north": {"uv": [26, 52], "uv_size": [4, 7]},
								"east": {"uv": [30, 52], "uv_size": [2, 7]},
								"south": {"uv": [52, 26], "uv_size": [4, 7]},
								"west": {"uv": [35, 52], "uv_size": [2, 7]},
								"up": {"uv": [52, 33], "uv_size": [4, 2]},
								"down": {"uv": [53, 2], "uv_size": [4, -2]}
							}
						},
						{
							"origin": [-4.75, 23.6, -4.35],
							"size": [4, 6.45, 2],
							"pivot": [-3, 26.5, -3.35],
							"rotation": [0, 0, 15],
							"uv": {
								"north": {"uv": [40, 52], "uv_size": [4, 7]},
								"east": {"uv": [44, 52], "uv_size": [2, 7]},
								"south": {"uv": [0, 53], "uv_size": [4, 7]},
								"west": {"uv": [49, 52], "uv_size": [2, 7]},
								"up": {"uv": [53, 2], "uv_size": [4, 2]},
								"down": {"uv": [4, 55], "uv_size": [4, -2]}
							}
						},
						{
							"origin": [-2.6, 23.9, -4.65],
							"size": [4, 7, 2],
							"pivot": [0, 27.5, -5.35],
							"rotation": [0, 0, 5],
							"uv": {
								"north": {"uv": [11, 53], "uv_size": [4, 7]},
								"east": {"uv": [19, 53], "uv_size": [2, 7]},
								"south": {"uv": [15, 53], "uv_size": [4, 7]},
								"west": {"uv": [21, 53], "uv_size": [2, 7]},
								"up": {"uv": [53, 6], "uv_size": [4, 2]},
								"down": {"uv": [53, 16], "uv_size": [4, -2]}
							}
						},
						{
							"origin": [3.3, 21, -4.05],
							"size": [1, 5, 0],
							"pivot": [3.8, 24, -4.05],
							"rotation": [0, 0, 5],
							"uv": {
								"north": {"uv": [32, 52], "uv_size": [1, 5]},
								"east": {"uv": [0, 0], "uv_size": [0, 5]},
								"south": {"uv": [37, 52], "uv_size": [1, 5]},
								"west": {"uv": [0, 0], "uv_size": [0, 5]},
								"up": {"uv": [0, 0], "uv_size": [1, 0]},
								"down": {"uv": [0, 0], "uv_size": [1, 0]}
							}
						},
						{
							"origin": [-4.3, 21, -4.05],
							"size": [1, 5, 0],
							"pivot": [-3.8, 24, -4.05],
							"rotation": [0, 0, -5],
							"uv": {
								"north": {"uv": [46, 52], "uv_size": [1, 5]},
								"east": {"uv": [0, 0], "uv_size": [0, 5]},
								"south": {"uv": [8, 53], "uv_size": [1, 5]},
								"west": {"uv": [0, 0], "uv_size": [0, 5]},
								"up": {"uv": [0, 0], "uv_size": [1, 0]},
								"down": {"uv": [0, 0], "uv_size": [1, 0]}
							}
						},
						{
							"origin": [3.25, 22.9, -1.85],
							"size": [3, 2, 0],
							"pivot": [4.75, 23.9, -1.85],
							"rotation": [0, -25, 0],
							"uv": {
								"north": {"uv": [0, 8], "uv_size": [3, 2]},
								"east": {"uv": [0, 0], "uv_size": [0, 2]},
								"south": {"uv": [3, 8], "uv_size": [3, 2]},
								"west": {"uv": [0, 0], "uv_size": [0, 2]},
								"up": {"uv": [0, 0], "uv_size": [3, 0]},
								"down": {"uv": [0, 0], "uv_size": [3, 0]}
							}
						},
						{
							"origin": [-6.25, 22.9, -1.85],
							"size": [3, 2, 0],
							"pivot": [-4.75, 23.9, -1.85],
							"rotation": [0, 25, 0],
							"uv": {
								"north": {"uv": [3, 8], "uv_size": [-3, 2]},
								"east": {"uv": [0, 0], "uv_size": [0, 2]},
								"south": {"uv": [6, 8], "uv_size": [-3, 2]},
								"west": {"uv": [0, 0], "uv_size": [0, 2]},
								"up": {"uv": [3, 0], "uv_size": [-3, 0]},
								"down": {"uv": [3, 0], "uv_size": [-3, 0]}
							}
						}
					]
				},
				{
					"name": "zui",
					"parent": "Head",
					"pivot": [0, -16.3, 0.3]
				},
				{
					"name": "1",
					"parent": "zui",
					"pivot": [0, 22.79103, -3.82246],
					"cubes": [
						{
							"origin": [-1.31053, 22.0842, -3.84746],
							"size": [2.62106, 1.31366, 0],
							"uv": {
								"north": {"uv": [49, 64], "uv_size": [16, 8]},
								"east": {"uv": [0, 0], "uv_size": [0, 8]},
								"south": {"uv": [19, 65], "uv_size": [16, 8]},
								"west": {"uv": [0, 0], "uv_size": [0, 8]},
								"up": {"uv": [0, 0], "uv_size": [16, 0]},
								"down": {"uv": [0, 0], "uv_size": [16, 0]}
							}
						}
					]
				},
				{
					"name": "2",
					"parent": "zui",
					"pivot": [0, 22.56603, -1.62246],
					"cubes": [
						{
							"origin": [-1.31053, 22.0342, -2.87246],
							"size": [2.62106, 1.61366, 0],
							"uv": {
								"north": {"uv": [68, 8], "uv_size": [16, 8]},
								"east": {"uv": [0, 0], "uv_size": [0, 8]},
								"south": {"uv": [69, 16], "uv_size": [16, 8]},
								"west": {"uv": [0, 0], "uv_size": [0, 8]},
								"up": {"uv": [0, 0], "uv_size": [16, 0]},
								"down": {"uv": [0, 0], "uv_size": [16, 0]}
							}
						}
					]
				},
				{
					"name": "3",
					"parent": "zui",
					"pivot": [0, 22.51603, -2.72246],
					"cubes": [
						{
							"origin": [-0.93553, 22.0842, -2.72246],
							"size": [1.87106, 0.86366, 0],
							"uv": {
								"north": {"uv": [98, 46], "uv_size": [16, 8]},
								"east": {"uv": [0, 0], "uv_size": [0, 8]},
								"south": {"uv": [98, 54], "uv_size": [16, 8]},
								"west": {"uv": [0, 0], "uv_size": [0, 8]},
								"up": {"uv": [0, 0], "uv_size": [16, 0]},
								"down": {"uv": [0, 0], "uv_size": [16, 0]}
							}
						}
					]
				},
				{
					"name": "4",
					"parent": "zui",
					"pivot": [0, -16.3, -27.7]
				},
				{
					"name": "eye2",
					"parent": "Head",
					"pivot": [0, -0.3, 0.225]
				},
				{
					"name": "zuo2",
					"parent": "eye2",
					"pivot": [2.95738, 23.59925, -3.725],
					"cubes": [
						{
							"origin": [1.01325, 23.0245, -3.7765],
							"size": [2.4205, 1.854, 0.103],
							"uv": {
								"north": {"uv": [16, 25], "uv_size": [2, 2]},
								"east": {"uv": [32, 42], "uv_size": [1, 2]},
								"south": {"uv": [14, 34], "uv_size": [2, 2]},
								"west": {"uv": [44, 15], "uv_size": [1, 2]},
								"up": {"uv": [42, 17], "uv_size": [2, 1]},
								"down": {"uv": [45, 23], "uv_size": [2, -1]}
							}
						},
						{
							"origin": [3.43375, 23.1275, -3.7765],
							"size": [0.515, 0.239, 0.103],
							"uv": {
								"north": {"uv": [44, 17], "uv_size": [1, 1]},
								"east": {"uv": [32, 46], "uv_size": [1, 1]},
								"south": {"uv": [44, 47], "uv_size": [1, 1]},
								"west": {"uv": [48, 14], "uv_size": [1, 1]},
								"up": {"uv": [49, 19], "uv_size": [1, 1]},
								"down": {"uv": [50, 20], "uv_size": [1, -1]}
							}
						}
					]
				},
				{
					"name": "bone5",
					"parent": "zuo2",
					"pivot": [2.64327, 24.98221, -3.81083],
					"rotation": [0, 0, 2.5],
					"cubes": [
						{
							"origin": [2.68267, 24.76199, -3.9825],
							"size": [1.4935, 0.933, 0.309],
							"pivot": [1.38223, 41.12556, -3.828],
							"rotation": [0, 0, 2.5],
							"uv": {
								"north": {"uv": [50, 30], "uv_size": [1, 1]},
								"east": {"uv": [51, 11], "uv_size": [1, 1]},
								"south": {"uv": [16, 51], "uv_size": [1, 1]},
								"west": {"uv": [51, 16], "uv_size": [1, 1]},
								"up": {"uv": [17, 51], "uv_size": [1, 1]},
								"down": {"uv": [51, 18], "uv_size": [1, -1]}
							}
						},
						{
							"origin": [-0.75109, 24.7302, -3.9825],
							"size": [1.2875, 0.933, 0.309],
							"pivot": [1.38223, 41.12556, -3.828],
							"rotation": [0, 0, -5.5],
							"uv": {
								"north": {"uv": [18, 51], "uv_size": [1, 1]},
								"east": {"uv": [51, 18], "uv_size": [1, 1]},
								"south": {"uv": [19, 51], "uv_size": [1, 1]},
								"west": {"uv": [51, 19], "uv_size": [1, 1]},
								"up": {"uv": [20, 51], "uv_size": [1, 1]},
								"down": {"uv": [21, 52], "uv_size": [1, -1]}
							}
						},
						{
							"origin": [3.35752, 23.99555, -3.8795],
							"size": [0.824, 1.339, 0.206],
							"uv": {
								"north": {"uv": [22, 51], "uv_size": [1, 1]},
								"east": {"uv": [51, 22], "uv_size": [1, 1]},
								"south": {"uv": [23, 51], "uv_size": [1, 1]},
								"west": {"uv": [51, 23], "uv_size": [1, 1]},
								"up": {"uv": [24, 51], "uv_size": [1, 1]},
								"down": {"uv": [51, 25], "uv_size": [1, -1]}
							}
						}
					]
				},
				{
					"name": "bone3",
					"parent": "zuo2",
					"pivot": [1.97775, 23.986, -3.77537],
					"cubes": [
						{
							"origin": [1.27075, 23.2245, -3.80225],
							"size": [1.439, 1.548, 0.12875],
							"uv": {
								"north": {"uv": [32, 44], "uv_size": [1, 2]},
								"east": {"uv": [47, 31], "uv_size": [1, 2]},
								"south": {"uv": [48, 31], "uv_size": [1, 2]},
								"west": {"uv": [35, 49], "uv_size": [1, 2]},
								"up": {"uv": [25, 51], "uv_size": [1, 1]},
								"down": {"uv": [51, 26], "uv_size": [1, -1]}
							}
						},
						{
							"origin": [1.72075, 23.4495, -3.82725],
							"size": [0.489, 1.048, 0.02875],
							"uv": {
								"north": {"uv": [26, 51], "uv_size": [1, 1]},
								"east": {"uv": [27, 51], "uv_size": [1, 1]},
								"south": {"uv": [28, 51], "uv_size": [1, 1]},
								"west": {"uv": [29, 51], "uv_size": [1, 1]},
								"up": {"uv": [51, 30], "uv_size": [1, 1]},
								"down": {"uv": [51, 32], "uv_size": [1, -1]}
							}
						}
					]
				},
				{
					"name": "you2",
					"parent": "eye2",
					"pivot": [-2.95737, 23.59925, -3.725],
					"cubes": [
						{
							"origin": [-3.43375, 23.0245, -3.7765],
							"size": [2.4205, 1.854, 0.103],
							"uv": {
								"north": {"uv": [39, 37], "uv_size": [2, 2]},
								"east": {"uv": [36, 49], "uv_size": [1, 2]},
								"south": {"uv": [42, 15], "uv_size": [2, 2]},
								"west": {"uv": [37, 49], "uv_size": [1, 2]},
								"up": {"uv": [46, 14], "uv_size": [2, 1]},
								"down": {"uv": [49, 12], "uv_size": [2, -1]}
							}
						},
						{
							"origin": [-3.94875, 23.1275, -3.7765],
							"size": [0.515, 0.239, 0.103],
							"uv": {
								"north": {"uv": [51, 32], "uv_size": [1, 1]},
								"east": {"uv": [51, 33], "uv_size": [1, 1]},
								"south": {"uv": [51, 34], "uv_size": [1, 1]},
								"west": {"uv": [35, 51], "uv_size": [1, 1]},
								"up": {"uv": [51, 35], "uv_size": [1, 1]},
								"down": {"uv": [36, 52], "uv_size": [1, -1]}
							}
						}
					]
				},
				{
					"name": "bone4",
					"parent": "you2",
					"pivot": [-2.66322, 24.99033, -3.81083],
					"rotation": [0, 0, -2.5],
					"cubes": [
						{
							"origin": [-4.23055, 24.0043, -3.8795],
							"size": [0.824, 1.339, 0.206],
							"uv": {
								"north": {"uv": [37, 51], "uv_size": [1, 1]},
								"east": {"uv": [40, 51], "uv_size": [1, 1]},
								"south": {"uv": [41, 51], "uv_size": [1, 1]},
								"west": {"uv": [42, 51], "uv_size": [1, 1]},
								"up": {"uv": [43, 51], "uv_size": [1, 1]},
								"down": {"uv": [52, 12], "uv_size": [1, -1]}
							}
						},
						{
							"origin": [-4.18158, 24.76979, -3.9825],
							"size": [1.4935, 0.933, 0.309],
							"pivot": [-1.38764, 41.13336, -3.828],
							"rotation": [0, 0, -2.5],
							"uv": {
								"north": {"uv": [52, 14], "uv_size": [1, 1]},
								"east": {"uv": [52, 15], "uv_size": [1, 1]},
								"south": {"uv": [16, 52], "uv_size": [1, 1]},
								"west": {"uv": [52, 16], "uv_size": [1, 1]},
								"up": {"uv": [17, 52], "uv_size": [1, 1]},
								"down": {"uv": [52, 18], "uv_size": [1, -1]}
							}
						},
						{
							"origin": [-0.54182, 24.738, -3.9825],
							"size": [1.2875, 0.933, 0.309],
							"pivot": [-1.38764, 41.13336, -3.828],
							"rotation": [0, 0, 5.5],
							"uv": {
								"north": {"uv": [18, 52], "uv_size": [1, 1]},
								"east": {"uv": [52, 18], "uv_size": [1, 1]},
								"south": {"uv": [19, 52], "uv_size": [1, 1]},
								"west": {"uv": [52, 19], "uv_size": [1, 1]},
								"up": {"uv": [20, 52], "uv_size": [1, 1]},
								"down": {"uv": [21, 53], "uv_size": [1, -1]}
							}
						}
					]
				},
				{
					"name": "bone6",
					"parent": "you2",
					"pivot": [-1.97775, 23.986, -3.77537],
					"cubes": [
						{
							"origin": [-2.70975, 23.2245, -3.80225],
							"size": [1.439, 1.548, 0.12875],
							"uv": {
								"north": {"uv": [40, 49], "uv_size": [1, 2]},
								"east": {"uv": [14, 51], "uv_size": [1, 2]},
								"south": {"uv": [51, 14], "uv_size": [1, 2]},
								"west": {"uv": [15, 51], "uv_size": [1, 2]},
								"up": {"uv": [22, 52], "uv_size": [1, 1]},
								"down": {"uv": [52, 23], "uv_size": [1, -1]}
							}
						},
						{
							"origin": [-2.20975, 23.4495, -3.82725],
							"size": [0.489, 1.048, 0.02875],
							"uv": {
								"north": {"uv": [23, 52], "uv_size": [1, 1]},
								"east": {"uv": [52, 23], "uv_size": [1, 1]},
								"south": {"uv": [24, 52], "uv_size": [1, 1]},
								"west": {"uv": [52, 24], "uv_size": [1, 1]},
								"up": {"uv": [25, 52], "uv_size": [1, 1]},
								"down": {"uv": [52, 26], "uv_size": [1, -1]}
							}
						}
					]
				},
				{
					"name": "Hat",
					"parent": "Head",
					"pivot": [0, 22, 0.25],
					"cubes": [
						{
							"origin": [-4, 22, -1.75],
							"size": [8, 8, 6],
							"inflate": 0.5,
							"uv": {
								"north": {"uv": [0, 0], "uv_size": [8, 8]},
								"east": {"uv": [39, 59], "uv_size": [6, 8]},
								"south": {"uv": [8, 0], "uv_size": [8, 8]},
								"west": {"uv": [59, 56], "uv_size": [6, 8]},
								"up": {"uv": [11, 60], "uv_size": [8, 6]},
								"down": {"uv": [60, 18], "uv_size": [8, -6]}
							}
						},
						{
							"origin": [-7.81053, 23.4842, 15.97754],
							"size": [15.62106, 7.61366, 0],
							"uv": {
								"north": {"uv": [60, 25], "uv_size": [16, 8]},
								"east": {"uv": [0, 0], "uv_size": [0, 8]},
								"south": {"uv": [61, 0], "uv_size": [16, 8]},
								"west": {"uv": [0, 0], "uv_size": [0, 8]},
								"up": {"uv": [0, 0], "uv_size": [16, 0]},
								"down": {"uv": [0, 0], "uv_size": [16, 0]}
							}
						},
						{
							"origin": [-1, 30.25, -0.75],
							"size": [2, 3, 0],
							"pivot": [0, 31.75, -0.75],
							"rotation": [0, 0, -30],
							"uv": {
								"north": {"uv": [16, 0], "uv_size": [2, 3]},
								"east": {"uv": [0, 0], "uv_size": [0, 3]},
								"south": {"uv": [16, 3], "uv_size": [2, 3]},
								"west": {"uv": [0, 0], "uv_size": [0, 3]},
								"up": {"uv": [0, 0], "uv_size": [2, 0]},
								"down": {"uv": [0, 0], "uv_size": [2, 0]}
							}
						},
						{
							"origin": [0.75, 29.5, 1],
							"size": [4, 3, 3],
							"pivot": [1.75, 30.5, 2],
							"rotation": [0, 0, 10],
							"uv": {
								"north": {"uv": [18, 30], "uv_size": [4, 3]},
								"east": {"uv": [32, 0], "uv_size": [3, 3]},
								"south": {"uv": [22, 30], "uv_size": [4, 3]},
								"west": {"uv": [32, 3], "uv_size": [3, 3]},
								"up": {"uv": [26, 30], "uv_size": [4, 3]},
								"down": {"uv": [16, 36], "uv_size": [4, -3]}
							}
						},
						{
							"origin": [2.08567, 31.75069, 2.7],
							"size": [1, 2, 0],
							"pivot": [2.58567, 32.75069, 2.7],
							"rotation": [0, 0, -5],
							"uv": {
								"north": {"uv": [28, 6], "uv_size": [1, 2]},
								"east": {"uv": [0, 0], "uv_size": [0, 2]},
								"south": {"uv": [30, 27], "uv_size": [1, 2]},
								"west": {"uv": [0, 0], "uv_size": [0, 2]},
								"up": {"uv": [0, 0], "uv_size": [1, 0]},
								"down": {"uv": [0, 0], "uv_size": [1, 0]}
							}
						}
					]
				},
				{
					"name": "FLongHair",
					"parent": "Hat",
					"pivot": [0.325, 28.56866, 2.53289]
				},
				{
					"name": "MLongHair",
					"parent": "FLongHair",
					"pivot": [0.325, 29.5687, 1.53289],
					"cubes": [
						{
							"origin": [3.325, 19.5687, 1.03289],
							"size": [4, 10, 3],
							"pivot": [4.825, 23.5687, 1.53289],
							"rotation": [5, 0, -15],
							"uv": {
								"north": {"uv": [43, 23], "uv_size": [4, 10]},
								"east": {"uv": [46, 57], "uv_size": [3, 10]},
								"south": {"uv": [35, 59], "uv_size": [4, 10]},
								"west": {"uv": [8, 58], "uv_size": [3, 10]},
								"up": {"uv": [35, 5], "uv_size": [4, 3]},
								"down": {"uv": [39, 8], "uv_size": [4, -3]}
							}
						},
						{
							"origin": [-7.73625, 15.69242, 1.64976],
							"size": [3, 5, 3],
							"pivot": [-6.23625, 16.69242, 3.14976],
							"rotation": [4.62111, 1.91134, -7.42287],
							"uv": {
								"north": {"uv": [45, 0], "uv_size": [-3, 5]},
								"east": {"uv": [13, 42], "uv_size": [-3, 5]},
								"south": {"uv": [10, 42], "uv_size": [-3, 5]},
								"west": {"uv": [7, 42], "uv_size": [-3, 5]},
								"up": {"uv": [41, 23], "uv_size": [-3, 3]},
								"down": {"uv": [42, 36], "uv_size": [-3, -3]}
							}
						},
						{
							"origin": [-7.325, 19.5687, 1.03289],
							"size": [4, 10, 3],
							"pivot": [-4.825, 23.5687, 1.53289],
							"rotation": [5, 0, 15],
							"uv": {
								"north": {"uv": [47, 23], "uv_size": [-4, 10]},
								"east": {"uv": [11, 58], "uv_size": [-3, 10]},
								"south": {"uv": [39, 59], "uv_size": [-4, 10]},
								"west": {"uv": [49, 57], "uv_size": [-3, 10]},
								"up": {"uv": [39, 5], "uv_size": [-4, 3]},
								"down": {"uv": [43, 8], "uv_size": [-4, -3]}
							}
						},
						{
							"origin": [4.73625, 15.69242, 1.64976],
							"size": [3, 5, 3],
							"pivot": [6.23625, 16.69242, 3.14976],
							"rotation": [4.62111, -1.91134, 7.42287],
							"uv": {
								"north": {"uv": [42, 0], "uv_size": [3, 5]},
								"east": {"uv": [4, 42], "uv_size": [3, 5]},
								"south": {"uv": [7, 42], "uv_size": [3, 5]},
								"west": {"uv": [10, 42], "uv_size": [3, 5]},
								"up": {"uv": [38, 23], "uv_size": [3, 3]},
								"down": {"uv": [39, 36], "uv_size": [3, -3]}
							}
						},
						{
							"origin": [3.875, 28.5687, 0.33289],
							"size": [1, 3, 0],
							"pivot": [4.375, 30.0687, 0.33289],
							"rotation": [12.5, 0, 20],
							"uv": {
								"north": {"uv": [18, 0], "uv_size": [1, 3]},
								"east": {"uv": [0, 0], "uv_size": [0, 3]},
								"south": {"uv": [18, 3], "uv_size": [1, 3]},
								"west": {"uv": [0, 0], "uv_size": [0, 3]},
								"up": {"uv": [0, 0], "uv_size": [1, 0]},
								"down": {"uv": [0, 0], "uv_size": [1, 0]}
							}
						},
						{
							"origin": [-5.075, 28.2687, 2.63289],
							"size": [1, 3, 0],
							"pivot": [-4.575, 29.7687, 2.63289],
							"rotation": [-18.25612, -8.31087, -43.66235],
							"uv": {
								"north": {"uv": [17, 6], "uv_size": [-1, 3]},
								"east": {"uv": [0, 0], "uv_size": [0, 3]},
								"south": {"uv": [18, 6], "uv_size": [-1, 3]},
								"west": {"uv": [0, 0], "uv_size": [0, 3]},
								"up": {"uv": [1, 0], "uv_size": [-1, 0]},
								"down": {"uv": [1, 0], "uv_size": [-1, 0]}
							}
						},
						{
							"origin": [-4.875, 28.5687, 0.33289],
							"size": [1, 3, 0],
							"pivot": [-4.375, 30.0687, 0.33289],
							"rotation": [12.5, 0, -20],
							"uv": {
								"north": {"uv": [19, 0], "uv_size": [-1, 3]},
								"east": {"uv": [0, 0], "uv_size": [0, 3]},
								"south": {"uv": [19, 3], "uv_size": [-1, 3]},
								"west": {"uv": [0, 0], "uv_size": [0, 3]},
								"up": {"uv": [1, 0], "uv_size": [-1, 0]},
								"down": {"uv": [1, 0], "uv_size": [-1, 0]}
							}
						},
						{
							"origin": [4.075, 28.2687, 2.63289],
							"size": [1, 3, 0],
							"pivot": [4.575, 29.7687, 2.63289],
							"rotation": [-18.25612, 8.31087, 43.66235],
							"uv": {
								"north": {"uv": [16, 6], "uv_size": [1, 3]},
								"east": {"uv": [0, 0], "uv_size": [0, 3]},
								"south": {"uv": [17, 6], "uv_size": [1, 3]},
								"west": {"uv": [0, 0], "uv_size": [0, 3]},
								"up": {"uv": [0, 0], "uv_size": [1, 0]},
								"down": {"uv": [0, 0], "uv_size": [1, 0]}
							}
						}
					]
				},
				{
					"name": "lei",
					"parent": "Head",
					"pivot": [0, 23, -3],
					"cubes": [
						{
							"origin": [-3.3, 22.7, -3.25],
							"size": [1.2, 0.6, 0.5],
							"uv": {
								"north": {"uv": [16, 9], "uv_size": [1, 1]},
								"east": {"uv": [17, 9], "uv_size": [1, 1]},
								"south": {"uv": [18, 17], "uv_size": [1, 1]},
								"west": {"uv": [19, 17], "uv_size": [1, 1]},
								"up": {"uv": [20, 17], "uv_size": [1, 1]},
								"down": {"uv": [21, 18], "uv_size": [1, -1]}
							}
						},
						{
							"origin": [2.1, 22.7, -3.25],
							"size": [1.2, 0.6, 0.5],
							"uv": {
								"north": {"uv": [22, 17], "uv_size": [1, 1]},
								"east": {"uv": [23, 17], "uv_size": [1, 1]},
								"south": {"uv": [24, 17], "uv_size": [1, 1]},
								"west": {"uv": [25, 17], "uv_size": [1, 1]},
								"up": {"uv": [31, 13], "uv_size": [1, 1]},
								"down": {"uv": [16, 32], "uv_size": [1, -1]}
							}
						}
					]
				},
				{
					"name": "Jacket",
					"parent": "UpperBody",
					"pivot": [0, 22, 0]
				},
				{
					"name": "cape",
					"parent": "UpperBody",
					"pivot": [0, 22, -3]
				},
				{
					"name": "Arm",
					"parent": "UpperBody",
					"pivot": [0, 21.5, 0]
				},
				{
					"name": "RightArm",
					"parent": "Arm",
					"pivot": [-2.75, 19, 0],
					"rotation": [0, 0, 12.5],
					"cubes": [
						{
							"origin": [-4.75, 14.6, -1.7],
							"size": [2.4, 5.4, 3.5],
							"uv": {
								"north": {"uv": [49, 6], "uv_size": [2, 5]},
								"east": {"uv": [37, 39], "uv_size": [4, 5]},
								"south": {"uv": [49, 14], "uv_size": [2, 5]},
								"west": {"uv": [41, 18], "uv_size": [4, 5]},
								"up": {"uv": [41, 23], "uv_size": [2, 4]},
								"down": {"uv": [43, 37], "uv_size": [2, -4]}
							}
						}
					]
				},
				{
					"name": "RightSleeve",
					"parent": "RightArm",
					"pivot": [-2.75, 19, 0]
				},
				{
					"name": "RightForeArm",
					"parent": "RightArm",
					"pivot": [-3.25, 15, 0],
					"cubes": [
						{
							"origin": [-4.75, 9, -1.7],
							"size": [2.4, 5.6, 3.5],
							"uv": {
								"north": {"uv": [16, 19], "uv_size": [2, 6]},
								"east": {"uv": [35, 9], "uv_size": [4, 6]},
								"south": {"uv": [14, 28], "uv_size": [2, 6]},
								"west": {"uv": [14, 36], "uv_size": [4, 6]},
								"up": {"uv": [38, 49], "uv_size": [2, 4]},
								"down": {"uv": [49, 44], "uv_size": [2, -4]}
							}
						}
					]
				},
				{
					"name": "rightForeSleeve",
					"parent": "RightForeArm",
					"pivot": [-2.75, 16.5, 0]
				},
				{
					"name": "RightHand",
					"parent": "RightForeArm",
					"pivot": [-3.75, 13, 0]
				},
				{
					"name": "RightHandLocator",
					"parent": "RightHand",
					"pivot": [-3.75, 11, 0]
				},
				{
					"name": "RightItem",
					"parent": "RightArm",
					"pivot": [-3.75, 12, 1]
				},
				{
					"name": "LeftArm",
					"parent": "Arm",
					"pivot": [2.75, 19, 0],
					"rotation": [0, 0, -12.5],
					"cubes": [
						{
							"origin": [2.35, 14.6, -1.7],
							"size": [2.4, 5.4, 3.5],
							"uv": {
								"north": {"uv": [49, 31], "uv_size": [2, 5]},
								"east": {"uv": [41, 37], "uv_size": [4, 5]},
								"south": {"uv": [33, 49], "uv_size": [2, 5]},
								"west": {"uv": [0, 42], "uv_size": [4, 5]},
								"up": {"uv": [49, 44], "uv_size": [2, 4]},
								"down": {"uv": [49, 52], "uv_size": [2, -4]}
							}
						}
					]
				},
				{
					"name": "LeftSleeve",
					"parent": "LeftArm",
					"pivot": [2.75, 19, 0]
				},
				{
					"name": "LeftForeArm",
					"parent": "LeftArm",
					"pivot": [3.25, 15, 0],
					"cubes": [
						{
							"origin": [2.35, 9, -1.7],
							"size": [2.4, 5.6, 3.5],
							"uv": {
								"north": {"uv": [47, 48], "uv_size": [2, 6]},
								"east": {"uv": [18, 36], "uv_size": [4, 6]},
								"south": {"uv": [49, 0], "uv_size": [2, 6]},
								"west": {"uv": [22, 36], "uv_size": [4, 6]},
								"up": {"uv": [50, 26], "uv_size": [2, 4]},
								"down": {"uv": [51, 4], "uv_size": [2, -4]}
							}
						}
					]
				},
				{
					"name": "LeftHand",
					"parent": "LeftForeArm",
					"pivot": [3.75, 13, 0]
				},
				{
					"name": "LeftHandLocator",
					"parent": "LeftHand",
					"pivot": [3.75, 12, 0]
				},
				{
					"name": "LeftForeSleeve",
					"parent": "LeftForeArm",
					"pivot": [2.75, 16.5, 0]
				},
				{
					"name": "LeftItem",
					"parent": "LeftArm",
					"pivot": [3.75, 12, 1]
				},
				{
					"name": "ElytraLocator",
					"parent": "UpperBody",
					"pivot": [0, 21, 2]
				},
				{
					"name": "RifleLocator",
					"parent": "UpperBody",
					"pivot": [0, 16, 2],
					"rotation": [0, 0, 45]
				},
				{
					"name": "PistolLocator",
					"parent": "UpperBody",
					"pivot": [-4, 13, 0],
					"rotation": [-30, 0, 0]
				},
				{
					"name": "BackpackLocator",
					"parent": "UpperBody",
					"pivot": [0, 19.4644, 0]
				},
				{
					"name": "DownBody",
					"parent": "AllBody",
					"pivot": [-1.9, 9, 0]
				},
				{
					"name": "LeftLeg",
					"parent": "DownBody",
					"pivot": [2.9, 10.32942, -0.00324],
					"rotation": [0, 0, -2.5],
					"cubes": [
						{
							"origin": [0.4, 5.32942, -2.00324],
							"size": [3.5, 6, 4],
							"uv": {
								"north": {"uv": [39, 27], "uv_size": [4, 6]},
								"east": {"uv": [51, 56], "uv_size": [4, 6]},
								"south": {"uv": [55, 56], "uv_size": [4, 6]},
								"west": {"uv": [57, 0], "uv_size": [4, 6]},
								"up": {"uv": [0, 34], "uv_size": [4, 4]},
								"down": {"uv": [4, 38], "uv_size": [4, -4]}
							}
						}
					]
				},
				{
					"name": "LeftLowerPants",
					"parent": "LeftLeg",
					"pivot": [3, 10.32942, -0.00324]
				},
				{
					"name": "LeftLowerLeg",
					"parent": "LeftLeg",
					"pivot": [3, 5.32942, -0.00324],
					"cubes": [
						{
							"origin": [0.4, 0.32942, -2.00324],
							"size": [3.5, 5, 4],
							"uv": {
								"north": {"uv": [16, 42], "uv_size": [4, 5]},
								"east": {"uv": [20, 42], "uv_size": [4, 5]},
								"south": {"uv": [24, 42], "uv_size": [4, 5]},
								"west": {"uv": [28, 42], "uv_size": [4, 5]},
								"up": {"uv": [10, 47], "uv_size": [4, 4]},
								"down": {"uv": [14, 51], "uv_size": [4, -4]}
							}
						}
					]
				},
				{
					"name": "LeftPants",
					"parent": "LeftLowerLeg",
					"pivot": [3, 10.32942, -0.00324]
				},
				{
					"name": "RightLeg",
					"parent": "DownBody",
					"pivot": [-2.65, 10.32942, -0.00324],
					"rotation": [0, 0, 2.5],
					"cubes": [
						{
							"origin": [-3.9, 5.32942, -2.00324],
							"size": [3.5, 6, 4],
							"uv": {
								"north": {"uv": [4, 59], "uv_size": [4, 6]},
								"east": {"uv": [23, 59], "uv_size": [4, 6]},
								"south": {"uv": [27, 59], "uv_size": [4, 6]},
								"west": {"uv": [31, 59], "uv_size": [4, 6]},
								"up": {"uv": [8, 34], "uv_size": [4, 4]},
								"down": {"uv": [34, 27], "uv_size": [4, -4]}
							}
						}
					]
				},
				{
					"name": "RightLowerPants",
					"parent": "RightLeg",
					"pivot": [-2.75, 10.32942, -0.00324]
				},
				{
					"name": "RightLowerLeg",
					"parent": "RightLeg",
					"pivot": [-2.75, 5.32942, -0.00324],
					"cubes": [
						{
							"origin": [-3.9, 0.32942, -2.00324],
							"size": [3.5, 5, 4],
							"uv": {
								"north": {"uv": [45, 15], "uv_size": [4, 5]},
								"east": {"uv": [45, 33], "uv_size": [4, 5]},
								"south": {"uv": [45, 38], "uv_size": [4, 5]},
								"west": {"uv": [45, 43], "uv_size": [4, 5]},
								"up": {"uv": [47, 22], "uv_size": [4, 4]},
								"down": {"uv": [26, 51], "uv_size": [4, -4]}
							}
						}
					]
				},
				{
					"name": "RightPants",
					"parent": "RightLowerLeg",
					"pivot": [-2.75, 10.32942, -0.00324]
				},
				{
					"name": "molang",
					"parent": "Root",
					"pivot": [0, -0.35, 0]
				},
				{
					"name": "shu",
					"pivot": [2.07568, 15.5, -13],
					"cubes": [
						{
							"origin": [-2.57568, 12, -16],
							"size": [1, 7, 6],
							"pivot": [-2.07568, 15.5, -13],
							"rotation": [0, -52.5, 0],
							"uv": {
								"north": {"uv": [30, 29], "uv_size": [1, 7]},
								"east": {"uv": [60, 33], "uv_size": [6, 7]},
								"south": {"uv": [31, 27], "uv_size": [1, 7]},
								"west": {"uv": [63, 18], "uv_size": [6, 7]},
								"up": {"uv": [45, 0], "uv_size": [1, 6]},
								"down": {"uv": [23, 59], "uv_size": [1, -6]}
							}
						},
						{
							"origin": [1.07507, 13.5, -14.32672],
							"size": [0, 4, 4.2],
							"pivot": [1.67507, 15.5, -11.82672],
							"rotation": [0, -127.5, 0],
							"uv": {
								"north": {"uv": [0, 0], "uv_size": [0, 14]},
								"east": {"uv": [51, 40], "uv_size": [14, 14]},
								"south": {"uv": [0, 0], "uv_size": [0, 14]},
								"west": {"uv": [65, 68], "uv_size": [14, 14]},
								"up": {"uv": [0, 0], "uv_size": [0, 14]},
								"down": {"uv": [0, 14], "uv_size": [0, -14]}
							}
						},
						{
							"origin": [1.57568, 12, -16],
							"size": [1, 7, 6],
							"pivot": [2.07568, 15.5, -13],
							"rotation": [0, 52.5, 0],
							"uv": {
								"north": {"uv": [34, 6], "uv_size": [1, 7]},
								"east": {"uv": [65, 40], "uv_size": [6, 7]},
								"south": {"uv": [36, 39], "uv_size": [1, 7]},
								"west": {"uv": [65, 47], "uv_size": [6, 7]},
								"up": {"uv": [24, 53], "uv_size": [1, 6]},
								"down": {"uv": [25, 59], "uv_size": [1, -6]}
							}
						},
						{
							"origin": [-1.47568, 13.5, -14.25],
							"size": [0, 4, 4.2],
							"pivot": [-2.07568, 15.5, -13],
							"rotation": [0, -52.5, 0],
							"uv": {
								"north": {"uv": [0, 0], "uv_size": [0, 14]},
								"east": {"uv": [51, 40], "uv_size": [14, 14]},
								"south": {"uv": [0, 0], "uv_size": [0, 14]},
								"west": {"uv": [65, 68], "uv_size": [14, 14]},
								"up": {"uv": [0, 0], "uv_size": [0, 14]},
								"down": {"uv": [0, 14], "uv_size": [0, -14]}
							}
						},
						{
							"origin": [2.67568, 12.9, -15.4],
							"size": [0, 4.9, 5.3],
							"pivot": [2.07568, 15.5, -13],
							"rotation": [0, 52.5, 0],
							"uv": {
								"north": {"uv": [0, 0], "uv_size": [0, 14]},
								"east": {"uv": [65, 54], "uv_size": [15, 14]},
								"south": {"uv": [0, 0], "uv_size": [0, 14]},
								"west": {"uv": [0, 68], "uv_size": [15, 14]},
								"up": {"uv": [0, 0], "uv_size": [0, 15]},
								"down": {"uv": [0, 15], "uv_size": [0, -15]}
							}
						}
					]
				}
			]
		}
	]
}