{
	"pack_name": "{maid_pack.meidomomoi.name}",
	"model_list": [
		{
			"model_id": "meidomomoi:meidomomoi",
			"is_gecko": true,
			"animation": [
				"meidomomoi:animation/meidomomoi.meidomomoi.main.animation.json",
				"meidomomoi:animation/meidomomoi.meidomomoi.arm.animation.json",
				"meidomomoi:animation/meidomomoi.meidomomoi.carryon.animation.json",
				"meidomomoi:animation/meidomomoi.meidomomoi.alternative.animation.json"
			],
			"description": ["{model.meidomomoi.meidomomoi.desc}"],
			"render_entity_scale": 0.6,
			"use_sound_pack_id": "meidomomoi"
		},
		{
			"model_id": "meidomomoi:iroha",
			"is_gecko": true,
			"description": ["{model.meidomomoi.iroha.desc}"],
			"animation": [
				"meidomomoi:animation/meidomomoi.iroha.arm.animation.json",
				"meidomomoi:animation/meidomomoi.iroha.main.animation.json",
				"meidomomoi:animation/meidomomoi.iroha.carryon.animation.json"
			],
			"render_entity_scale": 0.6,
			"use_sound_pack_id": "natsume_iroha"
		}
	],
	"version": "1.0.0",
	"author": ["狱际星芒"],
	"description": ["{maid_pack.meidomomoi.desc}"],
	"date": "2024-06-21",
	"icon": "meidomomoi:textures/maid_icon.png"
}