{
	"pack_name": "{maid_pack.aris_sound_pack.name}",
	"model_list": [
		{
			"model_id": "aris_sound_pack:alice",
			"is_gecko": true,
			"use_sound_pack_id": "aris_sound_pack",
			"animation": [
				"aris_sound_pack:animation/aris_sound_pack.alice.main.animation.json",
				"aris_sound_pack:animation/aris_sound_pack.alice.arm.animation.json",
				"aris_sound_pack:animation/aris_sound_pack.alice.tac.animation.json"
			],
			"description": ["{model.aris_sound_pack.alice.desc}"],
			"render_entity_scale": 0.7
		},
		{
			"model_id": "aris_sound_pack:maid_alice",
			"is_gecko": true,
			"use_sound_pack_id": "aris_sound_pack",
			"animation": [
				"aris_sound_pack:animation/aris_sound_pack.alice.main.animation.json",
				"aris_sound_pack:animation/aris_sound_pack.alice.arm.animation.json",
				"aris_sound_pack:animation/aris_sound_pack.alice.tac.animation.json"
			],
			"description": ["{model.aris_sound_pack.maid_alice.desc}"],
			"render_entity_scale": 0.7
		}
	],
	"version": "1.2.1",
	"author": ["星屑海螺", "哥斯拉", "秋风", "K螺诺亚"],
	"date": "2024-11-28",
	"icon": "aris_sound_pack:textures/maid_icon.png",
	"description": ["{maid_pack.aris_sound_pack.desc}"]
}