{
	"format_version": "1.12.0",
	"minecraft:geometry": [
		{
			"description": {
				"identifier": "geometry.unknown",
				"texture_width": 64,
				"texture_height": 64,
				"visible_bounds_width": 6,
				"visible_bounds_height": 7,
				"visible_bounds_offset": [0, -0.5, 0]
			},
			"bones": [
				{
					"name": "camera",
					"pivot": [4.5, 13, 15.75]
				},
				{
					"name": "root",
					"pivot": [0, 0, 0]
				},
				{
					"name": "bone2",
					"parent": "root",
					"pivot": [0, 0, 0]
				},
				{
					"name": "M3",
					"parent": "bone2",
					"pivot": [0, 0, 0]
				},
				{
					"name": "positioning2",
					"parent": "M3",
					"pivot": [0, 9, -25.375]
				},
				{
					"name": "muzzle_flash",
					"parent": "positioning2",
					"pivot": [-0.0625, 10.6375, -19]
				},
				{
					"name": "shell",
					"parent": "positioning2",
					"pivot": [0, 11.25, -6]
				},
				{
					"name": "constraint",
					"parent": "M3",
					"pivot": [-0.225, 11.325, -13.825]
				},
				{
					"name": "lefthand_and_mag",
					"parent": "M3",
					"pivot": [-6, 19, 0]
				},
				{
					"name": "mag_and_bullet",
					"parent": "lefthand_and_mag",
					"pivot": [13, 10.6, -0.675],
					"rotation": [0, 0, -90]
				},
				{
					"name": "bullet",
					"parent": "mag_and_bullet",
					"pivot": [13, 27.9625, -9.175],
					"cubes": [
						{
							"origin": [12.75, 22.4625, -7.525],
							"size": [0.5, 0.925, 0.5],
							"pivot": [13, 23.05625, -7.275],
							"rotation": [82.5, 0, 0],
							"uv": {
								"north": {"uv": [18, 44], "uv_size": [0.5, 1]},
								"east": {"uv": [19, 44], "uv_size": [0.5, 1]},
								"south": {"uv": [20, 44], "uv_size": [0.5, 1]},
								"west": {"uv": [21, 44], "uv_size": [0.5, 1]},
								"up": {"uv": [40, 46], "uv_size": [0.5, 0.5]},
								"down": {"uv": [46, 42.5], "uv_size": [0.5, -0.5]}
							}
						},
						{
							"origin": [12.7875, 23.1875, -7.4875],
							"size": [0.425, 0.525, 0.425],
							"pivot": [13, 23.05625, -7.275],
							"rotation": [82.5, 0, 0],
							"uv": {
								"north": {"uv": [46, 43], "uv_size": [0.5, 0.5]},
								"east": {"uv": [44, 46], "uv_size": [0.5, 0.5]},
								"south": {"uv": [46, 44], "uv_size": [0.5, 0.5]},
								"west": {"uv": [45, 46], "uv_size": [0.5, 0.5]},
								"up": {"uv": [46, 46], "uv_size": [0.5, 0.5]},
								"down": {"uv": [0, 47.5], "uv_size": [0.5, -0.5]}
							}
						},
						{
							"origin": [12.75, 22.3125, -7.525],
							"size": [0.5, 0.075, 0.5],
							"pivot": [13, 23.05625, -7.275],
							"rotation": [82.5, 0, 0],
							"uv": {
								"north": {"uv": [49, 2], "uv_size": [0.5, 0.25]},
								"east": {"uv": [3, 49], "uv_size": [0.5, 0.25]},
								"south": {"uv": [49, 3], "uv_size": [0.5, 0.25]},
								"west": {"uv": [4, 49], "uv_size": [0.5, 0.25]},
								"up": {"uv": [1, 47], "uv_size": [0.5, 0.5]},
								"down": {"uv": [2, 47.5], "uv_size": [0.5, -0.5]}
							}
						},
						{
							"origin": [12.825, 22.3875, -7.45],
							"size": [0.35, 0.075, 0.35],
							"pivot": [13, 23.05625, -7.275],
							"rotation": [82.5, 0, 0],
							"uv": {
								"north": {"uv": [14, 50], "uv_size": [0.25, 0.25]},
								"east": {"uv": [50, 14], "uv_size": [0.25, 0.25]},
								"south": {"uv": [15, 50], "uv_size": [0.25, 0.25]},
								"west": {"uv": [50, 15], "uv_size": [0.25, 0.25]},
								"up": {"uv": [16, 50], "uv_size": [0.25, 0.25]},
								"down": {"uv": [50, 16.25], "uv_size": [0.25, -0.25]}
							}
						},
						{
							"origin": [12.8625, 23.7125, -7.4125],
							"size": [0.275, 0.1, 0.275],
							"pivot": [13, 23.05625, -7.275],
							"rotation": [82.5, 0, 0],
							"uv": {
								"north": {"uv": [17, 50], "uv_size": [0.25, 0.25]},
								"east": {"uv": [50, 17], "uv_size": [0.25, 0.25]},
								"south": {"uv": [18, 50], "uv_size": [0.25, 0.25]},
								"west": {"uv": [50, 18], "uv_size": [0.25, 0.25]},
								"up": {"uv": [19, 50], "uv_size": [0.25, 0.25]},
								"down": {"uv": [50, 19.25], "uv_size": [0.25, -0.25]}
							}
						}
					]
				},
				{
					"name": "magazine",
					"parent": "mag_and_bullet",
					"pivot": [21, 4.5, 5.825]
				},
				{
					"name": "mag_standard",
					"parent": "magazine",
					"pivot": [21, 4.5, 5.825],
					"cubes": [
						{
							"origin": [12.375, 9.56332, -8.37316],
							"size": [1.25, 13, 2.025],
							"uv": {
								"north": {"uv": [4, 0], "uv_size": [1.25, 12.5]},
								"east": {"uv": [0, 0], "uv_size": [2, 12.5]},
								"south": {"uv": [6, 0], "uv_size": [1.25, 12.5]},
								"west": {"uv": [2, 0], "uv_size": [2, 12.5]},
								"down": {"uv": [34, 26], "uv_size": [1.25, -2]}
							}
						},
						{
							"origin": [13.40883, 22.90671, -7.86237],
							"size": [0.175, 0.25, 1.477],
							"pivot": [13.49633, 23.03171, -7.12387],
							"rotation": [0, 0, -22.5],
							"uv": {
								"north": {"uv": [20, 50], "uv_size": [0.25, 0.25]},
								"east": {"uv": [39, 45], "uv_size": [1.5, 0.25]},
								"south": {"uv": [50, 20], "uv_size": [0.25, 0.25]},
								"west": {"uv": [45, 39], "uv_size": [1.5, 0.25]},
								"up": {"uv": [41, 45], "uv_size": [0.25, 1.5]}
							}
						},
						{
							"origin": [12.375, 22.472, -8.37481],
							"size": [1.25, 0.46903, 1.99109],
							"pivot": [13, 22.75652, -7.37927],
							"rotation": [0.5, 0, 0],
							"uv": {
								"north": {"uv": [2, 43], "uv_size": [1.25, 0.5]},
								"east": {"uv": [26, 40], "uv_size": [2, 0.5]},
								"south": {"uv": [8, 43], "uv_size": [1.25, 0.5]},
								"west": {"uv": [9, 41], "uv_size": [2, 0.5]},
								"up": {"uv": [30, 34], "uv_size": [1.25, 2]}
							}
						},
						{
							"origin": [12.41617, 22.90671, -7.86237],
							"size": [0.175, 0.25, 1.477],
							"pivot": [12.50367, 23.03171, -7.12387],
							"rotation": [0, 0, 22.5],
							"uv": {
								"north": {"uv": [21, 50], "uv_size": [0.25, 0.25]},
								"east": {"uv": [45, 40], "uv_size": [1.5, 0.25]},
								"south": {"uv": [50, 21], "uv_size": [0.25, 0.25]},
								"west": {"uv": [42, 45], "uv_size": [1.5, 0.25]},
								"up": {"uv": [45, 42], "uv_size": [0.25, 1.5]}
							}
						}
					]
				},
				{
					"name": "lefthand",
					"parent": "lefthand_and_mag",
					"pivot": [-6, 19, 0]
				},
				{
					"name": "lefthand_pos",
					"parent": "lefthand",
					"pivot": [0, 8, 0],
					"cubes": [
						{
							"origin": [-7, 8, -2],
							"size": [3, 12, 4],
							"uv": {
								"north": {"uv": [12, 0], "uv_size": [3, 12]},
								"east": {"uv": [0, 0], "uv_size": [4, 12]},
								"south": {"uv": [4, 12], "uv_size": [3, 12]},
								"west": {"uv": [4, 0], "uv_size": [4, 12]},
								"up": {"uv": [10, 27], "uv_size": [3, 4]},
								"down": {"uv": [13, 31], "uv_size": [3, -4]}
							}
						}
					]
				},
				{
					"name": "bolt1",
					"parent": "M3",
					"pivot": [-1.025, -12.6, -2.65],
					"rotation": [-40, 0, 0]
				},
				{
					"name": "bolt",
					"parent": "M3",
					"pivot": [0.035, 10.5, -4.46],
					"rotation": [0, -90, 22.5],
					"cubes": [
						{
							"origin": [-1.14, 10.09865, -5.41],
							"size": [6.45, 0.35269, 1.9],
							"pivot": [1.36, 10.5, -4.46],
							"rotation": [-45, 0, 0],
							"uv": {
								"north": {"uv": [34, 38], "uv_size": [6.5, 0.25]},
								"east": {"uv": [45, 15], "uv_size": [2, 0.25]},
								"south": {"uv": [11, 39], "uv_size": [6.5, 0.25]},
								"west": {"uv": [16, 45], "uv_size": [2, 0.25]},
								"up": {"uv": [8, 12], "uv_size": [6.5, 2]},
								"down": {"uv": [0, 15], "uv_size": [6.5, -2]}
							}
						},
						{
							"origin": [-1.14, 10.44865, -5.41],
							"size": [0.45, 0.45269, 1.9],
							"pivot": [1.36, 10.5, -4.46],
							"rotation": [-45, 0, 0],
							"uv": {
								"north": {"uv": [8, 48], "uv_size": [0.5, 0.5]},
								"east": {"uv": [0, 42], "uv_size": [2, 0.5]},
								"south": {"uv": [48, 8], "uv_size": [0.5, 0.5]},
								"west": {"uv": [2, 42], "uv_size": [2, 0.5]},
								"up": {"uv": [5, 41], "uv_size": [0.5, 2]},
								"down": {"uv": [11, 43], "uv_size": [0.5, -2]}
							}
						},
						{
							"origin": [-0.34, 10.44865, -5.41],
							"size": [0.45, 0.45269, 0.6],
							"pivot": [1.36, 10.5, -4.46],
							"rotation": [-54.73561, 30, -35.26439],
							"uv": {
								"north": {"uv": [9, 48], "uv_size": [0.5, 0.5]},
								"east": {"uv": [48, 9], "uv_size": [0.5, 0.5]},
								"south": {"uv": [10, 48], "uv_size": [0.5, 0.5]},
								"west": {"uv": [48, 10], "uv_size": [0.5, 0.5]},
								"up": {"uv": [11, 48], "uv_size": [0.5, 0.5]},
								"down": {"uv": [48, 11.5], "uv_size": [0.5, -0.5]}
							}
						},
						{
							"origin": [0.86, 10.44865, -5.41],
							"size": [4.45, 0.45269, 1.9],
							"pivot": [1.36, 10.5, -4.46],
							"rotation": [-45, 0, 0],
							"uv": {
								"north": {"uv": [14, 37], "uv_size": [4.5, 0.5]},
								"east": {"uv": [6, 42], "uv_size": [2, 0.5]},
								"south": {"uv": [37, 18], "uv_size": [4.5, 0.5]},
								"west": {"uv": [8, 42], "uv_size": [2, 0.5]},
								"up": {"uv": [7, 16], "uv_size": [4.5, 2]},
								"down": {"uv": [12, 18], "uv_size": [4.5, -2]}
							}
						},
						{
							"origin": [-1.14, 10.12365, -5.21],
							"size": [6.45, 0.75269, 1.7],
							"uv": {
								"north": {"uv": [0, 17], "uv_size": [6.5, 0.75]},
								"east": {"uv": [25, 39], "uv_size": [2, 0.75]},
								"south": {"uv": [4, 26], "uv_size": [6.5, 0.75]},
								"west": {"uv": [27, 39], "uv_size": [2, 0.75]},
								"up": {"uv": [7, 14], "uv_size": [6.5, 2]},
								"down": {"uv": [14, 16], "uv_size": [6.5, -2]}
							}
						},
						{
							"origin": [3.91, 10.12365, -3.51],
							"size": [0.4, 0.4, 1.1],
							"pivot": [4.36, 10.57365, -2.56],
							"rotation": [0, 0, 45],
							"uv": {
								"north": {"uv": [12, 48], "uv_size": [0.5, 0.5]},
								"east": {"uv": [45, 21], "uv_size": [1, 0.5]},
								"south": {"uv": [48, 12], "uv_size": [0.5, 0.5]},
								"west": {"uv": [22, 45], "uv_size": [1, 0.5]},
								"up": {"uv": [45, 22], "uv_size": [0.5, 1]},
								"down": {"uv": [23, 46], "uv_size": [0.5, -1]}
							}
						},
						{
							"origin": [-1.14, 9.65, -4.83635],
							"size": [6.45, 1.8, 0.75269],
							"pivot": [1.36, 10.5, -4.46],
							"rotation": [-45, 0, 0],
							"uv": {
								"north": {"uv": [0, 15], "uv_size": [6.5, 2]},
								"east": {"uv": [29, 39], "uv_size": [0.75, 2]},
								"south": {"uv": [15, 8], "uv_size": [6.5, 2]},
								"west": {"uv": [30, 39], "uv_size": [0.75, 2]},
								"up": {"uv": [4, 27], "uv_size": [6.5, 0.75]},
								"down": {"uv": [27, 24.75], "uv_size": [6.5, -0.75]}
							}
						},
						{
							"origin": [-1.14, 9.55, -4.83635],
							"size": [6.45, 1.9, 0.75269],
							"uv": {
								"north": {"uv": [15, 10], "uv_size": [6.5, 2]},
								"east": {"uv": [31, 39], "uv_size": [0.75, 2]},
								"south": {"uv": [15, 12], "uv_size": [6.5, 2]},
								"west": {"uv": [32, 39], "uv_size": [0.75, 2]},
								"up": {"uv": [25, 27], "uv_size": [6.5, 0.75]},
								"down": {"uv": [27, 25.75], "uv_size": [6.5, -0.75]}
							}
						}
					]
				},
				{
					"name": "m3_default",
					"parent": "M3",
					"pivot": [0, -20, 0],
					"cubes": [
						{
							"origin": [-0.13225, 5.96028, 4.84579],
							"size": [0.2904, 1.83449, 0.28786],
							"inflate": 0.001,
							"pivot": [0.01295, 6.77753, 5.98972],
							"rotation": [-5, 0, 0],
							"uv": {
								"north": {"uv": [24, 45], "uv_size": [0.25, 1.75]},
								"east": {"uv": [25, 45], "uv_size": [0.25, 1.75]},
								"south": {"uv": [26, 45], "uv_size": [0.25, 1.75]},
								"west": {"uv": [27, 45], "uv_size": [0.25, 1.75]},
								"up": {"uv": [22, 50], "uv_size": [0.25, 0.25]},
								"down": {"uv": [50, 22.25], "uv_size": [0.25, -0.25]}
							}
						},
						{
							"origin": [-0.33225, 5.9879, 3.01529],
							"size": [0.6904, 0.1, 0.48786],
							"inflate": 0.001,
							"pivot": [0.01295, 6.0379, 3.20922],
							"rotation": [-45, 0, 0],
							"uv": {
								"north": {"uv": [16, 48], "uv_size": [0.75, 0.25]},
								"east": {"uv": [49, 4], "uv_size": [0.5, 0.25]},
								"south": {"uv": [48, 16], "uv_size": [0.75, 0.25]},
								"west": {"uv": [5, 49], "uv_size": [0.5, 0.25]},
								"up": {"uv": [44, 45], "uv_size": [0.75, 0.5]},
								"down": {"uv": [45, 44.5], "uv_size": [0.75, -0.5]}
							}
						},
						{
							"origin": [-0.33225, 5.9879, 6.06949],
							"size": [0.6904, 0.1, 0.48786],
							"inflate": 0.001,
							"pivot": [0.01295, 6.0379, 6.26342],
							"rotation": [-135, 0, 0],
							"uv": {
								"north": {"uv": [19, 48], "uv_size": [0.75, 0.25]},
								"east": {"uv": [49, 15], "uv_size": [0.5, 0.25]},
								"south": {"uv": [48, 19], "uv_size": [0.75, 0.25]},
								"west": {"uv": [16, 49], "uv_size": [0.5, 0.25]},
								"up": {"uv": [2, 46], "uv_size": [0.75, 0.5]},
								"down": {"uv": [46, 2.5], "uv_size": [0.75, -0.5]}
							}
						},
						{
							"origin": [-0.33225, 6.6846, 2.09239],
							"size": [0.6904, 0.1, 1.58786],
							"inflate": 0.001,
							"pivot": [0.01295, 6.7346, 3.08632],
							"rotation": [-90, 0, 0],
							"uv": {
								"north": {"uv": [17, 48], "uv_size": [0.75, 0.25]},
								"east": {"uv": [45, 45], "uv_size": [1.5, 0.25]},
								"south": {"uv": [48, 17], "uv_size": [0.75, 0.25]},
								"west": {"uv": [0, 46], "uv_size": [1.5, 0.25]},
								"up": {"uv": [12, 40], "uv_size": [0.75, 1.5]},
								"down": {"uv": [13, 41.5], "uv_size": [0.75, -1.5]}
							}
						},
						{
							"origin": [-0.33225, 5.79429, 1.8577],
							"size": [0.6904, 0.1, 2.71286],
							"inflate": 0.001,
							"pivot": [0.01295, 5.84429, 3.97663],
							"rotation": [180, 0, 0],
							"uv": {
								"north": {"uv": [20, 48], "uv_size": [0.75, 0.25]},
								"east": {"uv": [42, 37], "uv_size": [2.75, 0.25]},
								"south": {"uv": [48, 20], "uv_size": [0.75, 0.25]},
								"west": {"uv": [39, 42], "uv_size": [2.75, 0.25]},
								"up": {"uv": [21, 37], "uv_size": [0.75, 2.75]},
								"down": {"uv": [22, 39.75], "uv_size": [0.75, -2.75]}
							}
						},
						{
							"origin": [-0.33225, 6.6846, 5.39239],
							"size": [0.6904, 0.1, 1.58786],
							"inflate": 0.001,
							"pivot": [0.01295, 6.7346, 6.38632],
							"rotation": [-90, 0, 0],
							"uv": {
								"north": {"uv": [18, 48], "uv_size": [0.75, 0.25]},
								"east": {"uv": [46, 0], "uv_size": [1.5, 0.25]},
								"south": {"uv": [48, 18], "uv_size": [0.75, 0.25]},
								"west": {"uv": [46, 1], "uv_size": [1.5, 0.25]},
								"up": {"uv": [14, 40], "uv_size": [0.75, 1.5]},
								"down": {"uv": [15, 41.5], "uv_size": [0.75, -1.5]}
							}
						},
						{
							"origin": [-0.53225, 7.86028, 1.24579],
							"size": [1.0404, 1.53449, 1.18786],
							"inflate": 0.001,
							"pivot": [0.01295, 8.87753, 2.68972],
							"rotation": [45, 0, 0],
							"uv": {
								"north": {"uv": [9, 38], "uv_size": [1, 1.5]},
								"east": {"uv": [28, 37], "uv_size": [1.25, 1.5]},
								"south": {"uv": [18, 38], "uv_size": [1, 1.5]},
								"west": {"uv": [0, 38], "uv_size": [1.25, 1.5]},
								"up": {"uv": [6, 40], "uv_size": [1, 1.25]},
								"down": {"uv": [7, 41.25], "uv_size": [1, -1.25]}
							}
						},
						{
							"origin": [-0.53225, 7.1368, 0.69915],
							"size": [1.0404, 1.13449, 1.68786],
							"inflate": 0.001,
							"uv": {
								"north": {"uv": [8, 40], "uv_size": [1, 1.25]},
								"east": {"uv": [19, 37], "uv_size": [1.75, 1.25]},
								"south": {"uv": [40, 8], "uv_size": [1, 1.25]},
								"west": {"uv": [37, 19], "uv_size": [1.75, 1.25]},
								"up": {"uv": [2, 38], "uv_size": [1, 1.75]},
								"down": {"uv": [4, 39.75], "uv_size": [1, -1.75]}
							}
						},
						{
							"origin": [-0.53225, 7.47404, -4.37903],
							"size": [1.0404, 0.53449, 5.38786],
							"inflate": 0.001,
							"pivot": [-0.01205, 7.94128, 0.1649],
							"rotation": [-27.5, 0, 0],
							"uv": {
								"north": {"uv": [22, 44], "uv_size": [1, 0.5]},
								"east": {"uv": [34, 21], "uv_size": [5.5, 0.5]},
								"south": {"uv": [23, 44], "uv_size": [1, 0.5]},
								"west": {"uv": [24, 34], "uv_size": [5.5, 0.5]},
								"up": {"uv": [13, 23], "uv_size": [1, 5.5]},
								"down": {"uv": [14, 28.5], "uv_size": [1, -5.5]}
							}
						},
						{
							"origin": [0.65, 11.26742, -8.5359],
							"size": [2.8, 0.2, 2.34264],
							"uv": {
								"north": {"uv": [5, 43], "uv_size": [2.75, 0.25]},
								"east": {"uv": [2, 44], "uv_size": [2.25, 0.25]},
								"south": {"uv": [43, 10], "uv_size": [2.75, 0.25]},
								"west": {"uv": [5, 44], "uv_size": [2.25, 0.25]},
								"up": {"uv": [1, 23], "uv_size": [2.75, 2.25]},
								"down": {"uv": [4, 25.25], "uv_size": [2.75, -2.25]}
							}
						},
						{
							"origin": [0.65, 9.86742, -6.3359],
							"size": [2.8, 1.4, 0.14264],
							"uv": {
								"north": {"uv": [1, 29], "uv_size": [2.75, 1.5]},
								"east": {"uv": [46, 20], "uv_size": [0.25, 1.5]},
								"south": {"uv": [15, 31], "uv_size": [2.75, 1.5]},
								"west": {"uv": [21, 46], "uv_size": [0.25, 1.5]},
								"up": {"uv": [14, 43], "uv_size": [2.75, 0.25]},
								"down": {"uv": [17, 43.25], "uv_size": [2.75, -0.25]}
							}
						},
						{
							"origin": [0.65, 9.56742, -6.3359],
							"size": [0.5, 0.8, 0.14264],
							"pivot": [2.05, 10.56742, -6.26458],
							"rotation": [0, 0, 90],
							"uv": {
								"north": {"uv": [35, 46], "uv_size": [0.5, 0.75]},
								"east": {"uv": [49, 0], "uv_size": [0.25, 0.75]},
								"south": {"uv": [46, 35], "uv_size": [0.5, 0.75]},
								"west": {"uv": [1, 49], "uv_size": [0.25, 0.75]},
								"up": {"uv": [10, 50], "uv_size": [0.5, 0.25]},
								"down": {"uv": [50, 10.25], "uv_size": [0.5, -0.25]}
							}
						},
						{
							"origin": [1.1, 11.5961, -6.65722],
							"size": [0.5, 0.8, 0.14264],
							"pivot": [1.35, 11.8961, -6.5859],
							"rotation": [0, 90, 90],
							"uv": {
								"north": {"uv": [36, 46], "uv_size": [0.5, 0.75]},
								"east": {"uv": [49, 1], "uv_size": [0.25, 0.75]},
								"south": {"uv": [37, 46], "uv_size": [0.5, 0.75]},
								"west": {"uv": [2, 49], "uv_size": [0.25, 0.75]},
								"up": {"uv": [11, 50], "uv_size": [0.5, 0.25]},
								"down": {"uv": [50, 11.25], "uv_size": [0.5, -0.25]}
							}
						},
						{
							"origin": [1.4, 11.7961, -6.55722],
							"size": [0.2, 0.2, 0.54264],
							"pivot": [1.35, 11.8961, -6.5859],
							"rotation": [-90, 45, 0],
							"uv": {
								"north": {"uv": [51, 13], "uv_size": [0.25, 0.25]},
								"east": {"uv": [12, 50], "uv_size": [0.5, 0.25]},
								"south": {"uv": [14, 51], "uv_size": [0.25, 0.25]},
								"west": {"uv": [50, 12], "uv_size": [0.5, 0.25]},
								"up": {"uv": [13, 50], "uv_size": [0.25, 0.5]},
								"down": {"uv": [50, 13.5], "uv_size": [0.25, -0.5]}
							}
						},
						{
							"origin": [1.6, 11.5961, -6.65722],
							"size": [0.2, 0.3, 0.14264],
							"pivot": [1.35, 11.8961, -6.5859],
							"rotation": [0, 90, 90],
							"uv": {
								"north": {"uv": [51, 7], "uv_size": [0.25, 0.25]},
								"east": {"uv": [8, 51], "uv_size": [0.25, 0.25]},
								"south": {"uv": [51, 8], "uv_size": [0.25, 0.25]},
								"west": {"uv": [9, 51], "uv_size": [0.25, 0.25]},
								"up": {"uv": [51, 9], "uv_size": [0.25, 0.25]},
								"down": {"uv": [10, 51.25], "uv_size": [0.25, -0.25]}
							}
						},
						{
							"origin": [1.6, 12.0961, -6.65722],
							"size": [0.2, 0.3, 0.14264],
							"pivot": [1.35, 11.8961, -6.5859],
							"rotation": [0, 90, 90],
							"uv": {
								"north": {"uv": [51, 10], "uv_size": [0.25, 0.25]},
								"east": {"uv": [11, 51], "uv_size": [0.25, 0.25]},
								"south": {"uv": [51, 11], "uv_size": [0.25, 0.25]},
								"west": {"uv": [12, 51], "uv_size": [0.25, 0.25]},
								"up": {"uv": [51, 12], "uv_size": [0.25, 0.25]},
								"down": {"uv": [13, 51.25], "uv_size": [0.25, -0.25]}
							}
						},
						{
							"origin": [0.65, 9.86742, -8.5359],
							"size": [2.8, 1.4, 0.14264],
							"uv": {
								"north": {"uv": [18, 31], "uv_size": [2.75, 1.5]},
								"east": {"uv": [22, 46], "uv_size": [0.25, 1.5]},
								"south": {"uv": [21, 31], "uv_size": [2.75, 1.5]},
								"west": {"uv": [23, 46], "uv_size": [0.25, 1.5]},
								"up": {"uv": [20, 43], "uv_size": [2.75, 0.25]},
								"down": {"uv": [23, 43.25], "uv_size": [2.75, -0.25]}
							}
						},
						{
							"origin": [1.25, 10.06742, -9.3359],
							"size": [0.2, 1, 0.84264],
							"uv": {
								"north": {"uv": [1, 48], "uv_size": [0.25, 1]},
								"east": {"uv": [28, 40], "uv_size": [0.75, 1]},
								"south": {"uv": [48, 1], "uv_size": [0.25, 1]},
								"west": {"uv": [18, 41], "uv_size": [0.75, 1]},
								"up": {"uv": [39, 48], "uv_size": [0.25, 0.75]},
								"down": {"uv": [48, 39.75], "uv_size": [0.25, -0.75]}
							}
						},
						{
							"origin": [0.78211, 10.06742, -7.30379],
							"size": [0.2, 1, 0.36764],
							"pivot": [2.13211, 11.36742, -8.15747],
							"rotation": [0, -90, 0],
							"uv": {
								"north": {"uv": [2, 48], "uv_size": [0.25, 1]},
								"east": {"uv": [48, 2], "uv_size": [0.25, 1]},
								"south": {"uv": [3, 48], "uv_size": [0.25, 1]},
								"west": {"uv": [48, 3], "uv_size": [0.25, 1]},
								"up": {"uv": [51, 1], "uv_size": [0.25, 0.25]},
								"down": {"uv": [2, 51.25], "uv_size": [0.25, -0.25]}
							}
						},
						{
							"origin": [1.1935, 10.06742, -9.4723],
							"size": [0.2, 1, 0.24264],
							"pivot": [1.2935, 10.56742, -9.35098],
							"rotation": [0, -135, 0],
							"uv": {
								"north": {"uv": [4, 48], "uv_size": [0.25, 1]},
								"east": {"uv": [48, 4], "uv_size": [0.25, 1]},
								"south": {"uv": [5, 48], "uv_size": [0.25, 1]},
								"west": {"uv": [48, 5], "uv_size": [0.25, 1]},
								"up": {"uv": [51, 2], "uv_size": [0.25, 0.25]},
								"down": {"uv": [3, 51.25], "uv_size": [0.25, -0.25]}
							}
						},
						{
							"origin": [1.45, 10.46742, -9.0359],
							"size": [1.5, 0.2, 0.2],
							"pivot": [2.25, 10.56742, -8.9359],
							"rotation": [45, 0, 0],
							"uv": {
								"north": {"uv": [46, 22], "uv_size": [1.5, 0.25]},
								"east": {"uv": [51, 0], "uv_size": [0.25, 0.25]},
								"south": {"uv": [46, 24], "uv_size": [1.5, 0.25]},
								"west": {"uv": [1, 51], "uv_size": [0.25, 0.25]},
								"up": {"uv": [46, 25], "uv_size": [1.5, 0.25]},
								"down": {"uv": [46, 27.25], "uv_size": [1.5, -0.25]}
							}
						},
						{
							"origin": [2.85, 10.26742, -9.2359],
							"size": [0.2, 0.6, 0.74264],
							"uv": {
								"north": {"uv": [4, 50], "uv_size": [0.25, 0.5]},
								"east": {"uv": [28, 46], "uv_size": [0.75, 0.5]},
								"south": {"uv": [50, 4], "uv_size": [0.25, 0.5]},
								"west": {"uv": [46, 28], "uv_size": [0.75, 0.5]},
								"up": {"uv": [40, 48], "uv_size": [0.25, 0.75]},
								"down": {"uv": [48, 40.75], "uv_size": [0.25, -0.75]}
							}
						},
						{
							"origin": [3.05, 9.76742, -9.2359],
							"size": [0.2, 1.6, 0.74264],
							"uv": {
								"north": {"uv": [29, 46], "uv_size": [0.25, 1.5]},
								"east": {"uv": [19, 40], "uv_size": [0.75, 1.5]},
								"south": {"uv": [30, 46], "uv_size": [0.25, 1.5]},
								"west": {"uv": [20, 40], "uv_size": [0.75, 1.5]},
								"up": {"uv": [41, 48], "uv_size": [0.25, 0.75]},
								"down": {"uv": [48, 41.75], "uv_size": [0.25, -0.75]}
							}
						},
						{
							"origin": [3.05, 10.213, -9.69032],
							"size": [0.2, 0.7, 0.44264],
							"uv": {
								"north": {"uv": [44, 48], "uv_size": [0.25, 0.75]},
								"east": {"uv": [46, 33], "uv_size": [0.5, 0.75]},
								"south": {"uv": [48, 44], "uv_size": [0.25, 0.75]},
								"west": {"uv": [46, 34], "uv_size": [0.5, 0.75]},
								"up": {"uv": [7, 50], "uv_size": [0.25, 0.5]},
								"down": {"uv": [50, 7.5], "uv_size": [0.25, -0.5]}
							}
						},
						{
							"origin": [3.05, 10.59272, -9.55765],
							"size": [0.2, 0.6, 0.64264],
							"pivot": [3.15, 10.89272, -9.28633],
							"rotation": [45, 0, 0],
							"uv": {
								"north": {"uv": [5, 50], "uv_size": [0.25, 0.5]},
								"east": {"uv": [31, 46], "uv_size": [0.75, 0.5]},
								"south": {"uv": [50, 5], "uv_size": [0.25, 0.5]},
								"west": {"uv": [32, 46], "uv_size": [0.75, 0.5]},
								"up": {"uv": [42, 48], "uv_size": [0.25, 0.75]},
								"down": {"uv": [48, 42.75], "uv_size": [0.25, -0.75]}
							}
						},
						{
							"origin": [3.05, 9.94211, -9.55765],
							"size": [0.2, 0.6, 0.64264],
							"pivot": [3.15, 10.24211, -9.28633],
							"rotation": [-45, 0, 0],
							"uv": {
								"north": {"uv": [6, 50], "uv_size": [0.25, 0.5]},
								"east": {"uv": [46, 32], "uv_size": [0.75, 0.5]},
								"south": {"uv": [50, 6], "uv_size": [0.25, 0.5]},
								"west": {"uv": [33, 46], "uv_size": [0.75, 0.5]},
								"up": {"uv": [43, 48], "uv_size": [0.25, 0.75]},
								"down": {"uv": [48, 43.75], "uv_size": [0.25, -0.75]}
							}
						},
						{
							"origin": [0.65, 9.71742, -8.5359],
							"size": [2.8, 0.2, 2.34264],
							"uv": {
								"north": {"uv": [11, 43], "uv_size": [2.75, 0.25]},
								"east": {"uv": [8, 44], "uv_size": [2.25, 0.25]},
								"south": {"uv": [43, 11], "uv_size": [2.75, 0.25]},
								"west": {"uv": [11, 44], "uv_size": [2.25, 0.25]},
								"up": {"uv": [7, 23], "uv_size": [2.75, 2.25]},
								"down": {"uv": [10, 25.25], "uv_size": [2.75, -2.25]}
							}
						},
						{
							"origin": [-0.05, 11.97574, 5.55],
							"size": [0.1, 0.24853, 0.2],
							"pivot": [0, 12.1, 5.45],
							"rotation": [-45, -90, 0],
							"uv": {
								"north": {"uv": [23, 50], "uv_size": [0.25, 0.25]},
								"east": {"uv": [50, 23], "uv_size": [0.25, 0.25]},
								"south": {"uv": [24, 50], "uv_size": [0.25, 0.25]},
								"west": {"uv": [50, 24], "uv_size": [0.25, 0.25]},
								"up": {"uv": [25, 50], "uv_size": [0.25, 0.25]},
								"down": {"uv": [50, 25.25], "uv_size": [0.25, -0.25]}
							}
						},
						{
							"origin": [-0.05, 11.97574, 5.55],
							"size": [0.1, 0.24853, 0.2],
							"pivot": [0, 12.1, 5.45],
							"rotation": [0, -90, 0],
							"uv": {
								"north": {"uv": [26, 50], "uv_size": [0.25, 0.25]},
								"east": {"uv": [50, 26], "uv_size": [0.25, 0.25]},
								"south": {"uv": [27, 50], "uv_size": [0.25, 0.25]},
								"west": {"uv": [50, 27], "uv_size": [0.25, 0.25]},
								"up": {"uv": [28, 50], "uv_size": [0.25, 0.25]},
								"down": {"uv": [50, 28.25], "uv_size": [0.25, -0.25]}
							}
						},
						{
							"origin": [-0.05, 11.8, 5.32574],
							"size": [0.1, 0.2, 0.24853],
							"pivot": [0, 12.1, 5.45],
							"rotation": [-45, -90, 0],
							"uv": {
								"north": {"uv": [29, 50], "uv_size": [0.25, 0.25]},
								"east": {"uv": [50, 29], "uv_size": [0.25, 0.25]},
								"south": {"uv": [30, 50], "uv_size": [0.25, 0.25]},
								"west": {"uv": [50, 30], "uv_size": [0.25, 0.25]},
								"up": {"uv": [31, 50], "uv_size": [0.25, 0.25]},
								"down": {"uv": [50, 31.25], "uv_size": [0.25, -0.25]}
							}
						},
						{
							"origin": [-0.05, 11.4, 5.15074],
							"size": [0.1, 0.6, 0.59853],
							"pivot": [0, 12.1, 5.45],
							"rotation": [0, -90, 0],
							"uv": {
								"north": {"uv": [49, 5], "uv_size": [0.25, 0.5]},
								"east": {"uv": [47, 2], "uv_size": [0.5, 0.5]},
								"south": {"uv": [6, 49], "uv_size": [0.25, 0.5]},
								"west": {"uv": [3, 47], "uv_size": [0.5, 0.5]},
								"up": {"uv": [49, 6], "uv_size": [0.25, 0.5]},
								"down": {"uv": [7, 49.5], "uv_size": [0.25, -0.5]}
							}
						},
						{
							"origin": [-0.05, 12.2, 5.32574],
							"size": [0.1, 0.2, 0.24853],
							"pivot": [0, 12.1, 5.45],
							"rotation": [-45, -90, 0],
							"uv": {
								"north": {"uv": [32, 50], "uv_size": [0.25, 0.25]},
								"east": {"uv": [50, 32], "uv_size": [0.25, 0.25]},
								"south": {"uv": [33, 50], "uv_size": [0.25, 0.25]},
								"west": {"uv": [50, 33], "uv_size": [0.25, 0.25]},
								"up": {"uv": [34, 50], "uv_size": [0.25, 0.25]},
								"down": {"uv": [50, 34.25], "uv_size": [0.25, -0.25]}
							}
						},
						{
							"origin": [-0.05, 12.2, 5.32574],
							"size": [0.1, 0.2, 0.24853],
							"pivot": [0, 12.1, 5.45],
							"rotation": [-45, 90, 0],
							"uv": {
								"north": {"uv": [35, 50], "uv_size": [0.25, 0.25]},
								"east": {"uv": [50, 35], "uv_size": [0.25, 0.25]},
								"south": {"uv": [36, 50], "uv_size": [0.25, 0.25]},
								"west": {"uv": [50, 36], "uv_size": [0.25, 0.25]},
								"up": {"uv": [37, 50], "uv_size": [0.25, 0.25]},
								"down": {"uv": [50, 37.25], "uv_size": [0.25, -0.25]}
							}
						},
						{
							"origin": [-0.05, 11.97574, 5.55],
							"size": [0.1, 0.24853, 0.2],
							"pivot": [0, 12.1, 5.45],
							"rotation": [0, 90, 0],
							"uv": {
								"north": {"uv": [38, 50], "uv_size": [0.25, 0.25]},
								"east": {"uv": [50, 38], "uv_size": [0.25, 0.25]},
								"south": {"uv": [39, 50], "uv_size": [0.25, 0.25]},
								"west": {"uv": [50, 39], "uv_size": [0.25, 0.25]},
								"up": {"uv": [40, 50], "uv_size": [0.25, 0.25]},
								"down": {"uv": [50, 40.25], "uv_size": [0.25, -0.25]}
							}
						},
						{
							"origin": [-0.05, 12.2, 5.32574],
							"size": [0.1, 0.2, 0.24853],
							"pivot": [0, 12.1, 5.45],
							"rotation": [0, -90, 0],
							"uv": {
								"north": {"uv": [41, 50], "uv_size": [0.25, 0.25]},
								"east": {"uv": [50, 41], "uv_size": [0.25, 0.25]},
								"south": {"uv": [42, 50], "uv_size": [0.25, 0.25]},
								"west": {"uv": [50, 42], "uv_size": [0.25, 0.25]},
								"up": {"uv": [43, 50], "uv_size": [0.25, 0.25]},
								"down": {"uv": [50, 43.25], "uv_size": [0.25, -0.25]}
							}
						},
						{
							"origin": [-0.55815, 7.66028, -0.15421],
							"size": [1.0904, 2.03449, 7.08786],
							"inflate": 0.001,
							"uv": {
								"north": {"uv": [26, 37], "uv_size": [1, 2]},
								"east": {"uv": [8, 8], "uv_size": [7, 2]},
								"south": {"uv": [27, 37], "uv_size": [1, 2]},
								"west": {"uv": [8, 10], "uv_size": [7, 2]},
								"up": {"uv": [0, 23], "uv_size": [1, 7]},
								"down": {"uv": [23, 7], "uv_size": [1, -7]}
							}
						},
						{
							"origin": [-0.55815, 8.16028, -1.15421],
							"size": [1.0904, 1.53449, 1.08786],
							"inflate": 0.001,
							"uv": {
								"north": {"uv": [33, 39], "uv_size": [1, 1.5]},
								"east": {"uv": [34, 39], "uv_size": [1, 1.5]},
								"south": {"uv": [35, 39], "uv_size": [1, 1.5]},
								"west": {"uv": [36, 39], "uv_size": [1, 1.5]},
								"up": {"uv": [7, 13], "uv_size": [1, 1]},
								"down": {"uv": [0, 31], "uv_size": [1, -1]}
							}
						},
						{
							"origin": [-0.75815, 8.16028, 1.84579],
							"size": [1.4904, 0.5, 0.5],
							"inflate": 0.001,
							"pivot": [-0.01295, 8.41028, 1.09579],
							"rotation": [45, 0, 0],
							"uv": {
								"north": {"uv": [42, 34], "uv_size": [1.5, 0.5]},
								"east": {"uv": [13, 48], "uv_size": [0.5, 0.5]},
								"south": {"uv": [35, 42], "uv_size": [1.5, 0.5]},
								"west": {"uv": [48, 13], "uv_size": [0.5, 0.5]},
								"up": {"uv": [42, 35], "uv_size": [1.5, 0.5]},
								"down": {"uv": [37, 42.5], "uv_size": [1.5, -0.5]}
							}
						},
						{
							"origin": [-0.65815, 8.16028, -1.15421],
							"size": [1.2904, 0.5, 0.5],
							"inflate": 0.001,
							"pivot": [-0.01295, 8.41028, -1.90421],
							"rotation": [45, 0, 0],
							"uv": {
								"north": {"uv": [35, 43], "uv_size": [1.25, 0.5]},
								"east": {"uv": [14, 48], "uv_size": [0.5, 0.5]},
								"south": {"uv": [37, 43], "uv_size": [1.25, 0.5]},
								"west": {"uv": [48, 14], "uv_size": [0.5, 0.5]},
								"up": {"uv": [39, 43], "uv_size": [1.25, 0.5]},
								"down": {"uv": [43, 39.5], "uv_size": [1.25, -0.5]}
							}
						},
						{
							"origin": [-0.55815, 9.26028, -1.15421],
							"size": [1.0904, 2.43449, 0.98786],
							"inflate": 0.001,
							"pivot": [-0.01295, 8.92753, -0.61028],
							"rotation": [62.5, 0, 0],
							"uv": {
								"north": {"uv": [30, 36], "uv_size": [1, 2.5]},
								"east": {"uv": [31, 36], "uv_size": [1, 2.5]},
								"south": {"uv": [32, 36], "uv_size": [1, 2.5]},
								"west": {"uv": [33, 36], "uv_size": [1, 2.5]},
								"up": {"uv": [17, 38], "uv_size": [1, 1]},
								"down": {"uv": [25, 39], "uv_size": [1, -1]}
							}
						}
					]
				},
				{
					"name": "octagon",
					"parent": "m3_default",
					"pivot": [0, 10.6, 6.2],
					"rotation": [0, -90, -22.5],
					"cubes": [
						{
							"origin": [-0.7, 10.08223, 4.95],
							"size": [1.7, 1.03553, 0.3],
							"pivot": [-11.2, 10.6, 6.2],
							"rotation": [-45, 0, 0],
							"uv": {
								"north": {"uv": [5, 38], "uv_size": [1.75, 1]},
								"east": {"uv": [4, 47], "uv_size": [0.25, 1]},
								"south": {"uv": [38, 5], "uv_size": [1.75, 1]},
								"west": {"uv": [5, 47], "uv_size": [0.25, 1]},
								"up": {"uv": [45, 23], "uv_size": [1.75, 0.25]},
								"down": {"uv": [45, 26.25], "uv_size": [1.75, -0.25]}
							}
						},
						{
							"origin": [-0.7, 10.08223, 4.95],
							"size": [1.7, 1.03553, 0.3],
							"uv": {
								"north": {"uv": [7, 38], "uv_size": [1.75, 1]},
								"east": {"uv": [6, 47], "uv_size": [0.25, 1]},
								"south": {"uv": [38, 8], "uv_size": [1.75, 1]},
								"west": {"uv": [7, 47], "uv_size": [0.25, 1]},
								"up": {"uv": [28, 45], "uv_size": [1.75, 0.25]},
								"down": {"uv": [45, 29.25], "uv_size": [1.75, -0.25]}
							}
						},
						{
							"origin": [-0.7, 10.08223, 7.15],
							"size": [1.4, 1.03553, 0.3],
							"pivot": [-11.2, 10.6, 6.2],
							"rotation": [-45, 0, 0],
							"uv": {
								"north": {"uv": [15, 38], "uv_size": [1.5, 1]},
								"east": {"uv": [47, 7], "uv_size": [0.25, 1]},
								"south": {"uv": [23, 38], "uv_size": [1.5, 1]},
								"west": {"uv": [8, 47], "uv_size": [0.25, 1]},
								"up": {"uv": [3, 46], "uv_size": [1.5, 0.25]},
								"down": {"uv": [46, 3.25], "uv_size": [1.5, -0.25]}
							}
						},
						{
							"origin": [-0.7, 10.08223, 7.15],
							"size": [1.4, 1.03553, 0.3],
							"uv": {
								"north": {"uv": [5, 39], "uv_size": [1.5, 1]},
								"east": {"uv": [9, 47], "uv_size": [0.25, 1]},
								"south": {"uv": [7, 39], "uv_size": [1.5, 1]},
								"west": {"uv": [47, 9], "uv_size": [0.25, 1]},
								"up": {"uv": [46, 4], "uv_size": [1.5, 0.25]},
								"down": {"uv": [5, 46.25], "uv_size": [1.5, -0.25]}
							}
						},
						{
							"origin": [-0.7, 9.35, 5.68223],
							"size": [1.4, 0.3, 1.03553],
							"pivot": [-11.2, 10.6, 6.2],
							"rotation": [-45, 0, 0],
							"uv": {
								"north": {"uv": [46, 5], "uv_size": [1.5, 0.25]},
								"east": {"uv": [10, 47], "uv_size": [1, 0.25]},
								"south": {"uv": [46, 6], "uv_size": [1.5, 0.25]},
								"west": {"uv": [47, 10], "uv_size": [1, 0.25]},
								"up": {"uv": [19, 39], "uv_size": [1.5, 1]},
								"down": {"uv": [39, 20], "uv_size": [1.5, -1]}
							}
						},
						{
							"origin": [-0.7, 9.35, 5.68223],
							"size": [1.4, 0.3, 1.03553],
							"uv": {
								"north": {"uv": [7, 46], "uv_size": [1.5, 0.25]},
								"east": {"uv": [11, 47], "uv_size": [1, 0.25]},
								"south": {"uv": [46, 8], "uv_size": [1.5, 0.25]},
								"west": {"uv": [47, 11], "uv_size": [1, 0.25]},
								"up": {"uv": [39, 20], "uv_size": [1.5, 1]},
								"down": {"uv": [23, 40], "uv_size": [1.5, -1]}
							}
						},
						{
							"origin": [-0.7, 11.55, 5.68223],
							"size": [1.7, 0.3, 1.03553],
							"pivot": [-11.2, 10.6, 6.2],
							"rotation": [-45, 0, 0],
							"uv": {
								"north": {"uv": [30, 45], "uv_size": [1.75, 0.25]},
								"east": {"uv": [12, 47], "uv_size": [1, 0.25]},
								"south": {"uv": [45, 30], "uv_size": [1.75, 0.25]},
								"west": {"uv": [47, 12], "uv_size": [1, 0.25]},
								"up": {"uv": [38, 9], "uv_size": [1.75, 1]},
								"down": {"uv": [38, 11], "uv_size": [1.75, -1]}
							}
						},
						{
							"origin": [-0.7, 11.55, 5.68223],
							"size": [1.7, 0.3, 1.03553],
							"uv": {
								"north": {"uv": [45, 31], "uv_size": [1.75, 0.25]},
								"east": {"uv": [13, 47], "uv_size": [1, 0.25]},
								"south": {"uv": [32, 45], "uv_size": [1.75, 0.25]},
								"west": {"uv": [47, 13], "uv_size": [1, 0.25]},
								"up": {"uv": [11, 38], "uv_size": [1.75, 1]},
								"down": {"uv": [13, 39], "uv_size": [1.75, -1]}
							}
						}
					]
				},
				{
					"name": "octagon3",
					"parent": "octagon",
					"pivot": [-3.2, 10.6, 6.2],
					"cubes": [
						{
							"origin": [-12.1, 10.16508, 5.15],
							"size": [11.4, 0.86985, 0.3],
							"pivot": [-3.2, 10.6, 6.2],
							"rotation": [-45, 0, 0],
							"uv": {
								"north": {"uv": [17, 16], "uv_size": [11.5, 0.75]},
								"east": {"uv": [21, 48], "uv_size": [0.25, 0.75]},
								"south": {"uv": [17, 17], "uv_size": [11.5, 0.75]},
								"west": {"uv": [48, 21], "uv_size": [0.25, 0.75]},
								"up": {"uv": [30, 32], "uv_size": [11.5, 0.25]},
								"down": {"uv": [0, 33.25], "uv_size": [11.5, -0.25]}
							}
						},
						{
							"origin": [-12.1, 10.16508, 5.15],
							"size": [11.4, 0.86985, 0.3],
							"uv": {
								"north": {"uv": [0, 18], "uv_size": [11.5, 0.75]},
								"east": {"uv": [22, 48], "uv_size": [0.25, 0.75]},
								"south": {"uv": [12, 18], "uv_size": [11.5, 0.75]},
								"west": {"uv": [48, 22], "uv_size": [0.25, 0.75]},
								"up": {"uv": [33, 7], "uv_size": [11.5, 0.25]},
								"down": {"uv": [12, 33.25], "uv_size": [11.5, -0.25]}
							}
						},
						{
							"origin": [-12.1, 10.16508, 6.95],
							"size": [11.4, 0.86985, 0.3],
							"pivot": [-3.2, 10.6, 6.2],
							"rotation": [-45, 0, 0],
							"uv": {
								"north": {"uv": [0, 19], "uv_size": [11.5, 0.75]},
								"east": {"uv": [23, 48], "uv_size": [0.25, 0.75]},
								"south": {"uv": [12, 19], "uv_size": [11.5, 0.75]},
								"west": {"uv": [48, 23], "uv_size": [0.25, 0.75]},
								"up": {"uv": [33, 14], "uv_size": [11.5, 0.25]},
								"down": {"uv": [33, 15.25], "uv_size": [11.5, -0.25]}
							}
						},
						{
							"origin": [-12.1, 10.16508, 6.95],
							"size": [11.4, 0.86985, 0.3],
							"uv": {
								"north": {"uv": [0, 20], "uv_size": [11.5, 0.75]},
								"east": {"uv": [24, 48], "uv_size": [0.25, 0.75]},
								"south": {"uv": [12, 20], "uv_size": [11.5, 0.75]},
								"west": {"uv": [48, 24], "uv_size": [0.25, 0.75]},
								"up": {"uv": [24, 33], "uv_size": [11.5, 0.25]},
								"down": {"uv": [0, 34.25], "uv_size": [11.5, -0.25]}
							}
						},
						{
							"origin": [-12.1, 9.55, 5.76508],
							"size": [11.4, 0.3, 0.86985],
							"pivot": [-3.2, 10.6, 6.2],
							"rotation": [-45, 0, 0],
							"uv": {
								"north": {"uv": [34, 6], "uv_size": [11.5, 0.25]},
								"east": {"uv": [25, 48], "uv_size": [0.75, 0.25]},
								"south": {"uv": [12, 34], "uv_size": [11.5, 0.25]},
								"west": {"uv": [48, 25], "uv_size": [0.75, 0.25]},
								"up": {"uv": [0, 21], "uv_size": [11.5, 0.75]},
								"down": {"uv": [12, 21.75], "uv_size": [11.5, -0.75]}
							}
						},
						{
							"origin": [-12.1, 9.55, 5.76508],
							"size": [11.4, 0.3, 0.86985],
							"uv": {
								"north": {"uv": [34, 16], "uv_size": [11.5, 0.25]},
								"east": {"uv": [26, 48], "uv_size": [0.75, 0.25]},
								"south": {"uv": [34, 17], "uv_size": [11.5, 0.25]},
								"west": {"uv": [48, 26], "uv_size": [0.75, 0.25]},
								"up": {"uv": [21, 14], "uv_size": [11.5, 0.75]},
								"down": {"uv": [21, 15.75], "uv_size": [11.5, -0.75]}
							}
						},
						{
							"origin": [-10, 11.35, 5.76508],
							"size": [5.7, 0.3, 0.16985],
							"pivot": [-3.2, 10.6, 6.2],
							"rotation": [-45, 0, 0],
							"uv": {
								"north": {"uv": [40, 0], "uv_size": [5.75, 0.25]},
								"east": {"uv": [44, 50], "uv_size": [0.25, 0.25]},
								"south": {"uv": [40, 1], "uv_size": [5.75, 0.25]},
								"west": {"uv": [50, 44], "uv_size": [0.25, 0.25]},
								"up": {"uv": [40, 2], "uv_size": [5.75, 0.25]},
								"down": {"uv": [40, 5.25], "uv_size": [5.75, -0.25]}
							}
						},
						{
							"origin": [-3.5, 11.35, 5.76508],
							"size": [1.2, 0.3, 0.16985],
							"pivot": [-3.2, 10.6, 6.2],
							"rotation": [-45, 0, 0],
							"uv": {
								"north": {"uv": [38, 46], "uv_size": [1.25, 0.25]},
								"east": {"uv": [51, 4], "uv_size": [0.25, 0.25]},
								"south": {"uv": [46, 38], "uv_size": [1.25, 0.25]},
								"west": {"uv": [5, 51], "uv_size": [0.25, 0.25]},
								"up": {"uv": [46, 41], "uv_size": [1.25, 0.25]},
								"down": {"uv": [42, 46.25], "uv_size": [1.25, -0.25]}
							}
						},
						{
							"origin": [-10, 11.35, 6.46508],
							"size": [7.7, 0.3, 0.16985],
							"pivot": [-3.2, 10.6, 6.2],
							"rotation": [-45, 0, 0],
							"uv": {
								"north": {"uv": [34, 37], "uv_size": [7.75, 0.25]},
								"east": {"uv": [51, 3], "uv_size": [0.25, 0.25]},
								"south": {"uv": [37, 36], "uv_size": [7.75, 0.25]},
								"west": {"uv": [4, 51], "uv_size": [0.25, 0.25]},
								"up": {"uv": [38, 3], "uv_size": [7.75, 0.25]},
								"down": {"uv": [38, 4.25], "uv_size": [7.75, -0.25]}
							}
						},
						{
							"origin": [-2.3, 11.35, 5.76508],
							"size": [0.8, 0.3, 0.86985],
							"pivot": [-3.2, 10.6, 6.2],
							"rotation": [-45, 0, 0],
							"uv": {
								"north": {"uv": [45, 48], "uv_size": [0.75, 0.25]},
								"east": {"uv": [48, 45], "uv_size": [0.75, 0.25]},
								"south": {"uv": [46, 48], "uv_size": [0.75, 0.25]},
								"west": {"uv": [48, 46], "uv_size": [0.75, 0.25]},
								"up": {"uv": [16, 44], "uv_size": [0.75, 0.75]},
								"down": {"uv": [17, 44.75], "uv_size": [0.75, -0.75]}
							}
						},
						{
							"origin": [-12.1, 11.35, 5.76508],
							"size": [2.1, 0.3, 0.86985],
							"pivot": [-3.2, 10.6, 6.2],
							"rotation": [-45, 0, 0],
							"uv": {
								"north": {"uv": [18, 45], "uv_size": [2, 0.25]},
								"east": {"uv": [47, 48], "uv_size": [0.75, 0.25]},
								"south": {"uv": [20, 45], "uv_size": [2, 0.25]},
								"west": {"uv": [48, 47], "uv_size": [0.75, 0.25]},
								"up": {"uv": [39, 28], "uv_size": [2, 0.75]},
								"down": {"uv": [39, 33.75], "uv_size": [2, -0.75]}
							}
						},
						{
							"origin": [-3.5, 11.35, 5.76508],
							"size": [2.8, 0.3, 0.86985],
							"uv": {
								"north": {"uv": [42, 40], "uv_size": [2.75, 0.25]},
								"east": {"uv": [27, 48], "uv_size": [0.75, 0.25]},
								"south": {"uv": [42, 42], "uv_size": [2.75, 0.25]},
								"west": {"uv": [48, 27], "uv_size": [0.75, 0.25]},
								"up": {"uv": [23, 37], "uv_size": [2.75, 0.75]},
								"down": {"uv": [37, 23.75], "uv_size": [2.75, -0.75]}
							}
						},
						{
							"origin": [-12.1, 11.35, 5.76508],
							"size": [6.8, 0.3, 0.86985],
							"uv": {
								"north": {"uv": [37, 39], "uv_size": [6, 0.25]},
								"east": {"uv": [48, 48], "uv_size": [0.75, 0.25]},
								"south": {"uv": [0, 40], "uv_size": [6, 0.25]},
								"west": {"uv": [0, 49], "uv_size": [0.75, 0.25]},
								"up": {"uv": [20, 28], "uv_size": [6, 0.75]},
								"down": {"uv": [26, 28.75], "uv_size": [6, -0.75]}
							}
						},
						{
							"origin": [-5.3, 11.35, 5.76508],
							"size": [1.8, 0.3, 0.16985],
							"uv": {
								"north": {"uv": [26, 43], "uv_size": [2.5, 0.25]},
								"east": {"uv": [51, 5], "uv_size": [0.25, 0.25]},
								"south": {"uv": [29, 43], "uv_size": [2.5, 0.25]},
								"west": {"uv": [6, 51], "uv_size": [0.25, 0.25]},
								"up": {"uv": [32, 43], "uv_size": [2.5, 0.25]},
								"down": {"uv": [43, 32.25], "uv_size": [2.5, -0.25]}
							}
						},
						{
							"origin": [-5.3, 11.35, 6.46508],
							"size": [1, 0.3, 0.16985],
							"uv": {
								"north": {"uv": [35, 45], "uv_size": [1.75, 0.25]},
								"east": {"uv": [51, 6], "uv_size": [0.25, 0.25]},
								"south": {"uv": [45, 36], "uv_size": [1.75, 0.25]},
								"west": {"uv": [7, 51], "uv_size": [0.25, 0.25]},
								"up": {"uv": [37, 45], "uv_size": [1.75, 0.25]},
								"down": {"uv": [45, 37.25], "uv_size": [1.75, -0.25]}
							}
						}
					]
				},
				{
					"name": "octagon4",
					"parent": "octagon3",
					"pivot": [-14.5, 10.6, 6.2],
					"cubes": [
						{
							"origin": [-15.2, 10.12365, 5.05],
							"size": [3.2, 0.95269, 0.3],
							"pivot": [-14.5, 10.6, 6.2],
							"rotation": [-45, 0, 0],
							"uv": {
								"north": {"uv": [31, 29], "uv_size": [3.25, 1]},
								"east": {"uv": [14, 47], "uv_size": [0.25, 1]},
								"south": {"uv": [30, 31], "uv_size": [3.25, 1]},
								"west": {"uv": [47, 14], "uv_size": [0.25, 1]},
								"up": {"uv": [12, 42], "uv_size": [3.25, 0.25]},
								"down": {"uv": [42, 12.25], "uv_size": [3.25, -0.25]}
							}
						},
						{
							"origin": [-12.5, 10.12365, 5.05],
							"size": [0.5, 0.95269, 0.3],
							"uv": {
								"north": {"uv": [24, 44], "uv_size": [0.5, 1]},
								"east": {"uv": [15, 47], "uv_size": [0.25, 1]},
								"south": {"uv": [25, 44], "uv_size": [0.5, 1]},
								"west": {"uv": [47, 15], "uv_size": [0.25, 1]},
								"up": {"uv": [49, 16], "uv_size": [0.5, 0.25]},
								"down": {"uv": [17, 49.25], "uv_size": [0.5, -0.25]}
							}
						},
						{
							"origin": [-15.2, 10.12365, 7.05],
							"size": [3.2, 0.95269, 0.3],
							"pivot": [-14.5, 10.6, 6.2],
							"rotation": [-45, 0, 0],
							"uv": {
								"north": {"uv": [31, 30], "uv_size": [3.25, 1]},
								"east": {"uv": [16, 47], "uv_size": [0.25, 1]},
								"south": {"uv": [0, 32], "uv_size": [3.25, 1]},
								"west": {"uv": [47, 16], "uv_size": [0.25, 1]},
								"up": {"uv": [42, 13], "uv_size": [3.25, 0.25]},
								"down": {"uv": [16, 42.25], "uv_size": [3.25, -0.25]}
							}
						},
						{
							"origin": [-12.5, 10.12365, 7.05],
							"size": [0.5, 0.95269, 0.3],
							"uv": {
								"north": {"uv": [26, 44], "uv_size": [0.5, 1]},
								"east": {"uv": [17, 47], "uv_size": [0.25, 1]},
								"south": {"uv": [27, 44], "uv_size": [0.5, 1]},
								"west": {"uv": [47, 17], "uv_size": [0.25, 1]},
								"up": {"uv": [49, 17], "uv_size": [0.5, 0.25]},
								"down": {"uv": [18, 49.25], "uv_size": [0.5, -0.25]}
							}
						},
						{
							"origin": [-14.6, 10.12365, 7.05],
							"size": [2.125, 0.35269, 0.3],
							"uv": {
								"north": {"uv": [26, 44], "uv_size": [0.5, 1]},
								"east": {"uv": [17, 47], "uv_size": [0.25, 1]},
								"south": {"uv": [27, 44], "uv_size": [0.5, 1]},
								"west": {"uv": [47, 17], "uv_size": [0.25, 1]},
								"up": {"uv": [49, 17], "uv_size": [0.5, 0.25]},
								"down": {"uv": [18, 49.25], "uv_size": [0.5, -0.25]}
							}
						},
						{
							"origin": [-12.5, 9.45, 5.72365],
							"size": [0.5, 0.3, 0.95269],
							"pivot": [-14.5, 10.6, 6.2],
							"rotation": [-45, 0, 0],
							"uv": {
								"north": {"uv": [49, 18], "uv_size": [0.5, 0.25]},
								"east": {"uv": [18, 47], "uv_size": [1, 0.25]},
								"south": {"uv": [19, 49], "uv_size": [0.5, 0.25]},
								"west": {"uv": [47, 18], "uv_size": [1, 0.25]},
								"up": {"uv": [28, 44], "uv_size": [0.5, 1]},
								"down": {"uv": [29, 45], "uv_size": [0.5, -1]}
							}
						},
						{
							"origin": [-15.2, 10.12365, 5.05],
							"size": [0.5, 0.95269, 0.3],
							"uv": {
								"north": {"uv": [11, 45], "uv_size": [0.5, 1]},
								"east": {"uv": [0, 48], "uv_size": [0.25, 1]},
								"south": {"uv": [12, 45], "uv_size": [0.5, 1]},
								"west": {"uv": [48, 0], "uv_size": [0.25, 1]},
								"up": {"uv": [49, 48], "uv_size": [0.5, 0.25]},
								"down": {"uv": [49, 49.25], "uv_size": [0.5, -0.25]}
							}
						},
						{
							"origin": [-15.2, 9.45, 5.72365],
							"size": [0.5, 0.3, 0.95269],
							"pivot": [-14.5, 10.6, 6.2],
							"rotation": [-45, 0, 0],
							"uv": {
								"north": {"uv": [49, 47], "uv_size": [0.5, 0.25]},
								"east": {"uv": [47, 46], "uv_size": [1, 0.25]},
								"south": {"uv": [48, 49], "uv_size": [0.5, 0.25]},
								"west": {"uv": [47, 47], "uv_size": [1, 0.25]},
								"up": {"uv": [9, 45], "uv_size": [0.5, 1]},
								"down": {"uv": [10, 46], "uv_size": [0.5, -1]}
							}
						},
						{
							"origin": [-15.2, 9.45, 5.72365],
							"size": [3.2, 0.3, 0.95269],
							"uv": {
								"north": {"uv": [42, 18], "uv_size": [3.25, 0.25]},
								"east": {"uv": [19, 47], "uv_size": [1, 0.25]},
								"south": {"uv": [20, 42], "uv_size": [3.25, 0.25]},
								"west": {"uv": [47, 19], "uv_size": [1, 0.25]},
								"up": {"uv": [4, 32], "uv_size": [3.25, 1]},
								"down": {"uv": [8, 33], "uv_size": [3.25, -1]}
							}
						},
						{
							"origin": [-12.5, 11.45, 5.72365],
							"size": [0.5, 0.3, 0.95269],
							"pivot": [-14.5, 10.6, 6.2],
							"rotation": [-45, 0, 0],
							"uv": {
								"north": {"uv": [49, 19], "uv_size": [0.5, 0.25]},
								"east": {"uv": [20, 47], "uv_size": [1, 0.25]},
								"south": {"uv": [20, 49], "uv_size": [0.5, 0.25]},
								"west": {"uv": [47, 20], "uv_size": [1, 0.25]},
								"up": {"uv": [30, 44], "uv_size": [0.5, 1]},
								"down": {"uv": [31, 45], "uv_size": [0.5, -1]}
							}
						},
						{
							"origin": [-14.6, 11.45, 5.72365],
							"size": [2.125, 0.3, 0.35269],
							"pivot": [-14.9, 10.6, 6.2],
							"rotation": [-45, 0, 0],
							"uv": {
								"north": {"uv": [49, 19], "uv_size": [0.5, 0.25]},
								"east": {"uv": [20, 47], "uv_size": [1, 0.25]},
								"south": {"uv": [20, 49], "uv_size": [0.5, 0.25]},
								"west": {"uv": [47, 20], "uv_size": [1, 0.25]},
								"up": {"uv": [30, 44], "uv_size": [0.5, 1]},
								"down": {"uv": [31, 45], "uv_size": [0.5, -1]}
							}
						},
						{
							"origin": [-15.2, 10.12365, 7.05],
							"size": [0.6, 0.95269, 0.3],
							"uv": {
								"north": {"uv": [45, 14], "uv_size": [0.5, 1]},
								"east": {"uv": [7, 48], "uv_size": [0.25, 1]},
								"south": {"uv": [15, 45], "uv_size": [0.5, 1]},
								"west": {"uv": [48, 7], "uv_size": [0.25, 1]},
								"up": {"uv": [9, 50], "uv_size": [0.5, 0.25]},
								"down": {"uv": [50, 9.25], "uv_size": [0.5, -0.25]}
							}
						},
						{
							"origin": [-15.2, 11.45, 5.72365],
							"size": [0.6, 0.3, 0.95269],
							"pivot": [-14.5, 10.6, 6.2],
							"rotation": [-45, 0, 0],
							"uv": {
								"north": {"uv": [8, 50], "uv_size": [0.5, 0.25]},
								"east": {"uv": [6, 48], "uv_size": [1, 0.25]},
								"south": {"uv": [50, 8], "uv_size": [0.5, 0.25]},
								"west": {"uv": [48, 6], "uv_size": [1, 0.25]},
								"up": {"uv": [13, 45], "uv_size": [0.5, 1]},
								"down": {"uv": [14, 46], "uv_size": [0.5, -1]}
							}
						},
						{
							"origin": [-15.2, 11.45, 5.72365],
							"size": [3.2, 0.3, 0.95269],
							"uv": {
								"north": {"uv": [24, 42], "uv_size": [3.25, 0.25]},
								"east": {"uv": [47, 21], "uv_size": [1, 0.25]},
								"south": {"uv": [28, 42], "uv_size": [3.25, 0.25]},
								"west": {"uv": [47, 23], "uv_size": [1, 0.25]},
								"up": {"uv": [32, 27], "uv_size": [3.25, 1]},
								"down": {"uv": [32, 29], "uv_size": [3.25, -1]}
							}
						}
					]
				},
				{
					"name": "octagon5",
					"parent": "octagon4",
					"pivot": [-20, 10.6101, 6.21259],
					"cubes": [
						{
							"origin": [-19.5, 10.15447, 5.11259],
							"size": [4.325, 0.91127, 0.3],
							"pivot": [-20, 10.6101, 6.21259],
							"rotation": [-45, 0, 0],
							"uv": {
								"north": {"uv": [6, 29], "uv_size": [4.25, 1]},
								"east": {"uv": [24, 47], "uv_size": [0.25, 1]},
								"south": {"uv": [11, 29], "uv_size": [4.25, 1]},
								"west": {"uv": [25, 47], "uv_size": [0.25, 1]},
								"up": {"uv": [21, 40], "uv_size": [4.25, 0.25]},
								"down": {"uv": [40, 21.25], "uv_size": [4.25, -0.25]}
							}
						},
						{
							"origin": [-19.5, 10.15447, 5.11259],
							"size": [4.325, 0.91127, 0.3],
							"uv": {
								"north": {"uv": [16, 29], "uv_size": [4.25, 1]},
								"east": {"uv": [26, 47], "uv_size": [0.25, 1]},
								"south": {"uv": [29, 16], "uv_size": [4.25, 1]},
								"west": {"uv": [47, 26], "uv_size": [0.25, 1]},
								"up": {"uv": [40, 23], "uv_size": [4.25, 0.25]},
								"down": {"uv": [37, 40.25], "uv_size": [4.25, -0.25]}
							}
						},
						{
							"origin": [-15.4, 11.37493, 5.62092],
							"size": [0.225, 0.56127, 0.075],
							"uv": {
								"north": {"uv": [0, 50], "uv_size": [0.25, 0.5]},
								"east": {"uv": [50, 0], "uv_size": [0.25, 0.5]},
								"south": {"uv": [1, 50], "uv_size": [0.25, 0.5]},
								"west": {"uv": [50, 1], "uv_size": [0.25, 0.5]},
								"up": {"uv": [49, 50], "uv_size": [0.25, 0.25]},
								"down": {"uv": [50, 49.25], "uv_size": [0.25, -0.25]}
							}
						},
						{
							"origin": [-19.5, 10.15447, 7.01259],
							"size": [4.325, 0.91127, 0.3],
							"pivot": [-20, 10.6101, 6.21259],
							"rotation": [-45, 0, 0],
							"uv": {
								"north": {"uv": [29, 17], "uv_size": [4.25, 1]},
								"east": {"uv": [27, 47], "uv_size": [0.25, 1]},
								"south": {"uv": [21, 29], "uv_size": [4.25, 1]},
								"west": {"uv": [28, 47], "uv_size": [0.25, 1]},
								"up": {"uv": [0, 41], "uv_size": [4.25, 0.25]},
								"down": {"uv": [41, 8.25], "uv_size": [4.25, -0.25]}
							}
						},
						{
							"origin": [-19.5, 10.15447, 7.01259],
							"size": [4.325, 0.91127, 0.3],
							"uv": {
								"north": {"uv": [26, 29], "uv_size": [4.25, 1]},
								"east": {"uv": [47, 28], "uv_size": [0.25, 1]},
								"south": {"uv": [6, 30], "uv_size": [4.25, 1]},
								"west": {"uv": [47, 29], "uv_size": [0.25, 1]},
								"up": {"uv": [41, 9], "uv_size": [4.25, 0.25]},
								"down": {"uv": [41, 19.25], "uv_size": [4.25, -0.25]}
							}
						},
						{
							"origin": [-19.5, 9.5101, 5.75696],
							"size": [4.325, 0.3, 0.91127],
							"pivot": [-20, 10.6101, 6.21259],
							"rotation": [-45, 0, 0],
							"uv": {
								"north": {"uv": [36, 41], "uv_size": [4.25, 0.25]},
								"east": {"uv": [15, 48], "uv_size": [1, 0.25]},
								"south": {"uv": [41, 38], "uv_size": [4.25, 0.25]},
								"west": {"uv": [48, 15], "uv_size": [1, 0.25]},
								"up": {"uv": [5, 31], "uv_size": [4.25, 1]},
								"down": {"uv": [10, 32], "uv_size": [4.25, -1]}
							}
						},
						{
							"origin": [-19.5, 9.5101, 5.75696],
							"size": [4.325, 0.3, 0.91127],
							"uv": {
								"north": {"uv": [41, 20], "uv_size": [4.25, 0.25]},
								"east": {"uv": [47, 30], "uv_size": [1, 0.25]},
								"south": {"uv": [21, 41], "uv_size": [4.25, 0.25]},
								"west": {"uv": [31, 47], "uv_size": [1, 0.25]},
								"up": {"uv": [11, 30], "uv_size": [4.25, 1]},
								"down": {"uv": [16, 31], "uv_size": [4.25, -1]}
							}
						},
						{
							"origin": [-19.5, 11.4101, 5.75696],
							"size": [4.325, 0.3, 0.91127],
							"pivot": [-20, 10.6101, 6.21259],
							"rotation": [-45, 0, 0],
							"uv": {
								"north": {"uv": [26, 41], "uv_size": [4.25, 0.25]},
								"east": {"uv": [47, 31], "uv_size": [1, 0.25]},
								"south": {"uv": [41, 28], "uv_size": [4.25, 0.25]},
								"west": {"uv": [32, 47], "uv_size": [1, 0.25]},
								"up": {"uv": [21, 30], "uv_size": [4.25, 1]},
								"down": {"uv": [30, 23], "uv_size": [4.25, -1]}
							}
						},
						{
							"origin": [-15.4, 11.12678, 4.8865],
							"size": [0.225, 0.075, 0.56127],
							"pivot": [-20, 10.6101, 6.21259],
							"rotation": [-45, 0, 0],
							"uv": {
								"north": {"uv": [50, 50], "uv_size": [0.25, 0.25]},
								"east": {"uv": [2, 50], "uv_size": [0.5, 0.25]},
								"south": {"uv": [0, 51], "uv_size": [0.25, 0.25]},
								"west": {"uv": [50, 2], "uv_size": [0.5, 0.25]},
								"up": {"uv": [3, 50], "uv_size": [0.25, 0.5]},
								"down": {"uv": [50, 3.5], "uv_size": [0.25, -0.5]}
							}
						},
						{
							"origin": [-19.5, 11.4101, 5.75696],
							"size": [4.325, 0.3, 0.91127],
							"uv": {
								"north": {"uv": [31, 41], "uv_size": [4.25, 0.25]},
								"east": {"uv": [47, 32], "uv_size": [1, 0.25]},
								"south": {"uv": [41, 33], "uv_size": [4.25, 0.25]},
								"west": {"uv": [33, 47], "uv_size": [1, 0.25]},
								"up": {"uv": [26, 30], "uv_size": [4.25, 1]},
								"down": {"uv": [0, 32], "uv_size": [4.25, -1]}
							}
						}
					]
				},
				{
					"name": "octagon2",
					"parent": "octagon",
					"pivot": [1, 10.6, 6.2],
					"cubes": [
						{
							"origin": [-1.5, 10.12365, 5.05],
							"size": [2.35, 0.95269, 2.3],
							"pivot": [1, 10.6, 6.2],
							"rotation": [-45, 0, 0],
							"uv": {
								"north": {"uv": [12, 32], "uv_size": [2.25, 1]},
								"east": {"uv": [36, 28], "uv_size": [2.25, 1]},
								"south": {"uv": [36, 33], "uv_size": [2.25, 1]},
								"west": {"uv": [34, 36], "uv_size": [2.25, 1]},
								"up": {"uv": [15, 23], "uv_size": [2.25, 2.25]},
								"down": {"uv": [18, 25.25], "uv_size": [2.25, -2.25]}
							}
						},
						{
							"origin": [0, 10.22365, 5.85],
							"size": [0.95, 0.75269, 0.7],
							"pivot": [0.075, 10.6, 6.2],
							"rotation": [-22.5, 0, 0],
							"uv": {
								"north": {"uv": [32, 42], "uv_size": [1, 0.75]},
								"east": {"uv": [14, 44], "uv_size": [0.75, 0.75]},
								"south": {"uv": [42, 32], "uv_size": [1, 0.75]},
								"west": {"uv": [15, 44], "uv_size": [0.75, 0.75]},
								"up": {"uv": [33, 42], "uv_size": [1, 0.75]},
								"down": {"uv": [34, 42.75], "uv_size": [1, -0.75]}
							}
						},
						{
							"origin": [-1.5, 10.12365, 5.05],
							"size": [2.35, 0.95269, 2.3],
							"uv": {
								"north": {"uv": [0, 37], "uv_size": [2.25, 1]},
								"east": {"uv": [37, 0], "uv_size": [2.25, 1]},
								"south": {"uv": [37, 1], "uv_size": [2.25, 1]},
								"west": {"uv": [37, 2], "uv_size": [2.25, 1]},
								"up": {"uv": [21, 23], "uv_size": [2.25, 2.25]},
								"down": {"uv": [24, 2.25], "uv_size": [2.25, -2.25]}
							}
						},
						{
							"origin": [-1.5, 9.45, 5.72365],
							"size": [2.35, 2.3, 0.95269],
							"pivot": [1, 10.6, 6.2],
							"rotation": [-45, 0, 0],
							"uv": {
								"north": {"uv": [24, 3], "uv_size": [2.25, 2.25]},
								"east": {"uv": [3, 37], "uv_size": [1, 2.25]},
								"south": {"uv": [24, 18], "uv_size": [2.25, 2.25]},
								"west": {"uv": [37, 3], "uv_size": [1, 2.25]},
								"up": {"uv": [4, 37], "uv_size": [2.25, 1]},
								"down": {"uv": [7, 38], "uv_size": [2.25, -1]}
							}
						},
						{
							"origin": [-1.5, 9.45, 5.72365],
							"size": [2.35, 2.3, 0.95269],
							"uv": {
								"north": {"uv": [24, 23], "uv_size": [2.25, 2.25]},
								"east": {"uv": [37, 8], "uv_size": [1, 2.25]},
								"south": {"uv": [1, 26], "uv_size": [2.25, 2.25]},
								"west": {"uv": [10, 37], "uv_size": [1, 2.25]},
								"up": {"uv": [11, 37], "uv_size": [2.25, 1]},
								"down": {"uv": [37, 12], "uv_size": [2.25, -1]}
							}
						}
					]
				},
				{
					"name": "bone3",
					"parent": "m3_default",
					"pivot": [-0.03125, 9.43583, -16.80625],
					"cubes": [
						{
							"origin": [-5.65, 10.95, -13.22782],
							"size": [10, 0.2, 0.45563],
							"pivot": [0, 10.6, -13],
							"rotation": [0, -90, 0],
							"uv": {
								"north": {"uv": [34, 31], "uv_size": [10, 0.25]},
								"east": {"uv": [49, 7], "uv_size": [0.5, 0.25]},
								"south": {"uv": [32, 34], "uv_size": [10, 0.25]},
								"west": {"uv": [8, 49], "uv_size": [0.5, 0.25]},
								"up": {"uv": [23, 7], "uv_size": [10, 0.5]},
								"down": {"uv": [24, 6.5], "uv_size": [10, -0.5]}
							}
						},
						{
							"origin": [-5.65, 10.37218, -13.55],
							"size": [10, 0.45563, 0.2],
							"pivot": [0, 10.6, -13],
							"rotation": [-45, -90, 0],
							"uv": {
								"north": {"uv": [24, 21], "uv_size": [10, 0.5]},
								"east": {"uv": [49, 8], "uv_size": [0.25, 0.5]},
								"south": {"uv": [15, 26], "uv_size": [10, 0.5]},
								"west": {"uv": [9, 49], "uv_size": [0.25, 0.5]},
								"up": {"uv": [0, 35], "uv_size": [10, 0.25]},
								"down": {"uv": [10, 35.25], "uv_size": [10, -0.25]}
							}
						},
						{
							"origin": [-5.65, 10.37218, -13.55],
							"size": [10, 0.45563, 0.2],
							"pivot": [0, 10.6, -13],
							"rotation": [0, -90, 0],
							"uv": {
								"north": {"uv": [25, 26], "uv_size": [10, 0.5]},
								"east": {"uv": [49, 9], "uv_size": [0.25, 0.5]},
								"south": {"uv": [27, 0], "uv_size": [10, 0.5]},
								"west": {"uv": [10, 49], "uv_size": [0.25, 0.5]},
								"up": {"uv": [20, 35], "uv_size": [10, 0.25]},
								"down": {"uv": [35, 22.25], "uv_size": [10, -0.25]}
							}
						},
						{
							"origin": [-5.65, 10.37218, -12.65],
							"size": [10, 0.45563, 0.2],
							"pivot": [0, 10.6, -13],
							"rotation": [-45, -90, 0],
							"uv": {
								"north": {"uv": [27, 1], "uv_size": [10, 0.5]},
								"east": {"uv": [49, 10], "uv_size": [0.25, 0.5]},
								"south": {"uv": [27, 2], "uv_size": [10, 0.5]},
								"west": {"uv": [11, 49], "uv_size": [0.25, 0.5]},
								"up": {"uv": [35, 26], "uv_size": [10, 0.25]},
								"down": {"uv": [35, 29.25], "uv_size": [10, -0.25]}
							}
						},
						{
							"origin": [-5.65, 10.37218, -12.65],
							"size": [10, 0.45563, 0.2],
							"pivot": [0, 10.6, -13],
							"rotation": [0, -90, 0],
							"uv": {
								"north": {"uv": [27, 3], "uv_size": [10, 0.5]},
								"east": {"uv": [49, 11], "uv_size": [0.25, 0.5]},
								"south": {"uv": [27, 4], "uv_size": [10, 0.5]},
								"west": {"uv": [12, 49], "uv_size": [0.25, 0.5]},
								"up": {"uv": [35, 30], "uv_size": [10, 0.25]},
								"down": {"uv": [32, 35.25], "uv_size": [10, -0.25]}
							}
						},
						{
							"origin": [-5.65, 10.05, -13.22782],
							"size": [10, 0.2, 0.45563],
							"pivot": [0, 10.6, -13],
							"rotation": [-45, -90, 0],
							"uv": {
								"north": {"uv": [0, 36], "uv_size": [10, 0.25]},
								"east": {"uv": [49, 12], "uv_size": [0.5, 0.25]},
								"south": {"uv": [10, 36], "uv_size": [10, 0.25]},
								"west": {"uv": [13, 49], "uv_size": [0.5, 0.25]},
								"up": {"uv": [27, 5], "uv_size": [10, 0.5]},
								"down": {"uv": [15, 27.5], "uv_size": [10, -0.5]}
							}
						},
						{
							"origin": [-5.65, 10.05, -13.22782],
							"size": [10, 0.2, 0.45563],
							"pivot": [0, 10.6, -13],
							"rotation": [0, -90, 0],
							"uv": {
								"north": {"uv": [20, 36], "uv_size": [10, 0.25]},
								"east": {"uv": [49, 13], "uv_size": [0.5, 0.25]},
								"south": {"uv": [36, 24], "uv_size": [10, 0.25]},
								"west": {"uv": [14, 49], "uv_size": [0.5, 0.25]},
								"up": {"uv": [27, 18], "uv_size": [10, 0.5]},
								"down": {"uv": [27, 19.5], "uv_size": [10, -0.5]}
							}
						},
						{
							"origin": [-5.65, 10.95, -13.22782],
							"size": [10, 0.2, 0.45563],
							"pivot": [0, 10.6, -13],
							"rotation": [-45, -90, 0],
							"uv": {
								"north": {"uv": [36, 25], "uv_size": [10, 0.25]},
								"east": {"uv": [49, 14], "uv_size": [0.5, 0.25]},
								"south": {"uv": [36, 27], "uv_size": [10, 0.25]},
								"west": {"uv": [15, 49], "uv_size": [0.5, 0.25]},
								"up": {"uv": [27, 20], "uv_size": [10, 0.5]},
								"down": {"uv": [27, 23.5], "uv_size": [10, -0.5]}
							}
						}
					]
				},
				{
					"name": "bone7",
					"parent": "bone3",
					"pivot": [-0.0378, 12.8678, -6.72333]
				},
				{
					"name": "stock_default",
					"parent": "M3",
					"pivot": [0, -20, 9]
				},
				{
					"name": "octagon6",
					"parent": "stock_default",
					"pivot": [0, 8.8, 8],
					"rotation": [-90, 73.5, -90],
					"cubes": [
						{
							"origin": [-12, 8.59289, 7.5],
							"size": [14.5, 0.41421, 1],
							"pivot": [0, 8.8, 8],
							"rotation": [-45, 0, 0],
							"uv": {
								"north": {"uv": [0, 22], "uv_size": [14.5, 0.5]},
								"east": {"uv": [44, 31], "uv_size": [1, 0.5]},
								"south": {"uv": [22, 8], "uv_size": [14.5, 0.5]},
								"west": {"uv": [32, 44], "uv_size": [1, 0.5]},
								"up": {"uv": [8, 0], "uv_size": [14.5, 1]},
								"down": {"uv": [8, 2], "uv_size": [14.5, -1]}
							}
						},
						{
							"origin": [-12, 8.59289, 7.5],
							"size": [14.5, 0.41421, 1],
							"uv": {
								"north": {"uv": [22, 9], "uv_size": [14.5, 0.5]},
								"east": {"uv": [33, 44], "uv_size": [1, 0.5]},
								"south": {"uv": [22, 10], "uv_size": [14.5, 0.5]},
								"west": {"uv": [34, 44], "uv_size": [1, 0.5]},
								"up": {"uv": [8, 2], "uv_size": [14.5, 1]},
								"down": {"uv": [8, 4], "uv_size": [14.5, -1]}
							}
						},
						{
							"origin": [-12, 8.3, 7.79289],
							"size": [14.5, 1, 0.41421],
							"pivot": [0, 8.8, 8],
							"rotation": [-45, 0, 0],
							"uv": {
								"north": {"uv": [8, 4], "uv_size": [14.5, 1]},
								"east": {"uv": [44, 34], "uv_size": [0.5, 1]},
								"south": {"uv": [8, 5], "uv_size": [14.5, 1]},
								"west": {"uv": [35, 44], "uv_size": [0.5, 1]},
								"up": {"uv": [22, 11], "uv_size": [14.5, 0.5]},
								"down": {"uv": [22, 12.5], "uv_size": [14.5, -0.5]}
							}
						},
						{
							"origin": [-12, 8.3, 7.79289],
							"size": [14.5, 1, 0.41421],
							"uv": {
								"north": {"uv": [8, 6], "uv_size": [14.5, 1]},
								"east": {"uv": [44, 35], "uv_size": [0.5, 1]},
								"south": {"uv": [8, 7], "uv_size": [14.5, 1]},
								"west": {"uv": [36, 44], "uv_size": [0.5, 1]},
								"up": {"uv": [22, 13], "uv_size": [14.5, 0.5]},
								"down": {"uv": [15, 22.5], "uv_size": [14.5, -0.5]}
							}
						},
						{
							"origin": [-2.97342, 8.06569, 7.79289],
							"size": [4.6, 1, 0.41421],
							"uv": {
								"north": {"uv": [6, 28], "uv_size": [4.5, 1]},
								"east": {"uv": [5, 45], "uv_size": [0.5, 1]},
								"south": {"uv": [15, 28], "uv_size": [4.5, 1]},
								"west": {"uv": [6, 45], "uv_size": [0.5, 1]},
								"up": {"uv": [37, 12], "uv_size": [4.5, 0.5]},
								"down": {"uv": [37, 13.5], "uv_size": [4.5, -0.5]}
							}
						},
						{
							"origin": [-1.03834, 6.94173, 7.79289],
							"size": [2.4, 1.4, 0.41421],
							"pivot": [-0.67342, 7.86569, 8],
							"rotation": [0, 0, -17.5],
							"uv": {
								"north": {"uv": [24, 31], "uv_size": [2.5, 1.5]},
								"east": {"uv": [4, 42], "uv_size": [0.5, 1.5]},
								"south": {"uv": [27, 31], "uv_size": [2.5, 1.5]},
								"west": {"uv": [10, 42], "uv_size": [0.5, 1.5]},
								"up": {"uv": [9, 40], "uv_size": [2.5, 0.5]},
								"down": {"uv": [40, 10.5], "uv_size": [2.5, -0.5]}
							}
						},
						{
							"origin": [-2.84569, 7.07466, 7.79289],
							"size": [2.15, 0.3, 0.41421],
							"pivot": [-0.67342, 7.86569, 8],
							"rotation": [0, 0, -35],
							"uv": {
								"north": {"uv": [41, 43], "uv_size": [2.25, 0.25]},
								"east": {"uv": [49, 38], "uv_size": [0.5, 0.25]},
								"south": {"uv": [43, 41], "uv_size": [2.25, 0.25]},
								"west": {"uv": [39, 49], "uv_size": [0.5, 0.25]},
								"up": {"uv": [40, 11], "uv_size": [2.25, 0.5]},
								"down": {"uv": [16, 40.5], "uv_size": [2.25, -0.5]}
							}
						},
						{
							"origin": [-2.23221, 6.28681, 7.79289],
							"size": [0.325, 0.7, 0.41421],
							"pivot": [-3.00721, 6.43681, 8],
							"rotation": [0, 0, 17],
							"uv": {
								"north": {"uv": [32, 48], "uv_size": [0.25, 0.75]},
								"east": {"uv": [9, 46], "uv_size": [0.5, 0.75]},
								"south": {"uv": [48, 32], "uv_size": [0.25, 0.75]},
								"west": {"uv": [46, 9], "uv_size": [0.5, 0.75]},
								"up": {"uv": [49, 40], "uv_size": [0.25, 0.5]},
								"down": {"uv": [41, 49.5], "uv_size": [0.25, -0.5]}
							}
						},
						{
							"origin": [-1.86755, 9.51896, 7.79289],
							"size": [2.1, 0.3, 0.41421],
							"pivot": [-0.72771, 7.767, 8],
							"rotation": [0, 0, -107.5],
							"uv": {
								"north": {"uv": [7, 45], "uv_size": [2, 0.25]},
								"east": {"uv": [49, 39], "uv_size": [0.5, 0.25]},
								"south": {"uv": [45, 7], "uv_size": [2, 0.25]},
								"west": {"uv": [40, 49], "uv_size": [0.5, 0.25]},
								"up": {"uv": [16, 41], "uv_size": [2, 0.5]},
								"down": {"uv": [41, 41.5], "uv_size": [2, -0.5]}
							}
						},
						{
							"origin": [-12.16011, 7.38621, 7.09289],
							"size": [0.3, 2.65, 1.81421],
							"pivot": [-11.75, 8.9, 8],
							"rotation": [0, 0, 7.5],
							"uv": {
								"north": {"uv": [0, 43], "uv_size": [0.25, 2.75]},
								"east": {"uv": [11, 26], "uv_size": [1.75, 2.75]},
								"south": {"uv": [1, 43], "uv_size": [0.25, 2.75]},
								"west": {"uv": [4, 28], "uv_size": [1.75, 2.75]},
								"up": {"uv": [34, 45], "uv_size": [0.25, 1.75]},
								"down": {"uv": [45, 35.75], "uv_size": [0.25, -1.75]}
							}
						},
						{
							"origin": [-12.11107, 5.90873, 7.51716],
							"size": [0.3, 0.475, 0.96421],
							"pivot": [-11.70096, 9.27252, 8.02426],
							"rotation": [0, 0, 7.5],
							"uv": {
								"north": {"uv": [49, 32], "uv_size": [0.25, 0.5]},
								"east": {"uv": [44, 44], "uv_size": [1, 0.5]},
								"south": {"uv": [33, 49], "uv_size": [0.25, 0.5]},
								"west": {"uv": [2, 45], "uv_size": [1, 0.5]},
								"up": {"uv": [47, 42], "uv_size": [0.25, 1]},
								"down": {"uv": [43, 48], "uv_size": [0.25, -1]}
							}
						},
						{
							"origin": [-12.10147, 10.78163, 7.51716],
							"size": [0.3, 0.475, 0.96421],
							"pivot": [-11.69136, 9.34542, 8.02426],
							"rotation": [0, 0, 7.5],
							"uv": {
								"north": {"uv": [49, 37], "uv_size": [0.25, 0.5]},
								"east": {"uv": [3, 45], "uv_size": [1, 0.5]},
								"south": {"uv": [38, 49], "uv_size": [0.25, 0.5]},
								"west": {"uv": [4, 45], "uv_size": [1, 0.5]},
								"up": {"uv": [47, 43], "uv_size": [0.25, 1]},
								"down": {"uv": [44, 48], "uv_size": [0.25, -1]}
							}
						},
						{
							"origin": [-12.16011, 9.93621, 8.39289],
							"size": [0.3, 0.9, 0.51421],
							"pivot": [-11.75, 8.9, 8],
							"rotation": [0, 0, 7.5],
							"uv": {
								"north": {"uv": [47, 33], "uv_size": [0.25, 1]},
								"east": {"uv": [37, 44], "uv_size": [0.5, 1]},
								"south": {"uv": [34, 47], "uv_size": [0.25, 1]},
								"west": {"uv": [38, 44], "uv_size": [0.5, 1]},
								"up": {"uv": [49, 20], "uv_size": [0.25, 0.5]},
								"down": {"uv": [21, 49.5], "uv_size": [0.25, -0.5]}
							}
						},
						{
							"origin": [-12.16011, 9.93621, 7.09289],
							"size": [0.3, 0.9, 0.51421],
							"pivot": [-11.75, 8.9, 8],
							"rotation": [0, 0, 7.5],
							"uv": {
								"north": {"uv": [47, 34], "uv_size": [0.25, 1]},
								"east": {"uv": [39, 44], "uv_size": [0.5, 1]},
								"south": {"uv": [35, 47], "uv_size": [0.25, 1]},
								"west": {"uv": [40, 44], "uv_size": [0.5, 1]},
								"up": {"uv": [49, 21], "uv_size": [0.25, 0.5]},
								"down": {"uv": [22, 49.5], "uv_size": [0.25, -0.5]}
							}
						},
						{
							"origin": [-12.17904, 10.79242, 10.0984],
							"size": [0.3, 0.6, 0.51421],
							"pivot": [-11.76893, 8.75621, 9.7055],
							"rotation": [45, 0, 7.5],
							"uv": {
								"north": {"uv": [49, 30], "uv_size": [0.25, 0.5]},
								"east": {"uv": [41, 47], "uv_size": [0.5, 0.5]},
								"south": {"uv": [31, 49], "uv_size": [0.25, 0.5]},
								"west": {"uv": [42, 47], "uv_size": [0.5, 0.5]},
								"up": {"uv": [49, 31], "uv_size": [0.25, 0.5]},
								"down": {"uv": [32, 49.5], "uv_size": [0.25, -0.5]}
							}
						},
						{
							"origin": [-12.17904, 10.79242, 5.38739],
							"size": [0.3, 0.6, 0.51421],
							"pivot": [-11.76893, 8.75621, 6.2945],
							"rotation": [-45, 0, 7.5],
							"uv": {
								"north": {"uv": [49, 28], "uv_size": [0.25, 0.5]},
								"east": {"uv": [40, 47], "uv_size": [0.5, 0.5]},
								"south": {"uv": [29, 49], "uv_size": [0.25, 0.5]},
								"west": {"uv": [47, 40], "uv_size": [0.5, 0.5]},
								"up": {"uv": [49, 29], "uv_size": [0.25, 0.5]},
								"down": {"uv": [30, 49.5], "uv_size": [0.25, -0.5]}
							}
						},
						{
							"origin": [-12.00483, 10.10866, 7.63076],
							"size": [0.3, 0.5, 0.21421],
							"pivot": [-11.85483, 10.09653, 8],
							"rotation": [45, 0, 7.5],
							"uv": {
								"north": {"uv": [49, 35], "uv_size": [0.25, 0.5]},
								"east": {"uv": [36, 49], "uv_size": [0.25, 0.5]},
								"south": {"uv": [49, 36], "uv_size": [0.25, 0.5]},
								"west": {"uv": [37, 49], "uv_size": [0.25, 0.5]},
								"up": {"uv": [48, 50], "uv_size": [0.25, 0.25]},
								"down": {"uv": [50, 48.25], "uv_size": [0.25, -0.25]}
							}
						},
						{
							"origin": [-12.00483, 10.18366, 8.15503],
							"size": [0.3, 0.5, 0.21421],
							"pivot": [-11.85483, 10.09653, 8],
							"rotation": [-45, 0, 7.5],
							"uv": {
								"north": {"uv": [49, 33], "uv_size": [0.25, 0.5]},
								"east": {"uv": [34, 49], "uv_size": [0.25, 0.5]},
								"south": {"uv": [49, 34], "uv_size": [0.25, 0.5]},
								"west": {"uv": [35, 49], "uv_size": [0.25, 0.5]},
								"up": {"uv": [47, 50], "uv_size": [0.25, 0.25]},
								"down": {"uv": [50, 47.25], "uv_size": [0.25, -0.25]}
							}
						},
						{
							"origin": [-12.76641, 7.08092, 10.8984],
							"size": [0.3, 0.65, 0.21421],
							"pivot": [-12.3563, 4.29471, 9.7055],
							"rotation": [45, 0, 7.5],
							"uv": {
								"north": {"uv": [30, 48], "uv_size": [0.25, 0.75]},
								"east": {"uv": [48, 30], "uv_size": [0.25, 0.75]},
								"south": {"uv": [31, 48], "uv_size": [0.25, 0.75]},
								"west": {"uv": [48, 31], "uv_size": [0.25, 0.75]},
								"up": {"uv": [46, 50], "uv_size": [0.25, 0.25]},
								"down": {"uv": [50, 46.25], "uv_size": [0.25, -0.25]}
							}
						},
						{
							"origin": [-12.76641, 7.08092, 4.88739],
							"size": [0.3, 0.65, 0.21421],
							"pivot": [-12.3563, 4.29471, 6.2945],
							"rotation": [-45, 0, 7.5],
							"uv": {
								"north": {"uv": [28, 48], "uv_size": [0.25, 0.75]},
								"east": {"uv": [48, 28], "uv_size": [0.25, 0.75]},
								"south": {"uv": [29, 48], "uv_size": [0.25, 0.75]},
								"west": {"uv": [48, 29], "uv_size": [0.25, 0.75]},
								"up": {"uv": [45, 50], "uv_size": [0.25, 0.25]},
								"down": {"uv": [50, 45.25], "uv_size": [0.25, -0.25]}
							}
						},
						{
							"origin": [-12.16011, 6.33621, 8.49289],
							"size": [0.3, 1.1, 0.41421],
							"pivot": [-11.75, 8.9, 8],
							"rotation": [0, 0, 7.5],
							"uv": {
								"north": {"uv": [47, 36], "uv_size": [0.25, 1]},
								"east": {"uv": [43, 44], "uv_size": [0.5, 1]},
								"south": {"uv": [37, 47], "uv_size": [0.25, 1]},
								"west": {"uv": [44, 43], "uv_size": [0.5, 1]},
								"up": {"uv": [49, 23], "uv_size": [0.25, 0.5]},
								"down": {"uv": [24, 49.5], "uv_size": [0.25, -0.5]}
							}
						},
						{
							"origin": [-12.15594, 5.56786, 4.87291],
							"size": [0.3, 0.6, 0.51421],
							"pivot": [-11.74583, 8.93165, 5.78002],
							"rotation": [45, 0, 7.5],
							"uv": {
								"north": {"uv": [49, 26], "uv_size": [0.25, 0.5]},
								"east": {"uv": [39, 47], "uv_size": [0.5, 0.5]},
								"south": {"uv": [27, 49], "uv_size": [0.25, 0.5]},
								"west": {"uv": [47, 39], "uv_size": [0.5, 0.5]},
								"up": {"uv": [49, 27], "uv_size": [0.25, 0.5]},
								"down": {"uv": [28, 49.5], "uv_size": [0.25, -0.5]}
							}
						},
						{
							"origin": [-12.15594, 5.56786, 10.61287],
							"size": [0.3, 0.6, 0.51421],
							"pivot": [-11.74583, 8.93165, 10.21998],
							"rotation": [-45, 0, 7.5],
							"uv": {
								"north": {"uv": [49, 24], "uv_size": [0.25, 0.5]},
								"east": {"uv": [47, 37], "uv_size": [0.5, 0.5]},
								"south": {"uv": [25, 49], "uv_size": [0.25, 0.5]},
								"west": {"uv": [38, 47], "uv_size": [0.5, 0.5]},
								"up": {"uv": [49, 25], "uv_size": [0.25, 0.5]},
								"down": {"uv": [26, 49.5], "uv_size": [0.25, -0.5]}
							}
						},
						{
							"origin": [-12.16011, 6.33621, 7.09289],
							"size": [0.3, 1.1, 0.41421],
							"pivot": [-11.75, 8.9, 8],
							"rotation": [0, 0, 7.5],
							"uv": {
								"north": {"uv": [47, 35], "uv_size": [0.25, 1]},
								"east": {"uv": [41, 44], "uv_size": [0.5, 1]},
								"south": {"uv": [36, 47], "uv_size": [0.25, 1]},
								"west": {"uv": [42, 44], "uv_size": [0.5, 1]},
								"up": {"uv": [49, 22], "uv_size": [0.25, 0.5]},
								"down": {"uv": [23, 49.5], "uv_size": [0.25, -0.5]}
							}
						}
					]
				},
				{
					"name": "octagon7",
					"parent": "octagon6",
					"pivot": [-1.69043, 7.33509, 8],
					"rotation": [0, -90, 0],
					"cubes": [
						{
							"origin": [-1.89753, 7.00372, 7],
							"size": [0.4142, 0.66274, 0.4],
							"pivot": [-1.69043, 7.33509, 8],
							"rotation": [-45, 0, 0],
							"uv": {
								"north": {"uv": [10, 46], "uv_size": [0.5, 0.75]},
								"east": {"uv": [46, 10], "uv_size": [0.5, 0.75]},
								"south": {"uv": [11, 46], "uv_size": [0.5, 0.75]},
								"west": {"uv": [46, 11], "uv_size": [0.5, 0.75]},
								"up": {"uv": [47, 44], "uv_size": [0.5, 0.5]},
								"down": {"uv": [45, 47.5], "uv_size": [0.5, -0.5]}
							}
						},
						{
							"origin": [-1.89753, 7.00372, 7.1],
							"size": [0.4142, 0.66274, 0.3],
							"uv": {
								"north": {"uv": [12, 46], "uv_size": [0.5, 0.75]},
								"east": {"uv": [33, 48], "uv_size": [0.25, 0.75]},
								"south": {"uv": [46, 12], "uv_size": [0.5, 0.75]},
								"west": {"uv": [48, 33], "uv_size": [0.25, 0.75]},
								"up": {"uv": [49, 41], "uv_size": [0.5, 0.25]},
								"down": {"uv": [42, 49.25], "uv_size": [0.5, -0.25]}
							}
						},
						{
							"origin": [-1.89753, 7.00372, 8.6],
							"size": [0.4142, 0.66274, 0.35],
							"pivot": [-1.69043, 7.33509, 8],
							"rotation": [-45, 0, 0],
							"uv": {
								"north": {"uv": [13, 46], "uv_size": [0.5, 0.75]},
								"east": {"uv": [34, 48], "uv_size": [0.25, 0.75]},
								"south": {"uv": [46, 13], "uv_size": [0.5, 0.75]},
								"west": {"uv": [48, 34], "uv_size": [0.25, 0.75]},
								"up": {"uv": [49, 42], "uv_size": [0.5, 0.25]},
								"down": {"uv": [43, 49.25], "uv_size": [0.5, -0.25]}
							}
						},
						{
							"origin": [-1.89753, 7.00372, 8.6],
							"size": [0.4142, 0.66274, 0.3],
							"uv": {
								"north": {"uv": [14, 46], "uv_size": [0.5, 0.75]},
								"east": {"uv": [35, 48], "uv_size": [0.25, 0.75]},
								"south": {"uv": [46, 14], "uv_size": [0.5, 0.75]},
								"west": {"uv": [48, 35], "uv_size": [0.25, 0.75]},
								"up": {"uv": [49, 43], "uv_size": [0.5, 0.25]},
								"down": {"uv": [44, 49.25], "uv_size": [0.5, -0.25]}
							}
						},
						{
							"origin": [-1.89753, 6.53509, 7.66863],
							"size": [0.4142, 0.2, 0.66274],
							"pivot": [-1.69043, 7.33509, 8],
							"rotation": [-45, 0, 0],
							"uv": {
								"north": {"uv": [49, 44], "uv_size": [0.5, 0.25]},
								"east": {"uv": [36, 48], "uv_size": [0.75, 0.25]},
								"south": {"uv": [45, 49], "uv_size": [0.5, 0.25]},
								"west": {"uv": [48, 36], "uv_size": [0.75, 0.25]},
								"up": {"uv": [15, 46], "uv_size": [0.5, 0.75]},
								"down": {"uv": [16, 46.75], "uv_size": [0.5, -0.75]}
							}
						},
						{
							"origin": [-1.89753, 6.43509, 7.66863],
							"size": [0.4142, 0.3, 0.66274],
							"uv": {
								"north": {"uv": [49, 45], "uv_size": [0.5, 0.25]},
								"east": {"uv": [37, 48], "uv_size": [0.75, 0.25]},
								"south": {"uv": [46, 49], "uv_size": [0.5, 0.25]},
								"west": {"uv": [48, 37], "uv_size": [0.75, 0.25]},
								"up": {"uv": [46, 16], "uv_size": [0.5, 0.75]},
								"down": {"uv": [17, 46.75], "uv_size": [0.5, -0.75]}
							}
						},
						{
							"origin": [-1.89753, 7.93509, 7.66863],
							"size": [0.4142, 0.6, 0.76274],
							"pivot": [-1.69043, 7.33509, 8],
							"rotation": [-45, 0, 0],
							"uv": {
								"north": {"uv": [47, 45], "uv_size": [0.5, 0.5]},
								"east": {"uv": [46, 17], "uv_size": [0.75, 0.5]},
								"south": {"uv": [46, 47], "uv_size": [0.5, 0.5]},
								"west": {"uv": [18, 46], "uv_size": [0.75, 0.5]},
								"up": {"uv": [46, 18], "uv_size": [0.5, 0.75]},
								"down": {"uv": [19, 46.75], "uv_size": [0.5, -0.75]}
							}
						},
						{
							"origin": [-1.89753, 7.93509, 7.66863],
							"size": [0.4142, 0.2, 0.66274],
							"uv": {
								"north": {"uv": [49, 46], "uv_size": [0.5, 0.25]},
								"east": {"uv": [38, 48], "uv_size": [0.75, 0.25]},
								"south": {"uv": [47, 49], "uv_size": [0.5, 0.25]},
								"west": {"uv": [48, 38], "uv_size": [0.75, 0.25]},
								"up": {"uv": [46, 19], "uv_size": [0.5, 0.75]},
								"down": {"uv": [20, 46.75], "uv_size": [0.5, -0.75]}
							}
						}
					]
				},
				{
					"name": "attachment_adapter",
					"parent": "M3",
					"pivot": [0, 8.24911, 11.37197]
				},
				{
					"name": "oem_stock_light",
					"parent": "attachment_adapter",
					"pivot": [0, 7.875, 8.025]
				},
				{
					"name": "octagon8",
					"parent": "oem_stock_light",
					"pivot": [0, 8.8, 8],
					"rotation": [-90, 73.5, -90],
					"cubes": [
						{
							"origin": [-4.98729, 9.6018, 7.48579],
							"size": [5.5, 0.41421, 1],
							"pivot": [-5.42644, 10.17789, 8.00369],
							"rotation": [0, 0, 2.5],
							"uv": {
								"north": {"uv": [22, 9], "uv_size": [14.5, 0.5]},
								"east": {"uv": [33, 44], "uv_size": [1, 0.5]},
								"south": {"uv": [22, 10], "uv_size": [14.5, 0.5]},
								"west": {"uv": [34, 44], "uv_size": [1, 0.5]},
								"up": {"uv": [8, 2], "uv_size": [14.5, 1]},
								"down": {"uv": [8, 4], "uv_size": [14.5, -1]}
							}
						},
						{
							"origin": [-11.2656, 10.33976, 7.52158],
							"size": [5.9, 0.41421, 1],
							"pivot": [-5.42644, 10.17789, 8.00369],
							"rotation": [0, 0, 2.5],
							"uv": {
								"north": {"uv": [22, 9], "uv_size": [14.5, 0.5]},
								"east": {"uv": [33, 44], "uv_size": [1, 0.5]},
								"south": {"uv": [22, 10], "uv_size": [14.5, 0.5]},
								"west": {"uv": [34, 44], "uv_size": [1, 0.5]},
								"up": {"uv": [8, 2], "uv_size": [14.5, 1]},
								"down": {"uv": [8, 4], "uv_size": [14.5, -1]}
							}
						},
						{
							"origin": [-1.50805, 7.33849, 7.48579],
							"size": [1.6, 0.45, 1.01421],
							"pivot": [3.16946, 5.02571, 0.2929],
							"rotation": [0, 0, 30],
							"uv": {
								"north": {"uv": [6, 28], "uv_size": [4.5, 1]},
								"east": {"uv": [5, 45], "uv_size": [0.5, 1]},
								"south": {"uv": [15, 28], "uv_size": [4.5, 1]},
								"west": {"uv": [6, 45], "uv_size": [0.5, 1]},
								"up": {"uv": [37, 12], "uv_size": [4.5, 0.5]},
								"down": {"uv": [37, 13.5], "uv_size": [4.5, -0.5]}
							}
						},
						{
							"origin": [-12.13834, 7.19173, 7.49289],
							"size": [13.5, 0.4, 1.01421],
							"pivot": [-0.67342, 8.11569, 8],
							"rotation": [0, 0, -7.5],
							"uv": {
								"north": {"uv": [24, 31], "uv_size": [2.5, 1.5]},
								"east": {"uv": [4, 42], "uv_size": [0.5, 1.5]},
								"south": {"uv": [27, 31], "uv_size": [2.5, 1.5]},
								"west": {"uv": [10, 42], "uv_size": [0.5, 1.5]},
								"up": {"uv": [9, 40], "uv_size": [2.5, 0.5]},
								"down": {"uv": [40, 10.5], "uv_size": [2.5, -0.5]}
							}
						},
						{
							"origin": [-15.44831, 12.66464, 7.50737],
							"size": [0.9, 0.4, 1.01421],
							"pivot": [-9.63039, 17.29076, 8.01448],
							"rotation": [0, 0, -35],
							"uv": {
								"north": {"uv": [41, 43], "uv_size": [2.25, 0.25]},
								"east": {"uv": [49, 38], "uv_size": [0.5, 0.25]},
								"south": {"uv": [43, 41], "uv_size": [2.25, 0.25]},
								"west": {"uv": [39, 49], "uv_size": [0.5, 0.25]},
								"up": {"uv": [40, 11], "uv_size": [2.25, 0.5]},
								"down": {"uv": [16, 40.5], "uv_size": [2.25, -0.5]}
							}
						},
						{
							"origin": [-12.17899, 6.23646, 7.49289],
							"size": [0.3, 4.225, 1.01421],
							"pivot": [-11.76888, 8.95025, 8],
							"rotation": [0, 0, 7.5],
							"uv": {
								"north": {"uv": [0, 43], "uv_size": [0.25, 2.75]},
								"east": {"uv": [11, 26], "uv_size": [1.75, 2.75]},
								"south": {"uv": [1, 43], "uv_size": [0.25, 2.75]},
								"west": {"uv": [4, 28], "uv_size": [1.75, 2.75]},
								"up": {"uv": [34, 45], "uv_size": [0.25, 1.75]},
								"down": {"uv": [45, 35.75], "uv_size": [0.25, -1.75]}
							}
						},
						{
							"origin": [-5.36559, 9.45606, 7.52158],
							"size": [0.3, 1.175, 0.96421],
							"pivot": [-5.42644, 10.17789, 8.00369],
							"rotation": [0, 0, -30],
							"uv": {
								"north": {"uv": [49, 37], "uv_size": [0.25, 0.5]},
								"east": {"uv": [3, 45], "uv_size": [1, 0.5]},
								"south": {"uv": [38, 49], "uv_size": [0.25, 0.5]},
								"west": {"uv": [4, 45], "uv_size": [1, 0.5]},
								"up": {"uv": [47, 43], "uv_size": [0.25, 1]},
								"down": {"uv": [44, 48], "uv_size": [0.25, -1]}
							}
						}
					]
				},
				{
					"name": "octagon9",
					"parent": "octagon8",
					"pivot": [-1.69043, 7.33509, 8],
					"rotation": [0, -90, 0],
					"cubes": [
						{
							"origin": [-2.19753, 9.16782, 21.9106],
							"size": [1.0142, 0.86274, 0.4],
							"pivot": [-1.69043, 12.36215, 16.0877],
							"rotation": [-45, 0, 0],
							"uv": {
								"north": {"uv": [13, 46], "uv_size": [0.5, 0.75]},
								"east": {"uv": [34, 48], "uv_size": [0.25, 0.75]},
								"south": {"uv": [46, 13], "uv_size": [0.5, 0.75]},
								"west": {"uv": [48, 34], "uv_size": [0.25, 0.75]},
								"up": {"uv": [49, 42], "uv_size": [0.5, 0.25]},
								"down": {"uv": [43, 49.25], "uv_size": [0.5, -0.25]}
							}
						}
					]
				},
				{
					"name": "righthand",
					"parent": "bone2",
					"pivot": [6, 19, 0]
				},
				{
					"name": "righthand_pos",
					"parent": "righthand",
					"pivot": [0, 8, 0],
					"cubes": [
						{
							"origin": [4, 8, -2],
							"size": [3, 12, 4],
							"uv": {
								"north": {"uv": [7, 12], "uv_size": [3, 12]},
								"east": {"uv": [8, 0], "uv_size": [4, 12]},
								"south": {"uv": [10, 12], "uv_size": [3, 12]},
								"west": {"uv": [0, 12], "uv_size": [4, 12]},
								"up": {"uv": [16, 27], "uv_size": [3, 4]},
								"down": {"uv": [19, 31], "uv_size": [3, -4]}
							}
						}
					]
				},
				{
					"name": "positioning",
					"pivot": [0, 0, -8]
				},
				{
					"name": "thirdperson_hand",
					"parent": "positioning",
					"pivot": [0, 7.2125, 7.65],
					"rotation": [0, -15, 0]
				},
				{
					"name": "ground",
					"parent": "positioning",
					"pivot": [0, 0.0375, -8.35]
				},
				{
					"name": "fixed",
					"parent": "positioning",
					"pivot": [2, 9.0375, -6.4],
					"rotation": [0, 90, 0]
				},
				{
					"name": "views",
					"pivot": [0, 0, 0]
				},
				{
					"name": "refit_stock_view",
					"parent": "views",
					"pivot": [15, 6, 11],
					"rotation": [0, 90, 0]
				},
				{
					"name": "refit_view",
					"parent": "views",
					"pivot": [35, 9, -8],
					"rotation": [0, 90, 0]
				},
				{
					"name": "idle_view",
					"parent": "views",
					"pivot": [5.38125, 14.15625, 13.525]
				},
				{
					"name": "iron_view",
					"parent": "views",
					"pivot": [0, 12.0625, 10.0625]
				}
			]
		}
	]
}