{
  "model": "classicr:gun/mgl_40mm_geo",
  "texture": "classicr:gun/uv/mgl_40mm",
  "hud": "classicr:gun/hud/mgl_40mm",
  "slot": "classicr:gun/slot/mgl_40mm",
  "animation": "classicr:mgl_40mm",
  "use_default_animation": "rifle",
  "player_animator_3rd": "tacz:rifle_default.player_animation",
  "lod": {
    "model": "classicr:gun/lod/mgl",
    "texture": "classicr:gun/lod/mgl"
  },
  "transform": {
    "scale": {
      "thirdperson": [0.6, 0.6, 0.6],
      "ground": [0.6, 0.6, 0.6],
      "fixed": [1.2, 1.2, 1.2]
    }
  },
  "iron_zoom": 2.5,
  "sounds": {
    "reload_empty": "tacz:m320/m320_reload_empty",
    "reload_tactical": "tacz:m320/m320_reload_empty",
    "inspect": "tacz:m320/m320_inspect",
    "inspect_empty": "tacz:m320/m320_inspect",
    "draw": "tacz:m320/m320_draw",
    "put_away":"tacz:m320/m320_put_away",
    "shoot": "tacz:m320/m320_shoot",
    "shoot_3p": "tacz:m320/m320_shoot",
    "melee_push": "tacz:melee_stock/melee_stock_02",
    "melee_stock": "tacz:melee_stock/melee_stock_03",
    "head_hit": "classicr:head_hit",
    "flesh_hit": "classicr:flesh_hit",
    "kill": "classicr:kill"
  },
  "offhand_show": {
    "pos": [1, 20, 4],
    "rotate": [0, 0, 45],
    "scale": [0.5, 0.5, 0.5]
  },
  "hotbar_show": {
    "0": {
      "pos": [1, 16, -2],
    "rotate": [0, 0, 20],
    "scale": [0.5, 0.5, 0.5]
    }
  }
}