{
	"format_version": "1.8.0",
	"animations": {
		"通常_眨眼动画": {
			"loop": true,
			"animation_length": 2,
			"bones": {
				"EyeBrow_Left": {
					"rotation": [0, 0, -5],
					"position": {
						"0.0": [0.00109, 0.57445, -0.02506],
						"0.8333": [0, 0, 0],
						"0.9167": [0, -2, 0],
						"1.0": [0, 0, 0]
					}
				},
				"RYJ": {
					"position": {
						"0.0": [0.13073, -0.13086, 0.75571],
						"0.2083": [0.13, -0.13, -2.99],
						"0.5": [0.13, -0.13, -2.99]
					},
					"scale": {
						"0.0": [1.2, 1.2, 1],
						"0.2083": [1.15, 1.15, 1],
						"0.5": [1.08, 1.08, 1],
						"0.8333": [1, 1, 1],
						"0.9167": [1, 0.2, 1],
						"1.0": [1, 1, 1]
					}
				},
				"LYJ": {
					"position": {
						"0.0": [0.13073, -0.13086, 1.50571],
						"0.1667": [0.13, -0.13, -2.99],
						"0.5": [0.13, -0.13, -2.99]
					},
					"scale": {
						"0.0": [1.2, 1.2, 1],
						"0.1667": [1.16, 1.16, 1],
						"0.5": [1.08, 1.08, 1],
						"0.8333": [1, 1, 1],
						"0.9167": [1, 0.4, 1],
						"1.0": [1, 1, 1]
					}
				},
				"RightEyelid": {
					"scale": {
						"0.8333": [1, 1, 1],
						"0.9167": [1, 0.3, 1],
						"1.0": [1, 1, 1]
					}
				},
				"LeftEyelid": {
					"scale": {
						"0.8333": [1, 1, 1],
						"0.9167": [1, 0.3, 1],
						"1.0": [1, 1, 1]
					}
				},
				"LeftLowerLeg": {
					"rotation": [0, 0, 0]
				},
				"root": {
					"rotation": [-5, 0, 0]
				},
				"LeftForeArm": {
					"rotation": [0, 0, -5]
				},
				"RightForeArm": {
					"rotation": [0, 0, 7.5]
				},
				"Head": {
					"rotation": [2.50238, 2.49762, 0.10912]
				},
				"Zui4": {
					"position": {
						"0.0": [0.04168, -0.16767, -0.95452],
						"0.0833": [0.04, -1.04, -0.95]
					},
					"scale": {
						"0.0": [1.7, 0.2, 1],
						"0.0833": [1.7, -5.6, 1]
					}
				},
				"Zui3": {
					"position": {
						"0.0": [0.0432, -0.24343, -0.98938],
						"0.125": [0.04, -0.24, -0.99]
					},
					"scale": {
						"0.0": [1.3, 1.6, 1],
						"0.125": [1.3, 4.8, 1]
					}
				},
				"EyeBrow_Left2": {
					"rotation": [0, 0, 27.5]
				},
				"EyeBrow_Right": {
					"rotation": [0, 0, 7.5],
					"position": [0.00057, 0.29971, -0.01307]
				},
				"EyeBrow_Right2": {
					"rotation": [-17.86118, -6.31219, -22.40425]
				},
				"TongRen": {
					"position": [0, 0, 0],
					"scale": [0.8, 1, 1]
				},
				"TongRen2": {
					"position": [0, 0, 0],
					"scale": [0.8, 1, 1]
				},
				"LeftLeg": {
					"rotation": [-4.76968, -1.50179, -17.43745]
				},
				"RightLeg": {
					"rotation": [0, 0, 10]
				},
				"RYJ5": {
					"position": {
						"0.0": [-1.18063, -0.56705, 2.89388],
						"0.5": [-2.43063, -0.56705, -12.60612]
					},
					"scale": 2.5
				},
				"LYJ2": {
					"position": {
						"0.0": [1.26052, -0.26172, 1.30504],
						"0.25": [1.26, -0.26, -5.94],
						"0.5": [1.26, -0.26, -5.94]
					},
					"scale": {
						"0.0": [1.5, 1.5, 1.5],
						"0.25": [1.5, 1.5, 1.5],
						"0.5": [1.5, 1.5, 1.5]
					}
				},
				"TongRen3": {
					"position": [0, 0, 0],
					"scale": {
						"0.0": [0.5, 1, 1],
						"0.5": [0.5, 1, 1]
					}
				},
				"LYJ3": {
					"position": {
						"0.0": [0.8903, -0.39257, 1.60436],
						"0.375": [2.39, -0.39, -8.9],
						"0.5": [2.39, -0.39, -8.9]
					},
					"scale": {
						"0.0": [2, 2, 2],
						"0.375": [2, 2, 2],
						"0.5": [2, 2, 2]
					}
				},
				"TongRen4": {
					"position": [0, 0, 0],
					"scale": {
						"0.0": [0.7, 0.6, 1],
						"0.5": [0.7, 0.6, 1]
					}
				},
				"LYJ4": {
					"position": {
						"0.0": [0.56366, -0.56705, 1.90559],
						"0.5": [3.56, -0.57, -12.84]
					},
					"scale": {
						"0.0": [2.5, 2.5, 2.5],
						"0.5": [2.5, 2.5, 2.5]
					}
				},
				"TongRen5": {
					"position": [0, 0, 0],
					"scale": {
						"0.0": [0.7, 1, 1],
						"0.5": [0.7, 1, 1]
					}
				},
				"LYJ5": {
					"position": [0.00076, 0.39962, -0.01743],
					"scale": [0.7, 0.6, 1]
				},
				"TongRen6": {
					"scale": [0.6, 1, 1]
				},
				"RYJ2": {
					"position": {
						"0.0": [-0.73758, -0.26172, 1.9678],
						"0.2917": [-0.74, -0.26, -6.03],
						"0.5": [-0.74, -0.26, -6.03]
					},
					"scale": {
						"0.0": [1.5, 1.5, 1.5],
						"0.2917": [1.5, 1.5, 1.5],
						"0.5": [1.5, 1.5, 1.5]
					}
				},
				"TongRen7": {
					"scale": [0.6, 1, 1]
				},
				"RYJ3": {
					"position": {
						"0.0": [-1.6059, -0.39257, 2.92989],
						"0.375": [-1.61, -0.39, -9.07],
						"0.5": [-1.61, -0.39, -9.07]
					},
					"scale": {
						"0.0": [2, 2, 2],
						"0.375": [2, 2, 2],
						"0.5": [2, 2, 2]
					}
				},
				"TongRen8": {
					"scale": [0.7, 0.7, 1]
				},
				"RYJ4": {
					"position": [0.00076, 0.39962, -0.01743],
					"scale": [0.8, 0.6, 1]
				},
				"TongRen9": {
					"scale": [0.6, 1, 1]
				},
				"TongRen10": {
					"position": [0, 0, 0],
					"scale": {
						"0.0": [0.7, 1, 1],
						"0.5": [0.7, 1, 1]
					}
				},
				"Eyes": {
					"position": [0, 0, 0],
					"scale": {
						"0.0": [1, 1, 1],
						"0.0833": [1, 1, 0.4],
						"0.1667": [1, 1, 1],
						"0.25": [1, 1, 0.4],
						"0.3333": [1, 1, 1],
						"0.4167": [1, 1, 0.4],
						"0.5": [1, 1, 1],
						"0.5833": [1, 1, 0.4],
						"0.6667": [1, 1, 1]
					}
				},
				"ErDuo_Left": {
					"rotation": {
						"0.0": [0, 0, 0],
						"0.0417": [4.84292, -2.47182, -1.2358],
						"0.0833": [19.27787, -9.83939, -4.91927],
						"0.1667": [61.57352, -31.42702, -15.71216],
						"0.2083": [76.00847, -38.79459, -19.39564],
						"0.25": [80.85139, -41.26641, -20.63144]
					},
					"position": [0, 0, 0]
				},
				"ErDuo_Right": {
					"rotation": {
						"0.0": [0, 0, 0],
						"0.0417": [1.36637, 2.69329, 1.5262],
						"0.0833": [5.62711, 10.72099, 6.07522],
						"0.1667": [69.37877, 34.24283, 19.40426],
						"0.2083": [73.63951, 42.27053, 23.95328],
						"0.25": [75.00588, 44.96382, 25.47948]
					},
					"position": [0, 0, 0]
				}
			}
		},
		"静止动作演示_站立": {
			"loop": true,
			"bones": {
				"RightLeg": {
					"rotation": [2.5, 2.5, 2.5]
				},
				"RightLowerLeg": {
					"rotation": [2.5, 0, 0]
				},
				"LeftLeg": {
					"rotation": [0.44067, -9.99038, -2.53852]
				}
			}
		},
		"静止动作演示_站立左看": {
			"animation_length": 1.54167,
			"bones": {
				"RightLeg": {
					"rotation": [2.27264, 2.70832, -2.50083]
				},
				"RightLowerLeg": {
					"rotation": [2.5, 0, 0]
				},
				"LeftLeg": {
					"rotation": [-29.48115, 0.55085, 1.54687]
				},
				"AllHead": {
					"rotation": [9.76804, -0.06253, 1.50179]
				},
				"LeftArm": {
					"rotation": {
						"0.0": [17.29858, 21.54658, 4.93442],
						"1.5417": [-16.93839, 4.46375, 2.00084]
					}
				},
				"LeftForeArm": {
					"rotation": [0, 0, -7.5]
				},
				"LeftLowerLeg": {
					"rotation": [72.40734, 6.64895, 2.71334]
				},
				"RightEyesBase": {
					"position": [0, 0.05, 0]
				},
				"LeftEyesBase": {
					"position": [0.2, 0.05, 0]
				},
				"RightArm": {
					"rotation": {
						"0.0": [30, 0, 2.5],
						"1.5417": [0, 0, 2.5]
					}
				},
				"Zui2": {
					"position": [0, 0, -1],
					"scale": [1, 0.5, 1]
				},
				"Eyebrow": {
					"position": [0, -0.5, 0]
				},
				"EyeBrow_Left": {
					"position": [0, 0, 0]
				},
				"RightEyelid": {
					"scale": [1, 0.9, 1]
				},
				"Rightpupli": {
					"position": [0.1, -0.1, 0]
				},
				"LeftEyelid": {
					"scale": [1, 0.8, 1]
				},
				"Leftpupli": {
					"position": [0.1, -0.1, 0]
				},
				"Zui5": {
					"position": [0, -0.15, -1],
					"scale": [1, -0.8, 1]
				},
				"RightForeArm": {
					"rotation": [-65.12076, -12.45167, 1.10693]
				},
				"EyeBrow_Right": {
					"position": [0, 0.1, 0]
				}
			}
		},
		"通常_坐下【有椅子】": {
			"loop": true,
			"animation_length": 1,
			"bones": {
				"LeftArm": {
					"rotation": [-2.5, 17.5, 0]
				},
				"LeftForeArm": {
					"rotation": [-75, 0, 0]
				},
				"RightLeg": {
					"rotation": {
						"0.0": [-80.00933, -0.43399, 2.46207],
						"1.0": [-80.00933, -0.43399, 2.46207]
					}
				},
				"RightLowerLeg": {
					"rotation": {
						"0.0": [62.5, 0, 0],
						"0.5": [100, 0, 0],
						"1.0": [62.5, 0, 0]
					}
				},
				"LeftLeg": {
					"rotation": {
						"0.0": [-80.23961, 3.32087, -4.49762],
						"1.0": [-80.23961, 3.32087, -4.49762]
					}
				},
				"LeftLowerLeg": {
					"rotation": {
						"0.0": [102.5, 0, 0],
						"0.5": [67.5, 0, 0],
						"1.0": [102.5, 0, 0]
					}
				},
				"UpperBody": {
					"rotation": [17.5, 0, 0]
				},
				"AllHead": {
					"rotation": [-12.5, 0, 0]
				}
			}
		},
		"通常_坐下【地上】": {
			"loop": true,
			"animation_length": 1.41667,
			"bones": {
				"LeftArm": {
					"rotation": [-1.56125, 17.21366, -5.23011]
				},
				"LeftForeArm": {
					"rotation": [-62.29788, 6.64851, 3.47875]
				},
				"RightLeg": {
					"rotation": [-123.60602, -0.37562, 2.64295]
				},
				"RightLowerLeg": {
					"rotation": [80.89534, -7.39953, 1.17992]
				},
				"LeftLeg": {
					"rotation": [-131.17733, 1.36822, -3.0937]
				},
				"LeftLowerLeg": {
					"rotation": [102.08821, 5.87317, -3.79229]
				},
				"UpperBody": {
					"rotation": [17.5, 0, 0]
				},
				"AllHead": {
					"rotation": [-15, 0, 0]
				},
				"LeftFoot": {
					"rotation": [27.41063, -2.30644, 4.43745],
					"position": [0.075, 0, 0]
				},
				"Zui4": {
					"scale": [0.5, -0.3, 1]
				},
				"RightEyesBase": {
					"position": [0.1, 0, 0]
				},
				"LeftEyesBase": {
					"position": [0.4, 0, 0]
				},
				"root": {
					"position": [0, -16, 0]
				}
			}
		},
		"??": {
			"animation_length": 1,
			"bones": {
				"LeftArm": {
					"rotation": [6.50026, 5.04084, 0.56692]
				},
				"LeftForeArm": {
					"rotation": [-52.5, 0, 0]
				},
				"RightLeg": {
					"rotation": [-14.23634, 5.188, 16.73634]
				},
				"RightLowerLeg": {
					"rotation": [17.64168, -7.15102, -2.26708]
				},
				"LeftLeg": {
					"rotation": [3.82607, -37.33289, -6.29298]
				},
				"AllHead": {
					"rotation": [-4.21402, -59.95755, 2.30568]
				},
				"EyeBrow_Left": {
					"position": [0, -0.3, 0]
				},
				"RightEyesBase": {
					"scale": [1, 0.7, 1]
				},
				"LeftEyesBase": {
					"scale": [1, 0.7, 1]
				}
			}
		},
		"垃圾桶摇": {
			"animation_length": 2,
			"bones": {
				"root": {
					"rotation": [0, 35, 0]
				},
				"LeftArm": {
					"rotation": [0, 0, -30]
				},
				"LeftForeArm": {
					"rotation": [0, 0, 75]
				},
				"RightLeg": {
					"rotation": [-6.71031, 17.80928, 2.60344]
				},
				"AllHead": {
					"rotation": [10.68307, 6.48365, 6.26395]
				},
				"RightEyesBase": {
					"scale": [1, 0.8, 1]
				},
				"EyeBrow_Left": {
					"rotation": [0, 0, -2.5]
				}
			}
		},
		"垃圾桶摇2": {
			"animation_length": 2,
			"bones": {
				"root": {
					"rotation": [0, 35, 0]
				},
				"LeftArm": {
					"rotation": [0, 0, -30]
				},
				"LeftForeArm": {
					"rotation": [0, 0, 75]
				},
				"RightLeg": {
					"rotation": [-6.71031, 17.80928, 2.60344]
				},
				"AllHead": {
					"rotation": [10.68307, 6.48365, 6.26395]
				},
				"RightEyesBase": {
					"scale": [1, 0.8, 1]
				},
				"EyeBrow_Left": {
					"rotation": [0, 0, -2.5],
					"position": [0, -1.2, -0.075]
				},
				"RightEyelid": {
					"position": [0, 0, 0.2]
				},
				"LeftEyelid": {
					"position": [0, 0.7, 0.175],
					"scale": [1, 0.4, 1]
				}
			}
		},
		"Text": {
			"animation_length": 1.41667,
			"bones": {
				"LeftArm": {
					"position": [8, 0, 0]
				},
				"LeftLeg": {
					"position": [7, 0, 0]
				}
			}
		},
		"表情": {
			"loop": true,
			"bones": {
				"EyeBrow_Left": {
					"rotation": [0, 0, -2.5]
				},
				"RightEyesBase": {
					"position": [0, 0, 1]
				},
				"LeftEyesBase": {
					"position": [0, 0, 1]
				},
				"Zui3": {
					"rotation": [0, 0, -1.5],
					"position": [0, -0.1, -1.025],
					"scale": [1, 1.6, 1]
				},
				"YouYan3": {
					"position": [0, 0.2, -1],
					"scale": [0.2, 0.8, 1]
				},
				"RightEyelid2": {
					"position": [0.2, 0.2, -1],
					"scale": [0.2, 0.7, 1]
				},
				"LianBu2": {
					"position": [0, 0, 0]
				}
			}
		},
		"静止动作演示_站立左看2": {
			"animation_length": 0.45833,
			"bones": {
				"RightLeg": {
					"rotation": [2.27264, 2.70832, -2.50083]
				},
				"RightLowerLeg": {
					"rotation": [2.5, 0, 0]
				},
				"LeftLeg": {
					"rotation": [-29.48115, 0.55085, 1.54687]
				},
				"AllHead": {
					"rotation": [9.76804, -0.06253, 1.50179]
				},
				"LeftArm": {
					"rotation": [20.06255, -1.50179, 2.73032]
				},
				"LeftForeArm": {
					"rotation": [0, 0, -10]
				},
				"LeftLowerLeg": {
					"rotation": [123.12598, 10.51794, 6.79286]
				},
				"RightEyesBase": {
					"position": [0, 0.25, 0]
				},
				"LeftEyesBase": {
					"position": [0.2, 0.25, 0]
				},
				"RightArm": {
					"rotation": [2.94842, -13.91129, 1.64851]
				},
				"RightForeArm": {
					"rotation": [0, 0, 2.5]
				},
				"Zui2": {
					"position": [0, 0, -2],
					"scale": [1, 0.5, 1]
				}
			}
		},
		"姿势A": {
			"animation_length": 1.54167,
			"bones": {
				"root": {
					"rotation": [-2.5, 0, 0]
				},
				"LeftArm": {
					"rotation": [-2.18587, -1.50801, 2.45294]
				},
				"LeftForeArm": {
					"rotation": [-118.20936, -12.54201, 23.66548]
				},
				"RightArm": {
					"rotation": [5.98075, 3.62096, -2.09007]
				},
				"RightForeArm": {
					"rotation": [-4.05816, -0.41136, -47.71981],
					"position": [-0.15, 0, 0]
				},
				"AllHead": {
					"rotation": [7.5, -5, 0]
				},
				"Zui4": {
					"position": [0, 0, -1],
					"scale": [0.3, 0.2, 1]
				},
				"EyeBrow_Left": {
					"rotation": [-0.08632, -0.08741, -0.99236],
					"position": [0, -0.4, 0]
				},
				"RightEyelid": {
					"position": [0, 0.15, 0],
					"scale": [1, 0.8, 1]
				},
				"RightEyesBase": {
					"position": [-0.375, 0, 0]
				},
				"Rightpupli": {
					"position": [-0.1, -0.1, 0]
				},
				"LeftEyelid": {
					"position": [0, 0.15, 0],
					"scale": [1, 0.8, 1]
				},
				"Leftpupli": {
					"position": [-0.1, -0.1, 0]
				},
				"LeftLeg": {
					"rotation": [0, 0, 0]
				},
				"RightLeg": {
					"rotation": [15.04624, 4.88119, 1.08482]
				},
				"RightLowerLeg": {
					"rotation": [27.38993, -0.46097, 2.32885]
				},
				"Zui5": {
					"position": [0, -0.15, 0],
					"scale": [1, -0.6, 1]
				},
				"EyeBrow_Left2": {
					"position": [0.00136, 0.09962, 0.00858]
				},
				"EyeBrow_Right": {
					"position": [0.00114, -0.29885, -0.0262]
				}
			}
		},
		"静止动作演示_莫桑比克射击法": {
			"animation_length": 0.45833,
			"bones": {
				"RightLeg": {
					"rotation": [-4.69522, 2.15243, 9.99814]
				},
				"RightLowerLeg": {
					"rotation": [15, 0, 0]
				},
				"LeftLeg": {
					"rotation": [-28.47957, -7.97915, -13.78021]
				},
				"AllHead": {
					"rotation": [10.98988, -27.13073, -3.54825]
				},
				"LeftArm": {
					"rotation": [-27.43745, -1.50179, 2.73032]
				},
				"LeftForeArm": {
					"rotation": [-102.54624, 4.88119, -11.08482]
				},
				"LeftLowerLeg": {
					"rotation": [37.5, 0, 0]
				},
				"RightEyesBase": {
					"position": [0.1, 0, 0]
				},
				"LeftEyesBase": {
					"position": [0.4, 0, 0]
				},
				"RightArm": {
					"rotation": [-84.38657, -8.79997, 0.2623]
				},
				"RightForeArm": {
					"rotation": [-26.80354, -34.78699, -53.48173],
					"position": [0, -0.8, 0]
				},
				"Zui2": {
					"position": [0, 0, -1],
					"scale": [1, 0.5, 1]
				},
				"Zui4": {
					"position": [0, 0, -1],
					"scale": [0.3, -0.1, 1]
				},
				"EyeBrow_Left": {
					"rotation": [0, 0, -2.5],
					"position": [0, -0.4, 0]
				},
				"Rightpupli": {
					"position": [0.1, 0, 0]
				},
				"Leftpupli": {
					"position": [0.1, 0, 0]
				}
			}
		},
		"静止动作演示_莫桑比克射击法2": {
			"animation_length": 0.45833,
			"bones": {
				"RightLeg": {
					"rotation": [-4.69522, 2.15243, 9.99814]
				},
				"RightLowerLeg": {
					"rotation": [15, 0, 0]
				},
				"LeftLeg": {
					"rotation": [-28.47957, -7.97915, -13.78021]
				},
				"AllHead": {
					"rotation": [13.69789, -44.23692, -8.13748]
				},
				"LeftArm": {
					"rotation": [-28.61775, -19.68386, 5.60037]
				},
				"LeftForeArm": {
					"rotation": [-90.04676, 9.88119, -11.08891]
				},
				"LeftLowerLeg": {
					"rotation": [37.5, 0, 0]
				},
				"RightEyesBase": {
					"position": [0.1, 0, 0]
				},
				"LeftEyesBase": {
					"position": [0.4, 0, 0]
				},
				"RightArm": {
					"rotation": [-83.93903, -23.72318, -1.32232]
				},
				"RightForeArm": {
					"rotation": [-21.66644, -28.94046, -39.13042],
					"position": [0, -0.8, 0]
				},
				"Zui2": {
					"position": [0, 0, -1],
					"scale": [1, 0.5, 1]
				},
				"Zui4": {
					"position": [0, 0, 0],
					"scale": [0.3, -0.1, 1]
				},
				"EyeBrow_Left": {
					"rotation": [0, 0, -2.5],
					"position": [0, -0.25, 0]
				},
				"Rightpupli": {
					"position": [0.1, 0, 0]
				},
				"Leftpupli": {
					"position": [0.1, 0, 0]
				},
				"EyeBrow_Right": {
					"position": [0, -0.25, 0]
				},
				"Zui6": {
					"position": [0, 0, -1],
					"scale": [1, 1.4, 1]
				}
			}
		},
		"姿势A2": {
			"animation_length": 1.54167,
			"bones": {
				"root": {
					"rotation": [-2.5, 0, 0]
				},
				"LeftArm": {
					"rotation": [-2.18587, -1.50801, 2.45294]
				},
				"LeftForeArm": {
					"rotation": [0, 0, -5]
				},
				"RightArm": {
					"rotation": {
						"0.0": [0.83514, 3.44305, -4.60749],
						"1.5417": [5.98075, 3.62096, -2.09007]
					}
				},
				"RightForeArm": {
					"rotation": {
						"0.0": [-1.58847, -4.05866, 14.94841],
						"1.5417": [-4.05816, -0.41136, -47.71981]
					}
				},
				"AllHead": {
					"rotation": [7.5, -5, 0]
				},
				"Zui4": {
					"position": {
						"0.0": [0, 0, 0],
						"1.5417": [0, 0, -1]
					},
					"scale": {
						"0.0": [0.7, 0.2, 1],
						"1.5417": [0.3, 0.2, 1]
					}
				},
				"EyeBrow_Left": {
					"rotation": {
						"0.0": [-0.09005, -0.08356, 1.50764],
						"1.5417": [-0.08632, -0.08741, -0.99236]
					},
					"position": {
						"0.0": [0, -0.275, 0],
						"1.5417": [0, -0.4, 0]
					}
				},
				"RightEyelid": {
					"position": [0, 0.15, 0],
					"scale": [1, 0.8, 1]
				},
				"RightEyesBase": {
					"position": {
						"0.0": [0.03, 0, 0],
						"1.5417": [-0.375, 0, 0]
					}
				},
				"Rightpupli": {
					"position": {
						"0.0": [0.1, -0.1, 0],
						"1.5417": [-0.1, -0.1, 0]
					}
				},
				"LeftEyelid": {
					"position": [0, 0.15, 0],
					"scale": [1, 0.8, 1]
				},
				"Leftpupli": {
					"position": {
						"0.0": [0.1, -0.1, 0],
						"1.5417": [-0.1, -0.1, 0]
					}
				},
				"LeftLeg": {
					"rotation": {
						"0.0": [-0.21865, 4.99523, -2.50954],
						"1.5417": [0, 0, 0]
					}
				},
				"RightLeg": {
					"rotation": {
						"0.0": [0.26278, -10.12533, 3.52565],
						"1.5417": [15.04624, 4.88119, 1.08482]
					}
				},
				"RightLowerLeg": {
					"rotation": [27.38993, -0.46097, 2.32885]
				},
				"Zui5": {
					"position": {
						"0.0": [0, -0.075, -1],
						"1.5417": [0, -0.15, 0]
					},
					"scale": {
						"0.0": [2.6, -0.6, 1],
						"1.5417": [1, -0.6, 1]
					}
				},
				"LeftEyesBase": {
					"position": [0.325, 0, 0]
				}
			}
		},
		"静止动作演示_莫桑比克射击法3": {
			"animation_length": 0.45833,
			"bones": {
				"RightLeg": {
					"rotation": [-4.69522, 2.15243, 9.99814]
				},
				"RightLowerLeg": {
					"rotation": [15, 0, 0]
				},
				"LeftLeg": {
					"rotation": [-28.47957, -7.97915, -13.78021]
				},
				"AllHead": {
					"rotation": [13.69789, -44.23692, -8.13748]
				},
				"LeftArm": {
					"rotation": [-18.61775, -19.68386, 5.60037]
				},
				"LeftForeArm": {
					"rotation": [-89.1768, 9.84729, -6.01396]
				},
				"LeftLowerLeg": {
					"rotation": [37.5, 0, 0]
				},
				"RightEyesBase": {
					"position": [0, 0, 0],
					"scale": [1, 0.9, 1]
				},
				"LeftEyesBase": {
					"position": [0.4, 0, 0],
					"scale": [1, 0.9, 1]
				},
				"RightArm": {
					"rotation": [-33.92349, 51.1828, -11.60328]
				},
				"RightForeArm": {
					"rotation": [0, 0, -107.5],
					"position": [0, -0.8, 0]
				},
				"Zui2": {
					"position": [0, 0, -1],
					"scale": [1, 0.5, 1]
				},
				"Zui4": {
					"position": [0, 0, 0],
					"scale": [0.3, -0.1, 1]
				},
				"EyeBrow_Left": {
					"rotation": [0, 0, 0],
					"position": [0, 0, 0]
				},
				"Rightpupli": {
					"position": [0.1, 0, 0]
				},
				"Leftpupli": {
					"position": [0.1, 0, 0]
				},
				"EyeBrow_Right": {
					"position": [0, 0, 0]
				},
				"Zui6": {
					"position": [0, 0, -1],
					"scale": [1, 1.4, 1]
				}
			}
		}
	}
}