{
  "model": "ccrp:gun/mk18_mjolnir_geo",
  "texture": "ccrp:gun/uv/mk18_mjolnir",
  "lod": {
    "model": "ccrp:gun/lod/mk18_mjolnir",
    "texture": "ccrp:gun/lod/mk18_mjolnir"
  },
  "hud": "ccrp:gun/hud/mk18_mjolnir",
  "slot": "ccrp:gun/slot/mk18_mjolnir",
  "animation": "ccrp:mk18_mjolnir",
  "use_default_animation": "rifle",
  "transform": {
    "scale": {
      "thirdperson": [0.6, 0.6, 0.6],
      "ground": [0.6, 0.6, 0.6],
      "fixed": [1.2, 1.2, 1.2]
    }
  },
  "muzzle_flash": {
    "texture": "tacz:flash/common_muzzle_flash",
    "scale": 1
  },
  "sounds": {
    "draw": "tacz:ai_awp/awp_draw",
    "shoot": "tacz:ai_awp/awp_shoot",
    "shoot_3p": "tacz:ai_awp/awp_shoot_3p",
    "silence": "tacz:ai_awp/awp_silence",
    "silence_3p": "tacz:ai_awp/awp_silence_3p",
    "put_away": "tacz:ai_awp/awp_put_away",
    "melee_push": "tacz:melee_stock/melee_stock_02",
    "melee_stock": "tacz:melee_stock/melee_stock_03",
    "head_hit": "ccrp:head_hit",
    "flesh_hit": "ccrp:flesh_hit",
    "kill": "ccrp:kill"
  },
  "offhand_show": {
    "pos": [-2, 20, 4],
    "rotate": [0, 0, 45],
    "scale": [0.5, 0.5, 0.5]
  },
  "hotbar_show": {
    "0": {
      "pos": [-4, 26, 3],
      "rotate": [-90, -5, -90],
      "scale": [0.5, 0.5, 0.5]
    }
  }
}